Country,City,Year,AverageTemperature
Afghanistan,Kabul,1900,14.111416666666669
Afghanistan,Kabul,1901,14.11475
Afghanistan,Kabul,1902,14.682916666666666
Afghanistan,Kabul,1903,13.345
Afghanistan,Kabul,1904,14.177749999999998
Afghanistan,Kabul,1905,13.607666666666667
Afghanistan,Kabul,1906,14.170166666666667
Afghanistan,Kabul,1907,13.661416666666668
Afghanistan,Kabul,1908,13.929499999999999
Afghanistan,Kabul,1909,14.076333333333332
Afghanistan,Kabul,1910,13.500416666666666
Afghanistan,Kabul,1911,13.946
Afghanistan,Kabul,1912,14.246333333333332
Afghanistan,Kabul,1913,14.036666666666667
Afghanistan,Kabul,1914,14.288166666666667
Afghanistan,Kabul,1915,15.222499999999998
Afghanistan,Kabul,1916,13.956000000000001
Afghanistan,Kabul,1917,14.124333333333333
Afghanistan,Kabul,1918,14.045250000000001
Afghanistan,Kabul,1919,14.105666666666666
Afghanistan,Kabul,1920,13.550666666666666
Afghanistan,Kabul,1921,14.796166666666666
Afghanistan,Kabul,1922,14.474000000000002
Afghanistan,Kabul,1923,13.741166666666667
Afghanistan,Kabul,1924,13.82875
Afghanistan,Kabul,1925,14.074166666666668
Afghanistan,Kabul,1926,13.913833333333335
Afghanistan,Kabul,1927,14.070333333333332
Afghanistan,Kabul,1928,14.032583333333333
Afghanistan,Kabul,1929,13.882666666666667
Afghanistan,Kabul,1930,13.719083333333336
Afghanistan,Kabul,1931,13.887166666666667
Afghanistan,Kabul,1932,14.420250000000001
Afghanistan,Kabul,1933,14.11425
Afghanistan,Kabul,1934,13.891583333333335
Afghanistan,Kabul,1935,13.464583333333332
Afghanistan,Kabul,1936,14.3915
Afghanistan,Kabul,1937,14.083916666666667
Afghanistan,Kabul,1938,14.435583333333334
Afghanistan,Kabul,1939,14.398916666666667
Afghanistan,Kabul,1940,14.701083333333331
Afghanistan,Kabul,1941,15.709083333333332
Afghanistan,Kabul,1942,14.686666666666667
Afghanistan,Kabul,1943,14.354916666666666
Afghanistan,Kabul,1944,14.347583333333333
Afghanistan,Kabul,1945,14.043666666666667
Afghanistan,Kabul,1946,15.240250000000001
Afghanistan,Kabul,1947,15.437166666666668
Afghanistan,Kabul,1948,14.531083333333333
Afghanistan,Kabul,1949,14.17075
Afghanistan,Kabul,1950,13.507
Afghanistan,Kabul,1951,14.414916666666668
Afghanistan,Kabul,1952,14.729500000000002
Afghanistan,Kabul,1953,15.076916666666667
Afghanistan,Kabul,1954,14.241666666666667
Afghanistan,Kabul,1955,14.72475
Afghanistan,Kabul,1956,14.579416666666667
Afghanistan,Kabul,1957,13.131583333333333
Afghanistan,Kabul,1958,15.041666666666666
Afghanistan,Kabul,1959,14.503
Afghanistan,Kabul,1960,14.543666666666667
Afghanistan,Kabul,1961,14.234
Afghanistan,Kabul,1962,14.101500000000001
Afghanistan,Kabul,1963,15.009749999999999
Afghanistan,Kabul,1964,13.727833333333335
Afghanistan,Kabul,1965,13.899000000000001
Afghanistan,Kabul,1966,14.389833333333334
Afghanistan,Kabul,1967,13.844166666666666
Afghanistan,Kabul,1968,13.854333333333335
Afghanistan,Kabul,1969,14.449416666666666
Afghanistan,Kabul,1970,15.22375
Afghanistan,Kabul,1971,15.102583333333333
Afghanistan,Kabul,1972,13.45975
Afghanistan,Kabul,1973,14.432833333333333
Afghanistan,Kabul,1974,13.951
Afghanistan,Kabul,1975,13.710666666666667
Afghanistan,Kabul,1976,14.081833333333334
Afghanistan,Kabul,1977,14.807
Afghanistan,Kabul,1978,14.423666666666668
Afghanistan,Kabul,1979,14.507333333333333
Afghanistan,Kabul,1980,15.027999999999999
Afghanistan,Kabul,1981,14.959166666666668
Afghanistan,Kabul,1982,14.115916666666665
Afghanistan,Kabul,1983,14.427416666666666
Afghanistan,Kabul,1984,14.954083333333335
Afghanistan,Kabul,1985,15.524833333333333
Afghanistan,Kabul,1986,14.71475
Afghanistan,Kabul,1987,15.46225
Afghanistan,Kabul,1988,15.758666666666668
Afghanistan,Kabul,1989,14.463000000000001
Afghanistan,Kabul,1990,15.447083333333333
Afghanistan,Kabul,1991,14.570083333333335
Afghanistan,Kabul,1992,14.353416666666668
Afghanistan,Kabul,1993,14.956000000000001
Afghanistan,Kabul,1994,14.942583333333333
Afghanistan,Kabul,1995,15.03625
Afghanistan,Kabul,1996,14.870750000000001
Afghanistan,Kabul,1997,14.771666666666668
Afghanistan,Kabul,1998,15.139166666666668
Afghanistan,Kabul,1999,15.885166666666665
Afghanistan,Kabul,2000,15.822666666666668
Afghanistan,Kabul,2001,15.847916666666668
Afghanistan,Kabul,2002,15.714583333333332
Afghanistan,Kabul,2003,15.132583333333335
Afghanistan,Kabul,2004,16.128416666666666
Afghanistan,Kabul,2005,14.847500000000002
Afghanistan,Kabul,2006,15.798499999999999
Afghanistan,Kabul,2007,15.518
Afghanistan,Kabul,2008,15.47925
Afghanistan,Kabul,2009,15.093333333333334
Afghanistan,Kabul,2010,15.676
Afghanistan,Kabul,2011,15.812166666666668
Afghanistan,Kabul,2012,14.510333333333334
Afghanistan,Kabul,2013,16.206125
Angola,Luanda,1900,23.58983333333333
Angola,Luanda,1901,23.680583333333335
Angola,Luanda,1902,23.522166666666667
Angola,Luanda,1903,23.45975
Angola,Luanda,1904,22.71666666666667
Angola,Luanda,1905,23.446583333333333
Angola,Luanda,1906,23.245500000000003
Angola,Luanda,1907,22.9875
Angola,Luanda,1908,23.1885
Angola,Luanda,1909,23.68466666666667
Angola,Luanda,1910,23.5355
Angola,Luanda,1911,22.9355
Angola,Luanda,1912,23.873083333333337
Angola,Luanda,1913,23.611166666666666
Angola,Luanda,1914,23.34391666666667
Angola,Luanda,1915,23.50266666666667
Angola,Luanda,1916,23.957583333333332
Angola,Luanda,1917,23.53325
Angola,Luanda,1918,22.964250000000003
Angola,Luanda,1919,22.942666666666668
Angola,Luanda,1920,23.5505
Angola,Luanda,1921,23.750416666666666
Angola,Luanda,1922,23.346083333333336
Angola,Luanda,1923,23.382416666666668
Angola,Luanda,1924,24.075999999999997
Angola,Luanda,1925,23.564666666666668
Angola,Luanda,1926,23.916916666666665
Angola,Luanda,1927,23.784833333333335
Angola,Luanda,1928,23.975166666666667
Angola,Luanda,1929,23.533583333333336
Angola,Luanda,1930,23.33475
Angola,Luanda,1931,23.97775
Angola,Luanda,1932,23.48
Angola,Luanda,1933,23.741583333333335
Angola,Luanda,1934,24.240166666666667
Angola,Luanda,1935,23.781499999999998
Angola,Luanda,1936,23.516750000000002
Angola,Luanda,1937,24.113333333333333
Angola,Luanda,1938,23.701833333333337
Angola,Luanda,1939,23.555833333333336
Angola,Luanda,1940,23.50191666666667
Angola,Luanda,1941,23.94966666666667
Angola,Luanda,1942,23.63891666666667
Angola,Luanda,1943,23.229416666666665
Angola,Luanda,1944,24.277
Angola,Luanda,1945,24.201000000000004
Angola,Luanda,1946,23.842000000000002
Angola,Luanda,1947,24.255750000000003
Angola,Luanda,1948,23.67833333333333
Angola,Luanda,1949,24.23175
Angola,Luanda,1950,23.764916666666668
Angola,Luanda,1951,23.921583333333334
Angola,Luanda,1952,23.934250000000002
Angola,Luanda,1953,23.611083333333337
Angola,Luanda,1954,23.24416666666667
Angola,Luanda,1955,23.482666666666663
Angola,Luanda,1956,23.40225
Angola,Luanda,1957,23.967166666666667
Angola,Luanda,1958,23.494250000000005
Angola,Luanda,1959,23.901833333333332
Angola,Luanda,1960,23.978166666666667
Angola,Luanda,1961,23.751166666666666
Angola,Luanda,1962,23.780833333333334
Angola,Luanda,1963,24.10891666666667
Angola,Luanda,1964,23.692083333333333
Angola,Luanda,1965,23.623833333333334
Angola,Luanda,1966,23.976166666666668
Angola,Luanda,1967,23.646416666666667
Angola,Luanda,1968,23.49416666666667
Angola,Luanda,1969,24.01291666666667
Angola,Luanda,1970,23.9225
Angola,Luanda,1971,23.673583333333337
Angola,Luanda,1972,23.565250000000002
Angola,Luanda,1973,24.340666666666667
Angola,Luanda,1974,23.60383333333333
Angola,Luanda,1975,23.626333333333335
Angola,Luanda,1976,23.381
Angola,Luanda,1977,24.120583333333332
Angola,Luanda,1978,23.75
Angola,Luanda,1979,24.130666666666666
Angola,Luanda,1980,23.9875
Angola,Luanda,1981,23.84325
Angola,Luanda,1982,23.219333333333335
Angola,Luanda,1983,23.937083333333334
Angola,Luanda,1984,24.25091666666667
Angola,Luanda,1985,23.94158333333333
Angola,Luanda,1986,23.947999999999997
Angola,Luanda,1987,24.488166666666668
Angola,Luanda,1988,24.373583333333332
Angola,Luanda,1989,23.990750000000002
Angola,Luanda,1990,24.12075
Angola,Luanda,1991,24.024333333333335
Angola,Luanda,1992,23.962083333333336
Angola,Luanda,1993,24.154083333333332
Angola,Luanda,1994,24.036583333333336
Angola,Luanda,1995,24.560583333333337
Angola,Luanda,1996,24.110500000000002
Angola,Luanda,1997,24.058083333333332
Angola,Luanda,1998,24.958333333333332
Angola,Luanda,1999,24.36991666666667
Angola,Luanda,2000,24.41033333333333
Angola,Luanda,2001,24.427083333333332
Angola,Luanda,2002,24.790916666666664
Angola,Luanda,2003,24.867166666666666
Angola,Luanda,2004,24.216166666666666
Angola,Luanda,2005,24.414583333333336
Angola,Luanda,2006,24.138416666666668
Angola,Luanda,2007,24.241583333333335
Angola,Luanda,2008,24.266333333333336
Angola,Luanda,2009,24.325083333333335
Angola,Luanda,2010,24.440250000000002
Angola,Luanda,2011,24.150750000000002
Angola,Luanda,2012,24.24008333333333
Angola,Luanda,2013,24.553875
Australia,Melbourne,1900,12.980083333333333
Australia,Melbourne,1901,13.334166666666667
Australia,Melbourne,1902,13.346333333333334
Australia,Melbourne,1903,13.183083333333334
Australia,Melbourne,1904,13.194833333333333
Australia,Melbourne,1905,12.737333333333334
Australia,Melbourne,1906,13.411416666666668
Australia,Melbourne,1907,13.095
Australia,Melbourne,1908,13.512833333333333
Australia,Melbourne,1909,12.6195
Australia,Melbourne,1910,13.472666666666667
Australia,Melbourne,1911,13.131083333333335
Australia,Melbourne,1912,13.160166666666667
Australia,Melbourne,1913,13.1175
Australia,Melbourne,1914,14.129333333333333
Australia,Melbourne,1915,13.127833333333333
Australia,Melbourne,1916,13.017000000000001
Australia,Melbourne,1917,13.000666666666667
Australia,Melbourne,1918,13.442166666666665
Australia,Melbourne,1919,13.868166666666667
Australia,Melbourne,1920,13.252666666666668
Australia,Melbourne,1921,13.9595
Australia,Melbourne,1922,13.342833333333333
Australia,Melbourne,1923,13.207250000000002
Australia,Melbourne,1924,12.514416666666667
Australia,Melbourne,1925,13.020916666666666
Australia,Melbourne,1926,13.476583333333332
Australia,Melbourne,1927,13.181166666666668
Australia,Melbourne,1928,13.449
Australia,Melbourne,1929,12.618250000000002
Australia,Melbourne,1930,13.607916666666666
Australia,Melbourne,1931,12.7295
Australia,Melbourne,1932,12.886083333333334
Australia,Melbourne,1933,13.056583333333334
Australia,Melbourne,1934,13.589500000000001
Australia,Melbourne,1935,13.018416666666667
Australia,Melbourne,1936,13.257083333333334
Australia,Melbourne,1937,13.45125
Australia,Melbourne,1938,13.761583333333334
Australia,Melbourne,1939,13.408333333333333
Australia,Melbourne,1940,13.357416666666666
Australia,Melbourne,1941,13.1595
Australia,Melbourne,1942,13.694
Australia,Melbourne,1943,12.68175
Australia,Melbourne,1944,13.045416666666668
Australia,Melbourne,1945,13.004249999999999
Australia,Melbourne,1946,12.630666666666668
Australia,Melbourne,1947,13.47075
Australia,Melbourne,1948,12.812583333333334
Australia,Melbourne,1949,12.424166666666666
Australia,Melbourne,1950,13.41975
Australia,Melbourne,1951,13.556416666666665
Australia,Melbourne,1952,12.935916666666666
Australia,Melbourne,1953,13.306833333333335
Australia,Melbourne,1954,13.320666666666668
Australia,Melbourne,1955,13.235916666666666
Australia,Melbourne,1956,13.057583333333334
Australia,Melbourne,1957,13.054083333333333
Australia,Melbourne,1958,12.992750000000001
Australia,Melbourne,1959,13.786416666666668
Australia,Melbourne,1960,13.173583333333333
Australia,Melbourne,1961,14.328083333333334
Australia,Melbourne,1962,13.546416666666667
Australia,Melbourne,1963,13.511666666666665
Australia,Melbourne,1964,12.88425
Australia,Melbourne,1965,13.318333333333333
Australia,Melbourne,1966,13.1045
Australia,Melbourne,1967,13.515666666666666
Australia,Melbourne,1968,13.616583333333333
Australia,Melbourne,1969,13.385916666666667
Australia,Melbourne,1970,13.124416666666667
Australia,Melbourne,1971,13.58025
Australia,Melbourne,1972,13.729916666666666
Australia,Melbourne,1973,13.688583333333334
Australia,Melbourne,1974,13.816333333333334
Australia,Melbourne,1975,13.898666666666665
Australia,Melbourne,1976,13.547083333333333
Australia,Melbourne,1977,13.50275
Australia,Melbourne,1978,13.479916666666666
Australia,Melbourne,1979,13.902083333333335
Australia,Melbourne,1980,14.123333333333333
Australia,Melbourne,1981,14.2555
Australia,Melbourne,1982,14.025333333333334
Australia,Melbourne,1983,13.716999999999999
Australia,Melbourne,1984,13.247666666666667
Australia,Melbourne,1985,13.695833333333333
Australia,Melbourne,1986,13.186750000000002
Australia,Melbourne,1987,13.467083333333335
Australia,Melbourne,1988,14.528416666666667
Australia,Melbourne,1989,13.860666666666667
Australia,Melbourne,1990,14.158416666666668
Australia,Melbourne,1991,13.76675
Australia,Melbourne,1992,13.3075
Australia,Melbourne,1993,13.805416666666666
Australia,Melbourne,1994,13.519166666666665
Australia,Melbourne,1995,13.140333333333333
Australia,Melbourne,1996,13.046416666666667
Australia,Melbourne,1997,13.933416666666666
Australia,Melbourne,1998,13.607666666666667
Australia,Melbourne,1999,14.198166666666665
Australia,Melbourne,2000,14.320083333333335
Australia,Melbourne,2001,14.18
Australia,Melbourne,2002,14.075833333333334
Australia,Melbourne,2003,13.985583333333333
Australia,Melbourne,2004,13.742083333333333
Australia,Melbourne,2005,14.3785
Australia,Melbourne,2006,13.991083333333334
Australia,Melbourne,2007,14.991833333333332
Australia,Melbourne,2008,14.110583333333333
Australia,Melbourne,2009,14.647416666666667
Australia,Melbourne,2010,14.231666666666667
Australia,Melbourne,2011,14.190916666666666
Australia,Melbourne,2012,14.268666666666668
Australia,Melbourne,2013,14.7415
Australia,Sydney,1900,16.9845
Australia,Sydney,1901,16.864583333333332
Australia,Sydney,1902,16.976666666666667
Australia,Sydney,1903,16.868666666666666
Australia,Sydney,1904,16.577916666666667
Australia,Sydney,1905,16.57016666666667
Australia,Sydney,1906,16.924083333333332
Australia,Sydney,1907,16.86791666666667
Australia,Sydney,1908,16.67425
Australia,Sydney,1909,16.466833333333334
Australia,Sydney,1910,16.92925
Australia,Sydney,1911,16.854666666666667
Australia,Sydney,1912,17.096166666666665
Australia,Sydney,1913,17.226166666666668
Australia,Sydney,1914,17.874666666666666
Australia,Sydney,1915,17.306583333333332
Australia,Sydney,1916,16.966083333333334
Australia,Sydney,1917,16.548416666666668
Australia,Sydney,1918,16.563416666666665
Australia,Sydney,1919,17.507583333333333
Australia,Sydney,1920,16.64891666666667
Australia,Sydney,1921,17.149916666666666
Australia,Sydney,1922,17.215083333333336
Australia,Sydney,1923,17.202583333333333
Australia,Sydney,1924,16.645166666666668
Australia,Sydney,1925,16.550666666666668
Australia,Sydney,1926,17.25075
Australia,Sydney,1927,16.419083333333337
Australia,Sydney,1928,17.397250000000003
Australia,Sydney,1929,16.688333333333336
Australia,Sydney,1930,17.097916666666666
Australia,Sydney,1931,16.855666666666668
Australia,Sydney,1932,16.96625
Australia,Sydney,1933,16.758
Australia,Sydney,1934,16.88525
Australia,Sydney,1935,16.546833333333336
Australia,Sydney,1936,16.78558333333333
Australia,Sydney,1937,16.972583333333336
Australia,Sydney,1938,17.393
Australia,Sydney,1939,17.333916666666667
Australia,Sydney,1940,17.640916666666666
Australia,Sydney,1941,16.86025
Australia,Sydney,1942,17.299916666666665
Australia,Sydney,1943,16.3125
Australia,Sydney,1944,16.989250000000002
Australia,Sydney,1945,16.886916666666668
Australia,Sydney,1946,17.041666666666668
Australia,Sydney,1947,16.94275
Australia,Sydney,1948,16.422416666666667
Australia,Sydney,1949,16.551583333333333
Australia,Sydney,1950,17.14025
Australia,Sydney,1951,16.734416666666668
Australia,Sydney,1952,16.827749999999998
Australia,Sydney,1953,16.733666666666668
Australia,Sydney,1954,16.933833333333336
Australia,Sydney,1955,16.994916666666665
Australia,Sydney,1956,16.644000000000002
Australia,Sydney,1957,17.0565
Australia,Sydney,1958,17.409499999999998
Australia,Sydney,1959,17.225083333333334
Australia,Sydney,1960,16.677416666666666
Australia,Sydney,1961,16.8605
Australia,Sydney,1962,16.742333333333335
Australia,Sydney,1963,16.925416666666667
Australia,Sydney,1964,16.964666666666666
Australia,Sydney,1965,16.998083333333334
Australia,Sydney,1966,16.64466666666667
Australia,Sydney,1967,16.854583333333334
Australia,Sydney,1968,17.274416666666667
Australia,Sydney,1969,17.182833333333335
Australia,Sydney,1970,16.782500000000002
Australia,Sydney,1971,16.84275
Australia,Sydney,1972,17.025666666666666
Australia,Sydney,1973,17.812083333333334
Australia,Sydney,1974,16.97791666666667
Australia,Sydney,1975,17.341333333333335
Australia,Sydney,1976,17.009416666666667
Australia,Sydney,1977,17.33525
Australia,Sydney,1978,17.162583333333334
Australia,Sydney,1979,17.556
Australia,Sydney,1980,17.995083333333337
Australia,Sydney,1981,17.493750000000002
Australia,Sydney,1982,17.295333333333335
Australia,Sydney,1983,17.468
Australia,Sydney,1984,16.905666666666665
Australia,Sydney,1985,17.092666666666666
Australia,Sydney,1986,17.060833333333335
Australia,Sydney,1987,17.366333333333333
Australia,Sydney,1988,17.887249999999998
Australia,Sydney,1989,17.258333333333333
Australia,Sydney,1990,17.4665
Australia,Sydney,1991,17.848000000000003
Australia,Sydney,1992,16.8915
Australia,Sydney,1993,17.423416666666668
Australia,Sydney,1994,17.357666666666667
Australia,Sydney,1995,16.949
Australia,Sydney,1996,17.046083333333332
Australia,Sydney,1997,17.511
Australia,Sydney,1998,18.04975
Australia,Sydney,1999,17.546916666666668
Australia,Sydney,2000,17.567416666666666
Australia,Sydney,2001,17.854499999999998
Australia,Sydney,2002,17.733833333333333
Australia,Sydney,2003,17.592333333333332
Australia,Sydney,2004,17.869666666666667
Australia,Sydney,2005,18.02808333333333
Australia,Sydney,2006,17.7495
Australia,Sydney,2007,18.020833333333332
Australia,Sydney,2008,17.321083333333334
Australia,Sydney,2009,18.175833333333333
Australia,Sydney,2010,17.999
Australia,Sydney,2011,17.713333333333335
Australia,Sydney,2012,17.474333333333334
Australia,Sydney,2013,18.08975
Bangladesh,Dhaka,1900,25.942166666666665
Bangladesh,Dhaka,1901,25.722416666666664
Bangladesh,Dhaka,1902,25.426916666666667
Bangladesh,Dhaka,1903,25.594250000000002
Bangladesh,Dhaka,1904,25.335083333333333
Bangladesh,Dhaka,1905,24.751666666666665
Bangladesh,Dhaka,1906,25.511583333333334
Bangladesh,Dhaka,1907,25.375583333333335
Bangladesh,Dhaka,1908,25.519750000000002
Bangladesh,Dhaka,1909,25.60183333333333
Bangladesh,Dhaka,1910,25.18225
Bangladesh,Dhaka,1911,25.224500000000003
Bangladesh,Dhaka,1912,25.394666666666666
Bangladesh,Dhaka,1913,25.112166666666667
Bangladesh,Dhaka,1914,25.279666666666667
Bangladesh,Dhaka,1915,25.80333333333333
Bangladesh,Dhaka,1916,25.5625
Bangladesh,Dhaka,1917,25.221666666666668
Bangladesh,Dhaka,1918,25.12875
Bangladesh,Dhaka,1919,25.636499999999998
Bangladesh,Dhaka,1920,25.568749999999998
Bangladesh,Dhaka,1921,25.488583333333334
Bangladesh,Dhaka,1922,25.770416666666666
Bangladesh,Dhaka,1923,25.565166666666666
Bangladesh,Dhaka,1924,25.918666666666667
Bangladesh,Dhaka,1925,25.175250000000002
Bangladesh,Dhaka,1926,25.514666666666667
Bangladesh,Dhaka,1927,25.44575
Bangladesh,Dhaka,1928,25.701083333333333
Bangladesh,Dhaka,1929,25.441833333333335
Bangladesh,Dhaka,1930,25.373166666666666
Bangladesh,Dhaka,1931,25.77316666666667
Bangladesh,Dhaka,1932,25.851250000000004
Bangladesh,Dhaka,1933,25.431166666666666
Bangladesh,Dhaka,1934,25.4765
Bangladesh,Dhaka,1935,25.707916666666666
Bangladesh,Dhaka,1936,25.579166666666666
Bangladesh,Dhaka,1937,25.325333333333333
Bangladesh,Dhaka,1938,25.708333333333332
Bangladesh,Dhaka,1939,25.934416666666667
Bangladesh,Dhaka,1940,25.668916666666664
Bangladesh,Dhaka,1941,25.93358333333333
Bangladesh,Dhaka,1942,25.88275
Bangladesh,Dhaka,1943,25.647666666666666
Bangladesh,Dhaka,1944,25.632500000000004
Bangladesh,Dhaka,1945,25.44525
Bangladesh,Dhaka,1946,25.624666666666666
Bangladesh,Dhaka,1947,25.877583333333334
Bangladesh,Dhaka,1948,25.731416666666664
Bangladesh,Dhaka,1949,25.35525
Bangladesh,Dhaka,1950,25.706416666666666
Bangladesh,Dhaka,1951,26.047833333333333
Bangladesh,Dhaka,1952,25.84875
Bangladesh,Dhaka,1953,26.059083333333334
Bangladesh,Dhaka,1954,25.858166666666666
Bangladesh,Dhaka,1955,25.740166666666667
Bangladesh,Dhaka,1956,25.633499999999998
Bangladesh,Dhaka,1957,25.94666666666667
Bangladesh,Dhaka,1958,26.5335
Bangladesh,Dhaka,1959,25.62483333333333
Bangladesh,Dhaka,1960,26.110583333333334
Bangladesh,Dhaka,1961,25.721999999999998
Bangladesh,Dhaka,1962,25.70775
Bangladesh,Dhaka,1963,25.8155
Bangladesh,Dhaka,1964,26.050083333333333
Bangladesh,Dhaka,1965,25.753333333333334
Bangladesh,Dhaka,1966,26.174666666666667
Bangladesh,Dhaka,1967,25.703500000000002
Bangladesh,Dhaka,1968,25.665333333333336
Bangladesh,Dhaka,1969,25.910416666666666
Bangladesh,Dhaka,1970,25.902916666666666
Bangladesh,Dhaka,1971,25.270916666666665
Bangladesh,Dhaka,1972,25.887583333333335
Bangladesh,Dhaka,1973,25.91325
Bangladesh,Dhaka,1974,25.68025
Bangladesh,Dhaka,1975,25.768583333333336
Bangladesh,Dhaka,1976,25.935833333333335
Bangladesh,Dhaka,1977,25.805833333333336
Bangladesh,Dhaka,1978,25.716250000000002
Bangladesh,Dhaka,1979,26.4455
Bangladesh,Dhaka,1980,25.99291666666667
Bangladesh,Dhaka,1981,25.52241666666667
Bangladesh,Dhaka,1982,25.796833333333336
Bangladesh,Dhaka,1983,25.80333333333333
Bangladesh,Dhaka,1984,25.700916666666668
Bangladesh,Dhaka,1985,26.162666666666667
Bangladesh,Dhaka,1986,26.030833333333334
Bangladesh,Dhaka,1987,26.398666666666667
Bangladesh,Dhaka,1988,26.36766666666667
Bangladesh,Dhaka,1989,26.04525
Bangladesh,Dhaka,1990,25.97825
Bangladesh,Dhaka,1991,25.84766666666667
Bangladesh,Dhaka,1992,25.857416666666666
Bangladesh,Dhaka,1993,25.733666666666668
Bangladesh,Dhaka,1994,25.90625
Bangladesh,Dhaka,1995,26.087166666666665
Bangladesh,Dhaka,1996,26.15225
Bangladesh,Dhaka,1997,25.551833333333335
Bangladesh,Dhaka,1998,26.128583333333335
Bangladesh,Dhaka,1999,26.314166666666665
Bangladesh,Dhaka,2000,25.90525
Bangladesh,Dhaka,2001,25.931250000000002
Bangladesh,Dhaka,2002,26.095
Bangladesh,Dhaka,2003,25.92741666666667
Bangladesh,Dhaka,2004,26.136083333333332
Bangladesh,Dhaka,2005,26.19333333333333
Bangladesh,Dhaka,2006,26.440416666666664
Bangladesh,Dhaka,2007,25.951333333333334
Bangladesh,Dhaka,2008,26.004500000000004
Bangladesh,Dhaka,2009,26.535583333333335
Bangladesh,Dhaka,2010,26.64816666666667
Bangladesh,Dhaka,2011,25.803250000000002
Bangladesh,Dhaka,2012,26.283583333333336
Bangladesh,Dhaka,2013,26.587
Brazil,Belo Horizonte,1900,20.942
Brazil,Belo Horizonte,1901,20.73691666666667
Brazil,Belo Horizonte,1902,21.237166666666667
Brazil,Belo Horizonte,1903,20.999916666666667
Brazil,Belo Horizonte,1904,20.0305
Brazil,Belo Horizonte,1905,21.285500000000003
Brazil,Belo Horizonte,1906,20.930833333333336
Brazil,Belo Horizonte,1907,20.634
Brazil,Belo Horizonte,1908,20.945083333333333
Brazil,Belo Horizonte,1909,20.564083333333333
Brazil,Belo Horizonte,1910,20.80675
Brazil,Belo Horizonte,1911,20.70275
Brazil,Belo Horizonte,1912,20.72975
Brazil,Belo Horizonte,1913,21.039
Brazil,Belo Horizonte,1914,21.457583333333332
Brazil,Belo Horizonte,1915,21.455083333333334
Brazil,Belo Horizonte,1916,20.83066666666667
Brazil,Belo Horizonte,1917,20.017000000000003
Brazil,Belo Horizonte,1918,20.515083333333333
Brazil,Belo Horizonte,1919,20.906833333333335
Brazil,Belo Horizonte,1920,20.790583333333334
Brazil,Belo Horizonte,1921,20.647166666666667
Brazil,Belo Horizonte,1922,21.15125
Brazil,Belo Horizonte,1923,20.7945
Brazil,Belo Horizonte,1924,20.699666666666666
Brazil,Belo Horizonte,1925,20.7715
Brazil,Belo Horizonte,1926,21.05425
Brazil,Belo Horizonte,1927,21.131583333333335
Brazil,Belo Horizonte,1928,21.43225
Brazil,Belo Horizonte,1929,21.121083333333335
Brazil,Belo Horizonte,1930,21.26675
Brazil,Belo Horizonte,1931,20.993166666666667
Brazil,Belo Horizonte,1932,21.540833333333335
Brazil,Belo Horizonte,1933,20.4845
Brazil,Belo Horizonte,1934,21.10825
Brazil,Belo Horizonte,1935,21.270583333333335
Brazil,Belo Horizonte,1936,21.37216666666667
Brazil,Belo Horizonte,1937,21.04075
Brazil,Belo Horizonte,1938,21.256833333333333
Brazil,Belo Horizonte,1939,21.385833333333334
Brazil,Belo Horizonte,1940,21.4675
Brazil,Belo Horizonte,1941,21.488583333333334
Brazil,Belo Horizonte,1942,21.16
Brazil,Belo Horizonte,1943,20.736583333333332
Brazil,Belo Horizonte,1944,21.099833333333333
Brazil,Belo Horizonte,1945,20.766333333333332
Brazil,Belo Horizonte,1946,21.548083333333334
Brazil,Belo Horizonte,1947,20.843666666666667
Brazil,Belo Horizonte,1948,21.1415
Brazil,Belo Horizonte,1949,20.725833333333334
Brazil,Belo Horizonte,1950,21.114833333333333
Brazil,Belo Horizonte,1951,21.1295
Brazil,Belo Horizonte,1952,21.138
Brazil,Belo Horizonte,1953,21.167833333333334
Brazil,Belo Horizonte,1954,21.646083333333333
Brazil,Belo Horizonte,1955,20.946583333333333
Brazil,Belo Horizonte,1956,20.671583333333334
Brazil,Belo Horizonte,1957,20.961916666666667
Brazil,Belo Horizonte,1958,21.492500000000003
Brazil,Belo Horizonte,1959,21.902749999999997
Brazil,Belo Horizonte,1960,21.025583333333334
Brazil,Belo Horizonte,1961,21.6925
Brazil,Belo Horizonte,1962,20.736583333333332
Brazil,Belo Horizonte,1963,21.950999999999997
Brazil,Belo Horizonte,1964,20.731083333333334
Brazil,Belo Horizonte,1965,21.31925
Brazil,Belo Horizonte,1966,21.40825
Brazil,Belo Horizonte,1967,21.529
Brazil,Belo Horizonte,1968,20.51125
Brazil,Belo Horizonte,1969,21.662166666666668
Brazil,Belo Horizonte,1970,21.427083333333332
Brazil,Belo Horizonte,1971,21.021166666666666
Brazil,Belo Horizonte,1972,21.606083333333334
Brazil,Belo Horizonte,1973,21.868
Brazil,Belo Horizonte,1974,21.136083333333335
Brazil,Belo Horizonte,1975,20.925833333333333
Brazil,Belo Horizonte,1976,21.072416666666665
Brazil,Belo Horizonte,1977,21.677000000000003
Brazil,Belo Horizonte,1978,20.942333333333334
Brazil,Belo Horizonte,1979,20.872333333333334
Brazil,Belo Horizonte,1980,21.62875
Brazil,Belo Horizonte,1981,21.1895
Brazil,Belo Horizonte,1982,21.497833333333332
Brazil,Belo Horizonte,1983,21.483666666666664
Brazil,Belo Horizonte,1984,22.136916666666668
Brazil,Belo Horizonte,1985,21.39425
Brazil,Belo Horizonte,1986,21.83666666666667
Brazil,Belo Horizonte,1987,22.053833333333333
Brazil,Belo Horizonte,1988,21.627
Brazil,Belo Horizonte,1989,21.132833333333334
Brazil,Belo Horizonte,1990,21.87666666666667
Brazil,Belo Horizonte,1991,21.429750000000002
Brazil,Belo Horizonte,1992,21.3545
Brazil,Belo Horizonte,1993,21.94141666666667
Brazil,Belo Horizonte,1994,21.912916666666664
Brazil,Belo Horizonte,1995,22.07166666666667
Brazil,Belo Horizonte,1996,21.561083333333332
Brazil,Belo Horizonte,1997,21.90516666666667
Brazil,Belo Horizonte,1998,22.35225
Brazil,Belo Horizonte,1999,21.58983333333333
Brazil,Belo Horizonte,2000,21.694916666666668
Brazil,Belo Horizonte,2001,22.141499999999997
Brazil,Belo Horizonte,2002,22.497333333333334
Brazil,Belo Horizonte,2003,22.078916666666668
Brazil,Belo Horizonte,2004,21.588583333333332
Brazil,Belo Horizonte,2005,22.054666666666666
Brazil,Belo Horizonte,2006,21.817916666666665
Brazil,Belo Horizonte,2007,22.189333333333334
Brazil,Belo Horizonte,2008,21.857916666666668
Brazil,Belo Horizonte,2009,22.24875
Brazil,Belo Horizonte,2010,22.116333333333333
Brazil,Belo Horizonte,2011,21.7405
Brazil,Belo Horizonte,2012,22.1615
Brazil,Belo Horizonte,2013,21.586125
Brazil,Brasília,1900,21.831999999999997
Brazil,Brasília,1901,21.837999999999997
Brazil,Brasília,1902,21.794749999999997
Brazil,Brasília,1903,21.649083333333333
Brazil,Brasília,1904,20.5655
Brazil,Brasília,1905,22.00225
Brazil,Brasília,1906,21.54325
Brazil,Brasília,1907,21.351166666666668
Brazil,Brasília,1908,21.704333333333334
Brazil,Brasília,1909,21.3355
Brazil,Brasília,1910,21.67941666666667
Brazil,Brasília,1911,21.360333333333333
Brazil,Brasília,1912,21.3455
Brazil,Brasília,1913,21.672749999999997
Brazil,Brasília,1914,22.018583333333336
Brazil,Brasília,1915,22.2055
Brazil,Brasília,1916,21.533
Brazil,Brasília,1917,20.730416666666667
Brazil,Brasília,1918,21.211333333333332
Brazil,Brasília,1919,21.62325
Brazil,Brasília,1920,21.251583333333333
Brazil,Brasília,1921,21.231583333333333
Brazil,Brasília,1922,21.72191666666667
Brazil,Brasília,1923,21.223833333333335
Brazil,Brasília,1924,21.472083333333334
Brazil,Brasília,1925,21.413833333333333
Brazil,Brasília,1926,21.98725
Brazil,Brasília,1927,21.78408333333333
Brazil,Brasília,1928,22.094083333333334
Brazil,Brasília,1929,21.723583333333334
Brazil,Brasília,1930,21.698916666666666
Brazil,Brasília,1931,21.751416666666668
Brazil,Brasília,1932,22.21366666666667
Brazil,Brasília,1933,21.537000000000003
Brazil,Brasília,1934,21.858083333333337
Brazil,Brasília,1935,22.051666666666666
Brazil,Brasília,1936,22.160583333333335
Brazil,Brasília,1937,22.019000000000002
Brazil,Brasília,1938,21.9815
Brazil,Brasília,1939,22.191833333333335
Brazil,Brasília,1940,22.098666666666663
Brazil,Brasília,1941,22.229249999999997
Brazil,Brasília,1942,21.768416666666667
Brazil,Brasília,1943,21.304583333333333
Brazil,Brasília,1944,21.794916666666666
Brazil,Brasília,1945,21.44716666666667
Brazil,Brasília,1946,22.109666666666666
Brazil,Brasília,1947,21.578166666666664
Brazil,Brasília,1948,21.807083333333335
Brazil,Brasília,1949,21.452250000000003
Brazil,Brasília,1950,21.422833333333333
Brazil,Brasília,1951,21.7495
Brazil,Brasília,1952,21.82133333333333
Brazil,Brasília,1953,21.905
Brazil,Brasília,1954,22.110583333333334
Brazil,Brasília,1955,21.838833333333337
Brazil,Brasília,1956,21.40908333333333
Brazil,Brasília,1957,21.594916666666666
Brazil,Brasília,1958,22.043833333333335
Brazil,Brasília,1959,22.36975
Brazil,Brasília,1960,21.663083333333333
Brazil,Brasília,1961,22.19758333333333
Brazil,Brasília,1962,21.721333333333334
Brazil,Brasília,1963,22.360500000000002
Brazil,Brasília,1964,21.53616666666667
Brazil,Brasília,1965,21.907166666666665
Brazil,Brasília,1966,21.754833333333334
Brazil,Brasília,1967,21.853083333333334
Brazil,Brasília,1968,21.25016666666667
Brazil,Brasília,1969,22.349666666666668
Brazil,Brasília,1970,22.12183333333333
Brazil,Brasília,1971,21.771916666666666
Brazil,Brasília,1972,22.266750000000002
Brazil,Brasília,1973,22.634
Brazil,Brasília,1974,21.815916666666666
Brazil,Brasília,1975,21.758583333333334
Brazil,Brasília,1976,21.73175
Brazil,Brasília,1977,22.207166666666666
Brazil,Brasília,1978,21.658916666666666
Brazil,Brasília,1979,21.81658333333333
Brazil,Brasília,1980,22.130166666666668
Brazil,Brasília,1981,21.69141666666667
Brazil,Brasília,1982,22.207833333333337
Brazil,Brasília,1983,22.12708333333333
Brazil,Brasília,1984,22.2915
Brazil,Brasília,1985,21.8135
Brazil,Brasília,1986,22.153000000000002
Brazil,Brasília,1987,22.683833333333336
Brazil,Brasília,1988,22.143666666666665
Brazil,Brasília,1989,21.917083333333334
Brazil,Brasília,1990,22.40325
Brazil,Brasília,1991,21.96766666666667
Brazil,Brasília,1992,21.837416666666666
Brazil,Brasília,1993,22.508916666666668
Brazil,Brasília,1994,22.55366666666667
Brazil,Brasília,1995,22.462
Brazil,Brasília,1996,22.45475
Brazil,Brasília,1997,22.23166666666667
Brazil,Brasília,1998,23.277666666666665
Brazil,Brasília,1999,22.504666666666665
Brazil,Brasília,2000,22.456166666666665
Brazil,Brasília,2001,22.56533333333333
Brazil,Brasília,2002,23.1755
Brazil,Brasília,2003,22.749
Brazil,Brasília,2004,22.606583333333333
Brazil,Brasília,2005,22.73675
Brazil,Brasília,2006,22.349166666666665
Brazil,Brasília,2007,22.998
Brazil,Brasília,2008,22.595333333333333
Brazil,Brasília,2009,22.663
Brazil,Brasília,2010,23.03516666666667
Brazil,Brasília,2011,22.38716666666667
Brazil,Brasília,2012,22.84358333333333
Brazil,Brasília,2013,22.601375
Brazil,Fortaleza,1900,27.30716666666667
Brazil,Fortaleza,1901,26.817166666666665
Brazil,Fortaleza,1902,26.807833333333335
Brazil,Fortaleza,1903,26.8425
Brazil,Fortaleza,1904,26.194166666666664
Brazil,Fortaleza,1905,26.5835
Brazil,Fortaleza,1906,26.427083333333332
Brazil,Fortaleza,1907,26.829583333333336
Brazil,Fortaleza,1908,27.26308333333333
Brazil,Fortaleza,1909,27.032666666666668
Brazil,Fortaleza,1910,26.60525
Brazil,Fortaleza,1911,26.634583333333335
Brazil,Fortaleza,1912,26.347166666666666
Brazil,Fortaleza,1913,26.37366666666667
Brazil,Fortaleza,1914,26.53975
Brazil,Fortaleza,1915,27.815083333333334
Brazil,Fortaleza,1916,26.477166666666665
Brazil,Fortaleza,1917,26.005583333333334
Brazil,Fortaleza,1918,26.544333333333338
Brazil,Fortaleza,1919,27.409166666666668
Brazil,Fortaleza,1920,26.81233333333333
Brazil,Fortaleza,1921,26.30775
Brazil,Fortaleza,1922,26.42725
Brazil,Fortaleza,1923,26.574250000000003
Brazil,Fortaleza,1924,26.25225
Brazil,Fortaleza,1925,26.521666666666665
Brazil,Fortaleza,1926,26.82375
Brazil,Fortaleza,1927,26.925916666666666
Brazil,Fortaleza,1928,27.18258333333333
Brazil,Fortaleza,1929,26.726416666666665
Brazil,Fortaleza,1930,27.04116666666667
Brazil,Fortaleza,1931,27.412833333333335
Brazil,Fortaleza,1932,27.577749999999998
Brazil,Fortaleza,1933,26.993750000000002
Brazil,Fortaleza,1934,26.574250000000003
Brazil,Fortaleza,1935,26.717
Brazil,Fortaleza,1936,27.008583333333334
Brazil,Fortaleza,1937,27.288416666666667
Brazil,Fortaleza,1938,27.06158333333333
Brazil,Fortaleza,1939,26.96558333333333
Brazil,Fortaleza,1940,26.787333333333333
Brazil,Fortaleza,1941,27.41775
Brazil,Fortaleza,1942,27.491583333333335
Brazil,Fortaleza,1943,26.862
Brazil,Fortaleza,1944,26.69033333333333
Brazil,Fortaleza,1945,26.6575
Brazil,Fortaleza,1946,26.91725
Brazil,Fortaleza,1947,26.844833333333337
Brazil,Fortaleza,1948,26.887416666666667
Brazil,Fortaleza,1949,26.84358333333333
Brazil,Fortaleza,1950,26.61225
Brazil,Fortaleza,1951,27.27225
Brazil,Fortaleza,1952,27.127333333333336
Brazil,Fortaleza,1953,27.332916666666666
Brazil,Fortaleza,1954,27.09925
Brazil,Fortaleza,1955,26.907749999999997
Brazil,Fortaleza,1956,26.93766666666667
Brazil,Fortaleza,1957,27.010583333333333
Brazil,Fortaleza,1958,27.696416666666668
Brazil,Fortaleza,1959,27.02541666666667
Brazil,Fortaleza,1960,27.085250000000002
Brazil,Fortaleza,1961,27.080250000000003
Brazil,Fortaleza,1962,27.349249999999998
Brazil,Fortaleza,1963,26.96766666666667
Brazil,Fortaleza,1964,26.567166666666665
Brazil,Fortaleza,1965,27.00616666666667
Brazil,Fortaleza,1966,27.297583333333336
Brazil,Fortaleza,1967,26.77525
Brazil,Fortaleza,1968,26.874916666666667
Brazil,Fortaleza,1969,27.212166666666665
Brazil,Fortaleza,1970,27.586916666666667
Brazil,Fortaleza,1971,26.908083333333334
Brazil,Fortaleza,1972,27.410583333333335
Brazil,Fortaleza,1973,27.241833333333332
Brazil,Fortaleza,1974,26.44775
Brazil,Fortaleza,1975,26.856166666666667
Brazil,Fortaleza,1976,26.991333333333333
Brazil,Fortaleza,1977,26.974833333333333
Brazil,Fortaleza,1978,26.896083333333333
Brazil,Fortaleza,1979,27.188166666666664
Brazil,Fortaleza,1980,27.3225
Brazil,Fortaleza,1981,27.4635
Brazil,Fortaleza,1982,27.36791666666667
Brazil,Fortaleza,1983,28.072999999999997
Brazil,Fortaleza,1984,27.152916666666666
Brazil,Fortaleza,1985,26.61616666666667
Brazil,Fortaleza,1986,26.959999999999997
Brazil,Fortaleza,1987,27.79058333333333
Brazil,Fortaleza,1988,27.408
Brazil,Fortaleza,1989,27.059749999999998
Brazil,Fortaleza,1990,27.654833333333332
Brazil,Fortaleza,1991,27.335333333333335
Brazil,Fortaleza,1992,27.583166666666667
Brazil,Fortaleza,1993,28.1805
Brazil,Fortaleza,1994,27.529833333333332
Brazil,Fortaleza,1995,27.515
Brazil,Fortaleza,1996,27.601333333333333
Brazil,Fortaleza,1997,27.85466666666667
Brazil,Fortaleza,1998,28.763583333333333
Brazil,Fortaleza,1999,27.640833333333333
Brazil,Fortaleza,2000,27.495166666666666
Brazil,Fortaleza,2001,27.692833333333336
Brazil,Fortaleza,2002,27.853083333333334
Brazil,Fortaleza,2003,27.86283333333333
Brazil,Fortaleza,2004,27.721083333333336
Brazil,Fortaleza,2005,28.171000000000003
Brazil,Fortaleza,2006,27.75991666666667
Brazil,Fortaleza,2007,27.920083333333334
Brazil,Fortaleza,2008,27.53625
Brazil,Fortaleza,2009,27.385416666666668
Brazil,Fortaleza,2010,28.179166666666664
Brazil,Fortaleza,2011,27.363166666666668
Brazil,Fortaleza,2012,28.208916666666667
Brazil,Fortaleza,2013,27.705625
Brazil,Rio De Janeiro,1900,23.482
Brazil,Rio De Janeiro,1901,23.071
Brazil,Rio De Janeiro,1902,23.994249999999997
Brazil,Rio De Janeiro,1903,23.733833333333333
Brazil,Rio De Janeiro,1904,23.171000000000003
Brazil,Rio De Janeiro,1905,23.835166666666666
Brazil,Rio De Janeiro,1906,23.742
Brazil,Rio De Janeiro,1907,23.35875
Brazil,Rio De Janeiro,1908,23.574583333333333
Brazil,Rio De Janeiro,1909,23.333833333333335
Brazil,Rio De Janeiro,1910,23.31025
Brazil,Rio De Janeiro,1911,23.35575
Brazil,Rio De Janeiro,1912,23.481083333333334
Brazil,Rio De Janeiro,1913,23.719833333333337
Brazil,Rio De Janeiro,1914,24.284833333333335
Brazil,Rio De Janeiro,1915,24.063666666666666
Brazil,Rio De Janeiro,1916,23.517583333333334
Brazil,Rio De Janeiro,1917,22.615333333333336
Brazil,Rio De Janeiro,1918,23.259333333333334
Brazil,Rio De Janeiro,1919,23.733999999999998
Brazil,Rio De Janeiro,1920,23.644750000000002
Brazil,Rio De Janeiro,1921,23.411
Brazil,Rio De Janeiro,1922,23.914583333333336
Brazil,Rio De Janeiro,1923,23.84658333333333
Brazil,Rio De Janeiro,1924,23.249083333333335
Brazil,Rio De Janeiro,1925,23.485
Brazil,Rio De Janeiro,1926,23.827416666666668
Brazil,Rio De Janeiro,1927,23.666
Brazil,Rio De Janeiro,1928,24.088083333333334
Brazil,Rio De Janeiro,1929,23.801333333333332
Brazil,Rio De Janeiro,1930,24.041666666666668
Brazil,Rio De Janeiro,1931,23.54025
Brazil,Rio De Janeiro,1932,24.226249999999997
Brazil,Rio De Janeiro,1933,23.013
Brazil,Rio De Janeiro,1934,23.791916666666665
Brazil,Rio De Janeiro,1935,23.891750000000002
Brazil,Rio De Janeiro,1936,24.019666666666666
Brazil,Rio De Janeiro,1937,23.613416666666666
Brazil,Rio De Janeiro,1938,23.919083333333333
Brazil,Rio De Janeiro,1939,23.9505
Brazil,Rio De Janeiro,1940,24.174916666666665
Brazil,Rio De Janeiro,1941,24.21875
Brazil,Rio De Janeiro,1942,23.857916666666668
Brazil,Rio De Janeiro,1943,23.5395
Brazil,Rio De Janeiro,1944,23.848
Brazil,Rio De Janeiro,1945,23.608500000000003
Brazil,Rio De Janeiro,1946,24.344333333333335
Brazil,Rio De Janeiro,1947,23.625083333333336
Brazil,Rio De Janeiro,1948,24.0175
Brazil,Rio De Janeiro,1949,23.564166666666665
Brazil,Rio De Janeiro,1950,24.032750000000004
Brazil,Rio De Janeiro,1951,23.254083333333337
Brazil,Rio De Janeiro,1952,23.96775
Brazil,Rio De Janeiro,1953,24.01008333333333
Brazil,Rio De Janeiro,1954,24.223
Brazil,Rio De Janeiro,1955,23.61766666666667
Brazil,Rio De Janeiro,1956,23.47458333333333
Brazil,Rio De Janeiro,1957,23.972916666666666
Brazil,Rio De Janeiro,1958,24.616583333333335
Brazil,Rio De Janeiro,1959,24.61475
Brazil,Rio De Janeiro,1960,23.800749999999997
Brazil,Rio De Janeiro,1961,24.636
Brazil,Rio De Janeiro,1962,23.439333333333334
Brazil,Rio De Janeiro,1963,24.292333333333332
Brazil,Rio De Janeiro,1964,23.466333333333335
Brazil,Rio De Janeiro,1965,24.303083333333333
Brazil,Rio De Janeiro,1966,24.358999999999998
Brazil,Rio De Janeiro,1967,24.204083333333333
Brazil,Rio De Janeiro,1968,23.295083333333334
Brazil,Rio De Janeiro,1969,24.145083333333332
Brazil,Rio De Janeiro,1970,24.0585
Brazil,Rio De Janeiro,1971,24.001500000000004
Brazil,Rio De Janeiro,1972,24.410833333333333
Brazil,Rio De Janeiro,1973,24.375083333333333
Brazil,Rio De Janeiro,1974,23.9235
Brazil,Rio De Janeiro,1975,23.568166666666666
Brazil,Rio De Janeiro,1976,23.765666666666664
Brazil,Rio De Janeiro,1977,24.638666666666666
Brazil,Rio De Janeiro,1978,24.00583333333333
Brazil,Rio De Janeiro,1979,23.611333333333334
Brazil,Rio De Janeiro,1980,24.3485
Brazil,Rio De Janeiro,1981,24.01816666666667
Brazil,Rio De Janeiro,1982,24.01816666666667
Brazil,Rio De Janeiro,1983,24.14408333333333
Brazil,Rio De Janeiro,1984,24.61675
Brazil,Rio De Janeiro,1985,24.096
Brazil,Rio De Janeiro,1986,24.754666666666665
Brazil,Rio De Janeiro,1987,24.54525
Brazil,Rio De Janeiro,1988,24.00125
Brazil,Rio De Janeiro,1989,24.066999999999997
Brazil,Rio De Janeiro,1990,24.642583333333334
Brazil,Rio De Janeiro,1991,24.250333333333334
Brazil,Rio De Janeiro,1992,24.23575
Brazil,Rio De Janeiro,1993,24.654750000000003
Brazil,Rio De Janeiro,1994,24.71441666666667
Brazil,Rio De Janeiro,1995,24.770083333333332
Brazil,Rio De Janeiro,1996,24.279833333333332
Brazil,Rio De Janeiro,1997,24.713416666666664
Brazil,Rio De Janeiro,1998,24.77825
Brazil,Rio De Janeiro,1999,24.008916666666668
Brazil,Rio De Janeiro,2000,24.363083333333336
Brazil,Rio De Janeiro,2001,24.989083333333337
Brazil,Rio De Janeiro,2002,25.176666666666666
Brazil,Rio De Janeiro,2003,24.896
Brazil,Rio De Janeiro,2004,24.238250000000004
Brazil,Rio De Janeiro,2005,24.792916666666667
Brazil,Rio De Janeiro,2006,24.571916666666667
Brazil,Rio De Janeiro,2007,24.77508333333334
Brazil,Rio De Janeiro,2008,24.260333333333335
Brazil,Rio De Janeiro,2009,24.983583333333332
Brazil,Rio De Janeiro,2010,24.952749999999998
Brazil,Rio De Janeiro,2011,24.31983333333333
Brazil,Rio De Janeiro,2012,24.838416666666664
Brazil,Rio De Janeiro,2013,25.188000000000002
Brazil,Salvador,1900,24.657
Brazil,Salvador,1901,24.37308333333333
Brazil,Salvador,1902,24.639
Brazil,Salvador,1903,24.589833333333335
Brazil,Salvador,1904,23.85075
Brazil,Salvador,1905,24.644166666666667
Brazil,Salvador,1906,24.332000000000004
Brazil,Salvador,1907,24.392166666666668
Brazil,Salvador,1908,24.860166666666668
Brazil,Salvador,1909,24.557083333333335
Brazil,Salvador,1910,24.453166666666664
Brazil,Salvador,1911,24.502416666666665
Brazil,Salvador,1912,24.50725
Brazil,Salvador,1913,24.693916666666667
Brazil,Salvador,1914,24.376
Brazil,Salvador,1915,24.715833333333332
Brazil,Salvador,1916,24.233083333333337
Brazil,Salvador,1917,23.973916666666668
Brazil,Salvador,1918,24.195083333333333
Brazil,Salvador,1919,24.41716666666667
Brazil,Salvador,1920,24.399833333333333
Brazil,Salvador,1921,24.34783333333333
Brazil,Salvador,1922,24.611250000000002
Brazil,Salvador,1923,24.560666666666666
Brazil,Salvador,1924,24.45175
Brazil,Salvador,1925,24.565083333333334
Brazil,Salvador,1926,24.671000000000003
Brazil,Salvador,1927,24.83975
Brazil,Salvador,1928,24.753583333333335
Brazil,Salvador,1929,24.694
Brazil,Salvador,1930,24.544
Brazil,Salvador,1931,24.733333333333334
Brazil,Salvador,1932,24.80875
Brazil,Salvador,1933,24.438583333333337
Brazil,Salvador,1934,24.58875
Brazil,Salvador,1935,24.909583333333334
Brazil,Salvador,1936,24.65308333333333
Brazil,Salvador,1937,24.891666666666666
Brazil,Salvador,1938,24.929583333333337
Brazil,Salvador,1939,24.975583333333333
Brazil,Salvador,1940,24.83975
Brazil,Salvador,1941,24.999083333333335
Brazil,Salvador,1942,24.819333333333333
Brazil,Salvador,1943,24.25175
Brazil,Salvador,1944,24.386083333333335
Brazil,Salvador,1945,24.5245
Brazil,Salvador,1946,24.990083333333335
Brazil,Salvador,1947,24.73725
Brazil,Salvador,1948,24.685166666666664
Brazil,Salvador,1949,24.604916666666668
Brazil,Salvador,1950,24.559083333333334
Brazil,Salvador,1951,24.633666666666667
Brazil,Salvador,1952,25.0645
Brazil,Salvador,1953,24.86791666666667
Brazil,Salvador,1954,24.78025
Brazil,Salvador,1955,24.621916666666667
Brazil,Salvador,1956,24.663416666666667
Brazil,Salvador,1957,24.6775
Brazil,Salvador,1958,25.153499999999998
Brazil,Salvador,1959,25.316916666666668
Brazil,Salvador,1960,24.97491666666667
Brazil,Salvador,1961,24.875500000000002
Brazil,Salvador,1962,24.742250000000002
Brazil,Salvador,1963,24.857
Brazil,Salvador,1964,24.673583333333337
Brazil,Salvador,1965,24.910083333333333
Brazil,Salvador,1966,24.792666666666666
Brazil,Salvador,1967,24.77475
Brazil,Salvador,1968,24.230666666666668
Brazil,Salvador,1969,25.031583333333334
Brazil,Salvador,1970,24.856333333333335
Brazil,Salvador,1971,24.944333333333333
Brazil,Salvador,1972,25.257583333333333
Brazil,Salvador,1973,25.65941666666667
Brazil,Salvador,1974,24.8095
Brazil,Salvador,1975,24.751083333333337
Brazil,Salvador,1976,24.836333333333332
Brazil,Salvador,1977,25.046666666666667
Brazil,Salvador,1978,24.72758333333333
Brazil,Salvador,1979,24.769416666666668
Brazil,Salvador,1980,24.924166666666665
Brazil,Salvador,1981,24.70625
Brazil,Salvador,1982,25.051666666666666
Brazil,Salvador,1983,25.364416666666667
Brazil,Salvador,1984,25.395166666666668
Brazil,Salvador,1985,24.87925
Brazil,Salvador,1986,25.058666666666667
Brazil,Salvador,1987,25.655
Brazil,Salvador,1988,25.1845
Brazil,Salvador,1989,25.102999999999998
Brazil,Salvador,1990,25.293166666666668
Brazil,Salvador,1991,25.0575
Brazil,Salvador,1992,24.970166666666668
Brazil,Salvador,1993,25.410833333333333
Brazil,Salvador,1994,25.418499999999998
Brazil,Salvador,1995,25.650666666666666
Brazil,Salvador,1996,25.451916666666666
Brazil,Salvador,1997,25.20141666666667
Brazil,Salvador,1998,26.07783333333333
Brazil,Salvador,1999,25.32325
Brazil,Salvador,2000,25.35166666666667
Brazil,Salvador,2001,25.592916666666667
Brazil,Salvador,2002,25.5605
Brazil,Salvador,2003,25.675749999999997
Brazil,Salvador,2004,25.36583333333333
Brazil,Salvador,2005,25.697083333333335
Brazil,Salvador,2006,25.409499999999998
Brazil,Salvador,2007,25.43841666666667
Brazil,Salvador,2008,25.54375
Brazil,Salvador,2009,25.999750000000002
Brazil,Salvador,2010,25.776916666666665
Brazil,Salvador,2011,25.283666666666665
Brazil,Salvador,2012,25.64833333333333
Brazil,Salvador,2013,26.138
Brazil,São Paulo,1900,19.71258333333333
Brazil,São Paulo,1901,19.150000000000002
Brazil,São Paulo,1902,19.874666666666666
Brazil,São Paulo,1903,19.440583333333333
Brazil,São Paulo,1904,19.021
Brazil,São Paulo,1905,19.61225
Brazil,São Paulo,1906,19.492083333333333
Brazil,São Paulo,1907,19.17591666666667
Brazil,São Paulo,1908,19.221333333333334
Brazil,São Paulo,1909,18.98175
Brazil,São Paulo,1910,19.153666666666666
Brazil,São Paulo,1911,19.022000000000002
Brazil,São Paulo,1912,19.31875
Brazil,São Paulo,1913,19.724666666666668
Brazil,São Paulo,1914,20.37425
Brazil,São Paulo,1915,20.119333333333334
Brazil,São Paulo,1916,19.529999999999998
Brazil,São Paulo,1917,18.433583333333335
Brazil,São Paulo,1918,19.240416666666665
Brazil,São Paulo,1919,19.878
Brazil,São Paulo,1920,19.56416666666667
Brazil,São Paulo,1921,19.367916666666666
Brazil,São Paulo,1922,19.851166666666668
Brazil,São Paulo,1923,19.582166666666666
Brazil,São Paulo,1924,19.133333333333333
Brazil,São Paulo,1925,19.520833333333332
Brazil,São Paulo,1926,19.7775
Brazil,São Paulo,1927,19.563666666666666
Brazil,São Paulo,1928,20.079166666666666
Brazil,São Paulo,1929,19.696416666666668
Brazil,São Paulo,1930,20.087583333333335
Brazil,São Paulo,1931,19.350833333333334
Brazil,São Paulo,1932,20.183666666666667
Brazil,São Paulo,1933,18.969083333333334
Brazil,São Paulo,1934,19.867083333333333
Brazil,São Paulo,1935,19.725416666666668
Brazil,São Paulo,1936,20.006
Brazil,São Paulo,1937,19.49925
Brazil,São Paulo,1938,19.827749999999998
Brazil,São Paulo,1939,19.92683333333333
Brazil,São Paulo,1940,20.348833333333335
Brazil,São Paulo,1941,20.177416666666666
Brazil,São Paulo,1942,19.680833333333332
Brazil,São Paulo,1943,19.625833333333333
Brazil,São Paulo,1944,19.985333333333333
Brazil,São Paulo,1945,19.56983333333333
Brazil,São Paulo,1946,19.91225
Brazil,São Paulo,1947,19.24925
Brazil,São Paulo,1948,19.638416666666668
Brazil,São Paulo,1949,19.4035
Brazil,São Paulo,1950,19.852916666666665
Brazil,São Paulo,1951,19.316583333333334
Brazil,São Paulo,1952,19.9105
Brazil,São Paulo,1953,19.964583333333334
Brazil,São Paulo,1954,20.203416666666666
Brazil,São Paulo,1955,19.5525
Brazil,São Paulo,1956,19.255666666666666
Brazil,São Paulo,1957,19.66658333333333
Brazil,São Paulo,1958,20.32616666666667
Brazil,São Paulo,1959,20.493666666666666
Brazil,São Paulo,1960,19.675
Brazil,São Paulo,1961,20.566166666666664
Brazil,São Paulo,1962,19.09175
Brazil,São Paulo,1963,20.395166666666668
Brazil,São Paulo,1964,19.249166666666667
Brazil,São Paulo,1965,19.998583333333332
Brazil,São Paulo,1966,20.132916666666667
Brazil,São Paulo,1967,20.158083333333334
Brazil,São Paulo,1968,19.164916666666667
Brazil,São Paulo,1969,20.141000000000002
Brazil,São Paulo,1970,20.062416666666667
Brazil,São Paulo,1971,19.77525
Brazil,São Paulo,1972,20.134916666666665
Brazil,São Paulo,1973,20.205833333333334
Brazil,São Paulo,1974,19.666166666666665
Brazil,São Paulo,1975,19.82025
Brazil,São Paulo,1976,19.48325
Brazil,São Paulo,1977,20.84016666666667
Brazil,São Paulo,1978,19.939833333333336
Brazil,São Paulo,1979,19.67866666666667
Brazil,São Paulo,1980,20.281000000000002
Brazil,São Paulo,1981,19.897333333333332
Brazil,São Paulo,1982,19.952
Brazil,São Paulo,1983,20.062416666666667
Brazil,São Paulo,1984,20.557666666666666
Brazil,São Paulo,1985,20.07
Brazil,São Paulo,1986,20.489916666666666
Brazil,São Paulo,1987,20.338833333333334
Brazil,São Paulo,1988,19.9345
Brazil,São Paulo,1989,19.661166666666666
Brazil,São Paulo,1990,20.291416666666667
Brazil,São Paulo,1991,20.133
Brazil,São Paulo,1992,20.210833333333333
Brazil,São Paulo,1993,20.488416666666666
Brazil,São Paulo,1994,20.771
Brazil,São Paulo,1995,20.608583333333332
Brazil,São Paulo,1996,20.176083333333334
Brazil,São Paulo,1997,20.77125
Brazil,São Paulo,1998,20.71475
Brazil,São Paulo,1999,20.044416666666667
Brazil,São Paulo,2000,20.316666666666666
Brazil,São Paulo,2001,20.964000000000002
Brazil,São Paulo,2002,21.304
Brazil,São Paulo,2003,20.755666666666666
Brazil,São Paulo,2004,20.04825
Brazil,São Paulo,2005,20.783166666666666
Brazil,São Paulo,2006,20.603916666666667
Brazil,São Paulo,2007,20.93341666666667
Brazil,São Paulo,2008,20.220666666666666
Brazil,São Paulo,2009,20.775583333333334
Brazil,São Paulo,2010,20.716583333333332
Brazil,São Paulo,2011,20.330083333333334
Brazil,São Paulo,2012,21.01891666666667
Brazil,São Paulo,2013,20.0665
Burma,Rangoon,1900,27.06925
Burma,Rangoon,1901,26.949583333333333
Burma,Rangoon,1902,26.90825
Burma,Rangoon,1903,26.663750000000004
Burma,Rangoon,1904,26.244416666666666
Burma,Rangoon,1905,26.489583333333332
Burma,Rangoon,1906,27.051916666666667
Burma,Rangoon,1907,26.61175
Burma,Rangoon,1908,26.620166666666666
Burma,Rangoon,1909,26.767750000000003
Burma,Rangoon,1910,26.616583333333335
Burma,Rangoon,1911,26.5205
Burma,Rangoon,1912,26.675250000000002
Burma,Rangoon,1913,26.54216666666667
Burma,Rangoon,1914,26.479416666666665
Burma,Rangoon,1915,26.860583333333334
Burma,Rangoon,1916,26.461916666666667
Burma,Rangoon,1917,26.40941666666667
Burma,Rangoon,1918,26.444
Burma,Rangoon,1919,27.0855
Burma,Rangoon,1920,26.863333333333333
Burma,Rangoon,1921,26.690833333333334
Burma,Rangoon,1922,26.803833333333333
Burma,Rangoon,1923,26.66
Burma,Rangoon,1924,26.8745
Burma,Rangoon,1925,26.521333333333335
Burma,Rangoon,1926,27.048833333333334
Burma,Rangoon,1927,26.67425
Burma,Rangoon,1928,26.968166666666665
Burma,Rangoon,1929,27.02508333333333
Burma,Rangoon,1930,26.90291666666667
Burma,Rangoon,1931,27.305666666666667
Burma,Rangoon,1932,26.93541666666667
Burma,Rangoon,1933,26.84975
Burma,Rangoon,1934,26.670416666666668
Burma,Rangoon,1935,26.87816666666667
Burma,Rangoon,1936,26.798333333333332
Burma,Rangoon,1937,26.871333333333336
Burma,Rangoon,1938,26.797
Burma,Rangoon,1939,26.928250000000002
Burma,Rangoon,1940,26.764499999999998
Burma,Rangoon,1941,27.198333333333334
Burma,Rangoon,1942,27.19666666666667
Burma,Rangoon,1943,26.793083333333332
Burma,Rangoon,1944,27.137
Burma,Rangoon,1945,26.911083333333334
Burma,Rangoon,1946,26.9335
Burma,Rangoon,1947,27.146666666666665
Burma,Rangoon,1948,26.77316666666667
Burma,Rangoon,1949,26.922666666666668
Burma,Rangoon,1950,26.734083333333334
Burma,Rangoon,1951,27.044416666666667
Burma,Rangoon,1952,27.19225
Burma,Rangoon,1953,27.1845
Burma,Rangoon,1954,27.127416666666665
Burma,Rangoon,1955,26.64625
Burma,Rangoon,1956,26.750416666666666
Burma,Rangoon,1957,27.27625
Burma,Rangoon,1958,27.387833333333333
Burma,Rangoon,1959,27.321166666666667
Burma,Rangoon,1960,27.387083333333333
Burma,Rangoon,1961,27.0525
Burma,Rangoon,1962,27.096500000000002
Burma,Rangoon,1963,27.072916666666668
Burma,Rangoon,1964,27.09241666666667
Burma,Rangoon,1965,27.00708333333333
Burma,Rangoon,1966,27.532833333333333
Burma,Rangoon,1967,27.068916666666667
Burma,Rangoon,1968,27.07875
Burma,Rangoon,1969,27.193583333333333
Burma,Rangoon,1970,27.14691666666667
Burma,Rangoon,1971,26.531499999999998
Burma,Rangoon,1972,27.008416666666665
Burma,Rangoon,1973,27.03108333333333
Burma,Rangoon,1974,26.8045
Burma,Rangoon,1975,26.83675
Burma,Rangoon,1976,26.728083333333334
Burma,Rangoon,1977,27.20375
Burma,Rangoon,1978,27.24683333333333
Burma,Rangoon,1979,27.598333333333333
Burma,Rangoon,1980,27.450833333333335
Burma,Rangoon,1981,26.99683333333333
Burma,Rangoon,1982,26.99625
Burma,Rangoon,1983,27.170333333333332
Burma,Rangoon,1984,27.135166666666667
Burma,Rangoon,1985,27.036
Burma,Rangoon,1986,27.051416666666668
Burma,Rangoon,1987,27.449916666666667
Burma,Rangoon,1988,27.346333333333334
Burma,Rangoon,1989,27.00725
Burma,Rangoon,1990,27.11566666666667
Burma,Rangoon,1991,27.578166666666664
Burma,Rangoon,1992,26.771333333333335
Burma,Rangoon,1993,27.34091666666667
Burma,Rangoon,1994,27.014916666666664
Burma,Rangoon,1995,27.129833333333334
Burma,Rangoon,1996,27.276583333333335
Burma,Rangoon,1997,26.909916666666664
Burma,Rangoon,1998,28.109083333333334
Burma,Rangoon,1999,27.288750000000004
Burma,Rangoon,2000,27.129416666666668
Burma,Rangoon,2001,27.514416666666666
Burma,Rangoon,2002,27.449833333333334
Burma,Rangoon,2003,27.28316666666667
Burma,Rangoon,2004,27.201166666666666
Burma,Rangoon,2005,27.60875
Burma,Rangoon,2006,27.51908333333333
Burma,Rangoon,2007,27.350083333333334
Burma,Rangoon,2008,27.275916666666664
Burma,Rangoon,2009,27.6315
Burma,Rangoon,2010,28.21641666666667
Burma,Rangoon,2011,27.20325
Burma,Rangoon,2012,27.9525
Burma,Rangoon,2013,28.038125
Canada,Montreal,1900,4.661333333333333
Canada,Montreal,1901,4.6706666666666665
Canada,Montreal,1902,4.621083333333334
Canada,Montreal,1903,4.5856666666666674
Canada,Montreal,1904,2.9020000000000006
Canada,Montreal,1905,3.827083333333333
Canada,Montreal,1906,4.544916666666667
Canada,Montreal,1907,3.624
Canada,Montreal,1908,4.65375
Canada,Montreal,1909,4.47625
Canada,Montreal,1910,4.88025
Canada,Montreal,1911,4.8085
Canada,Montreal,1912,3.6969166666666666
Canada,Montreal,1913,5.44475
Canada,Montreal,1914,3.5954166666666665
Canada,Montreal,1915,5.6145
Canada,Montreal,1916,4.569333333333334
Canada,Montreal,1917,2.8658333333333332
Canada,Montreal,1918,4.1354999999999995
Canada,Montreal,1919,4.75025
Canada,Montreal,1920,4.647749999999999
Canada,Montreal,1921,5.881166666666666
Canada,Montreal,1922,4.9215
Canada,Montreal,1923,3.875666666666666
Canada,Montreal,1924,4.1160000000000005
Canada,Montreal,1925,4.38825
Canada,Montreal,1926,3.263416666666666
Canada,Montreal,1927,5.184166666666667
Canada,Montreal,1928,4.6570833333333335
Canada,Montreal,1929,4.390666666666667
Canada,Montreal,1930,5.255666666666667
Canada,Montreal,1931,6.108333333333333
Canada,Montreal,1932,5.273666666666666
Canada,Montreal,1933,4.7129166666666675
Canada,Montreal,1934,3.970916666666666
Canada,Montreal,1935,4.138166666666667
Canada,Montreal,1936,4.204166666666667
Canada,Montreal,1937,5.832416666666667
Canada,Montreal,1938,5.3892500000000005
Canada,Montreal,1939,4.3205
Canada,Montreal,1940,4.009333333333333
Canada,Montreal,1941,5.152166666666667
Canada,Montreal,1942,5.301833333333334
Canada,Montreal,1943,3.89225
Canada,Montreal,1944,4.9656666666666665
Canada,Montreal,1945,5.232833333333335
Canada,Montreal,1946,5.371166666666667
Canada,Montreal,1947,5.025166666666666
Canada,Montreal,1948,5.186916666666667
Canada,Montreal,1949,6.143999999999999
Canada,Montreal,1950,4.981416666666667
Canada,Montreal,1951,5.27825
Canada,Montreal,1952,5.765249999999999
Canada,Montreal,1953,6.626
Canada,Montreal,1954,4.841666666666667
Canada,Montreal,1955,5.222583333333334
Canada,Montreal,1956,4.46375
Canada,Montreal,1957,5.443666666666666
Canada,Montreal,1958,4.42575
Canada,Montreal,1959,5.18475
Canada,Montreal,1960,5.4365
Canada,Montreal,1961,5.249
Canada,Montreal,1962,4.3815
Canada,Montreal,1963,4.432833333333334
Canada,Montreal,1964,5.30575
Canada,Montreal,1965,4.537166666666667
Canada,Montreal,1966,5.2465
Canada,Montreal,1967,4.553333333333334
Canada,Montreal,1968,4.619416666666667
Canada,Montreal,1969,5.218416666666667
Canada,Montreal,1970,4.648916666666667
Canada,Montreal,1971,4.674916666666666
Canada,Montreal,1972,3.9936666666666665
Canada,Montreal,1973,6.031333333333333
Canada,Montreal,1974,4.54525
Canada,Montreal,1975,5.5365
Canada,Montreal,1976,4.120583333333333
Canada,Montreal,1977,5.192583333333333
Canada,Montreal,1978,4.1745
Canada,Montreal,1979,5.617083333333333
Canada,Montreal,1980,4.3574166666666665
Canada,Montreal,1981,5.675166666666667
Canada,Montreal,1982,4.755583333333333
Canada,Montreal,1983,5.76575
Canada,Montreal,1984,5.362166666666667
Canada,Montreal,1985,4.612749999999999
Canada,Montreal,1986,4.8068333333333335
Canada,Montreal,1987,5.467500000000001
Canada,Montreal,1988,5.291083333333334
Canada,Montreal,1989,4.2515833333333335
Canada,Montreal,1990,6.065916666666666
Canada,Montreal,1991,5.824916666666667
Canada,Montreal,1992,4.413083333333334
Canada,Montreal,1993,4.516416666666667
Canada,Montreal,1994,4.71825
Canada,Montreal,1995,5.469583333333333
Canada,Montreal,1996,5.254416666666667
Canada,Montreal,1997,4.539583333333334
Canada,Montreal,1998,7.004083333333334
Canada,Montreal,1999,6.711333333333333
Canada,Montreal,2000,5.13775
Canada,Montreal,2001,6.4639999999999995
Canada,Montreal,2002,6.014583333333333
Canada,Montreal,2003,4.916083333333334
Canada,Montreal,2004,4.9085833333333335
Canada,Montreal,2005,5.951083333333333
Canada,Montreal,2006,6.954166666666667
Canada,Montreal,2007,5.246
Canada,Montreal,2008,5.616833333333333
Canada,Montreal,2009,5.274416666666666
Canada,Montreal,2010,7.114416666666666
Canada,Montreal,2011,6.521249999999999
Canada,Montreal,2012,7.094
Canada,Montreal,2013,7.860333333333333
Canada,Toronto,1900,6.474166666666668
Canada,Toronto,1901,5.701833333333333
Canada,Toronto,1902,5.797833333333333
Canada,Toronto,1903,5.792833333333334
Canada,Toronto,1904,3.8545000000000003
Canada,Toronto,1905,5.21225
Canada,Toronto,1906,6.191583333333334
Canada,Toronto,1907,4.829000000000001
Canada,Toronto,1908,6.22325
Canada,Toronto,1909,5.827583333333333
Canada,Toronto,1910,5.769666666666667
Canada,Toronto,1911,6.425833333333333
Canada,Toronto,1912,4.8235
Canada,Toronto,1913,6.675833333333333
Canada,Toronto,1914,5.591
Canada,Toronto,1915,5.99575
Canada,Toronto,1916,5.885666666666666
Canada,Toronto,1917,3.9134166666666665
Canada,Toronto,1918,5.569833333333334
Canada,Toronto,1919,6.535333333333334
Canada,Toronto,1920,5.237666666666668
Canada,Toronto,1921,7.746583333333334
Canada,Toronto,1922,6.498583333333333
Canada,Toronto,1923,5.490333333333333
Canada,Toronto,1924,4.86275
Canada,Toronto,1925,5.631833333333333
Canada,Toronto,1926,4.341
Canada,Toronto,1927,6.102333333333334
Canada,Toronto,1928,5.8580000000000005
Canada,Toronto,1929,5.473
Canada,Toronto,1930,6.4430000000000005
Canada,Toronto,1931,7.555416666666666
Canada,Toronto,1932,6.618916666666668
Canada,Toronto,1933,6.6602500000000004
Canada,Toronto,1934,5.43575
Canada,Toronto,1935,5.598333333333334
Canada,Toronto,1936,5.545833333333334
Canada,Toronto,1937,6.316083333333334
Canada,Toronto,1938,6.905000000000001
Canada,Toronto,1939,6.143750000000001
Canada,Toronto,1940,5.059
Canada,Toronto,1941,6.679916666666666
Canada,Toronto,1942,6.2562500000000005
Canada,Toronto,1943,5.188416666666668
Canada,Toronto,1944,6.4879999999999995
Canada,Toronto,1945,5.901833333333333
Canada,Toronto,1946,6.901416666666667
Canada,Toronto,1947,6.180666666666667
Canada,Toronto,1948,6.382916666666667
Canada,Toronto,1949,7.314583333333334
Canada,Toronto,1950,5.639583333333334
Canada,Toronto,1951,6.259083333333334
Canada,Toronto,1952,7.013416666666668
Canada,Toronto,1953,7.5062500000000005
Canada,Toronto,1954,6.243083333333334
Canada,Toronto,1955,6.97475
Canada,Toronto,1956,5.74575
Canada,Toronto,1957,6.424916666666667
Canada,Toronto,1958,5.624333333333333
Canada,Toronto,1959,6.40375
Canada,Toronto,1960,5.896833333333333
Canada,Toronto,1961,6.461666666666666
Canada,Toronto,1962,5.891333333333333
Canada,Toronto,1963,5.486583333333333
Canada,Toronto,1964,6.504083333333333
Canada,Toronto,1965,5.5906666666666665
Canada,Toronto,1966,6.028
Canada,Toronto,1967,5.6565
Canada,Toronto,1968,6.112666666666667
Canada,Toronto,1969,6.0343333333333335
Canada,Toronto,1970,5.975416666666667
Canada,Toronto,1971,6.372083333333335
Canada,Toronto,1972,5.221583333333333
Canada,Toronto,1973,7.230999999999999
Canada,Toronto,1974,6.011666666666667
Canada,Toronto,1975,6.749833333333334
Canada,Toronto,1976,5.472
Canada,Toronto,1977,6.186
Canada,Toronto,1978,5.2411666666666665
Canada,Toronto,1979,5.904833333333333
Canada,Toronto,1980,5.47675
Canada,Toronto,1981,6.163916666666666
Canada,Toronto,1982,6.044333333333333
Canada,Toronto,1983,6.7845
Canada,Toronto,1984,6.4230833333333335
Canada,Toronto,1985,6.1306666666666665
Canada,Toronto,1986,6.555666666666667
Canada,Toronto,1987,7.457583333333333
Canada,Toronto,1988,6.564916666666668
Canada,Toronto,1989,5.702750000000001
Canada,Toronto,1990,7.414833333333334
Canada,Toronto,1991,7.545083333333333
Canada,Toronto,1992,5.7893333333333326
Canada,Toronto,1993,5.874916666666667
Canada,Toronto,1994,5.9465
Canada,Toronto,1995,6.380166666666667
Canada,Toronto,1996,5.811666666666667
Canada,Toronto,1997,6.000166666666668
Canada,Toronto,1998,8.540583333333332
Canada,Toronto,1999,7.7450833333333335
Canada,Toronto,2000,6.6739999999999995
Canada,Toronto,2001,7.761666666666667
Canada,Toronto,2002,7.482333333333334
Canada,Toronto,2003,6.021999999999999
Canada,Toronto,2004,6.395833333333333
Canada,Toronto,2005,7.21675
Canada,Toronto,2006,7.8468333333333335
Canada,Toronto,2007,7.071333333333333
Canada,Toronto,2008,6.5767500000000005
Canada,Toronto,2009,6.282583333333332
Canada,Toronto,2010,7.7745
Canada,Toronto,2011,7.2995833333333335
Canada,Toronto,2012,8.664666666666667
Canada,Toronto,2013,8.459444444444445
Chile,Santiago,1900,5.936416666666666
Chile,Santiago,1901,5.780833333333334
Chile,Santiago,1902,5.8300833333333335
Chile,Santiago,1903,5.44125
Chile,Santiago,1904,5.684
Chile,Santiago,1905,5.663916666666666
Chile,Santiago,1906,5.762833333333333
Chile,Santiago,1907,5.112916666666666
Chile,Santiago,1908,5.561833333333333
Chile,Santiago,1909,5.265
Chile,Santiago,1910,5.136583333333333
Chile,Santiago,1911,5.19475
Chile,Santiago,1912,5.7285
Chile,Santiago,1913,6.22775
Chile,Santiago,1914,5.5183333333333335
Chile,Santiago,1915,5.77825
Chile,Santiago,1916,5.289666666666666
Chile,Santiago,1917,5.563833333333332
Chile,Santiago,1918,5.5040000000000004
Chile,Santiago,1919,5.909
Chile,Santiago,1920,5.680833333333333
Chile,Santiago,1921,5.267
Chile,Santiago,1922,5.182166666666666
Chile,Santiago,1923,5.074
Chile,Santiago,1924,5.416
Chile,Santiago,1925,5.828416666666667
Chile,Santiago,1926,6.085916666666667
Chile,Santiago,1927,5.777416666666666
Chile,Santiago,1928,5.3045
Chile,Santiago,1929,5.759666666666667
Chile,Santiago,1930,6.234916666666667
Chile,Santiago,1931,5.4760833333333325
Chile,Santiago,1932,5.915916666666667
Chile,Santiago,1933,5.57525
Chile,Santiago,1934,5.27625
Chile,Santiago,1935,5.7715000000000005
Chile,Santiago,1936,5.624833333333334
Chile,Santiago,1937,5.64975
Chile,Santiago,1938,5.30325
Chile,Santiago,1939,5.947
Chile,Santiago,1940,5.743833333333334
Chile,Santiago,1941,5.495166666666666
Chile,Santiago,1942,5.39425
Chile,Santiago,1943,5.735916666666667
Chile,Santiago,1944,6.3265
Chile,Santiago,1945,6.289666666666666
Chile,Santiago,1946,5.80725
Chile,Santiago,1947,5.917333333333333
Chile,Santiago,1948,5.6243333333333325
Chile,Santiago,1949,5.628083333333333
Chile,Santiago,1950,5.714333333333333
Chile,Santiago,1951,6.036083333333333
Chile,Santiago,1952,6.092666666666666
Chile,Santiago,1953,5.996416666666666
Chile,Santiago,1954,5.40975
Chile,Santiago,1955,5.10825
Chile,Santiago,1956,4.936583333333334
Chile,Santiago,1957,5.740833333333334
Chile,Santiago,1958,5.8918333333333335
Chile,Santiago,1959,5.635166666666667
Chile,Santiago,1960,6.199166666666667
Chile,Santiago,1961,6.1610000000000005
Chile,Santiago,1962,5.9822500000000005
Chile,Santiago,1963,5.627833333333334
Chile,Santiago,1964,5.635750000000001
Chile,Santiago,1965,6.046166666666667
Chile,Santiago,1966,5.601083333333334
Chile,Santiago,1967,5.714666666666666
Chile,Santiago,1968,6.121166666666667
Chile,Santiago,1969,6.388833333333333
Chile,Santiago,1970,6.0595
Chile,Santiago,1971,5.873916666666666
Chile,Santiago,1972,5.816083333333332
Chile,Santiago,1973,5.53475
Chile,Santiago,1974,5.53475
Chile,Santiago,1975,5.709416666666667
Chile,Santiago,1976,5.544416666666667
Chile,Santiago,1977,6.550999999999999
Chile,Santiago,1978,6.316833333333334
Chile,Santiago,1979,5.906333333333333
Chile,Santiago,1980,6.302583333333334
Chile,Santiago,1981,6.3101666666666665
Chile,Santiago,1982,6.438166666666667
Chile,Santiago,1983,5.892833333333333
Chile,Santiago,1984,5.54825
Chile,Santiago,1985,6.339916666666667
Chile,Santiago,1986,6.490416666666667
Chile,Santiago,1987,6.3995
Chile,Santiago,1988,6.008583333333334
Chile,Santiago,1989,6.591833333333334
Chile,Santiago,1990,6.114249999999999
Chile,Santiago,1991,6.369083333333333
Chile,Santiago,1992,5.972166666666666
Chile,Santiago,1993,6.159
Chile,Santiago,1994,6.698916666666666
Chile,Santiago,1995,6.402416666666667
Chile,Santiago,1996,6.2625
Chile,Santiago,1997,6.796500000000001
Chile,Santiago,1998,6.282333333333334
Chile,Santiago,1999,5.927166666666667
Chile,Santiago,2000,5.94775
Chile,Santiago,2001,6.414666666666666
Chile,Santiago,2002,6.25025
Chile,Santiago,2003,6.7739166666666675
Chile,Santiago,2004,6.316333333333334
Chile,Santiago,2005,6.222416666666667
Chile,Santiago,2006,6.838916666666667
Chile,Santiago,2007,5.510916666666667
Chile,Santiago,2008,6.567666666666667
Chile,Santiago,2009,6.703833333333333
Chile,Santiago,2010,6.132833333333333
Chile,Santiago,2011,6.268583333333333
Chile,Santiago,2012,6.818666666666666
Chile,Santiago,2013,5.938125
China,Changchun,1900,5.1275
China,Changchun,1901,5.041916666666666
China,Changchun,1902,4.887416666666668
China,Changchun,1903,5.386166666666667
China,Changchun,1904,4.76325
China,Changchun,1905,5.221583333333333
China,Changchun,1906,4.461666666666667
China,Changchun,1907,4.7675833333333335
China,Changchun,1908,4.401083333333333
China,Changchun,1909,4.067333333333333
China,Changchun,1910,3.91975
China,Changchun,1911,4.405
China,Changchun,1912,4.063833333333333
China,Changchun,1913,4.278583333333333
China,Changchun,1914,5.266916666666667
China,Changchun,1915,3.295916666666667
China,Changchun,1916,4.357833333333334
China,Changchun,1917,3.9710833333333326
China,Changchun,1918,4.503916666666666
China,Changchun,1919,4.871083333333334
China,Changchun,1920,5.307166666666666
China,Changchun,1921,5.073166666666666
China,Changchun,1922,4.293666666666667
China,Changchun,1923,4.337083333333333
China,Changchun,1924,4.45925
China,Changchun,1925,5.238833333333333
China,Changchun,1926,5.046166666666665
China,Changchun,1927,4.909083333333334
China,Changchun,1928,4.679916666666666
China,Changchun,1929,4.5905
China,Changchun,1930,5.2322500000000005
China,Changchun,1931,4.103166666666667
China,Changchun,1932,5.4839166666666666
China,Changchun,1933,4.68875
China,Changchun,1934,4.7865
China,Changchun,1935,5.363916666666667
China,Changchun,1936,4.0953333333333335
China,Changchun,1937,4.558916666666666
China,Changchun,1938,5.141000000000001
China,Changchun,1939,5.630249999999999
China,Changchun,1940,5.00025
China,Changchun,1941,4.812833333333333
China,Changchun,1942,5.202583333333334
China,Changchun,1943,6.128166666666668
China,Changchun,1944,5.278416666666666
China,Changchun,1945,4.465166666666667
China,Changchun,1946,5.421333333333334
China,Changchun,1947,3.3577500000000007
China,Changchun,1948,5.814583333333332
China,Changchun,1949,5.416833333333333
China,Changchun,1950,5.397166666666666
China,Changchun,1951,5.34275
China,Changchun,1952,4.759416666666667
China,Changchun,1953,4.786249999999999
China,Changchun,1954,4.735666666666666
China,Changchun,1955,5.419416666666667
China,Changchun,1956,3.829333333333333
China,Changchun,1957,4.179250000000001
China,Changchun,1958,5.241666666666666
China,Changchun,1959,6.2244166666666665
China,Changchun,1960,5.183666666666666
China,Changchun,1961,5.925250000000001
China,Changchun,1962,5.332583333333333
China,Changchun,1963,5.5449166666666665
China,Changchun,1964,5.010583333333334
China,Changchun,1965,4.532666666666667
China,Changchun,1966,4.9952499999999995
China,Changchun,1967,5.5689166666666665
China,Changchun,1968,5.413749999999999
China,Changchun,1969,3.674166666666666
China,Changchun,1970,4.951999999999999
China,Changchun,1971,5.384166666666666
China,Changchun,1972,4.999916666666667
China,Changchun,1973,5.547416666666667
China,Changchun,1974,4.86
China,Changchun,1975,6.547416666666667
China,Changchun,1976,4.6255
China,Changchun,1977,5.0897499999999996
China,Changchun,1978,5.288749999999999
China,Changchun,1979,5.631749999999999
China,Changchun,1980,4.723833333333333
China,Changchun,1981,5.20425
China,Changchun,1982,6.413250000000001
China,Changchun,1983,5.878
China,Changchun,1984,5.075833333333333
China,Changchun,1985,4.891999999999999
China,Changchun,1986,5.23275
China,Changchun,1987,5.0985000000000005
China,Changchun,1988,5.915083333333334
China,Changchun,1989,6.597166666666666
China,Changchun,1990,6.860666666666667
China,Changchun,1991,5.682750000000001
China,Changchun,1992,5.858666666666667
China,Changchun,1993,5.775666666666666
China,Changchun,1994,6.3355
China,Changchun,1995,6.476083333333334
China,Changchun,1996,5.909083333333334
China,Changchun,1997,6.56625
China,Changchun,1998,7.119583333333334
China,Changchun,1999,6.0255
China,Changchun,2000,5.410166666666666
China,Changchun,2001,5.76175
China,Changchun,2002,6.520833333333333
China,Changchun,2003,6.784333333333333
China,Changchun,2004,6.800666666666667
China,Changchun,2005,5.454750000000001
China,Changchun,2006,6.194
China,Changchun,2007,7.390499999999999
China,Changchun,2008,6.9902500000000005
China,Changchun,2009,5.8146666666666675
China,Changchun,2010,5.125
China,Changchun,2011,5.758666666666667
China,Changchun,2012,5.2219999999999995
China,Changchun,2013,6.9384999999999994
China,Chengdu,1900,10.304666666666668
China,Chengdu,1901,10.518083333333333
China,Chengdu,1902,10.723833333333333
China,Chengdu,1903,10.216166666666668
China,Chengdu,1904,10.330583333333333
China,Chengdu,1905,9.501083333333334
China,Chengdu,1906,10.205083333333333
China,Chengdu,1907,10.432333333333334
China,Chengdu,1908,10.263499999999999
China,Chengdu,1909,10.541166666666667
China,Chengdu,1910,10.267583333333333
China,Chengdu,1911,10.181500000000002
China,Chengdu,1912,10.068416666666666
China,Chengdu,1913,10.064083333333334
China,Chengdu,1914,10.79725
China,Chengdu,1915,10.696833333333332
China,Chengdu,1916,10.389
China,Chengdu,1917,10.260916666666667
China,Chengdu,1918,10.089416666666667
China,Chengdu,1919,10.921916666666666
China,Chengdu,1920,10.804
China,Chengdu,1921,10.569916666666666
China,Chengdu,1922,10.96725
China,Chengdu,1923,10.909333333333334
China,Chengdu,1924,10.994166666666667
China,Chengdu,1925,10.43125
China,Chengdu,1926,10.959333333333333
China,Chengdu,1927,10.935833333333333
China,Chengdu,1928,11.280166666666666
China,Chengdu,1929,10.748666666666667
China,Chengdu,1930,10.631166666666667
China,Chengdu,1931,10.848500000000001
China,Chengdu,1932,10.847
China,Chengdu,1933,11.28025
China,Chengdu,1934,10.657833333333334
China,Chengdu,1935,10.996583333333334
China,Chengdu,1936,10.6255
China,Chengdu,1937,11.341416666666667
China,Chengdu,1938,11.115583333333333
China,Chengdu,1939,11.299833333333332
China,Chengdu,1940,11.037416666666667
China,Chengdu,1941,11.76975
China,Chengdu,1942,11.775166666666665
China,Chengdu,1943,11.297500000000001
China,Chengdu,1944,10.790416666666667
China,Chengdu,1945,11.259666666666668
China,Chengdu,1946,12.024333333333333
China,Chengdu,1947,11.286916666666665
China,Chengdu,1948,11.0745
China,Chengdu,1949,10.905416666666667
China,Chengdu,1950,10.704750000000002
China,Chengdu,1951,10.953666666666665
China,Chengdu,1952,11.0695
China,Chengdu,1953,11.222833333333334
China,Chengdu,1954,10.692166666666667
China,Chengdu,1955,10.657916666666667
China,Chengdu,1956,10.504583333333334
China,Chengdu,1957,10.445666666666666
China,Chengdu,1958,11.003166666666667
China,Chengdu,1959,10.892333333333333
China,Chengdu,1960,10.929833333333335
China,Chengdu,1961,10.870583333333334
China,Chengdu,1962,10.665833333333333
China,Chengdu,1963,10.865916666666665
China,Chengdu,1964,10.846166666666667
China,Chengdu,1965,10.615333333333334
China,Chengdu,1966,11.0845
China,Chengdu,1967,10.498083333333334
China,Chengdu,1968,10.446833333333334
China,Chengdu,1969,11.146749999999999
China,Chengdu,1970,10.671000000000001
China,Chengdu,1971,10.834166666666667
China,Chengdu,1972,10.96575
China,Chengdu,1973,11.21375
China,Chengdu,1974,10.700916666666666
China,Chengdu,1975,10.92575
China,Chengdu,1976,10.231083333333334
China,Chengdu,1977,10.634666666666666
China,Chengdu,1978,10.977833333333335
China,Chengdu,1979,11.0835
China,Chengdu,1980,10.799166666666666
China,Chengdu,1981,10.846833333333334
China,Chengdu,1982,10.450166666666666
China,Chengdu,1983,10.6015
China,Chengdu,1984,10.603666666666667
China,Chengdu,1985,10.597833333333334
China,Chengdu,1986,10.569833333333333
China,Chengdu,1987,11.335166666666666
China,Chengdu,1988,10.883166666666668
China,Chengdu,1989,10.619250000000001
China,Chengdu,1990,11.338416666666667
China,Chengdu,1991,10.719666666666667
China,Chengdu,1992,10.217166666666666
China,Chengdu,1993,10.591416666666667
China,Chengdu,1994,11.161916666666668
China,Chengdu,1995,10.808666666666667
China,Chengdu,1996,10.554166666666667
China,Chengdu,1997,10.756833333333333
China,Chengdu,1998,11.700750000000001
China,Chengdu,1999,11.316166666666668
China,Chengdu,2000,10.817583333333333
China,Chengdu,2001,11.2575
China,Chengdu,2002,11.384583333333332
China,Chengdu,2003,11.350583333333335
China,Chengdu,2004,10.971416666666668
China,Chengdu,2005,11.094333333333333
China,Chengdu,2006,11.840083333333332
China,Chengdu,2007,11.663583333333333
China,Chengdu,2008,11.133416666666667
China,Chengdu,2009,11.616583333333333
China,Chengdu,2010,11.368083333333333
China,Chengdu,2011,11.074333333333334
China,Chengdu,2012,11.15975
China,Chengdu,2013,13.347000000000001
China,Chongqing,1900,16.486
China,Chongqing,1901,16.659333333333333
China,Chongqing,1902,17.16658333333333
China,Chongqing,1903,16.4685
China,Chongqing,1904,16.638916666666667
China,Chongqing,1905,15.841833333333334
China,Chongqing,1906,16.46425
China,Chongqing,1907,16.63116666666667
China,Chongqing,1908,16.487083333333334
China,Chongqing,1909,16.726499999999998
China,Chongqing,1910,16.373916666666666
China,Chongqing,1911,16.322333333333333
China,Chongqing,1912,16.377666666666666
China,Chongqing,1913,16.376
China,Chongqing,1914,17.16933333333333
China,Chongqing,1915,16.83925
China,Chongqing,1916,16.398833333333332
China,Chongqing,1917,16.38075
China,Chongqing,1918,16.284916666666664
China,Chongqing,1919,17.11616666666667
China,Chongqing,1920,16.93925
China,Chongqing,1921,16.818166666666666
China,Chongqing,1922,17.2175
China,Chongqing,1923,17.269833333333334
China,Chongqing,1924,17.235916666666665
China,Chongqing,1925,16.89375
China,Chongqing,1926,17.121416666666665
China,Chongqing,1927,17.193416666666668
China,Chongqing,1928,17.450416666666666
China,Chongqing,1929,17.098416666666665
China,Chongqing,1930,17.010083333333334
China,Chongqing,1931,17.139166666666664
China,Chongqing,1932,17.061083333333332
China,Chongqing,1933,17.511166666666664
China,Chongqing,1934,16.86975
China,Chongqing,1935,17.067583333333335
China,Chongqing,1936,17.041916666666665
China,Chongqing,1937,17.29075
China,Chongqing,1938,17.373083333333334
China,Chongqing,1939,17.3535
China,Chongqing,1940,17.290166666666668
China,Chongqing,1941,17.90341666666667
China,Chongqing,1942,17.88525
China,Chongqing,1943,17.3045
China,Chongqing,1944,16.817916666666665
China,Chongqing,1945,17.251083333333334
China,Chongqing,1946,18.03616666666667
China,Chongqing,1947,17.537583333333334
China,Chongqing,1948,17.355833333333333
China,Chongqing,1949,17.258083333333335
China,Chongqing,1950,16.752333333333333
China,Chongqing,1951,17.209333333333333
China,Chongqing,1952,17.284333333333333
China,Chongqing,1953,17.440416666666668
China,Chongqing,1954,16.659499999999998
China,Chongqing,1955,16.90325
China,Chongqing,1956,16.807166666666667
China,Chongqing,1957,16.636916666666668
China,Chongqing,1958,17.113833333333336
China,Chongqing,1959,17.3095
China,Chongqing,1960,17.141333333333332
China,Chongqing,1961,17.29125
China,Chongqing,1962,16.891416666666668
China,Chongqing,1963,17.517583333333334
China,Chongqing,1964,16.836166666666667
China,Chongqing,1965,16.87066666666667
China,Chongqing,1966,17.389499999999998
China,Chongqing,1967,16.642583333333334
China,Chongqing,1968,16.605583333333332
China,Chongqing,1969,17.236250000000002
China,Chongqing,1970,16.75375
China,Chongqing,1971,17.09391666666667
China,Chongqing,1972,17.049583333333334
China,Chongqing,1973,17.509833333333333
China,Chongqing,1974,16.612583333333333
China,Chongqing,1975,17.128833333333333
China,Chongqing,1976,16.424083333333332
China,Chongqing,1977,16.870416666666667
China,Chongqing,1978,17.48375
China,Chongqing,1979,17.346333333333334
China,Chongqing,1980,16.816
China,Chongqing,1981,16.896916666666666
China,Chongqing,1982,16.567583333333335
China,Chongqing,1983,16.941583333333334
China,Chongqing,1984,16.562083333333334
China,Chongqing,1985,16.79375
China,Chongqing,1986,16.675
China,Chongqing,1987,17.36
China,Chongqing,1988,16.96125
China,Chongqing,1989,16.700916666666668
China,Chongqing,1990,17.702416666666668
China,Chongqing,1991,16.852916666666665
China,Chongqing,1992,16.757833333333334
China,Chongqing,1993,16.661
China,Chongqing,1994,17.412583333333334
China,Chongqing,1995,17.035666666666668
China,Chongqing,1996,16.538833333333333
China,Chongqing,1997,17.2155
China,Chongqing,1998,17.93341666666667
China,Chongqing,1999,17.385583333333333
China,Chongqing,2000,17.021666666666665
China,Chongqing,2001,17.453166666666664
China,Chongqing,2002,17.5115
China,Chongqing,2003,17.418833333333335
China,Chongqing,2004,17.202916666666667
China,Chongqing,2005,17.20775
China,Chongqing,2006,18.093333333333334
China,Chongqing,2007,17.844166666666666
China,Chongqing,2008,17.34691666666667
China,Chongqing,2009,17.745916666666666
China,Chongqing,2010,17.34691666666667
China,Chongqing,2011,17.382916666666667
China,Chongqing,2012,17.02808333333333
China,Chongqing,2013,19.55075
China,Dalian,1900,10.268166666666666
China,Dalian,1901,9.926333333333334
China,Dalian,1902,10.672916666666666
China,Dalian,1903,10.485333333333333
China,Dalian,1904,10.052416666666668
China,Dalian,1905,9.991083333333334
China,Dalian,1906,9.734499999999999
China,Dalian,1907,9.988666666666667
China,Dalian,1908,9.740666666666666
China,Dalian,1909,9.579666666666666
China,Dalian,1910,9.411999999999999
China,Dalian,1911,9.445416666666667
China,Dalian,1912,9.349083333333333
China,Dalian,1913,9.405333333333333
China,Dalian,1914,10.625666666666666
China,Dalian,1915,9.450166666666666
China,Dalian,1916,9.730916666666667
China,Dalian,1917,9.251916666666666
China,Dalian,1918,9.835166666666668
China,Dalian,1919,10.127583333333334
China,Dalian,1920,10.550083333333333
China,Dalian,1921,9.858583333333334
China,Dalian,1922,10.0185
China,Dalian,1923,9.688166666666666
China,Dalian,1924,9.957666666666666
China,Dalian,1925,9.941833333333333
China,Dalian,1926,10.119916666666667
China,Dalian,1927,10.192166666666667
China,Dalian,1928,10.008166666666666
China,Dalian,1929,10.105833333333333
China,Dalian,1930,10.317166666666667
China,Dalian,1931,9.671
China,Dalian,1932,10.408916666666666
China,Dalian,1933,9.76175
China,Dalian,1934,9.781416666666667
China,Dalian,1935,10.831666666666665
China,Dalian,1936,9.489500000000001
China,Dalian,1937,10.334166666666667
China,Dalian,1938,10.440583333333334
China,Dalian,1939,10.867166666666668
China,Dalian,1940,10.417166666666667
China,Dalian,1941,10.517333333333335
China,Dalian,1942,10.303166666666668
China,Dalian,1943,10.825583333333334
China,Dalian,1944,10.1595
China,Dalian,1945,10.0425
China,Dalian,1946,10.885333333333334
China,Dalian,1947,8.838
China,Dalian,1948,10.859333333333334
China,Dalian,1949,10.800666666666666
China,Dalian,1950,10.537
China,Dalian,1951,10.537166666666666
China,Dalian,1952,10.369250000000001
China,Dalian,1953,10.265166666666667
China,Dalian,1954,9.866833333333332
China,Dalian,1955,10.746833333333333
China,Dalian,1956,9.383000000000001
China,Dalian,1957,9.5855
China,Dalian,1958,10.521083333333333
China,Dalian,1959,10.997416666666666
China,Dalian,1960,10.481083333333332
China,Dalian,1961,11.18
China,Dalian,1962,10.485583333333333
China,Dalian,1963,10.453166666666666
China,Dalian,1964,10.242666666666667
China,Dalian,1965,10.547916666666667
China,Dalian,1966,10.274166666666666
China,Dalian,1967,10.294333333333334
China,Dalian,1968,10.529166666666667
China,Dalian,1969,9.273249999999999
China,Dalian,1970,10.029416666666666
China,Dalian,1971,10.314416666666668
China,Dalian,1972,10.278666666666666
China,Dalian,1973,10.770000000000001
China,Dalian,1974,10.071333333333333
China,Dalian,1975,11.265666666666668
China,Dalian,1976,9.8515
China,Dalian,1977,10.49925
China,Dalian,1978,10.75875
China,Dalian,1979,10.658666666666667
China,Dalian,1980,9.994416666666666
China,Dalian,1981,10.5585
China,Dalian,1982,11.269416666666666
China,Dalian,1983,11.275666666666666
China,Dalian,1984,10.234583333333333
China,Dalian,1985,9.790166666666666
China,Dalian,1986,10.321250000000001
China,Dalian,1987,10.4135
China,Dalian,1988,10.987250000000001
China,Dalian,1989,11.518583333333332
China,Dalian,1990,11.263666666666666
China,Dalian,1991,10.854999999999999
China,Dalian,1992,10.9625
China,Dalian,1993,10.839083333333333
China,Dalian,1994,11.654666666666666
China,Dalian,1995,11.144083333333334
China,Dalian,1996,10.71375
China,Dalian,1997,11.413166666666667
China,Dalian,1998,11.79125
China,Dalian,1999,11.714083333333333
China,Dalian,2000,11.141083333333334
China,Dalian,2001,11.158916666666668
China,Dalian,2002,11.591666666666669
China,Dalian,2003,11.269333333333334
China,Dalian,2004,11.811666666666667
China,Dalian,2005,10.966000000000001
China,Dalian,2006,11.449166666666668
China,Dalian,2007,12.054333333333334
China,Dalian,2008,11.503083333333334
China,Dalian,2009,11.389416666666667
China,Dalian,2010,10.481916666666667
China,Dalian,2011,10.913583333333333
China,Dalian,2012,10.54625
China,Dalian,2013,11.445625
China,Guangzhou,1900,21.22125
China,Guangzhou,1901,21.3385
China,Guangzhou,1902,22.069
China,Guangzhou,1903,21.127916666666668
China,Guangzhou,1904,21.267166666666668
China,Guangzhou,1905,21.093999999999998
China,Guangzhou,1906,21.406916666666664
China,Guangzhou,1907,21.407
China,Guangzhou,1908,21.282166666666665
China,Guangzhou,1909,21.618333333333336
China,Guangzhou,1910,21.2995
China,Guangzhou,1911,21.412750000000003
China,Guangzhou,1912,21.319416666666665
China,Guangzhou,1913,21.20025
China,Guangzhou,1914,22.091916666666666
China,Guangzhou,1915,21.93258333333333
China,Guangzhou,1916,21.232583333333334
China,Guangzhou,1917,20.8665
China,Guangzhou,1918,21.175666666666668
China,Guangzhou,1919,21.689000000000004
China,Guangzhou,1920,21.483833333333333
China,Guangzhou,1921,21.598249999999997
China,Guangzhou,1922,21.733333333333334
China,Guangzhou,1923,21.979250000000004
China,Guangzhou,1924,21.736416666666667
China,Guangzhou,1925,21.256833333333333
China,Guangzhou,1926,21.463250000000002
China,Guangzhou,1927,21.474666666666668
China,Guangzhou,1928,21.927666666666667
China,Guangzhou,1929,21.83441666666667
China,Guangzhou,1930,21.540333333333333
China,Guangzhou,1931,21.542333333333332
China,Guangzhou,1932,21.417583333333337
China,Guangzhou,1933,21.64991666666667
China,Guangzhou,1934,21.168
China,Guangzhou,1935,21.754499999999997
China,Guangzhou,1936,21.224333333333334
China,Guangzhou,1937,22.021
China,Guangzhou,1938,22.08375
China,Guangzhou,1939,21.765666666666664
China,Guangzhou,1940,22.124333333333336
China,Guangzhou,1941,22.14408333333333
China,Guangzhou,1942,22.238166666666668
China,Guangzhou,1943,22.20375
China,Guangzhou,1944,21.84466666666667
China,Guangzhou,1945,21.744833333333332
China,Guangzhou,1946,22.8105
China,Guangzhou,1947,21.678416666666667
China,Guangzhou,1948,22.20375
China,Guangzhou,1949,22.269583333333333
China,Guangzhou,1950,22.134083333333333
China,Guangzhou,1951,21.719583333333333
China,Guangzhou,1952,22.260666666666665
China,Guangzhou,1953,22.085250000000002
China,Guangzhou,1954,21.858333333333334
China,Guangzhou,1955,21.860249999999997
China,Guangzhou,1956,21.704333333333334
China,Guangzhou,1957,21.601333333333333
China,Guangzhou,1958,21.96858333333333
China,Guangzhou,1959,22.03933333333333
China,Guangzhou,1960,22.086833333333335
China,Guangzhou,1961,21.984833333333338
China,Guangzhou,1962,21.723083333333335
China,Guangzhou,1963,22.168000000000003
China,Guangzhou,1964,21.928916666666666
China,Guangzhou,1965,22.042666666666666
China,Guangzhou,1966,22.463250000000002
China,Guangzhou,1967,21.525583333333334
China,Guangzhou,1968,21.923416666666668
China,Guangzhou,1969,21.428916666666666
China,Guangzhou,1970,21.521416666666667
China,Guangzhou,1971,21.656916666666664
China,Guangzhou,1972,21.797083333333333
China,Guangzhou,1973,22.227249999999998
China,Guangzhou,1974,21.720083333333335
China,Guangzhou,1975,21.841166666666666
China,Guangzhou,1976,21.331166666666668
China,Guangzhou,1977,22.181833333333334
China,Guangzhou,1978,21.921583333333334
China,Guangzhou,1979,21.984166666666667
China,Guangzhou,1980,22.143416666666667
China,Guangzhou,1981,22.056250000000002
China,Guangzhou,1982,21.91841666666667
China,Guangzhou,1983,21.696416666666668
China,Guangzhou,1984,21.177666666666667
China,Guangzhou,1985,21.558166666666665
China,Guangzhou,1986,22.02333333333333
China,Guangzhou,1987,22.569833333333335
China,Guangzhou,1988,21.617083333333337
China,Guangzhou,1989,22.099
China,Guangzhou,1990,22.415166666666668
China,Guangzhou,1991,22.211083333333335
China,Guangzhou,1992,21.48975
China,Guangzhou,1993,21.571083333333334
China,Guangzhou,1994,22.018583333333336
China,Guangzhou,1995,21.465500000000002
China,Guangzhou,1996,21.537750000000003
China,Guangzhou,1997,21.857916666666668
China,Guangzhou,1998,22.640083333333333
China,Guangzhou,1999,22.328666666666667
China,Guangzhou,2000,22.08975
China,Guangzhou,2001,22.122249999999998
China,Guangzhou,2002,22.400750000000002
China,Guangzhou,2003,22.470416666666665
China,Guangzhou,2004,22.179333333333332
China,Guangzhou,2005,22.0635
China,Guangzhou,2006,22.491
China,Guangzhou,2007,22.53833333333333
China,Guangzhou,2008,21.78075
China,Guangzhou,2009,22.41925
China,Guangzhou,2010,22.00016666666667
China,Guangzhou,2011,21.68316666666667
China,Guangzhou,2012,21.949333333333332
China,Guangzhou,2013,22.9285
China,Harbin,1900,3.808666666666667
China,Harbin,1901,3.86075
China,Harbin,1902,3.4375
China,Harbin,1903,4.12625
China,Harbin,1904,3.4657500000000003
China,Harbin,1905,3.957333333333333
China,Harbin,1906,3.1939166666666665
China,Harbin,1907,3.474333333333334
China,Harbin,1908,3.1116666666666664
China,Harbin,1909,2.693916666666667
China,Harbin,1910,2.6330000000000005
China,Harbin,1911,3.185333333333334
China,Harbin,1912,2.71775
China,Harbin,1913,3.046333333333333
China,Harbin,1914,3.8779166666666662
China,Harbin,1915,1.7151666666666665
China,Harbin,1916,3.170666666666667
China,Harbin,1917,2.730333333333333
China,Harbin,1918,3.2511666666666663
China,Harbin,1919,3.6050833333333334
China,Harbin,1920,3.8567499999999995
China,Harbin,1921,3.8683333333333336
China,Harbin,1922,2.5448333333333335
China,Harbin,1923,2.9973333333333336
China,Harbin,1924,2.9939999999999998
China,Harbin,1925,4.0687500000000005
China,Harbin,1926,3.830083333333333
China,Harbin,1927,3.606666666666667
China,Harbin,1928,3.4253333333333345
China,Harbin,1929,3.292333333333334
China,Harbin,1930,3.841083333333333
China,Harbin,1931,2.7068333333333334
China,Harbin,1932,4.504666666666666
China,Harbin,1933,3.6946666666666665
China,Harbin,1934,3.611
China,Harbin,1935,3.9599999999999995
China,Harbin,1936,2.8024166666666663
China,Harbin,1937,3.080666666666667
China,Harbin,1938,3.7953333333333332
China,Harbin,1939,4.207416666666667
China,Harbin,1940,3.6006666666666667
China,Harbin,1941,3.25775
China,Harbin,1942,3.746333333333333
China,Harbin,1943,4.861833333333334
China,Harbin,1944,4.015166666666668
China,Harbin,1945,3.2077499999999994
China,Harbin,1946,4.078416666666667
China,Harbin,1947,2.4404166666666662
China,Harbin,1948,4.7259166666666665
China,Harbin,1949,4.285083333333333
China,Harbin,1950,4.079083333333333
China,Harbin,1951,4.09075
China,Harbin,1952,3.308083333333333
China,Harbin,1953,3.565666666666667
China,Harbin,1954,3.4634166666666673
China,Harbin,1955,4.11725
China,Harbin,1956,2.327833333333333
China,Harbin,1957,3.1101666666666667
China,Harbin,1958,3.7910000000000004
China,Harbin,1959,4.944833333333334
China,Harbin,1960,3.6449999999999996
China,Harbin,1961,4.455500000000001
China,Harbin,1962,4.150833333333334
China,Harbin,1963,4.145333333333333
China,Harbin,1964,3.7343333333333333
China,Harbin,1965,2.9152500000000003
China,Harbin,1966,3.464916666666667
China,Harbin,1967,4.507416666666667
China,Harbin,1968,4.309166666666667
China,Harbin,1969,2.30125
China,Harbin,1970,3.703666666666667
China,Harbin,1971,4.295416666666667
China,Harbin,1972,3.5434166666666673
China,Harbin,1973,3.949916666666667
China,Harbin,1974,3.3335833333333333
China,Harbin,1975,5.480416666666667
China,Harbin,1976,3.4521666666666664
China,Harbin,1977,3.576166666666666
China,Harbin,1978,4.0794999999999995
China,Harbin,1979,4.301666666666667
China,Harbin,1980,3.435666666666666
China,Harbin,1981,4.057916666666667
China,Harbin,1982,5.296333333333333
China,Harbin,1983,4.460000000000001
China,Harbin,1984,3.766666666666667
China,Harbin,1985,3.634166666666667
China,Harbin,1986,4.189166666666666
China,Harbin,1987,3.628166666666667
China,Harbin,1988,4.622333333333334
China,Harbin,1989,5.358416666666667
China,Harbin,1990,5.718166666666666
China,Harbin,1991,4.647333333333333
China,Harbin,1992,4.609666666666667
China,Harbin,1993,4.635916666666668
China,Harbin,1994,4.930083333333333
China,Harbin,1995,5.449416666666667
China,Harbin,1996,4.816083333333333
China,Harbin,1997,5.377083333333334
China,Harbin,1998,5.699666666666666
China,Harbin,1999,4.611916666666667
China,Harbin,2000,4.204750000000001
China,Harbin,2001,4.460916666666667
China,Harbin,2002,5.083416666666667
China,Harbin,2003,5.543916666666667
China,Harbin,2004,5.429916666666666
China,Harbin,2005,4.292999999999999
China,Harbin,2006,4.715166666666667
China,Harbin,2007,6.236916666666667
China,Harbin,2008,5.843333333333334
China,Harbin,2009,4.319500000000001
China,Harbin,2010,3.85225
China,Harbin,2011,4.60025
China,Harbin,2012,4.0715
China,Harbin,2013,5.616874999999999
China,Jinan,1900,12.975083333333336
China,Jinan,1901,12.691833333333333
China,Jinan,1902,13.682749999999999
China,Jinan,1903,13.097166666666666
China,Jinan,1904,12.959249999999999
China,Jinan,1905,12.512333333333332
China,Jinan,1906,12.45725
China,Jinan,1907,12.871666666666668
China,Jinan,1908,12.661916666666668
China,Jinan,1909,12.699583333333335
China,Jinan,1910,12.242583333333334
China,Jinan,1911,12.20575
China,Jinan,1912,12.422083333333333
China,Jinan,1913,12.4985
China,Jinan,1914,13.468666666666666
China,Jinan,1915,12.617666666666667
China,Jinan,1916,12.503333333333332
China,Jinan,1917,12.174
China,Jinan,1918,12.509833333333333
China,Jinan,1919,13.338583333333332
China,Jinan,1920,13.442833333333333
China,Jinan,1921,12.544166666666667
China,Jinan,1922,13.195083333333335
China,Jinan,1923,12.690833333333332
China,Jinan,1924,13.051666666666668
China,Jinan,1925,12.921166666666666
China,Jinan,1926,13.153
China,Jinan,1927,13.355583333333334
China,Jinan,1928,13.3285
China,Jinan,1929,13.107916666666666
China,Jinan,1930,13.081916666666666
China,Jinan,1931,12.730083333333333
China,Jinan,1932,13.348083333333333
China,Jinan,1933,12.69625
China,Jinan,1934,12.583833333333333
China,Jinan,1935,13.594499999999998
China,Jinan,1936,12.257333333333333
China,Jinan,1937,12.963000000000001
China,Jinan,1938,13.535333333333334
China,Jinan,1939,13.629166666666668
China,Jinan,1940,13.517916666666666
China,Jinan,1941,13.843499999999999
China,Jinan,1942,13.519083333333333
China,Jinan,1943,13.415166666666666
China,Jinan,1944,13.066249999999998
China,Jinan,1945,13.270916666666666
China,Jinan,1946,13.77875
China,Jinan,1947,12.542499999999999
China,Jinan,1948,13.838666666666667
China,Jinan,1949,13.735
China,Jinan,1950,13.330166666666669
China,Jinan,1951,13.337499999999999
China,Jinan,1952,13.015500000000001
China,Jinan,1953,13.69175
China,Jinan,1954,12.718499999999999
China,Jinan,1955,13.506833333333333
China,Jinan,1956,12.318083333333334
China,Jinan,1957,12.517250000000002
China,Jinan,1958,13.305916666666667
China,Jinan,1959,13.714166666666666
China,Jinan,1960,13.632833333333332
China,Jinan,1961,14.142833333333334
China,Jinan,1962,13.325833333333334
China,Jinan,1963,13.013833333333332
China,Jinan,1964,12.841333333333333
China,Jinan,1965,13.560333333333332
China,Jinan,1966,13.61475
China,Jinan,1967,13.175833333333335
China,Jinan,1968,13.500833333333333
China,Jinan,1969,12.269083333333334
China,Jinan,1970,12.929499999999999
China,Jinan,1971,13.000083333333334
China,Jinan,1972,12.885333333333334
China,Jinan,1973,13.437583333333334
China,Jinan,1974,12.991333333333335
China,Jinan,1975,13.712583333333333
China,Jinan,1976,12.720416666666667
China,Jinan,1977,13.718000000000002
China,Jinan,1978,13.898083333333332
China,Jinan,1979,13.474583333333333
China,Jinan,1980,12.829166666666666
China,Jinan,1981,13.384083333333331
China,Jinan,1982,13.730416666666665
China,Jinan,1983,13.815333333333333
China,Jinan,1984,12.697249999999999
China,Jinan,1985,12.822416666666669
China,Jinan,1986,13.248583333333334
China,Jinan,1987,13.662
China,Jinan,1988,13.524083333333332
China,Jinan,1989,13.871583333333334
China,Jinan,1990,13.881666666666668
China,Jinan,1991,13.362666666666668
China,Jinan,1992,13.516416666666666
China,Jinan,1993,13.35225
China,Jinan,1994,14.462916666666667
China,Jinan,1995,13.841916666666668
China,Jinan,1996,13.40825
China,Jinan,1997,14.207833333333335
China,Jinan,1998,14.678333333333333
China,Jinan,1999,14.452916666666667
China,Jinan,2000,14.065166666666668
China,Jinan,2001,14.094500000000002
China,Jinan,2002,14.613833333333334
China,Jinan,2003,13.566333333333333
China,Jinan,2004,14.366
China,Jinan,2005,13.828583333333334
China,Jinan,2006,14.726583333333332
China,Jinan,2007,14.645000000000001
China,Jinan,2008,13.976
China,Jinan,2009,14.201333333333332
China,Jinan,2010,13.766333333333334
China,Jinan,2011,13.603250000000001
China,Jinan,2012,13.724666666666666
China,Jinan,2013,15.43
China,Nanjing,1900,15.390416666666667
China,Nanjing,1901,14.982999999999999
China,Nanjing,1902,15.949166666666665
China,Nanjing,1903,15.212000000000002
China,Nanjing,1904,15.298916666666665
China,Nanjing,1905,14.982583333333332
China,Nanjing,1906,15.02525
China,Nanjing,1907,15.258583333333334
China,Nanjing,1908,15.355583333333334
China,Nanjing,1909,15.47925
China,Nanjing,1910,14.827916666666667
China,Nanjing,1911,15.022833333333333
China,Nanjing,1912,15.216999999999999
China,Nanjing,1913,15.05175
China,Nanjing,1914,16.130750000000003
China,Nanjing,1915,15.625416666666666
China,Nanjing,1916,15.188333333333333
China,Nanjing,1917,14.844999999999999
China,Nanjing,1918,15.128749999999998
China,Nanjing,1919,15.601916666666668
China,Nanjing,1920,15.606083333333332
China,Nanjing,1921,15.189749999999998
China,Nanjing,1922,15.716083333333332
China,Nanjing,1923,15.578333333333333
China,Nanjing,1924,15.409166666666666
China,Nanjing,1925,15.428916666666666
China,Nanjing,1926,15.687
China,Nanjing,1927,15.927
China,Nanjing,1928,15.902500000000002
China,Nanjing,1929,15.550666666666666
China,Nanjing,1930,15.517833333333334
China,Nanjing,1931,15.194666666666668
China,Nanjing,1932,15.671166666666666
China,Nanjing,1933,15.426666666666668
China,Nanjing,1934,15.559
China,Nanjing,1935,16.043583333333334
China,Nanjing,1936,15.051416666666666
China,Nanjing,1937,15.699583333333335
China,Nanjing,1938,16.063666666666666
China,Nanjing,1939,15.791416666666665
China,Nanjing,1940,15.967916666666667
China,Nanjing,1941,16.117333333333335
China,Nanjing,1942,15.900333333333334
China,Nanjing,1943,15.701500000000001
China,Nanjing,1944,15.798
China,Nanjing,1945,15.714500000000001
China,Nanjing,1946,16.408333333333335
China,Nanjing,1947,15.71325
China,Nanjing,1948,16.08525
China,Nanjing,1949,16.162333333333333
China,Nanjing,1950,15.96525
China,Nanjing,1951,15.855833333333335
China,Nanjing,1952,15.575583333333334
China,Nanjing,1953,16.672
China,Nanjing,1954,15.400666666666666
China,Nanjing,1955,15.678416666666669
China,Nanjing,1956,15.179916666666665
China,Nanjing,1957,15.18125
China,Nanjing,1958,15.683833333333334
China,Nanjing,1959,16.101666666666667
China,Nanjing,1960,16.101
China,Nanjing,1961,16.6915
China,Nanjing,1962,15.840166666666667
China,Nanjing,1963,15.857916666666666
China,Nanjing,1964,16.124416666666665
China,Nanjing,1965,15.728499999999999
China,Nanjing,1966,16.145
China,Nanjing,1967,15.744083333333334
China,Nanjing,1968,15.863166666666666
China,Nanjing,1969,15.212583333333333
China,Nanjing,1970,15.412583333333332
China,Nanjing,1971,15.765083333333335
China,Nanjing,1972,15.323500000000001
China,Nanjing,1973,15.943333333333333
China,Nanjing,1974,15.560166666666666
China,Nanjing,1975,16.016416666666668
China,Nanjing,1976,15.466500000000002
China,Nanjing,1977,15.70825
China,Nanjing,1978,16.427333333333333
China,Nanjing,1979,16.1985
China,Nanjing,1980,15.166166666666667
China,Nanjing,1981,15.53025
China,Nanjing,1982,15.791333333333334
China,Nanjing,1983,15.865916666666665
China,Nanjing,1984,15.294333333333334
China,Nanjing,1985,15.581166666666668
China,Nanjing,1986,15.591666666666667
China,Nanjing,1987,15.831833333333334
China,Nanjing,1988,15.787083333333333
China,Nanjing,1989,15.8305
China,Nanjing,1990,16.66325
China,Nanjing,1991,15.714500000000001
China,Nanjing,1992,15.832333333333333
China,Nanjing,1993,15.582666666666666
China,Nanjing,1994,16.931833333333334
China,Nanjing,1995,16.07375
China,Nanjing,1996,15.816
China,Nanjing,1997,16.41358333333333
China,Nanjing,1998,17.11433333333333
China,Nanjing,1999,16.333000000000002
China,Nanjing,2000,16.479333333333333
China,Nanjing,2001,16.472333333333335
China,Nanjing,2002,16.814
China,Nanjing,2003,16.323416666666667
China,Nanjing,2004,16.8555
China,Nanjing,2005,16.408166666666666
China,Nanjing,2006,17.0185
China,Nanjing,2007,17.240333333333336
China,Nanjing,2008,16.33875
China,Nanjing,2009,16.631583333333335
China,Nanjing,2010,16.443083333333334
China,Nanjing,2011,16.21891666666667
China,Nanjing,2012,16.131
China,Nanjing,2013,17.884125
China,Peking,1900,12.00925
China,Peking,1901,11.713916666666668
China,Peking,1902,12.661999999999999
China,Peking,1903,12.121666666666668
China,Peking,1904,11.689916666666667
China,Peking,1905,11.250749999999998
China,Peking,1906,11.320250000000001
China,Peking,1907,11.600583333333335
China,Peking,1908,11.315833333333332
China,Peking,1909,11.146749999999999
China,Peking,1910,11.077166666666665
China,Peking,1911,10.9275
China,Peking,1912,10.954916666666668
China,Peking,1913,11.29425
China,Peking,1914,12.07125
China,Peking,1915,10.98325
China,Peking,1916,11.129166666666665
China,Peking,1917,10.970500000000001
China,Peking,1918,11.208833333333333
China,Peking,1919,11.911333333333333
China,Peking,1920,12.276166666666667
China,Peking,1921,11.852833333333335
China,Peking,1922,11.777166666666666
China,Peking,1923,11.480166666666667
China,Peking,1924,11.736083333333333
China,Peking,1925,11.633416666666667
China,Peking,1926,11.946833333333332
China,Peking,1927,11.997666666666667
China,Peking,1928,11.685250000000002
China,Peking,1929,11.902833333333334
China,Peking,1930,12.005083333333333
China,Peking,1931,11.454
China,Peking,1932,11.963916666666668
China,Peking,1933,11.215583333333333
China,Peking,1934,11.403416666666667
China,Peking,1935,12.370249999999999
China,Peking,1936,11.083666666666666
China,Peking,1937,11.793833333333334
China,Peking,1938,12.14025
China,Peking,1939,12.368833333333335
China,Peking,1940,12.245583333333334
China,Peking,1941,12.393166666666666
China,Peking,1942,12.40725
China,Peking,1943,12.5625
China,Peking,1944,11.945166666666667
China,Peking,1945,12.340666666666666
China,Peking,1946,12.510166666666668
China,Peking,1947,10.827166666666665
China,Peking,1948,12.573833333333333
China,Peking,1949,12.394916666666667
China,Peking,1950,11.903916666666667
China,Peking,1951,12.02075
China,Peking,1952,11.714333333333334
China,Peking,1953,11.955333333333334
China,Peking,1954,11.335083333333335
China,Peking,1955,12.20875
China,Peking,1956,10.844333333333333
China,Peking,1957,11.16225
China,Peking,1958,12.100166666666667
China,Peking,1959,12.3925
China,Peking,1960,12.235916666666666
China,Peking,1961,12.953416666666667
China,Peking,1962,12.235833333333334
China,Peking,1963,12.3605
China,Peking,1964,11.632333333333333
China,Peking,1965,12.358833333333335
China,Peking,1966,11.865833333333335
China,Peking,1967,11.685666666666668
China,Peking,1968,12.127666666666668
China,Peking,1969,10.856333333333334
China,Peking,1970,11.468583333333333
China,Peking,1971,11.859250000000001
China,Peking,1972,11.9935
China,Peking,1973,12.174750000000001
China,Peking,1974,11.794083333333335
China,Peking,1975,12.993250000000002
China,Peking,1976,11.59066666666667
China,Peking,1977,12.33725
China,Peking,1978,12.42225
China,Peking,1979,11.892083333333334
China,Peking,1980,11.854000000000001
China,Peking,1981,12.216500000000002
China,Peking,1982,12.744
China,Peking,1983,12.858416666666669
China,Peking,1984,11.704583333333334
China,Peking,1985,11.435666666666668
China,Peking,1986,12.02625
China,Peking,1987,12.3495
China,Peking,1988,12.505916666666666
China,Peking,1989,13.074666666666667
China,Peking,1990,12.716916666666668
China,Peking,1991,12.363333333333335
China,Peking,1992,12.476583333333332
China,Peking,1993,12.46725
China,Peking,1994,13.293166666666666
China,Peking,1995,12.806666666666667
China,Peking,1996,12.305
China,Peking,1997,13.06375
China,Peking,1998,13.545666666666667
China,Peking,1999,13.397333333333334
China,Peking,2000,12.88125
China,Peking,2001,13.061083333333334
China,Peking,2002,13.388083333333334
China,Peking,2003,12.835833333333333
China,Peking,2004,13.288166666666667
China,Peking,2005,12.893833333333333
China,Peking,2006,13.250583333333333
China,Peking,2007,13.696833333333332
China,Peking,2008,13.124
China,Peking,2009,12.96775
China,Peking,2010,12.2495
China,Peking,2011,12.770249999999999
China,Peking,2012,12.292833333333334
China,Peking,2013,14.138625000000001
China,Shanghai,1900,15.799333333333335
China,Shanghai,1901,15.258333333333333
China,Shanghai,1902,16.267666666666667
China,Shanghai,1903,15.558833333333332
China,Shanghai,1904,15.639249999999999
China,Shanghai,1905,15.504
China,Shanghai,1906,15.499333333333333
China,Shanghai,1907,15.5725
China,Shanghai,1908,15.674583333333333
China,Shanghai,1909,15.841916666666668
China,Shanghai,1910,15.256833333333333
China,Shanghai,1911,15.477416666666665
China,Shanghai,1912,15.607166666666666
China,Shanghai,1913,15.357333333333335
China,Shanghai,1914,16.518416666666667
China,Shanghai,1915,16.107333333333333
China,Shanghai,1916,15.74975
China,Shanghai,1917,15.090333333333334
China,Shanghai,1918,15.551
China,Shanghai,1919,15.933583333333333
China,Shanghai,1920,16.020416666666666
China,Shanghai,1921,15.584333333333333
China,Shanghai,1922,16.1065
China,Shanghai,1923,15.772416666666667
China,Shanghai,1924,15.721583333333335
China,Shanghai,1925,15.653416666666667
China,Shanghai,1926,16.043833333333335
China,Shanghai,1927,16.125083333333333
China,Shanghai,1928,16.033583333333333
China,Shanghai,1929,15.958333333333334
China,Shanghai,1930,16.05975
China,Shanghai,1931,15.639666666666669
China,Shanghai,1932,16.04191666666667
China,Shanghai,1933,15.9105
China,Shanghai,1934,15.845916666666668
China,Shanghai,1935,16.3335
China,Shanghai,1936,15.284666666666666
China,Shanghai,1937,16.089833333333335
China,Shanghai,1938,16.323416666666667
China,Shanghai,1939,16.127583333333334
China,Shanghai,1940,16.245250000000002
China,Shanghai,1941,16.391416666666668
China,Shanghai,1942,16.20991666666667
China,Shanghai,1943,16.01125
China,Shanghai,1944,16.1365
China,Shanghai,1945,15.90875
China,Shanghai,1946,16.702916666666667
China,Shanghai,1947,15.873583333333334
China,Shanghai,1948,16.490583333333333
China,Shanghai,1949,16.560166666666667
China,Shanghai,1950,16.39575
China,Shanghai,1951,16.180916666666665
China,Shanghai,1952,16.097416666666668
China,Shanghai,1953,17.0345
China,Shanghai,1954,15.85225
China,Shanghai,1955,16.06425
China,Shanghai,1956,15.611166666666668
China,Shanghai,1957,15.604000000000001
China,Shanghai,1958,16.066416666666665
China,Shanghai,1959,16.539416666666668
China,Shanghai,1960,16.59958333333333
China,Shanghai,1961,17.019666666666666
China,Shanghai,1962,16.111583333333332
China,Shanghai,1963,16.198
China,Shanghai,1964,16.580083333333334
China,Shanghai,1965,16.06416666666667
China,Shanghai,1966,16.50425
China,Shanghai,1967,16.051
China,Shanghai,1968,16.132166666666667
China,Shanghai,1969,15.639333333333333
China,Shanghai,1970,15.823500000000001
China,Shanghai,1971,16.2195
China,Shanghai,1972,15.708833333333333
China,Shanghai,1973,16.32425
China,Shanghai,1974,15.926833333333335
China,Shanghai,1975,16.484750000000002
China,Shanghai,1976,15.711833333333333
China,Shanghai,1977,16.16675
China,Shanghai,1978,16.6665
China,Shanghai,1979,16.542583333333333
China,Shanghai,1980,15.574583333333335
China,Shanghai,1981,15.914833333333334
China,Shanghai,1982,16.196
China,Shanghai,1983,16.221333333333334
China,Shanghai,1984,15.795333333333334
China,Shanghai,1985,16.036833333333334
China,Shanghai,1986,15.9355
China,Shanghai,1987,16.189583333333335
China,Shanghai,1988,16.173083333333334
China,Shanghai,1989,16.237833333333334
China,Shanghai,1990,17.2585
China,Shanghai,1991,16.138
China,Shanghai,1992,16.139083333333335
China,Shanghai,1993,15.978250000000001
China,Shanghai,1994,17.341916666666666
China,Shanghai,1995,16.359833333333334
China,Shanghai,1996,16.207916666666666
China,Shanghai,1997,16.759249999999998
China,Shanghai,1998,17.55725
China,Shanghai,1999,16.675666666666668
China,Shanghai,2000,16.904166666666665
China,Shanghai,2001,16.934333333333335
China,Shanghai,2002,17.220666666666666
China,Shanghai,2003,16.742166666666666
China,Shanghai,2004,17.241
China,Shanghai,2005,16.747416666666666
China,Shanghai,2006,17.414416666666664
China,Shanghai,2007,17.62575
China,Shanghai,2008,16.724333333333334
China,Shanghai,2009,17.012
China,Shanghai,2010,16.748416666666667
China,Shanghai,2011,16.518
China,Shanghai,2012,16.4745
China,Shanghai,2013,17.857625
China,Shenyang,1900,7.31375
China,Shenyang,1901,7.03725
China,Shenyang,1902,7.467500000000001
China,Shenyang,1903,7.515416666666667
China,Shenyang,1904,6.997250000000001
China,Shenyang,1905,7.210249999999999
China,Shenyang,1906,6.725333333333334
China,Shenyang,1907,6.987166666666667
China,Shenyang,1908,6.5945833333333335
China,Shenyang,1909,6.438583333333334
China,Shenyang,1910,6.308166666666666
China,Shenyang,1911,6.485333333333333
China,Shenyang,1912,6.243083333333334
China,Shenyang,1913,6.3820000000000014
China,Shenyang,1914,7.649333333333334
China,Shenyang,1915,6.238499999999999
China,Shenyang,1916,6.719333333333334
China,Shenyang,1917,6.173583333333333
China,Shenyang,1918,6.854666666666667
China,Shenyang,1919,7.208416666666667
China,Shenyang,1920,7.621416666666668
China,Shenyang,1921,7.047083333333333
China,Shenyang,1922,6.9005833333333335
China,Shenyang,1923,6.69425
China,Shenyang,1924,6.947416666666666
China,Shenyang,1925,7.1499999999999995
China,Shenyang,1926,7.180833333333335
China,Shenyang,1927,7.1160000000000005
China,Shenyang,1928,7.028166666666667
China,Shenyang,1929,7.10325
China,Shenyang,1930,7.49475
China,Shenyang,1931,6.73425
China,Shenyang,1932,7.5745000000000005
China,Shenyang,1933,6.748750000000001
China,Shenyang,1934,6.796916666666667
China,Shenyang,1935,7.802499999999999
China,Shenyang,1936,6.417666666666666
China,Shenyang,1937,7.377666666666666
China,Shenyang,1938,7.5880833333333335
China,Shenyang,1939,8.04375
China,Shenyang,1940,7.48575
China,Shenyang,1941,7.421250000000001
China,Shenyang,1942,7.343416666666667
China,Shenyang,1943,8.113583333333333
China,Shenyang,1944,7.28075
China,Shenyang,1945,6.7746666666666675
China,Shenyang,1946,7.72175
China,Shenyang,1947,5.448
China,Shenyang,1948,7.844833333333334
China,Shenyang,1949,7.622
China,Shenyang,1950,7.562750000000001
China,Shenyang,1951,7.47125
China,Shenyang,1952,7.074333333333333
China,Shenyang,1953,7.07725
China,Shenyang,1954,7.101333333333333
China,Shenyang,1955,7.8252500000000005
China,Shenyang,1956,6.184666666666668
China,Shenyang,1957,6.577916666666667
China,Shenyang,1958,7.702416666666667
China,Shenyang,1959,8.203083333333334
China,Shenyang,1960,7.719083333333333
China,Shenyang,1961,8.237833333333334
China,Shenyang,1962,7.567
China,Shenyang,1963,7.480416666666667
China,Shenyang,1964,7.395916666666667
China,Shenyang,1965,7.27375
China,Shenyang,1966,7.204083333333333
China,Shenyang,1967,7.432750000000001
China,Shenyang,1968,7.571916666666667
China,Shenyang,1969,6.326583333333333
China,Shenyang,1970,7.173750000000001
China,Shenyang,1971,7.281
China,Shenyang,1972,7.388583333333334
China,Shenyang,1973,7.906833333333334
China,Shenyang,1974,7.215333333333334
China,Shenyang,1975,8.309833333333332
China,Shenyang,1976,7.014083333333333
China,Shenyang,1977,7.588416666666667
China,Shenyang,1978,7.694416666666666
China,Shenyang,1979,7.8715
China,Shenyang,1980,6.879333333333332
China,Shenyang,1981,7.296916666666667
China,Shenyang,1982,8.2675
China,Shenyang,1983,8.17225
China,Shenyang,1984,7.33925
China,Shenyang,1985,6.937916666666666
China,Shenyang,1986,7.303166666666667
China,Shenyang,1987,7.461166666666667
China,Shenyang,1988,8.109
China,Shenyang,1989,8.776
China,Shenyang,1990,8.663333333333334
China,Shenyang,1991,8.018583333333334
China,Shenyang,1992,8.15925
China,Shenyang,1993,7.922916666666667
China,Shenyang,1994,8.7385
China,Shenyang,1995,8.252583333333334
China,Shenyang,1996,7.912333333333334
China,Shenyang,1997,8.48225
China,Shenyang,1998,9.175083333333333
China,Shenyang,1999,8.667083333333334
China,Shenyang,2000,7.9055
China,Shenyang,2001,7.969583333333333
China,Shenyang,2002,8.643333333333334
China,Shenyang,2003,8.616916666666667
China,Shenyang,2004,8.90875
China,Shenyang,2005,7.7475
China,Shenyang,2006,8.523916666666667
China,Shenyang,2007,9.19325
China,Shenyang,2008,8.824583333333335
China,Shenyang,2009,8.266416666666666
China,Shenyang,2010,7.58625
China,Shenyang,2011,8.043833333333334
China,Shenyang,2012,7.53925
China,Shenyang,2013,9.304875000000001
China,Taiyuan,1900,7.78875
China,Taiyuan,1901,7.833500000000001
China,Taiyuan,1902,8.508666666666667
China,Taiyuan,1903,7.8135
China,Taiyuan,1904,7.692083333333334
China,Taiyuan,1905,7.147416666666667
China,Taiyuan,1906,7.3581666666666665
China,Taiyuan,1907,7.802
China,Taiyuan,1908,7.456333333333333
China,Taiyuan,1909,7.523333333333333
China,Taiyuan,1910,7.108833333333334
China,Taiyuan,1911,7.237416666666667
China,Taiyuan,1912,7.098083333333334
China,Taiyuan,1913,7.62525
China,Taiyuan,1914,8.241333333333335
China,Taiyuan,1915,7.423583333333334
China,Taiyuan,1916,7.4623333333333335
China,Taiyuan,1917,7.363666666666668
China,Taiyuan,1918,7.10125
China,Taiyuan,1919,7.926083333333334
China,Taiyuan,1920,8.32375
China,Taiyuan,1921,7.8505833333333355
China,Taiyuan,1922,8.149833333333333
China,Taiyuan,1923,7.841166666666666
China,Taiyuan,1924,8.20125
China,Taiyuan,1925,7.7203333333333335
China,Taiyuan,1926,8.061666666666666
China,Taiyuan,1927,8.179666666666668
China,Taiyuan,1928,8.374166666666667
China,Taiyuan,1929,8.123833333333334
China,Taiyuan,1930,7.983083333333333
China,Taiyuan,1931,7.921333333333334
China,Taiyuan,1932,8.434000000000001
China,Taiyuan,1933,8.035666666666666
China,Taiyuan,1934,7.5888333333333335
China,Taiyuan,1935,8.286166666666668
China,Taiyuan,1936,7.411083333333334
China,Taiyuan,1937,8.09275
China,Taiyuan,1938,8.366916666666667
China,Taiyuan,1939,8.479166666666666
China,Taiyuan,1940,8.610583333333334
China,Taiyuan,1941,8.859583333333333
China,Taiyuan,1942,8.698333333333334
China,Taiyuan,1943,8.50825
China,Taiyuan,1944,7.679500000000001
China,Taiyuan,1945,8.573500000000001
China,Taiyuan,1946,8.735583333333333
China,Taiyuan,1947,7.676083333333334
China,Taiyuan,1948,8.676333333333334
China,Taiyuan,1949,8.481
China,Taiyuan,1950,8.006416666666667
China,Taiyuan,1951,7.755083333333334
China,Taiyuan,1952,7.764083333333335
China,Taiyuan,1953,8.170333333333334
China,Taiyuan,1954,7.6089166666666666
China,Taiyuan,1955,8.515833333333333
China,Taiyuan,1956,7.337583333333335
China,Taiyuan,1957,7.893583333333333
China,Taiyuan,1958,8.306333333333333
China,Taiyuan,1959,8.403583333333334
China,Taiyuan,1960,8.535333333333334
China,Taiyuan,1961,9.010666666666667
China,Taiyuan,1962,8.0845
China,Taiyuan,1963,8.130416666666667
China,Taiyuan,1964,7.969333333333334
China,Taiyuan,1965,8.626916666666666
China,Taiyuan,1966,8.440166666666666
China,Taiyuan,1967,7.49825
China,Taiyuan,1968,8.072166666666666
China,Taiyuan,1969,7.68
China,Taiyuan,1970,7.775166666666666
China,Taiyuan,1971,7.97125
China,Taiyuan,1972,8.207166666666668
China,Taiyuan,1973,8.62825
China,Taiyuan,1974,8.032416666666666
China,Taiyuan,1975,8.527583333333334
China,Taiyuan,1976,7.52625
China,Taiyuan,1977,8.39575
China,Taiyuan,1978,8.507083333333334
China,Taiyuan,1979,8.330083333333334
China,Taiyuan,1980,8.070916666666667
China,Taiyuan,1981,8.141333333333334
China,Taiyuan,1982,8.728333333333333
China,Taiyuan,1983,8.34725
China,Taiyuan,1984,7.439166666666666
China,Taiyuan,1985,7.8460833333333335
China,Taiyuan,1986,7.9095
China,Taiyuan,1987,8.907916666666667
China,Taiyuan,1988,8.174166666666666
China,Taiyuan,1989,8.629416666666666
China,Taiyuan,1990,8.8885
China,Taiyuan,1991,8.512083333333333
China,Taiyuan,1992,8.300833333333335
China,Taiyuan,1993,7.951500000000002
China,Taiyuan,1994,9.026166666666667
China,Taiyuan,1995,8.665916666666666
China,Taiyuan,1996,8.144583333333335
China,Taiyuan,1997,9.292
China,Taiyuan,1998,9.837000000000002
China,Taiyuan,1999,9.889083333333334
China,Taiyuan,2000,8.934166666666668
China,Taiyuan,2001,9.405166666666668
China,Taiyuan,2002,9.49175
China,Taiyuan,2003,8.582916666666668
China,Taiyuan,2004,9.132
China,Taiyuan,2005,9.082166666666668
China,Taiyuan,2006,9.794333333333332
China,Taiyuan,2007,9.662833333333333
China,Taiyuan,2008,8.799833333333334
China,Taiyuan,2009,9.101333333333333
China,Taiyuan,2010,9.080666666666668
China,Taiyuan,2011,8.643166666666668
China,Taiyuan,2012,8.543000000000001
China,Taiyuan,2013,11.032875
China,Tangshan,1900,11.4865
China,Tangshan,1901,11.414083333333336
China,Tangshan,1902,12.197416666666667
China,Tangshan,1903,11.5715
China,Tangshan,1904,11.359000000000002
China,Tangshan,1905,10.857166666666666
China,Tangshan,1906,10.98175
China,Tangshan,1907,11.400166666666665
China,Tangshan,1908,11.065
China,Tangshan,1909,11.07875
China,Tangshan,1910,10.739333333333335
China,Tangshan,1911,10.760416666666666
China,Tangshan,1912,10.786500000000002
China,Tangshan,1913,11.203333333333333
China,Tangshan,1914,11.878333333333332
China,Tangshan,1915,10.975083333333332
China,Tangshan,1916,10.958666666666668
China,Tangshan,1917,10.847750000000003
China,Tangshan,1918,10.749250000000002
China,Tangshan,1919,11.705833333333333
China,Tangshan,1920,12.044083333333333
China,Tangshan,1921,11.426083333333333
China,Tangshan,1922,11.688333333333333
China,Tangshan,1923,11.391833333333333
China,Tangshan,1924,11.683750000000002
China,Tangshan,1925,11.355666666666666
China,Tangshan,1926,11.658499999999998
China,Tangshan,1927,11.803916666666668
China,Tangshan,1928,11.847666666666667
China,Tangshan,1929,11.710166666666666
China,Tangshan,1930,11.65675
China,Tangshan,1931,11.455083333333334
China,Tangshan,1932,11.88
China,Tangshan,1933,11.375666666666667
China,Tangshan,1934,11.127083333333333
China,Tangshan,1935,11.9885
China,Tangshan,1936,10.9225
China,Tangshan,1937,11.632416666666666
China,Tangshan,1938,11.997166666666667
China,Tangshan,1939,12.088333333333333
China,Tangshan,1940,12.18925
China,Tangshan,1941,12.402500000000002
China,Tangshan,1942,12.279499999999999
China,Tangshan,1943,12.104083333333335
China,Tangshan,1944,11.454916666666668
China,Tangshan,1945,12.120416666666666
China,Tangshan,1946,12.30775
China,Tangshan,1947,11.019083333333334
China,Tangshan,1948,12.32725
China,Tangshan,1949,12.140500000000001
China,Tangshan,1950,11.706666666666669
China,Tangshan,1951,11.426083333333333
China,Tangshan,1952,11.329583333333334
China,Tangshan,1953,11.753583333333333
China,Tangshan,1954,11.158416666666668
China,Tangshan,1955,12.083666666666666
China,Tangshan,1956,10.835583333333332
China,Tangshan,1957,11.317166666666667
China,Tangshan,1958,11.890583333333334
China,Tangshan,1959,12.091166666666666
China,Tangshan,1960,12.08475
China,Tangshan,1961,12.706583333333333
China,Tangshan,1962,11.826916666666667
China,Tangshan,1963,11.841666666666669
China,Tangshan,1964,11.252416666666667
China,Tangshan,1965,12.261166666666666
China,Tangshan,1966,11.956583333333334
China,Tangshan,1967,11.426083333333333
China,Tangshan,1968,11.879333333333333
China,Tangshan,1969,10.943
China,Tangshan,1970,11.30675
China,Tangshan,1971,11.568416666666666
China,Tangshan,1972,11.685833333333335
China,Tangshan,1973,12.0605
China,Tangshan,1974,11.605916666666667
China,Tangshan,1975,12.332833333333333
China,Tangshan,1976,11.182666666666668
China,Tangshan,1977,12.033333333333333
China,Tangshan,1978,12.243249999999998
China,Tangshan,1979,11.79175
China,Tangshan,1980,11.65
China,Tangshan,1981,11.913499999999999
China,Tangshan,1982,12.390083333333335
China,Tangshan,1983,12.298166666666667
China,Tangshan,1984,11.197666666666668
China,Tangshan,1985,11.375333333333332
China,Tangshan,1986,11.733000000000002
China,Tangshan,1987,12.3075
China,Tangshan,1988,11.975999999999999
China,Tangshan,1989,12.330583333333335
China,Tangshan,1990,12.318833333333332
China,Tangshan,1991,12.01475
China,Tangshan,1992,12.099416666666665
China,Tangshan,1993,11.872916666666667
China,Tangshan,1994,12.782333333333334
China,Tangshan,1995,12.448583333333334
China,Tangshan,1996,11.922916666666667
China,Tangshan,1997,12.83875
China,Tangshan,1998,13.42675
China,Tangshan,1999,13.357666666666667
China,Tangshan,2000,12.514166666666668
China,Tangshan,2001,12.852583333333335
China,Tangshan,2002,13.07875
China,Tangshan,2003,12.174999999999999
China,Tangshan,2004,12.748166666666668
China,Tangshan,2005,12.632166666666668
China,Tangshan,2006,13.216583333333332
China,Tangshan,2007,13.2695
China,Tangshan,2008,12.617583333333334
China,Tangshan,2009,12.630583333333334
China,Tangshan,2010,12.379
China,Tangshan,2011,12.258833333333333
China,Tangshan,2012,12.132666666666667
China,Tangshan,2013,14.249875000000001
China,Tianjin,1900,12.00925
China,Tianjin,1901,11.713916666666668
China,Tianjin,1902,12.661999999999999
China,Tianjin,1903,12.121666666666668
China,Tianjin,1904,11.689916666666667
China,Tianjin,1905,11.250749999999998
China,Tianjin,1906,11.320250000000001
China,Tianjin,1907,11.600583333333335
China,Tianjin,1908,11.315833333333332
China,Tianjin,1909,11.146749999999999
China,Tianjin,1910,11.077166666666665
China,Tianjin,1911,10.9275
China,Tianjin,1912,10.954916666666668
China,Tianjin,1913,11.29425
China,Tianjin,1914,12.07125
China,Tianjin,1915,10.98325
China,Tianjin,1916,11.129166666666665
China,Tianjin,1917,10.970500000000001
China,Tianjin,1918,11.208833333333333
China,Tianjin,1919,11.911333333333333
China,Tianjin,1920,12.276166666666667
China,Tianjin,1921,11.852833333333335
China,Tianjin,1922,11.777166666666666
China,Tianjin,1923,11.480166666666667
China,Tianjin,1924,11.736083333333333
China,Tianjin,1925,11.633416666666667
China,Tianjin,1926,11.946833333333332
China,Tianjin,1927,11.997666666666667
China,Tianjin,1928,11.685250000000002
China,Tianjin,1929,11.902833333333334
China,Tianjin,1930,12.005083333333333
China,Tianjin,1931,11.454
China,Tianjin,1932,11.963916666666668
China,Tianjin,1933,11.215583333333333
China,Tianjin,1934,11.403416666666667
China,Tianjin,1935,12.370249999999999
China,Tianjin,1936,11.083666666666666
China,Tianjin,1937,11.793833333333334
China,Tianjin,1938,12.14025
China,Tianjin,1939,12.368833333333335
China,Tianjin,1940,12.245583333333334
China,Tianjin,1941,12.393166666666666
China,Tianjin,1942,12.40725
China,Tianjin,1943,12.5625
China,Tianjin,1944,11.945166666666667
China,Tianjin,1945,12.340666666666666
China,Tianjin,1946,12.510166666666668
China,Tianjin,1947,10.827166666666665
China,Tianjin,1948,12.573833333333333
China,Tianjin,1949,12.394916666666667
China,Tianjin,1950,11.903916666666667
China,Tianjin,1951,12.02075
China,Tianjin,1952,11.714333333333334
China,Tianjin,1953,11.955333333333334
China,Tianjin,1954,11.335083333333335
China,Tianjin,1955,12.20875
China,Tianjin,1956,10.844333333333333
China,Tianjin,1957,11.16225
China,Tianjin,1958,12.100166666666667
China,Tianjin,1959,12.3925
China,Tianjin,1960,12.235916666666666
China,Tianjin,1961,12.953416666666667
China,Tianjin,1962,12.235833333333334
China,Tianjin,1963,12.3605
China,Tianjin,1964,11.632333333333333
China,Tianjin,1965,12.358833333333335
China,Tianjin,1966,11.865833333333335
China,Tianjin,1967,11.685666666666668
China,Tianjin,1968,12.127666666666668
China,Tianjin,1969,10.856333333333334
China,Tianjin,1970,11.468583333333333
China,Tianjin,1971,11.859250000000001
China,Tianjin,1972,11.9935
China,Tianjin,1973,12.174750000000001
China,Tianjin,1974,11.794083333333335
China,Tianjin,1975,12.993250000000002
China,Tianjin,1976,11.59066666666667
China,Tianjin,1977,12.33725
China,Tianjin,1978,12.42225
China,Tianjin,1979,11.892083333333334
China,Tianjin,1980,11.854000000000001
China,Tianjin,1981,12.216500000000002
China,Tianjin,1982,12.744
China,Tianjin,1983,12.858416666666669
China,Tianjin,1984,11.704583333333334
China,Tianjin,1985,11.435666666666668
China,Tianjin,1986,12.02625
China,Tianjin,1987,12.3495
China,Tianjin,1988,12.505916666666666
China,Tianjin,1989,13.074666666666667
China,Tianjin,1990,12.716916666666668
China,Tianjin,1991,12.363333333333335
China,Tianjin,1992,12.476583333333332
China,Tianjin,1993,12.46725
China,Tianjin,1994,13.293166666666666
China,Tianjin,1995,12.806666666666667
China,Tianjin,1996,12.305
China,Tianjin,1997,13.06375
China,Tianjin,1998,13.545666666666667
China,Tianjin,1999,13.397333333333334
China,Tianjin,2000,12.88125
China,Tianjin,2001,13.061083333333334
China,Tianjin,2002,13.388083333333334
China,Tianjin,2003,12.835833333333333
China,Tianjin,2004,13.288166666666667
China,Tianjin,2005,12.893833333333333
China,Tianjin,2006,13.250583333333333
China,Tianjin,2007,13.696833333333332
China,Tianjin,2008,13.124
China,Tianjin,2009,12.96775
China,Tianjin,2010,12.2495
China,Tianjin,2011,12.770249999999999
China,Tianjin,2012,12.292833333333334
China,Tianjin,2013,14.138625000000001
China,Wuhan,1900,16.546833333333336
China,Wuhan,1901,16.42591666666667
China,Wuhan,1902,17.226333333333333
China,Wuhan,1903,16.40075
China,Wuhan,1904,16.52991666666667
China,Wuhan,1905,15.881416666666667
China,Wuhan,1906,16.329166666666666
China,Wuhan,1907,16.546
China,Wuhan,1908,16.693083333333334
China,Wuhan,1909,16.733416666666667
China,Wuhan,1910,16.045166666666667
China,Wuhan,1911,16.22525
China,Wuhan,1912,16.481416666666668
China,Wuhan,1913,16.499166666666667
China,Wuhan,1914,17.37425
China,Wuhan,1915,16.686333333333334
China,Wuhan,1916,16.108500000000003
China,Wuhan,1917,16.230833333333333
China,Wuhan,1918,16.306166666666666
China,Wuhan,1919,16.997
China,Wuhan,1920,16.662000000000003
China,Wuhan,1921,16.657
China,Wuhan,1922,17.136916666666668
China,Wuhan,1923,17.013583333333333
China,Wuhan,1924,16.817916666666665
China,Wuhan,1925,17.118666666666666
China,Wuhan,1926,17.073333333333334
China,Wuhan,1927,17.14225
China,Wuhan,1928,17.4235
China,Wuhan,1929,16.835083333333333
China,Wuhan,1930,16.769333333333332
China,Wuhan,1931,16.41875
China,Wuhan,1932,17.041666666666668
China,Wuhan,1933,16.61491666666667
China,Wuhan,1934,16.886
China,Wuhan,1935,17.16725
China,Wuhan,1936,16.65975
China,Wuhan,1937,16.77091666666667
China,Wuhan,1938,17.432916666666667
China,Wuhan,1939,17.120416666666667
China,Wuhan,1940,17.33491666666667
China,Wuhan,1941,17.409916666666668
China,Wuhan,1942,17.39891666666667
China,Wuhan,1943,17.132250000000003
China,Wuhan,1944,16.858583333333332
China,Wuhan,1945,17.200416666666666
China,Wuhan,1946,17.79525
China,Wuhan,1947,17.151833333333332
China,Wuhan,1948,17.234333333333336
China,Wuhan,1949,17.35725
China,Wuhan,1950,17.0215
China,Wuhan,1951,16.96441666666667
China,Wuhan,1952,16.88775
China,Wuhan,1953,17.458583333333333
China,Wuhan,1954,16.507833333333334
China,Wuhan,1955,16.897166666666667
China,Wuhan,1956,16.495583333333332
China,Wuhan,1957,16.49141666666667
China,Wuhan,1958,16.946083333333334
China,Wuhan,1959,17.35891666666667
China,Wuhan,1960,17.117416666666667
China,Wuhan,1961,17.8075
China,Wuhan,1962,17.113666666666667
China,Wuhan,1963,17.47175
China,Wuhan,1964,17.14016666666667
China,Wuhan,1965,17.032333333333334
China,Wuhan,1966,17.295083333333334
China,Wuhan,1967,16.80075
China,Wuhan,1968,17.283166666666666
China,Wuhan,1969,16.4515
China,Wuhan,1970,16.597833333333334
China,Wuhan,1971,16.7425
China,Wuhan,1972,16.635749999999998
China,Wuhan,1973,17.133416666666665
China,Wuhan,1974,16.877666666666666
China,Wuhan,1975,17.07616666666667
China,Wuhan,1976,16.654666666666667
China,Wuhan,1977,16.943583333333333
China,Wuhan,1978,17.611
China,Wuhan,1979,17.5305
China,Wuhan,1980,16.625833333333336
China,Wuhan,1981,16.847916666666666
China,Wuhan,1982,16.88233333333333
China,Wuhan,1983,17.153250000000003
China,Wuhan,1984,16.40041666666667
China,Wuhan,1985,16.81041666666667
China,Wuhan,1986,17.025333333333332
China,Wuhan,1987,17.170833333333334
China,Wuhan,1988,17.04275
China,Wuhan,1989,16.777583333333336
China,Wuhan,1990,17.65341666666667
China,Wuhan,1991,16.905333333333335
China,Wuhan,1992,17.151333333333334
China,Wuhan,1993,16.646333333333335
China,Wuhan,1994,17.5415
China,Wuhan,1995,17.32775
China,Wuhan,1996,16.895083333333336
China,Wuhan,1997,17.427833333333336
China,Wuhan,1998,18.163166666666665
China,Wuhan,1999,17.608999999999998
China,Wuhan,2000,17.442666666666668
China,Wuhan,2001,17.689666666666668
China,Wuhan,2002,17.788
China,Wuhan,2003,17.482
China,Wuhan,2004,17.97458333333333
China,Wuhan,2005,17.548750000000002
China,Wuhan,2006,18.030916666666666
China,Wuhan,2007,18.24066666666667
China,Wuhan,2008,17.597583333333333
China,Wuhan,2009,17.816750000000003
China,Wuhan,2010,17.568250000000003
China,Wuhan,2011,17.387583333333335
China,Wuhan,2012,17.153333333333332
China,Wuhan,2013,19.2855
China,Xian,1900,11.139583333333334
China,Xian,1901,11.27975
China,Xian,1902,11.829916666666668
China,Xian,1903,11.048333333333332
China,Xian,1904,11.225833333333334
China,Xian,1905,10.389000000000001
China,Xian,1906,10.921333333333335
China,Xian,1907,11.313333333333333
China,Xian,1908,11.053333333333333
China,Xian,1909,11.232999999999999
China,Xian,1910,10.745249999999999
China,Xian,1911,10.799583333333333
China,Xian,1912,10.773166666666667
China,Xian,1913,11.043166666666666
China,Xian,1914,11.7535
China,Xian,1915,11.195583333333333
China,Xian,1916,10.960583333333332
China,Xian,1917,10.970083333333333
China,Xian,1918,10.720083333333333
China,Xian,1919,11.638666666666666
China,Xian,1920,11.686666666666666
China,Xian,1921,11.247416666666666
China,Xian,1922,11.728166666666667
China,Xian,1923,11.643916666666668
China,Xian,1924,11.667916666666668
China,Xian,1925,11.499916666666666
China,Xian,1926,11.686750000000002
China,Xian,1927,11.894166666666669
China,Xian,1928,12.158833333333334
China,Xian,1929,11.650583333333332
China,Xian,1930,11.47025
China,Xian,1931,11.617916666666666
China,Xian,1932,12.50275
China,Xian,1933,11.880749999999999
China,Xian,1934,11.311583333333333
China,Xian,1935,11.682166666666667
China,Xian,1936,11.222333333333333
China,Xian,1937,11.51025
China,Xian,1938,11.78075
China,Xian,1939,12.16125
China,Xian,1940,11.932916666666666
China,Xian,1941,12.609166666666667
China,Xian,1942,12.424
China,Xian,1943,11.823333333333332
China,Xian,1944,11.491833333333332
China,Xian,1945,12.1785
China,Xian,1946,12.237583333333333
China,Xian,1947,11.987083333333333
China,Xian,1948,11.817083333333334
China,Xian,1949,11.799166666666666
China,Xian,1950,11.395166666666666
China,Xian,1951,11.480666666666666
China,Xian,1952,11.520416666666668
China,Xian,1953,12.03075
China,Xian,1954,11.159833333333333
China,Xian,1955,11.704666666666668
China,Xian,1956,11.064333333333332
China,Xian,1957,11.580499999999999
China,Xian,1958,11.65125
China,Xian,1959,11.921750000000001
China,Xian,1960,11.891083333333334
China,Xian,1961,12.025166666666665
China,Xian,1962,11.700000000000001
China,Xian,1963,11.48075
China,Xian,1964,11.182
China,Xian,1965,11.818083333333334
China,Xian,1966,12.1595
China,Xian,1967,10.957749999999999
China,Xian,1968,11.514916666666666
China,Xian,1969,11.471833333333334
China,Xian,1970,11.358166666666667
China,Xian,1971,11.519333333333334
China,Xian,1972,11.50775
China,Xian,1973,12.226666666666667
China,Xian,1974,11.412166666666666
China,Xian,1975,11.54575
China,Xian,1976,10.988083333333334
China,Xian,1977,12.035416666666668
China,Xian,1978,12.114166666666668
China,Xian,1979,12.051583333333333
China,Xian,1980,11.450916666666666
China,Xian,1981,11.556583333333334
China,Xian,1982,11.65825
China,Xian,1983,11.321416666666666
China,Xian,1984,10.875
China,Xian,1985,11.317749999999998
China,Xian,1986,11.688166666666666
China,Xian,1987,12.262583333333334
China,Xian,1988,11.629416666666666
China,Xian,1989,11.483833333333335
China,Xian,1990,12.088999999999999
China,Xian,1991,11.787999999999998
China,Xian,1992,11.459416666666668
China,Xian,1993,11.16925
China,Xian,1994,12.141833333333333
China,Xian,1995,12.25325
China,Xian,1996,11.364333333333333
China,Xian,1997,12.501083333333334
China,Xian,1998,12.801833333333335
China,Xian,1999,12.695500000000001
China,Xian,2000,12.182
China,Xian,2001,12.431833333333332
China,Xian,2002,12.816
China,Xian,2003,11.89575
China,Xian,2004,12.494916666666667
China,Xian,2005,12.244750000000002
China,Xian,2006,12.990749999999998
China,Xian,2007,12.765833333333333
China,Xian,2008,12.128749999999998
China,Xian,2009,12.528416666666667
China,Xian,2010,12.58975
China,Xian,2011,12.075166666666668
China,Xian,2012,11.898166666666667
China,Xian,2013,14.459999999999999
Colombia,Bogotá,1900,20.135916666666667
Colombia,Bogotá,1901,19.814916666666665
Colombia,Bogotá,1902,19.937250000000002
Colombia,Bogotá,1903,19.941666666666666
Colombia,Bogotá,1904,19.4395
Colombia,Bogotá,1905,19.86283333333333
Colombia,Bogotá,1906,19.844083333333334
Colombia,Bogotá,1907,19.45175
Colombia,Bogotá,1908,19.46875
Colombia,Bogotá,1909,19.330583333333333
Colombia,Bogotá,1910,19.291083333333333
Colombia,Bogotá,1911,19.665166666666668
Colombia,Bogotá,1912,19.996750000000002
Colombia,Bogotá,1913,19.559916666666666
Colombia,Bogotá,1914,20.05425
Colombia,Bogotá,1915,20.301916666666667
Colombia,Bogotá,1916,19.64075
Colombia,Bogotá,1917,19.164083333333334
Colombia,Bogotá,1918,19.386916666666668
Colombia,Bogotá,1919,19.93225
Colombia,Bogotá,1920,19.839916666666667
Colombia,Bogotá,1921,19.671583333333334
Colombia,Bogotá,1922,19.826333333333334
Colombia,Bogotá,1923,19.6385
Colombia,Bogotá,1924,19.808083333333332
Colombia,Bogotá,1925,19.62066666666667
Colombia,Bogotá,1926,20.333833333333335
Colombia,Bogotá,1927,19.8255
Colombia,Bogotá,1928,19.86025
Colombia,Bogotá,1929,19.9315
Colombia,Bogotá,1930,20.03408333333333
Colombia,Bogotá,1931,20.287916666666668
Colombia,Bogotá,1932,19.892916666666668
Colombia,Bogotá,1933,19.71441666666667
Colombia,Bogotá,1934,19.618
Colombia,Bogotá,1935,19.819166666666668
Colombia,Bogotá,1936,20.131083333333333
Colombia,Bogotá,1937,20.1045
Colombia,Bogotá,1938,19.8775
Colombia,Bogotá,1939,20.2
Colombia,Bogotá,1940,20.595166666666668
Colombia,Bogotá,1941,20.756916666666665
Colombia,Bogotá,1942,20.361583333333332
Colombia,Bogotá,1943,19.740666666666666
Colombia,Bogotá,1944,19.982833333333335
Colombia,Bogotá,1945,20.202583333333333
Colombia,Bogotá,1946,20.24041666666667
Colombia,Bogotá,1947,20.323833333333337
Colombia,Bogotá,1948,20.40516666666667
Colombia,Bogotá,1949,20.18075
Colombia,Bogotá,1950,19.813833333333335
Colombia,Bogotá,1951,20.083083333333335
Colombia,Bogotá,1952,20.268416666666667
Colombia,Bogotá,1953,20.3855
Colombia,Bogotá,1954,19.955833333333334
Colombia,Bogotá,1955,19.7535
Colombia,Bogotá,1956,19.718333333333334
Colombia,Bogotá,1957,20.452583333333333
Colombia,Bogotá,1958,20.761166666666668
Colombia,Bogotá,1959,20.311833333333336
Colombia,Bogotá,1960,20.157166666666665
Colombia,Bogotá,1961,20.26425
Colombia,Bogotá,1962,20.15216666666667
Colombia,Bogotá,1963,20.317666666666668
Colombia,Bogotá,1964,20.159833333333335
Colombia,Bogotá,1965,20.353916666666667
Colombia,Bogotá,1966,20.400916666666667
Colombia,Bogotá,1967,20.035416666666666
Colombia,Bogotá,1968,19.990333333333332
Colombia,Bogotá,1969,20.428916666666666
Colombia,Bogotá,1970,20.214333333333332
Colombia,Bogotá,1971,19.77841666666667
Colombia,Bogotá,1972,20.435916666666667
Colombia,Bogotá,1973,20.459666666666667
Colombia,Bogotá,1974,19.8815
Colombia,Bogotá,1975,19.79975
Colombia,Bogotá,1976,20.16325
Colombia,Bogotá,1977,20.687333333333335
Colombia,Bogotá,1978,20.450416666666666
Colombia,Bogotá,1979,20.487666666666666
Colombia,Bogotá,1980,20.840416666666666
Colombia,Bogotá,1981,20.433583333333335
Colombia,Bogotá,1982,20.46375
Colombia,Bogotá,1983,20.990166666666667
Colombia,Bogotá,1984,20.02325
Colombia,Bogotá,1985,20.409166666666668
Colombia,Bogotá,1986,20.359583333333337
Colombia,Bogotá,1987,21.007416666666668
Colombia,Bogotá,1988,20.368833333333335
Colombia,Bogotá,1989,20.137583333333335
Colombia,Bogotá,1990,20.5485
Colombia,Bogotá,1991,20.5865
Colombia,Bogotá,1992,20.879083333333334
Colombia,Bogotá,1993,20.525166666666667
Colombia,Bogotá,1994,20.513083333333334
Colombia,Bogotá,1995,20.580250000000003
Colombia,Bogotá,1996,20.23325
Colombia,Bogotá,1997,21.00325
Colombia,Bogotá,1998,21.181166666666666
Colombia,Bogotá,1999,20.047416666666667
Colombia,Bogotá,2000,20.224416666666666
Colombia,Bogotá,2001,20.741583333333335
Colombia,Bogotá,2002,20.922416666666667
Colombia,Bogotá,2003,20.89966666666667
Colombia,Bogotá,2004,20.851
Colombia,Bogotá,2005,20.92291666666667
Colombia,Bogotá,2006,20.788
Colombia,Bogotá,2007,20.730916666666666
Colombia,Bogotá,2008,20.336666666666666
Colombia,Bogotá,2009,21.006916666666665
Colombia,Bogotá,2010,20.954250000000002
Colombia,Bogotá,2011,20.54425
Colombia,Bogotá,2012,20.751583333333333
Colombia,Bogotá,2013,21.016
Colombia,Cali,1900,21.923333333333332
Colombia,Cali,1901,21.541416666666667
Colombia,Cali,1902,21.684749999999998
Colombia,Cali,1903,21.72083333333333
Colombia,Cali,1904,21.21975
Colombia,Cali,1905,21.660916666666665
Colombia,Cali,1906,21.645083333333332
Colombia,Cali,1907,21.229
Colombia,Cali,1908,21.232
Colombia,Cali,1909,21.093166666666665
Colombia,Cali,1910,21.01
Colombia,Cali,1911,21.467583333333334
Colombia,Cali,1912,21.85575
Colombia,Cali,1913,21.361166666666666
Colombia,Cali,1914,21.876500000000004
Colombia,Cali,1915,22.063333333333333
Colombia,Cali,1916,21.430000000000003
Colombia,Cali,1917,20.943083333333334
Colombia,Cali,1918,21.206666666666667
Colombia,Cali,1919,21.733833333333333
Colombia,Cali,1920,21.681
Colombia,Cali,1921,21.515333333333334
Colombia,Cali,1922,21.6775
Colombia,Cali,1923,21.52125
Colombia,Cali,1924,21.59091666666667
Colombia,Cali,1925,21.443083333333334
Colombia,Cali,1926,22.099333333333334
Colombia,Cali,1927,21.638416666666668
Colombia,Cali,1928,21.698166666666665
Colombia,Cali,1929,21.758583333333334
Colombia,Cali,1930,21.8745
Colombia,Cali,1931,22.114
Colombia,Cali,1932,21.65575
Colombia,Cali,1933,21.41125
Colombia,Cali,1934,21.378833333333333
Colombia,Cali,1935,21.555666666666667
Colombia,Cali,1936,21.88925
Colombia,Cali,1937,21.79375
Colombia,Cali,1938,21.598166666666668
Colombia,Cali,1939,22.072999999999997
Colombia,Cali,1940,22.428749999999997
Colombia,Cali,1941,22.629666666666665
Colombia,Cali,1942,22.115083333333335
Colombia,Cali,1943,21.592583333333334
Colombia,Cali,1944,21.830416666666668
Colombia,Cali,1945,21.986583333333332
Colombia,Cali,1946,22.074833333333334
Colombia,Cali,1947,21.99116666666667
Colombia,Cali,1948,22.243583333333333
Colombia,Cali,1949,21.792833333333334
Colombia,Cali,1950,21.48991666666667
Colombia,Cali,1951,21.91475
Colombia,Cali,1952,22.039583333333336
Colombia,Cali,1953,22.138499999999997
Colombia,Cali,1954,21.772333333333336
Colombia,Cali,1955,21.54941666666667
Colombia,Cali,1956,21.510916666666663
Colombia,Cali,1957,22.32166666666667
Colombia,Cali,1958,22.506583333333335
Colombia,Cali,1959,22.149916666666666
Colombia,Cali,1960,21.938833333333335
Colombia,Cali,1961,22.016666666666666
Colombia,Cali,1962,21.825833333333335
Colombia,Cali,1963,22.112
Colombia,Cali,1964,21.89825
Colombia,Cali,1965,22.0575
Colombia,Cali,1966,22.142750000000003
Colombia,Cali,1967,21.84425
Colombia,Cali,1968,21.857583333333334
Colombia,Cali,1969,22.298583333333337
Colombia,Cali,1970,22.045
Colombia,Cali,1971,21.557916666666667
Colombia,Cali,1972,22.275333333333332
Colombia,Cali,1973,22.10383333333333
Colombia,Cali,1974,21.615416666666665
Colombia,Cali,1975,21.530833333333334
Colombia,Cali,1976,22.08366666666667
Colombia,Cali,1977,22.4145
Colombia,Cali,1978,22.2135
Colombia,Cali,1979,22.181083333333333
Colombia,Cali,1980,22.583083333333335
Colombia,Cali,1981,22.170333333333332
Colombia,Cali,1982,22.337333333333333
Colombia,Cali,1983,22.88383333333333
Colombia,Cali,1984,21.79516666666667
Colombia,Cali,1985,22.057000000000002
Colombia,Cali,1986,22.150583333333334
Colombia,Cali,1987,22.868083333333335
Colombia,Cali,1988,22.1545
Colombia,Cali,1989,22.046750000000003
Colombia,Cali,1990,22.400333333333332
Colombia,Cali,1991,22.530083333333334
Colombia,Cali,1992,22.668666666666667
Colombia,Cali,1993,22.289333333333335
Colombia,Cali,1994,22.328333333333333
Colombia,Cali,1995,22.270750000000003
Colombia,Cali,1996,22.073916666666666
Colombia,Cali,1997,22.901666666666667
Colombia,Cali,1998,23.07075
Colombia,Cali,1999,21.825666666666667
Colombia,Cali,2000,22.012
Colombia,Cali,2001,22.497416666666666
Colombia,Cali,2002,22.729833333333332
Colombia,Cali,2003,22.675666666666668
Colombia,Cali,2004,22.625500000000002
Colombia,Cali,2005,22.689833333333336
Colombia,Cali,2006,22.595166666666668
Colombia,Cali,2007,22.475666666666665
Colombia,Cali,2008,22.068166666666666
Colombia,Cali,2009,22.867333333333335
Colombia,Cali,2010,22.682833333333335
Colombia,Cali,2011,22.330000000000002
Colombia,Cali,2012,22.58475
Colombia,Cali,2013,22.854750000000003
Congo (Democratic Republic Of The),Kinshasa,1900,23.72566666666667
Congo (Democratic Republic Of The),Kinshasa,1901,23.988916666666668
Congo (Democratic Republic Of The),Kinshasa,1902,23.69
Congo (Democratic Republic Of The),Kinshasa,1903,23.632083333333338
Congo (Democratic Republic Of The),Kinshasa,1904,22.80333333333333
Congo (Democratic Republic Of The),Kinshasa,1905,23.52225
Congo (Democratic Republic Of The),Kinshasa,1906,23.394750000000002
Congo (Democratic Republic Of The),Kinshasa,1907,23.361500000000003
Congo (Democratic Republic Of The),Kinshasa,1908,23.377
Congo (Democratic Republic Of The),Kinshasa,1909,23.548916666666667
Congo (Democratic Republic Of The),Kinshasa,1910,23.493916666666667
Congo (Democratic Republic Of The),Kinshasa,1911,23.207000000000004
Congo (Democratic Republic Of The),Kinshasa,1912,24.119083333333336
Congo (Democratic Republic Of The),Kinshasa,1913,23.868666666666666
Congo (Democratic Republic Of The),Kinshasa,1914,23.736500000000003
Congo (Democratic Republic Of The),Kinshasa,1915,23.794666666666668
Congo (Democratic Republic Of The),Kinshasa,1916,23.961583333333333
Congo (Democratic Republic Of The),Kinshasa,1917,23.71475
Congo (Democratic Republic Of The),Kinshasa,1918,23.260833333333334
Congo (Democratic Republic Of The),Kinshasa,1919,23.40233333333333
Congo (Democratic Republic Of The),Kinshasa,1920,23.68116666666667
Congo (Democratic Republic Of The),Kinshasa,1921,23.954833333333337
Congo (Democratic Republic Of The),Kinshasa,1922,23.498416666666667
Congo (Democratic Republic Of The),Kinshasa,1923,23.541749999999997
Congo (Democratic Republic Of The),Kinshasa,1924,24.291583333333335
Congo (Democratic Republic Of The),Kinshasa,1925,23.660750000000004
Congo (Democratic Republic Of The),Kinshasa,1926,24.011916666666668
Congo (Democratic Republic Of The),Kinshasa,1927,24.024666666666665
Congo (Democratic Republic Of The),Kinshasa,1928,24.097916666666666
Congo (Democratic Republic Of The),Kinshasa,1929,23.647916666666664
Congo (Democratic Republic Of The),Kinshasa,1930,23.6515
Congo (Democratic Republic Of The),Kinshasa,1931,24.132166666666667
Congo (Democratic Republic Of The),Kinshasa,1932,23.70841666666667
Congo (Democratic Republic Of The),Kinshasa,1933,23.91541666666667
Congo (Democratic Republic Of The),Kinshasa,1934,24.27725
Congo (Democratic Republic Of The),Kinshasa,1935,24.11475
Congo (Democratic Republic Of The),Kinshasa,1936,23.9315
Congo (Democratic Republic Of The),Kinshasa,1937,24.244250000000005
Congo (Democratic Republic Of The),Kinshasa,1938,24.063916666666668
Congo (Democratic Republic Of The),Kinshasa,1939,23.75091666666667
Congo (Democratic Republic Of The),Kinshasa,1940,23.80791666666667
Congo (Democratic Republic Of The),Kinshasa,1941,24.33366666666667
Congo (Democratic Republic Of The),Kinshasa,1942,24.222916666666666
Congo (Democratic Republic Of The),Kinshasa,1943,23.80366666666667
Congo (Democratic Republic Of The),Kinshasa,1944,24.57375
Congo (Democratic Republic Of The),Kinshasa,1945,24.516000000000002
Congo (Democratic Republic Of The),Kinshasa,1946,24.000583333333335
Congo (Democratic Republic Of The),Kinshasa,1947,24.312833333333334
Congo (Democratic Republic Of The),Kinshasa,1948,24.016666666666666
Congo (Democratic Republic Of The),Kinshasa,1949,24.365750000000002
Congo (Democratic Republic Of The),Kinshasa,1950,23.947000000000003
Congo (Democratic Republic Of The),Kinshasa,1951,24.094833333333337
Congo (Democratic Republic Of The),Kinshasa,1952,24.137
Congo (Democratic Republic Of The),Kinshasa,1953,23.918666666666667
Congo (Democratic Republic Of The),Kinshasa,1954,23.607416666666666
Congo (Democratic Republic Of The),Kinshasa,1955,23.68733333333333
Congo (Democratic Republic Of The),Kinshasa,1956,23.79691666666667
Congo (Democratic Republic Of The),Kinshasa,1957,24.023666666666667
Congo (Democratic Republic Of The),Kinshasa,1958,24.05725
Congo (Democratic Republic Of The),Kinshasa,1959,23.987
Congo (Democratic Republic Of The),Kinshasa,1960,23.8245
Congo (Democratic Republic Of The),Kinshasa,1961,23.657916666666665
Congo (Democratic Republic Of The),Kinshasa,1962,23.941916666666668
Congo (Democratic Republic Of The),Kinshasa,1963,24.201666666666668
Congo (Democratic Republic Of The),Kinshasa,1964,23.852083333333336
Congo (Democratic Republic Of The),Kinshasa,1965,23.925749999999997
Congo (Democratic Republic Of The),Kinshasa,1966,24.19541666666667
Congo (Democratic Republic Of The),Kinshasa,1967,23.681250000000002
Congo (Democratic Republic Of The),Kinshasa,1968,23.802666666666667
Congo (Democratic Republic Of The),Kinshasa,1969,24.215666666666667
Congo (Democratic Republic Of The),Kinshasa,1970,24.083583333333333
Congo (Democratic Republic Of The),Kinshasa,1971,23.868
Congo (Democratic Republic Of The),Kinshasa,1972,23.96375
Congo (Democratic Republic Of The),Kinshasa,1973,24.318166666666666
Congo (Democratic Republic Of The),Kinshasa,1974,23.836583333333333
Congo (Democratic Republic Of The),Kinshasa,1975,23.820000000000004
Congo (Democratic Republic Of The),Kinshasa,1976,23.677000000000003
Congo (Democratic Republic Of The),Kinshasa,1977,24.109083333333334
Congo (Democratic Republic Of The),Kinshasa,1978,24.085833333333337
Congo (Democratic Republic Of The),Kinshasa,1979,24.335583333333336
Congo (Democratic Republic Of The),Kinshasa,1980,24.068749999999998
Congo (Democratic Republic Of The),Kinshasa,1981,24.084
Congo (Democratic Republic Of The),Kinshasa,1982,23.828833333333336
Congo (Democratic Republic Of The),Kinshasa,1983,24.133583333333334
Congo (Democratic Republic Of The),Kinshasa,1984,24.358833333333333
Congo (Democratic Republic Of The),Kinshasa,1985,24.088333333333335
Congo (Democratic Republic Of The),Kinshasa,1986,24.07825
Congo (Democratic Republic Of The),Kinshasa,1987,24.573833333333337
Congo (Democratic Republic Of The),Kinshasa,1988,24.449583333333333
Congo (Democratic Republic Of The),Kinshasa,1989,23.998
Congo (Democratic Republic Of The),Kinshasa,1990,23.96558333333333
Congo (Democratic Republic Of The),Kinshasa,1991,24.23975
Congo (Democratic Republic Of The),Kinshasa,1992,23.894166666666667
Congo (Democratic Republic Of The),Kinshasa,1993,24.30633333333333
Congo (Democratic Republic Of The),Kinshasa,1994,24.271333333333335
Congo (Democratic Republic Of The),Kinshasa,1995,24.368333333333336
Congo (Democratic Republic Of The),Kinshasa,1996,24.092250000000003
Congo (Democratic Republic Of The),Kinshasa,1997,24.332583333333332
Congo (Democratic Republic Of The),Kinshasa,1998,24.994416666666666
Congo (Democratic Republic Of The),Kinshasa,1999,24.335583333333332
Congo (Democratic Republic Of The),Kinshasa,2000,24.17816666666667
Congo (Democratic Republic Of The),Kinshasa,2001,24.250500000000002
Congo (Democratic Republic Of The),Kinshasa,2002,24.626500000000004
Congo (Democratic Republic Of The),Kinshasa,2003,24.636333333333337
Congo (Democratic Republic Of The),Kinshasa,2004,24.66433333333333
Congo (Democratic Republic Of The),Kinshasa,2005,24.705333333333332
Congo (Democratic Republic Of The),Kinshasa,2006,24.587166666666665
Congo (Democratic Republic Of The),Kinshasa,2007,24.5705
Congo (Democratic Republic Of The),Kinshasa,2008,24.51591666666667
Congo (Democratic Republic Of The),Kinshasa,2009,24.58175
Congo (Democratic Republic Of The),Kinshasa,2010,24.90341666666667
Congo (Democratic Republic Of The),Kinshasa,2011,24.1985
Congo (Democratic Republic Of The),Kinshasa,2012,24.2105
Congo (Democratic Republic Of The),Kinshasa,2013,24.408375
Côte D'Ivoire,Abidjan,1900,26.1185
Côte D'Ivoire,Abidjan,1901,25.91825
Côte D'Ivoire,Abidjan,1902,25.589416666666665
Côte D'Ivoire,Abidjan,1903,25.48175
Côte D'Ivoire,Abidjan,1904,25.23691666666667
Côte D'Ivoire,Abidjan,1905,25.783083333333334
Côte D'Ivoire,Abidjan,1906,26.07558333333333
Côte D'Ivoire,Abidjan,1907,25.685083333333335
Côte D'Ivoire,Abidjan,1908,25.79675
Côte D'Ivoire,Abidjan,1909,25.566083333333335
Côte D'Ivoire,Abidjan,1910,25.702166666666667
Côte D'Ivoire,Abidjan,1911,25.414749999999998
Côte D'Ivoire,Abidjan,1912,26.417
Côte D'Ivoire,Abidjan,1913,26.32575
Côte D'Ivoire,Abidjan,1914,26.27716666666667
Côte D'Ivoire,Abidjan,1915,26.28725
Côte D'Ivoire,Abidjan,1916,26.131916666666665
Côte D'Ivoire,Abidjan,1917,26.473333333333333
Côte D'Ivoire,Abidjan,1918,25.932666666666666
Côte D'Ivoire,Abidjan,1919,26.192583333333335
Côte D'Ivoire,Abidjan,1920,26.324166666666667
Côte D'Ivoire,Abidjan,1921,26.42025
Côte D'Ivoire,Abidjan,1922,26.229166666666668
Côte D'Ivoire,Abidjan,1923,25.962166666666665
Côte D'Ivoire,Abidjan,1924,26.092166666666667
Côte D'Ivoire,Abidjan,1925,26.091416666666664
Côte D'Ivoire,Abidjan,1926,26.793000000000003
Côte D'Ivoire,Abidjan,1927,26.23075
Côte D'Ivoire,Abidjan,1928,26.162916666666664
Côte D'Ivoire,Abidjan,1929,26.50066666666667
Côte D'Ivoire,Abidjan,1930,26.391416666666668
Côte D'Ivoire,Abidjan,1931,26.43641666666667
Côte D'Ivoire,Abidjan,1932,25.807333333333332
Côte D'Ivoire,Abidjan,1933,26.545749999999998
Côte D'Ivoire,Abidjan,1934,26.375083333333336
Côte D'Ivoire,Abidjan,1935,26.152083333333334
Côte D'Ivoire,Abidjan,1936,25.881666666666664
Côte D'Ivoire,Abidjan,1937,26.537583333333334
Côte D'Ivoire,Abidjan,1938,26.534583333333334
Côte D'Ivoire,Abidjan,1939,25.842333333333332
Côte D'Ivoire,Abidjan,1940,26.606083333333334
Côte D'Ivoire,Abidjan,1941,26.771416666666667
Côte D'Ivoire,Abidjan,1942,26.342250000000003
Côte D'Ivoire,Abidjan,1943,26.06425
Côte D'Ivoire,Abidjan,1944,26.556833333333334
Côte D'Ivoire,Abidjan,1945,26.515416666666667
Côte D'Ivoire,Abidjan,1946,26.250250000000005
Côte D'Ivoire,Abidjan,1947,26.371083333333335
Côte D'Ivoire,Abidjan,1948,26.147666666666666
Côte D'Ivoire,Abidjan,1949,26.506
Côte D'Ivoire,Abidjan,1950,26.19541666666667
Côte D'Ivoire,Abidjan,1951,26.324749999999998
Côte D'Ivoire,Abidjan,1952,26.2795
Côte D'Ivoire,Abidjan,1953,26.244416666666666
Côte D'Ivoire,Abidjan,1954,26.011083333333332
Côte D'Ivoire,Abidjan,1955,26.027833333333334
Côte D'Ivoire,Abidjan,1956,25.895166666666668
Côte D'Ivoire,Abidjan,1957,26.276749999999996
Côte D'Ivoire,Abidjan,1958,26.18641666666667
Côte D'Ivoire,Abidjan,1959,26.386499999999998
Côte D'Ivoire,Abidjan,1960,26.363833333333332
Côte D'Ivoire,Abidjan,1961,26.252750000000002
Côte D'Ivoire,Abidjan,1962,26.185083333333335
Côte D'Ivoire,Abidjan,1963,26.551916666666667
Côte D'Ivoire,Abidjan,1964,25.959999999999997
Côte D'Ivoire,Abidjan,1965,25.97425
Côte D'Ivoire,Abidjan,1966,26.447583333333338
Côte D'Ivoire,Abidjan,1967,26.05116666666667
Côte D'Ivoire,Abidjan,1968,26.28791666666667
Côte D'Ivoire,Abidjan,1969,26.54575
Côte D'Ivoire,Abidjan,1970,26.511
Côte D'Ivoire,Abidjan,1971,26.10466666666667
Côte D'Ivoire,Abidjan,1972,26.282750000000004
Côte D'Ivoire,Abidjan,1973,26.80333333333333
Côte D'Ivoire,Abidjan,1974,26.212166666666665
Côte D'Ivoire,Abidjan,1975,26.118416666666665
Côte D'Ivoire,Abidjan,1976,25.841916666666666
Côte D'Ivoire,Abidjan,1977,26.40025
Côte D'Ivoire,Abidjan,1978,26.161916666666666
Côte D'Ivoire,Abidjan,1979,26.665666666666667
Côte D'Ivoire,Abidjan,1980,26.47075
Côte D'Ivoire,Abidjan,1981,26.425416666666667
Côte D'Ivoire,Abidjan,1982,26.17125
Côte D'Ivoire,Abidjan,1983,26.662916666666664
Côte D'Ivoire,Abidjan,1984,26.635083333333338
Côte D'Ivoire,Abidjan,1985,26.296083333333332
Côte D'Ivoire,Abidjan,1986,26.35375
Côte D'Ivoire,Abidjan,1987,27.261166666666668
Côte D'Ivoire,Abidjan,1988,26.783666666666665
Côte D'Ivoire,Abidjan,1989,26.649666666666665
Côte D'Ivoire,Abidjan,1990,26.59925
Côte D'Ivoire,Abidjan,1991,26.517583333333334
Côte D'Ivoire,Abidjan,1992,26.36425
Côte D'Ivoire,Abidjan,1993,26.56175
Côte D'Ivoire,Abidjan,1994,26.566833333333335
Côte D'Ivoire,Abidjan,1995,26.87483333333333
Côte D'Ivoire,Abidjan,1996,26.583333333333332
Côte D'Ivoire,Abidjan,1997,26.539916666666667
Côte D'Ivoire,Abidjan,1998,27.16333333333333
Côte D'Ivoire,Abidjan,1999,26.696250000000003
Côte D'Ivoire,Abidjan,2000,26.753083333333336
Côte D'Ivoire,Abidjan,2001,26.693583333333333
Côte D'Ivoire,Abidjan,2002,26.840999999999998
Côte D'Ivoire,Abidjan,2003,27.050666666666668
Côte D'Ivoire,Abidjan,2004,26.986
Côte D'Ivoire,Abidjan,2005,26.976583333333334
Côte D'Ivoire,Abidjan,2006,26.988083333333336
Côte D'Ivoire,Abidjan,2007,27.006833333333333
Côte D'Ivoire,Abidjan,2008,26.9445
Côte D'Ivoire,Abidjan,2009,26.982
Côte D'Ivoire,Abidjan,2010,27.44541666666667
Côte D'Ivoire,Abidjan,2011,27.017583333333334
Côte D'Ivoire,Abidjan,2012,26.766333333333336
Côte D'Ivoire,Abidjan,2013,27.2285
Dominican Republic,Santo Domingo,1900,26.163
Dominican Republic,Santo Domingo,1901,26.04625
Dominican Republic,Santo Domingo,1902,25.809
Dominican Republic,Santo Domingo,1903,25.892666666666667
Dominican Republic,Santo Domingo,1904,25.368083333333335
Dominican Republic,Santo Domingo,1905,26.002499999999998
Dominican Republic,Santo Domingo,1906,25.84883333333333
Dominican Republic,Santo Domingo,1907,25.517916666666665
Dominican Republic,Santo Domingo,1908,25.693416666666668
Dominican Republic,Santo Domingo,1909,25.577333333333332
Dominican Republic,Santo Domingo,1910,25.473833333333335
Dominican Republic,Santo Domingo,1911,25.732083333333335
Dominican Republic,Santo Domingo,1912,25.88591666666667
Dominican Republic,Santo Domingo,1913,25.411833333333334
Dominican Republic,Santo Domingo,1914,25.912499999999998
Dominican Republic,Santo Domingo,1915,26.224999999999998
Dominican Republic,Santo Domingo,1916,25.621750000000002
Dominican Republic,Santo Domingo,1917,25.300916666666666
Dominican Republic,Santo Domingo,1918,25.50825
Dominican Republic,Santo Domingo,1919,25.995500000000003
Dominican Republic,Santo Domingo,1920,25.898416666666666
Dominican Republic,Santo Domingo,1921,25.59425
Dominican Republic,Santo Domingo,1922,25.437416666666667
Dominican Republic,Santo Domingo,1923,25.681
Dominican Republic,Santo Domingo,1924,26.06075
Dominican Republic,Santo Domingo,1925,25.735833333333332
Dominican Republic,Santo Domingo,1926,26.245500000000003
Dominican Republic,Santo Domingo,1927,26.080833333333334
Dominican Republic,Santo Domingo,1928,26.086916666666667
Dominican Republic,Santo Domingo,1929,25.855416666666667
Dominican Republic,Santo Domingo,1930,25.981333333333335
Dominican Republic,Santo Domingo,1931,26.288666666666668
Dominican Republic,Santo Domingo,1932,26.122500000000002
Dominican Republic,Santo Domingo,1933,25.913833333333333
Dominican Republic,Santo Domingo,1934,25.809
Dominican Republic,Santo Domingo,1935,25.682166666666664
Dominican Republic,Santo Domingo,1936,26.04341666666667
Dominican Republic,Santo Domingo,1937,26.096249999999998
Dominican Republic,Santo Domingo,1938,25.793500000000005
Dominican Republic,Santo Domingo,1939,25.863666666666663
Dominican Republic,Santo Domingo,1940,26.36766666666667
Dominican Republic,Santo Domingo,1941,26.492500000000003
Dominican Republic,Santo Domingo,1942,26.485416666666666
Dominican Republic,Santo Domingo,1943,26.0385
Dominican Republic,Santo Domingo,1944,25.9875
Dominican Republic,Santo Domingo,1945,25.75991666666667
Dominican Republic,Santo Domingo,1946,25.913416666666667
Dominican Republic,Santo Domingo,1947,26.37575
Dominican Republic,Santo Domingo,1948,26.395916666666665
Dominican Republic,Santo Domingo,1949,25.9445
Dominican Republic,Santo Domingo,1950,25.664749999999998
Dominican Republic,Santo Domingo,1951,26.00266666666667
Dominican Republic,Santo Domingo,1952,26.420416666666668
Dominican Republic,Santo Domingo,1953,26.434
Dominican Republic,Santo Domingo,1954,26.036583333333336
Dominican Republic,Santo Domingo,1955,25.86283333333333
Dominican Republic,Santo Domingo,1956,25.846083333333336
Dominican Republic,Santo Domingo,1957,26.344583333333333
Dominican Republic,Santo Domingo,1958,26.617333333333335
Dominican Republic,Santo Domingo,1959,26.457583333333336
Dominican Republic,Santo Domingo,1960,26.475250000000003
Dominican Republic,Santo Domingo,1961,26.074333333333332
Dominican Republic,Santo Domingo,1962,26.1285
Dominican Republic,Santo Domingo,1963,26.323916666666666
Dominican Republic,Santo Domingo,1964,26.300666666666668
Dominican Republic,Santo Domingo,1965,25.947833333333335
Dominican Republic,Santo Domingo,1966,26.159166666666668
Dominican Republic,Santo Domingo,1967,26.128249999999998
Dominican Republic,Santo Domingo,1968,26.133750000000003
Dominican Republic,Santo Domingo,1969,26.576916666666666
Dominican Republic,Santo Domingo,1970,26.157833333333333
Dominican Republic,Santo Domingo,1971,25.85591666666667
Dominican Republic,Santo Domingo,1972,26.0685
Dominican Republic,Santo Domingo,1973,26.34658333333333
Dominican Republic,Santo Domingo,1974,25.866500000000002
Dominican Republic,Santo Domingo,1975,26.018416666666667
Dominican Republic,Santo Domingo,1976,25.812250000000002
Dominican Republic,Santo Domingo,1977,26.399
Dominican Republic,Santo Domingo,1978,26.395916666666665
Dominican Republic,Santo Domingo,1979,26.29125
Dominican Republic,Santo Domingo,1980,26.816666666666666
Dominican Republic,Santo Domingo,1981,26.624666666666666
Dominican Republic,Santo Domingo,1982,26.333
Dominican Republic,Santo Domingo,1983,26.668000000000003
Dominican Republic,Santo Domingo,1984,26.130333333333336
Dominican Republic,Santo Domingo,1985,26.164083333333334
Dominican Republic,Santo Domingo,1986,26.292916666666667
Dominican Republic,Santo Domingo,1987,26.814000000000004
Dominican Republic,Santo Domingo,1988,26.483166666666666
Dominican Republic,Santo Domingo,1989,26.266833333333334
Dominican Republic,Santo Domingo,1990,26.607166666666668
Dominican Republic,Santo Domingo,1991,26.42675
Dominican Republic,Santo Domingo,1992,26.399333333333335
Dominican Republic,Santo Domingo,1993,26.384249999999998
Dominican Republic,Santo Domingo,1994,26.641000000000002
Dominican Republic,Santo Domingo,1995,26.778750000000002
Dominican Republic,Santo Domingo,1996,26.309583333333336
Dominican Republic,Santo Domingo,1997,27.005583333333334
Dominican Republic,Santo Domingo,1998,27.136333333333337
Dominican Republic,Santo Domingo,1999,26.620333333333335
Dominican Republic,Santo Domingo,2000,26.34691666666667
Dominican Republic,Santo Domingo,2001,26.79825
Dominican Republic,Santo Domingo,2002,27.051000000000002
Dominican Republic,Santo Domingo,2003,27.09175
Dominican Republic,Santo Domingo,2004,26.70741666666667
Dominican Republic,Santo Domingo,2005,26.904583333333335
Dominican Republic,Santo Domingo,2006,27.080833333333334
Dominican Republic,Santo Domingo,2007,27.12091666666667
Dominican Republic,Santo Domingo,2008,26.56266666666667
Dominican Republic,Santo Domingo,2009,26.883666666666667
Dominican Republic,Santo Domingo,2010,27.012083333333333
Dominican Republic,Santo Domingo,2011,26.6635
Dominican Republic,Santo Domingo,2012,26.839416666666665
Dominican Republic,Santo Domingo,2013,26.884
Egypt,Alexandria,1900,20.726833333333335
Egypt,Alexandria,1901,20.88525
Egypt,Alexandria,1902,20.41075
Egypt,Alexandria,1903,19.585416666666667
Egypt,Alexandria,1904,19.778583333333334
Egypt,Alexandria,1905,19.902916666666666
Egypt,Alexandria,1906,20.145500000000002
Egypt,Alexandria,1907,19.470666666666666
Egypt,Alexandria,1908,19.39525
Egypt,Alexandria,1909,20.40075
Egypt,Alexandria,1910,19.61625
Egypt,Alexandria,1911,19.731083333333334
Egypt,Alexandria,1912,19.885833333333334
Egypt,Alexandria,1913,19.652833333333334
Egypt,Alexandria,1914,19.923083333333334
Egypt,Alexandria,1915,20.6445
Egypt,Alexandria,1916,20.860333333333333
Egypt,Alexandria,1917,20.254416666666668
Egypt,Alexandria,1918,20.577916666666667
Egypt,Alexandria,1919,20.375
Egypt,Alexandria,1920,19.921666666666667
Egypt,Alexandria,1921,19.966833333333334
Egypt,Alexandria,1922,20.60525
Egypt,Alexandria,1923,20.656833333333335
Egypt,Alexandria,1924,20.822916666666668
Egypt,Alexandria,1925,20.481333333333335
Egypt,Alexandria,1926,20.47191666666667
Egypt,Alexandria,1927,20.957916666666666
Egypt,Alexandria,1928,20.795833333333334
Egypt,Alexandria,1929,20.20841666666667
Egypt,Alexandria,1930,20.813
Egypt,Alexandria,1931,20.687416666666667
Egypt,Alexandria,1932,20.5515
Egypt,Alexandria,1933,20.074333333333332
Egypt,Alexandria,1934,20.530916666666666
Egypt,Alexandria,1935,20.684749999999998
Egypt,Alexandria,1936,20.937
Egypt,Alexandria,1937,20.956916666666668
Egypt,Alexandria,1938,20.121583333333334
Egypt,Alexandria,1939,20.945583333333335
Egypt,Alexandria,1940,20.55666666666667
Egypt,Alexandria,1941,20.87816666666667
Egypt,Alexandria,1942,20.61225
Egypt,Alexandria,1943,20.592666666666666
Egypt,Alexandria,1944,20.480166666666666
Egypt,Alexandria,1945,20.119083333333332
Egypt,Alexandria,1946,20.8895
Egypt,Alexandria,1947,21.037833333333335
Egypt,Alexandria,1948,19.957083333333333
Egypt,Alexandria,1949,19.70825
Egypt,Alexandria,1950,20.57225
Egypt,Alexandria,1951,20.828083333333336
Egypt,Alexandria,1952,20.840833333333332
Egypt,Alexandria,1953,20.107166666666668
Egypt,Alexandria,1954,20.431166666666666
Egypt,Alexandria,1955,21.2315
Egypt,Alexandria,1956,20.453083333333336
Egypt,Alexandria,1957,20.563583333333334
Egypt,Alexandria,1958,20.917166666666667
Egypt,Alexandria,1959,20.109916666666667
Egypt,Alexandria,1960,21.367166666666666
Egypt,Alexandria,1961,20.348083333333335
Egypt,Alexandria,1962,21.125083333333333
Egypt,Alexandria,1963,21.09575
Egypt,Alexandria,1964,20.2175
Egypt,Alexandria,1965,20.51725
Egypt,Alexandria,1966,21.082
Egypt,Alexandria,1967,20.110333333333333
Egypt,Alexandria,1968,20.631666666666668
Egypt,Alexandria,1969,20.751583333333333
Egypt,Alexandria,1970,20.641333333333332
Egypt,Alexandria,1971,20.509666666666668
Egypt,Alexandria,1972,20.704166666666666
Egypt,Alexandria,1973,20.53725
Egypt,Alexandria,1974,20.554166666666667
Egypt,Alexandria,1975,20.449333333333332
Egypt,Alexandria,1976,20.216333333333335
Egypt,Alexandria,1977,20.63716666666667
Egypt,Alexandria,1978,20.61325
Egypt,Alexandria,1979,21.0655
Egypt,Alexandria,1980,20.4425
Egypt,Alexandria,1981,20.59725
Egypt,Alexandria,1982,20.162833333333335
Egypt,Alexandria,1983,19.86975
Egypt,Alexandria,1984,20.505333333333333
Egypt,Alexandria,1985,20.843666666666667
Egypt,Alexandria,1986,20.59
Egypt,Alexandria,1987,20.21441666666667
Egypt,Alexandria,1988,20.633083333333335
Egypt,Alexandria,1989,20.459166666666665
Egypt,Alexandria,1990,20.730833333333333
Egypt,Alexandria,1991,20.63925
Egypt,Alexandria,1992,20.090416666666666
Egypt,Alexandria,1993,20.74
Egypt,Alexandria,1994,21.096416666666666
Egypt,Alexandria,1995,20.624
Egypt,Alexandria,1996,20.851166666666668
Egypt,Alexandria,1997,20.516416666666668
Egypt,Alexandria,1998,21.29375
Egypt,Alexandria,1999,21.461000000000002
Egypt,Alexandria,2000,20.7445
Egypt,Alexandria,2001,21.454583333333332
Egypt,Alexandria,2002,21.456166666666665
Egypt,Alexandria,2003,21.221416666666666
Egypt,Alexandria,2004,21.064166666666665
Egypt,Alexandria,2005,21.082333333333334
Egypt,Alexandria,2006,21.148166666666665
Egypt,Alexandria,2007,21.50775
Egypt,Alexandria,2008,21.739
Egypt,Alexandria,2009,21.6705
Egypt,Alexandria,2010,22.45958333333333
Egypt,Alexandria,2011,21.1815
Egypt,Alexandria,2012,21.55258333333333
Egypt,Alexandria,2013,21.4385
Egypt,Cairo,1900,21.574166666666667
Egypt,Cairo,1901,21.893833333333333
Egypt,Cairo,1902,21.35575
Egypt,Cairo,1903,20.385
Egypt,Cairo,1904,20.608666666666668
Egypt,Cairo,1905,21.02625
Egypt,Cairo,1906,21.24116666666667
Egypt,Cairo,1907,20.452416666666668
Egypt,Cairo,1908,20.367416666666667
Egypt,Cairo,1909,21.403666666666666
Egypt,Cairo,1910,20.647833333333335
Egypt,Cairo,1911,20.77825
Egypt,Cairo,1912,20.785333333333334
Egypt,Cairo,1913,20.404083333333332
Egypt,Cairo,1914,20.964833333333335
Egypt,Cairo,1915,21.574083333333334
Egypt,Cairo,1916,21.730999999999998
Egypt,Cairo,1917,21.123
Egypt,Cairo,1918,21.434
Egypt,Cairo,1919,21.425833333333333
Egypt,Cairo,1920,20.72341666666667
Egypt,Cairo,1921,20.732583333333334
Egypt,Cairo,1922,21.393416666666667
Egypt,Cairo,1923,21.3895
Egypt,Cairo,1924,21.61125
Egypt,Cairo,1925,21.36975
Egypt,Cairo,1926,21.219
Egypt,Cairo,1927,21.759
Egypt,Cairo,1928,21.717250000000003
Egypt,Cairo,1929,21.06825
Egypt,Cairo,1930,21.732916666666668
Egypt,Cairo,1931,21.603083333333334
Egypt,Cairo,1932,21.428
Egypt,Cairo,1933,21.243666666666666
Egypt,Cairo,1934,21.524333333333335
Egypt,Cairo,1935,21.613249999999997
Egypt,Cairo,1936,21.99925
Egypt,Cairo,1937,21.822083333333335
Egypt,Cairo,1938,20.923583333333333
Egypt,Cairo,1939,21.854416666666665
Egypt,Cairo,1940,21.590833333333332
Egypt,Cairo,1941,21.761583333333334
Egypt,Cairo,1942,21.586333333333332
Egypt,Cairo,1943,21.3455
Egypt,Cairo,1944,21.40133333333333
Egypt,Cairo,1945,20.832833333333333
Egypt,Cairo,1946,21.756333333333334
Egypt,Cairo,1947,21.942999999999998
Egypt,Cairo,1948,20.88025
Egypt,Cairo,1949,20.678333333333335
Egypt,Cairo,1950,21.527416666666667
Egypt,Cairo,1951,21.824833333333334
Egypt,Cairo,1952,21.922583333333336
Egypt,Cairo,1953,21.167833333333334
Egypt,Cairo,1954,21.445333333333334
Egypt,Cairo,1955,22.101
Egypt,Cairo,1956,21.47883333333333
Egypt,Cairo,1957,21.486500000000003
Egypt,Cairo,1958,21.854333333333333
Egypt,Cairo,1959,20.978333333333335
Egypt,Cairo,1960,22.295416666666668
Egypt,Cairo,1961,21.139083333333335
Egypt,Cairo,1962,22.114
Egypt,Cairo,1963,22.093
Egypt,Cairo,1964,21.07225
Egypt,Cairo,1965,21.52175
Egypt,Cairo,1966,22.103333333333335
Egypt,Cairo,1967,20.918916666666668
Egypt,Cairo,1968,21.481166666666667
Egypt,Cairo,1969,21.87925
Egypt,Cairo,1970,21.528499999999998
Egypt,Cairo,1971,21.410916666666665
Egypt,Cairo,1972,21.566833333333335
Egypt,Cairo,1973,21.42425
Egypt,Cairo,1974,21.547583333333336
Egypt,Cairo,1975,21.35291666666667
Egypt,Cairo,1976,21.281000000000002
Egypt,Cairo,1977,21.571250000000003
Egypt,Cairo,1978,21.66633333333333
Egypt,Cairo,1979,22.055666666666667
Egypt,Cairo,1980,21.517
Egypt,Cairo,1981,21.418916666666664
Egypt,Cairo,1982,21.035416666666666
Egypt,Cairo,1983,20.746333333333336
Egypt,Cairo,1984,21.320416666666667
Egypt,Cairo,1985,21.721333333333334
Egypt,Cairo,1986,21.519166666666667
Egypt,Cairo,1987,21.243583333333333
Egypt,Cairo,1988,21.65116666666667
Egypt,Cairo,1989,21.427583333333335
Egypt,Cairo,1990,21.599500000000003
Egypt,Cairo,1991,21.6515
Egypt,Cairo,1992,21.111166666666666
Egypt,Cairo,1993,21.786833333333334
Egypt,Cairo,1994,22.021333333333335
Egypt,Cairo,1995,21.564833333333336
Egypt,Cairo,1996,21.878666666666664
Egypt,Cairo,1997,21.454833333333337
Egypt,Cairo,1998,22.362666666666666
Egypt,Cairo,1999,22.278499999999998
Egypt,Cairo,2000,21.486166666666666
Egypt,Cairo,2001,22.330833333333334
Egypt,Cairo,2002,22.414083333333334
Egypt,Cairo,2003,22.1705
Egypt,Cairo,2004,22.081916666666668
Egypt,Cairo,2005,22.006500000000003
Egypt,Cairo,2006,22.05
Egypt,Cairo,2007,22.361
Egypt,Cairo,2008,22.644499999999997
Egypt,Cairo,2009,22.625
Egypt,Cairo,2010,23.71825
Egypt,Cairo,2011,21.98691666666667
Egypt,Cairo,2012,22.48425
Egypt,Cairo,2013,22.907
Egypt,Gizeh,1900,21.574166666666667
Egypt,Gizeh,1901,21.893833333333333
Egypt,Gizeh,1902,21.35575
Egypt,Gizeh,1903,20.385
Egypt,Gizeh,1904,20.608666666666668
Egypt,Gizeh,1905,21.02625
Egypt,Gizeh,1906,21.24116666666667
Egypt,Gizeh,1907,20.452416666666668
Egypt,Gizeh,1908,20.367416666666667
Egypt,Gizeh,1909,21.403666666666666
Egypt,Gizeh,1910,20.647833333333335
Egypt,Gizeh,1911,20.77825
Egypt,Gizeh,1912,20.785333333333334
Egypt,Gizeh,1913,20.404083333333332
Egypt,Gizeh,1914,20.964833333333335
Egypt,Gizeh,1915,21.574083333333334
Egypt,Gizeh,1916,21.730999999999998
Egypt,Gizeh,1917,21.123
Egypt,Gizeh,1918,21.434
Egypt,Gizeh,1919,21.425833333333333
Egypt,Gizeh,1920,20.72341666666667
Egypt,Gizeh,1921,20.732583333333334
Egypt,Gizeh,1922,21.393416666666667
Egypt,Gizeh,1923,21.3895
Egypt,Gizeh,1924,21.61125
Egypt,Gizeh,1925,21.36975
Egypt,Gizeh,1926,21.219
Egypt,Gizeh,1927,21.759
Egypt,Gizeh,1928,21.717250000000003
Egypt,Gizeh,1929,21.06825
Egypt,Gizeh,1930,21.732916666666668
Egypt,Gizeh,1931,21.603083333333334
Egypt,Gizeh,1932,21.428
Egypt,Gizeh,1933,21.243666666666666
Egypt,Gizeh,1934,21.524333333333335
Egypt,Gizeh,1935,21.613249999999997
Egypt,Gizeh,1936,21.99925
Egypt,Gizeh,1937,21.822083333333335
Egypt,Gizeh,1938,20.923583333333333
Egypt,Gizeh,1939,21.854416666666665
Egypt,Gizeh,1940,21.590833333333332
Egypt,Gizeh,1941,21.761583333333334
Egypt,Gizeh,1942,21.586333333333332
Egypt,Gizeh,1943,21.3455
Egypt,Gizeh,1944,21.40133333333333
Egypt,Gizeh,1945,20.832833333333333
Egypt,Gizeh,1946,21.756333333333334
Egypt,Gizeh,1947,21.942999999999998
Egypt,Gizeh,1948,20.88025
Egypt,Gizeh,1949,20.678333333333335
Egypt,Gizeh,1950,21.527416666666667
Egypt,Gizeh,1951,21.824833333333334
Egypt,Gizeh,1952,21.922583333333336
Egypt,Gizeh,1953,21.167833333333334
Egypt,Gizeh,1954,21.445333333333334
Egypt,Gizeh,1955,22.101
Egypt,Gizeh,1956,21.47883333333333
Egypt,Gizeh,1957,21.486500000000003
Egypt,Gizeh,1958,21.854333333333333
Egypt,Gizeh,1959,20.978333333333335
Egypt,Gizeh,1960,22.295416666666668
Egypt,Gizeh,1961,21.139083333333335
Egypt,Gizeh,1962,22.114
Egypt,Gizeh,1963,22.093
Egypt,Gizeh,1964,21.07225
Egypt,Gizeh,1965,21.52175
Egypt,Gizeh,1966,22.103333333333335
Egypt,Gizeh,1967,20.918916666666668
Egypt,Gizeh,1968,21.481166666666667
Egypt,Gizeh,1969,21.87925
Egypt,Gizeh,1970,21.528499999999998
Egypt,Gizeh,1971,21.410916666666665
Egypt,Gizeh,1972,21.566833333333335
Egypt,Gizeh,1973,21.42425
Egypt,Gizeh,1974,21.547583333333336
Egypt,Gizeh,1975,21.35291666666667
Egypt,Gizeh,1976,21.281000000000002
Egypt,Gizeh,1977,21.571250000000003
Egypt,Gizeh,1978,21.66633333333333
Egypt,Gizeh,1979,22.055666666666667
Egypt,Gizeh,1980,21.517
Egypt,Gizeh,1981,21.418916666666664
Egypt,Gizeh,1982,21.035416666666666
Egypt,Gizeh,1983,20.746333333333336
Egypt,Gizeh,1984,21.320416666666667
Egypt,Gizeh,1985,21.721333333333334
Egypt,Gizeh,1986,21.519166666666667
Egypt,Gizeh,1987,21.243583333333333
Egypt,Gizeh,1988,21.65116666666667
Egypt,Gizeh,1989,21.427583333333335
Egypt,Gizeh,1990,21.599500000000003
Egypt,Gizeh,1991,21.6515
Egypt,Gizeh,1992,21.111166666666666
Egypt,Gizeh,1993,21.786833333333334
Egypt,Gizeh,1994,22.021333333333335
Egypt,Gizeh,1995,21.564833333333336
Egypt,Gizeh,1996,21.878666666666664
Egypt,Gizeh,1997,21.454833333333337
Egypt,Gizeh,1998,22.362666666666666
Egypt,Gizeh,1999,22.278499999999998
Egypt,Gizeh,2000,21.486166666666666
Egypt,Gizeh,2001,22.330833333333334
Egypt,Gizeh,2002,22.414083333333334
Egypt,Gizeh,2003,22.1705
Egypt,Gizeh,2004,22.081916666666668
Egypt,Gizeh,2005,22.006500000000003
Egypt,Gizeh,2006,22.05
Egypt,Gizeh,2007,22.361
Egypt,Gizeh,2008,22.644499999999997
Egypt,Gizeh,2009,22.625
Egypt,Gizeh,2010,23.71825
Egypt,Gizeh,2011,21.98691666666667
Egypt,Gizeh,2012,22.48425
Egypt,Gizeh,2013,22.907
Ethiopia,Addis Abeba,1900,17.31141666666667
Ethiopia,Addis Abeba,1901,17.611250000000002
Ethiopia,Addis Abeba,1902,17.224666666666668
Ethiopia,Addis Abeba,1903,17.1375
Ethiopia,Addis Abeba,1904,17.20025
Ethiopia,Addis Abeba,1905,17.18766666666667
Ethiopia,Addis Abeba,1906,17.113833333333336
Ethiopia,Addis Abeba,1907,16.831583333333334
Ethiopia,Addis Abeba,1908,17.16375
Ethiopia,Addis Abeba,1909,16.743166666666667
Ethiopia,Addis Abeba,1910,17.579166666666666
Ethiopia,Addis Abeba,1911,17.515
Ethiopia,Addis Abeba,1912,17.048583333333333
Ethiopia,Addis Abeba,1913,16.868833333333335
Ethiopia,Addis Abeba,1914,17.81716666666667
Ethiopia,Addis Abeba,1915,17.866666666666664
Ethiopia,Addis Abeba,1916,16.99025
Ethiopia,Addis Abeba,1917,16.66875
Ethiopia,Addis Abeba,1918,16.944916666666668
Ethiopia,Addis Abeba,1919,17.84725
Ethiopia,Addis Abeba,1920,17.33275
Ethiopia,Addis Abeba,1921,17.218333333333334
Ethiopia,Addis Abeba,1922,16.98725
Ethiopia,Addis Abeba,1923,16.945833333333333
Ethiopia,Addis Abeba,1924,17.377333333333333
Ethiopia,Addis Abeba,1925,17.234416666666664
Ethiopia,Addis Abeba,1926,17.414666666666665
Ethiopia,Addis Abeba,1927,17.3875
Ethiopia,Addis Abeba,1928,17.276833333333332
Ethiopia,Addis Abeba,1929,17.377333333333333
Ethiopia,Addis Abeba,1930,17.51575
Ethiopia,Addis Abeba,1931,17.822
Ethiopia,Addis Abeba,1932,17.187416666666667
Ethiopia,Addis Abeba,1933,17.65641666666667
Ethiopia,Addis Abeba,1934,17.378666666666668
Ethiopia,Addis Abeba,1935,17.614916666666666
Ethiopia,Addis Abeba,1936,17.36283333333333
Ethiopia,Addis Abeba,1937,17.521416666666667
Ethiopia,Addis Abeba,1938,17.52825
Ethiopia,Addis Abeba,1939,17.648166666666665
Ethiopia,Addis Abeba,1940,17.847583333333333
Ethiopia,Addis Abeba,1941,18.013166666666667
Ethiopia,Addis Abeba,1942,17.792583333333333
Ethiopia,Addis Abeba,1943,17.500083333333333
Ethiopia,Addis Abeba,1944,17.671333333333333
Ethiopia,Addis Abeba,1945,17.689916666666665
Ethiopia,Addis Abeba,1946,17.6775
Ethiopia,Addis Abeba,1947,17.791666666666668
Ethiopia,Addis Abeba,1948,17.296166666666668
Ethiopia,Addis Abeba,1949,17.291916666666665
Ethiopia,Addis Abeba,1950,17.080166666666667
Ethiopia,Addis Abeba,1951,17.397166666666667
Ethiopia,Addis Abeba,1952,17.787833333333335
Ethiopia,Addis Abeba,1953,17.795083333333334
Ethiopia,Addis Abeba,1954,17.511416666666666
Ethiopia,Addis Abeba,1955,17.554916666666667
Ethiopia,Addis Abeba,1956,17.133
Ethiopia,Addis Abeba,1957,17.421
Ethiopia,Addis Abeba,1958,17.837666666666667
Ethiopia,Addis Abeba,1959,17.777833333333334
Ethiopia,Addis Abeba,1960,17.428583333333332
Ethiopia,Addis Abeba,1961,17.303
Ethiopia,Addis Abeba,1962,17.385749999999998
Ethiopia,Addis Abeba,1963,17.696416666666668
Ethiopia,Addis Abeba,1964,17.456333333333333
Ethiopia,Addis Abeba,1965,17.527416666666667
Ethiopia,Addis Abeba,1966,17.519333333333332
Ethiopia,Addis Abeba,1967,17.154
Ethiopia,Addis Abeba,1968,17.168166666666668
Ethiopia,Addis Abeba,1969,17.640583333333336
Ethiopia,Addis Abeba,1970,17.630333333333333
Ethiopia,Addis Abeba,1971,17.224083333333333
Ethiopia,Addis Abeba,1972,17.578416666666666
Ethiopia,Addis Abeba,1973,17.925916666666666
Ethiopia,Addis Abeba,1974,17.20775
Ethiopia,Addis Abeba,1975,17.291833333333333
Ethiopia,Addis Abeba,1976,17.501166666666666
Ethiopia,Addis Abeba,1977,17.58825
Ethiopia,Addis Abeba,1978,17.544999999999998
Ethiopia,Addis Abeba,1979,17.76066666666667
Ethiopia,Addis Abeba,1980,18.026166666666665
Ethiopia,Addis Abeba,1981,17.76375
Ethiopia,Addis Abeba,1982,17.771416666666667
Ethiopia,Addis Abeba,1983,17.994333333333334
Ethiopia,Addis Abeba,1984,17.724
Ethiopia,Addis Abeba,1985,17.491249999999997
Ethiopia,Addis Abeba,1986,17.681250000000002
Ethiopia,Addis Abeba,1987,18.122083333333332
Ethiopia,Addis Abeba,1988,17.998833333333334
Ethiopia,Addis Abeba,1989,17.334916666666665
Ethiopia,Addis Abeba,1990,17.852500000000003
Ethiopia,Addis Abeba,1991,17.924666666666667
Ethiopia,Addis Abeba,1992,17.708833333333335
Ethiopia,Addis Abeba,1993,17.41375
Ethiopia,Addis Abeba,1994,17.698
Ethiopia,Addis Abeba,1995,17.99775
Ethiopia,Addis Abeba,1996,17.90075
Ethiopia,Addis Abeba,1997,17.99125
Ethiopia,Addis Abeba,1998,18.244416666666666
Ethiopia,Addis Abeba,1999,17.85741666666667
Ethiopia,Addis Abeba,2000,18.24125
Ethiopia,Addis Abeba,2001,18.29641666666667
Ethiopia,Addis Abeba,2002,18.46975
Ethiopia,Addis Abeba,2003,18.320916666666665
Ethiopia,Addis Abeba,2004,18.29275
Ethiopia,Addis Abeba,2005,18.312833333333334
Ethiopia,Addis Abeba,2006,18.427083333333332
Ethiopia,Addis Abeba,2007,18.142583333333334
Ethiopia,Addis Abeba,2008,18.165
Ethiopia,Addis Abeba,2009,18.765333333333334
Ethiopia,Addis Abeba,2010,18.29825
Ethiopia,Addis Abeba,2011,18.60675
Ethiopia,Addis Abeba,2012,18.448583333333335
Ethiopia,Addis Abeba,2013,19.539
France,Paris,1900,10.79125
France,Paris,1901,9.902666666666667
France,Paris,1902,9.8315
France,Paris,1903,10.27425
France,Paris,1904,10.400916666666667
France,Paris,1905,10.00925
France,Paris,1906,10.501333333333333
France,Paris,1907,10.112
France,Paris,1908,9.922666666666666
France,Paris,1909,9.5875
France,Paris,1910,10.323500000000001
France,Paris,1911,11.158666666666667
France,Paris,1912,10.338
France,Paris,1913,10.762916666666667
France,Paris,1914,10.529
France,Paris,1915,10.208083333333333
France,Paris,1916,10.386000000000001
France,Paris,1917,9.373916666666668
France,Paris,1918,10.543416666666667
France,Paris,1919,9.69475
France,Paris,1920,10.666
France,Paris,1921,11.427166666666666
France,Paris,1922,9.79225
France,Paris,1923,10.45575
France,Paris,1924,10.096
France,Paris,1925,10.109166666666667
France,Paris,1926,10.8375
France,Paris,1927,10.32025
France,Paris,1928,10.934583333333334
France,Paris,1929,10.09525
France,Paris,1930,10.8685
France,Paris,1931,9.936166666666667
France,Paris,1932,10.380333333333333
France,Paris,1933,10.31725
France,Paris,1934,11.13725
France,Paris,1935,10.616999999999999
France,Paris,1936,10.497583333333333
France,Paris,1937,10.927750000000001
France,Paris,1938,10.734333333333334
France,Paris,1939,10.547500000000001
France,Paris,1940,9.715583333333333
France,Paris,1941,9.933583333333333
France,Paris,1942,9.992583333333334
France,Paris,1943,11.196833333333332
France,Paris,1944,10.482333333333333
France,Paris,1945,11.29575
France,Paris,1946,10.346333333333334
France,Paris,1947,11.294583333333334
France,Paris,1948,10.947333333333333
France,Paris,1949,11.511583333333334
France,Paris,1950,10.768333333333333
France,Paris,1951,10.59075
France,Paris,1952,10.531166666666666
France,Paris,1953,10.837333333333333
France,Paris,1954,10.254333333333333
France,Paris,1955,10.442416666666666
France,Paris,1956,9.5895
France,Paris,1957,10.944333333333333
France,Paris,1958,10.621833333333333
France,Paris,1959,11.660416666666668
France,Paris,1960,10.828916666666666
France,Paris,1961,11.428083333333333
France,Paris,1962,9.554416666666667
France,Paris,1963,9.136083333333334
France,Paris,1964,10.44975
France,Paris,1965,9.9375
France,Paris,1966,10.823333333333332
France,Paris,1967,10.766666666666666
France,Paris,1968,10.204666666666666
France,Paris,1969,10.532833333333334
France,Paris,1970,10.5115
France,Paris,1971,10.632166666666667
France,Paris,1972,10.191666666666666
France,Paris,1973,10.568666666666667
France,Paris,1974,10.909833333333333
France,Paris,1975,10.730083333333333
France,Paris,1976,11.405083333333332
France,Paris,1977,10.690416666666666
France,Paris,1978,10.028333333333332
France,Paris,1979,10.051333333333334
France,Paris,1980,10.071916666666667
France,Paris,1981,10.658
France,Paris,1982,11.266833333333333
France,Paris,1983,11.16625
France,Paris,1984,10.648
France,Paris,1985,9.866583333333333
France,Paris,1986,10.165666666666667
France,Paris,1987,10.0455
France,Paris,1988,11.303833333333335
France,Paris,1989,11.766583333333335
France,Paris,1990,11.964416666666667
France,Paris,1991,10.60075
France,Paris,1992,11.148166666666667
France,Paris,1993,10.701
France,Paris,1994,11.962416666666668
France,Paris,1995,11.692749999999998
France,Paris,1996,10.144916666666667
France,Paris,1997,11.593833333333334
France,Paris,1998,11.250166666666665
France,Paris,1999,11.831249999999999
France,Paris,2000,11.739666666666666
France,Paris,2001,11.371250000000002
France,Paris,2002,11.871333333333332
France,Paris,2003,11.9095
France,Paris,2004,11.338833333333334
France,Paris,2005,11.552916666666667
France,Paris,2006,11.788499999999999
France,Paris,2007,11.750833333333333
France,Paris,2008,11.27825
France,Paris,2009,11.464083333333333
France,Paris,2010,10.409833333333333
France,Paris,2011,12.325750000000001
France,Paris,2012,11.219916666666668
France,Paris,2013,11.011624999999999
Germany,Berlin,1900,9.1615
Germany,Berlin,1901,8.581416666666668
Germany,Berlin,1902,7.634250000000001
Germany,Berlin,1903,9.283166666666668
Germany,Berlin,1904,9.151083333333334
Germany,Berlin,1905,8.89825
Germany,Berlin,1906,9.313583333333334
Germany,Berlin,1907,8.5245
Germany,Berlin,1908,8.351416666666667
Germany,Berlin,1909,8.160333333333334
Germany,Berlin,1910,9.331000000000001
Germany,Berlin,1911,9.890666666666666
Germany,Berlin,1912,8.491999999999999
Germany,Berlin,1913,9.413
Germany,Berlin,1914,9.503333333333334
Germany,Berlin,1915,8.557166666666667
Germany,Berlin,1916,9.296916666666666
Germany,Berlin,1917,8.386916666666666
Germany,Berlin,1918,9.419416666666667
Germany,Berlin,1919,8.0015
Germany,Berlin,1920,9.369083333333334
Germany,Berlin,1921,9.781833333333333
Germany,Berlin,1922,7.757083333333334
Germany,Berlin,1923,8.578166666666666
Germany,Berlin,1924,8.298499999999999
Germany,Berlin,1925,9.32325
Germany,Berlin,1926,9.574250000000001
Germany,Berlin,1927,8.724416666666666
Germany,Berlin,1928,8.917333333333334
Germany,Berlin,1929,7.9925
Germany,Berlin,1930,9.48375
Germany,Berlin,1931,8.354083333333334
Germany,Berlin,1932,9.233833333333335
Germany,Berlin,1933,8.32025
Germany,Berlin,1934,10.692666666666666
Germany,Berlin,1935,9.336833333333333
Germany,Berlin,1936,9.301166666666667
Germany,Berlin,1937,9.412166666666666
Germany,Berlin,1938,9.766833333333334
Germany,Berlin,1939,9.322083333333333
Germany,Berlin,1940,7.038999999999999
Germany,Berlin,1941,7.6178333333333335
Germany,Berlin,1942,7.804749999999999
Germany,Berlin,1943,9.671000000000001
Germany,Berlin,1944,9.309083333333334
Germany,Berlin,1945,9.638666666666667
Germany,Berlin,1946,9.122333333333334
Germany,Berlin,1947,8.787583333333332
Germany,Berlin,1948,9.96025
Germany,Berlin,1949,10.035333333333334
Germany,Berlin,1950,9.369416666666666
Germany,Berlin,1951,9.724666666666668
Germany,Berlin,1952,8.609166666666667
Germany,Berlin,1953,10.132583333333333
Germany,Berlin,1954,8.414583333333335
Germany,Berlin,1955,8.359
Germany,Berlin,1956,7.572583333333333
Germany,Berlin,1957,9.46125
Germany,Berlin,1958,9.051083333333334
Germany,Berlin,1959,9.876416666666666
Germany,Berlin,1960,9.221583333333333
Germany,Berlin,1961,9.812583333333334
Germany,Berlin,1962,8.129583333333334
Germany,Berlin,1963,8.116166666666667
Germany,Berlin,1964,8.843166666666667
Germany,Berlin,1965,8.334
Germany,Berlin,1966,9.336833333333333
Germany,Berlin,1967,10.083333333333332
Germany,Berlin,1968,9.280583333333333
Germany,Berlin,1969,8.43175
Germany,Berlin,1970,8.427333333333335
Germany,Berlin,1971,9.542416666666666
Germany,Berlin,1972,8.882583333333333
Germany,Berlin,1973,9.238750000000001
Germany,Berlin,1974,9.893749999999999
Germany,Berlin,1975,10.082416666666669
Germany,Berlin,1976,9.152083333333334
Germany,Berlin,1977,9.535916666666667
Germany,Berlin,1978,8.860333333333335
Germany,Berlin,1979,8.530416666666667
Germany,Berlin,1980,8.26275
Germany,Berlin,1981,9.181
Germany,Berlin,1982,10.078166666666666
Germany,Berlin,1983,10.211416666666667
Germany,Berlin,1984,8.937083333333334
Germany,Berlin,1985,8.460916666666668
Germany,Berlin,1986,8.783166666666668
Germany,Berlin,1987,8.090666666666666
Germany,Berlin,1988,10.023249999999999
Germany,Berlin,1989,10.720166666666666
Germany,Berlin,1990,10.710916666666668
Germany,Berlin,1991,9.35825
Germany,Berlin,1992,10.3755
Germany,Berlin,1993,9.344583333333334
Germany,Berlin,1994,10.430916666666667
Germany,Berlin,1995,9.753333333333334
Germany,Berlin,1996,7.883166666666667
Germany,Berlin,1997,9.725916666666667
Germany,Berlin,1998,10.050833333333333
Germany,Berlin,1999,10.583583333333335
Germany,Berlin,2000,10.963666666666667
Germany,Berlin,2001,9.69025
Germany,Berlin,2002,10.264416666666667
Germany,Berlin,2003,10.06575
Germany,Berlin,2004,9.822583333333332
Germany,Berlin,2005,9.919083333333335
Germany,Berlin,2006,10.545333333333334
Germany,Berlin,2007,10.883166666666668
Germany,Berlin,2008,10.65775
Germany,Berlin,2009,10.0625
Germany,Berlin,2010,8.606833333333332
Germany,Berlin,2011,10.556416666666667
Germany,Berlin,2012,9.964333333333334
Germany,Berlin,2013,10.1215
India,Ahmadabad,1900,26.902666666666665
India,Ahmadabad,1901,26.831500000000002
India,Ahmadabad,1902,27.295833333333334
India,Ahmadabad,1903,26.276
India,Ahmadabad,1904,26.622249999999998
India,Ahmadabad,1905,26.236166666666673
India,Ahmadabad,1906,26.189083333333333
India,Ahmadabad,1907,26.363333333333333
India,Ahmadabad,1908,26.071166666666667
India,Ahmadabad,1909,26.049083333333332
India,Ahmadabad,1910,26.08725
India,Ahmadabad,1911,26.59975
India,Ahmadabad,1912,26.888083333333338
India,Ahmadabad,1913,26.439333333333334
India,Ahmadabad,1914,26.561000000000003
India,Ahmadabad,1915,27.005333333333336
India,Ahmadabad,1916,26.49775
India,Ahmadabad,1917,25.595166666666668
India,Ahmadabad,1918,26.474999999999998
India,Ahmadabad,1919,26.391666666666666
India,Ahmadabad,1920,26.652583333333336
India,Ahmadabad,1921,27.051583333333337
India,Ahmadabad,1922,26.42675
India,Ahmadabad,1923,26.444833333333335
India,Ahmadabad,1924,26.633750000000003
India,Ahmadabad,1925,26.664833333333334
India,Ahmadabad,1926,26.551000000000002
India,Ahmadabad,1927,26.07625
India,Ahmadabad,1928,26.600583333333333
India,Ahmadabad,1929,26.757666666666665
India,Ahmadabad,1930,26.581500000000002
India,Ahmadabad,1931,26.948916666666666
India,Ahmadabad,1932,26.9045
India,Ahmadabad,1933,26.290666666666667
India,Ahmadabad,1934,26.3475
India,Ahmadabad,1935,26.097166666666666
India,Ahmadabad,1936,26.36175
India,Ahmadabad,1937,26.237083333333334
India,Ahmadabad,1938,26.45975
India,Ahmadabad,1939,26.612750000000002
India,Ahmadabad,1940,26.5445
India,Ahmadabad,1941,27.23391666666667
India,Ahmadabad,1942,26.713416666666664
India,Ahmadabad,1943,26.68766666666667
India,Ahmadabad,1944,26.47266666666667
India,Ahmadabad,1945,25.990916666666667
India,Ahmadabad,1946,26.645833333333332
India,Ahmadabad,1947,26.795833333333334
India,Ahmadabad,1948,27.129833333333334
India,Ahmadabad,1949,27.110916666666668
India,Ahmadabad,1950,26.061083333333332
India,Ahmadabad,1951,27.02616666666667
India,Ahmadabad,1952,27.080000000000002
India,Ahmadabad,1953,27.142333333333337
India,Ahmadabad,1954,26.710000000000004
India,Ahmadabad,1955,26.67716666666667
India,Ahmadabad,1956,26.279416666666666
India,Ahmadabad,1957,26.608166666666666
India,Ahmadabad,1958,27.279833333333332
India,Ahmadabad,1959,26.721083333333336
India,Ahmadabad,1960,26.76533333333333
India,Ahmadabad,1961,26.293083333333332
India,Ahmadabad,1962,26.640416666666667
India,Ahmadabad,1963,27.096833333333336
India,Ahmadabad,1964,26.50725
India,Ahmadabad,1965,26.8175
India,Ahmadabad,1966,26.889666666666667
India,Ahmadabad,1967,26.46075
India,Ahmadabad,1968,26.536333333333335
India,Ahmadabad,1969,27.259249999999998
India,Ahmadabad,1970,26.714250000000003
India,Ahmadabad,1971,26.568416666666668
India,Ahmadabad,1972,26.882833333333334
India,Ahmadabad,1973,26.721500000000002
India,Ahmadabad,1974,27.02316666666667
India,Ahmadabad,1975,26.225666666666665
India,Ahmadabad,1976,26.792083333333334
India,Ahmadabad,1977,27.17425
India,Ahmadabad,1978,26.773333333333337
India,Ahmadabad,1979,26.96591666666667
India,Ahmadabad,1980,27.218166666666665
India,Ahmadabad,1981,26.889833333333332
India,Ahmadabad,1982,26.740166666666667
India,Ahmadabad,1983,26.208250000000003
India,Ahmadabad,1984,26.533333333333335
India,Ahmadabad,1985,27.12675
India,Ahmadabad,1986,26.963916666666666
India,Ahmadabad,1987,28.06075
India,Ahmadabad,1988,27.608500000000003
India,Ahmadabad,1989,26.760916666666663
India,Ahmadabad,1990,26.882500000000004
India,Ahmadabad,1991,26.896833333333333
India,Ahmadabad,1992,26.82325
India,Ahmadabad,1993,27.461250000000003
India,Ahmadabad,1994,26.737750000000002
India,Ahmadabad,1995,27.199416666666668
India,Ahmadabad,1996,27.062166666666666
India,Ahmadabad,1997,26.450916666666668
India,Ahmadabad,1998,27.484750000000002
India,Ahmadabad,1999,27.208916666666667
India,Ahmadabad,2000,27.436000000000003
India,Ahmadabad,2001,27.198083333333333
India,Ahmadabad,2002,27.719083333333334
India,Ahmadabad,2003,27.403833333333335
India,Ahmadabad,2004,27.628333333333334
India,Ahmadabad,2005,26.828083333333336
India,Ahmadabad,2006,27.282833333333333
India,Ahmadabad,2007,27.511166666666668
India,Ahmadabad,2008,27.0485
India,Ahmadabad,2009,28.095833333333335
India,Ahmadabad,2010,28.017833333333332
India,Ahmadabad,2011,27.29041666666667
India,Ahmadabad,2012,27.02725
India,Ahmadabad,2013,27.608625000000004
India,Bangalore,1900,25.439000000000004
India,Bangalore,1901,25.089916666666667
India,Bangalore,1902,25.064333333333334
India,Bangalore,1903,24.816000000000003
India,Bangalore,1904,24.530333333333335
India,Bangalore,1905,24.916583333333335
India,Bangalore,1906,25.09091666666667
India,Bangalore,1907,24.744333333333334
India,Bangalore,1908,24.659666666666666
India,Bangalore,1909,24.61066666666667
India,Bangalore,1910,24.423833333333334
India,Bangalore,1911,24.76275
India,Bangalore,1912,25.001416666666668
India,Bangalore,1913,24.996416666666665
India,Bangalore,1914,25.016750000000002
India,Bangalore,1915,25.218833333333333
India,Bangalore,1916,24.745833333333334
India,Bangalore,1917,24.456666666666667
India,Bangalore,1918,24.740750000000002
India,Bangalore,1919,25.064666666666668
India,Bangalore,1920,24.98691666666667
India,Bangalore,1921,24.875333333333334
India,Bangalore,1922,24.738833333333332
India,Bangalore,1923,24.842250000000003
India,Bangalore,1924,24.894666666666666
India,Bangalore,1925,24.68575
India,Bangalore,1926,25.143416666666667
India,Bangalore,1927,25.059833333333334
India,Bangalore,1928,25.059583333333336
India,Bangalore,1929,24.869249999999997
India,Bangalore,1930,24.85525
India,Bangalore,1931,25.24116666666667
India,Bangalore,1932,24.678083333333333
India,Bangalore,1933,24.605
India,Bangalore,1934,24.814000000000004
India,Bangalore,1935,24.932333333333332
India,Bangalore,1936,24.993583333333333
India,Bangalore,1937,24.95741666666667
India,Bangalore,1938,24.905666666666665
India,Bangalore,1939,24.837999999999997
India,Bangalore,1940,24.92291666666667
India,Bangalore,1941,25.550666666666668
India,Bangalore,1942,25.230666666666668
India,Bangalore,1943,24.69016666666667
India,Bangalore,1944,24.916583333333335
India,Bangalore,1945,25.046666666666667
India,Bangalore,1946,24.970583333333334
India,Bangalore,1947,25.023833333333332
India,Bangalore,1948,25.210166666666666
India,Bangalore,1949,24.92475
India,Bangalore,1950,24.846999999999998
India,Bangalore,1951,25.02808333333333
India,Bangalore,1952,25.11616666666667
India,Bangalore,1953,25.180916666666665
India,Bangalore,1954,24.922
India,Bangalore,1955,24.778750000000002
India,Bangalore,1956,24.728166666666667
India,Bangalore,1957,25.107
India,Bangalore,1958,25.292749999999998
India,Bangalore,1959,25.24466666666667
India,Bangalore,1960,25.067833333333336
India,Bangalore,1961,24.967416666666665
India,Bangalore,1962,24.901
India,Bangalore,1963,25.03725
India,Bangalore,1964,25.087666666666667
India,Bangalore,1965,25.037000000000003
India,Bangalore,1966,25.3215
India,Bangalore,1967,24.873250000000002
India,Bangalore,1968,24.998166666666666
India,Bangalore,1969,25.360083333333336
India,Bangalore,1970,24.9505
India,Bangalore,1971,24.741583333333335
India,Bangalore,1972,25.216416666666664
India,Bangalore,1973,25.40025
India,Bangalore,1974,24.937
India,Bangalore,1975,24.862333333333336
India,Bangalore,1976,25.134083333333333
India,Bangalore,1977,25.197666666666667
India,Bangalore,1978,25.069666666666667
India,Bangalore,1979,25.436666666666667
India,Bangalore,1980,25.45358333333333
India,Bangalore,1981,25.174166666666668
India,Bangalore,1982,25.415666666666667
India,Bangalore,1983,25.5925
India,Bangalore,1984,25.077166666666667
India,Bangalore,1985,25.312250000000002
India,Bangalore,1986,25.507166666666667
India,Bangalore,1987,25.814000000000004
India,Bangalore,1988,25.499333333333336
India,Bangalore,1989,25.19841666666667
India,Bangalore,1990,25.254833333333334
India,Bangalore,1991,25.487083333333334
India,Bangalore,1992,25.15925
India,Bangalore,1993,25.21675
India,Bangalore,1994,25.21775
India,Bangalore,1995,25.436166666666665
India,Bangalore,1996,25.410083333333333
India,Bangalore,1997,25.682833333333335
India,Bangalore,1998,26.00616666666667
India,Bangalore,1999,25.288
India,Bangalore,2000,25.33791666666667
India,Bangalore,2001,25.528166666666667
India,Bangalore,2002,25.755333333333336
India,Bangalore,2003,25.924750000000003
India,Bangalore,2004,25.25208333333333
India,Bangalore,2005,25.4765
India,Bangalore,2006,25.41825
India,Bangalore,2007,25.464333333333332
India,Bangalore,2008,25.35258333333333
India,Bangalore,2009,25.72575
India,Bangalore,2010,25.705250000000003
India,Bangalore,2011,25.362083333333334
India,Bangalore,2012,26.042333333333335
India,Bangalore,2013,26.610500000000002
India,Bombay,1900,27.001083333333337
India,Bombay,1901,26.76308333333333
India,Bombay,1902,27.297833333333333
India,Bombay,1903,26.341416666666664
India,Bombay,1904,26.684916666666666
India,Bombay,1905,26.3625
India,Bombay,1906,26.420749999999998
India,Bombay,1907,26.588166666666666
India,Bombay,1908,26.279666666666667
India,Bombay,1909,26.33458333333333
India,Bombay,1910,26.22016666666667
India,Bombay,1911,26.72575
India,Bombay,1912,26.956999999999997
India,Bombay,1913,26.53675
India,Bombay,1914,26.711833333333335
India,Bombay,1915,26.790000000000003
India,Bombay,1916,26.603583333333333
India,Bombay,1917,26.108166666666666
India,Bombay,1918,26.747416666666666
India,Bombay,1919,26.693583333333336
India,Bombay,1920,26.892333333333337
India,Bombay,1921,26.777083333333334
India,Bombay,1922,26.5895
India,Bombay,1923,26.557333333333332
India,Bombay,1924,26.84691666666667
India,Bombay,1925,26.75808333333333
India,Bombay,1926,26.851083333333335
India,Bombay,1927,26.451833333333337
India,Bombay,1928,26.704583333333332
India,Bombay,1929,26.884500000000003
India,Bombay,1930,26.60766666666667
India,Bombay,1931,26.9395
India,Bombay,1932,26.830333333333332
India,Bombay,1933,26.578666666666667
India,Bombay,1934,26.379500000000004
India,Bombay,1935,26.42833333333333
India,Bombay,1936,26.652583333333336
India,Bombay,1937,26.42741666666667
India,Bombay,1938,26.364083333333337
India,Bombay,1939,26.632583333333333
India,Bombay,1940,26.696250000000003
India,Bombay,1941,27.497833333333332
India,Bombay,1942,26.92616666666667
India,Bombay,1943,26.652333333333335
India,Bombay,1944,26.793666666666667
India,Bombay,1945,26.43675
India,Bombay,1946,26.847333333333335
India,Bombay,1947,26.78741666666667
India,Bombay,1948,27.03325
India,Bombay,1949,26.80525
India,Bombay,1950,26.36991666666667
India,Bombay,1951,26.913
India,Bombay,1952,26.86566666666667
India,Bombay,1953,27.007416666666668
India,Bombay,1954,26.71558333333333
India,Bombay,1955,26.701166666666666
India,Bombay,1956,26.52591666666667
India,Bombay,1957,26.81566666666667
India,Bombay,1958,27.187
India,Bombay,1959,27.03933333333333
India,Bombay,1960,27.026750000000003
India,Bombay,1961,26.601166666666668
India,Bombay,1962,26.71525
India,Bombay,1963,26.9725
India,Bombay,1964,26.474666666666668
India,Bombay,1965,26.928916666666666
India,Bombay,1966,27.21858333333333
India,Bombay,1967,26.97975
India,Bombay,1968,26.693833333333334
India,Bombay,1969,27.273
India,Bombay,1970,26.720083333333335
India,Bombay,1971,26.598416666666665
India,Bombay,1972,27.232416666666666
India,Bombay,1973,27.026666666666667
India,Bombay,1974,26.926000000000002
India,Bombay,1975,26.500083333333333
India,Bombay,1976,27.01925
India,Bombay,1977,27.36125
India,Bombay,1978,26.886166666666668
India,Bombay,1979,27.11775
India,Bombay,1980,27.1805
India,Bombay,1981,27.072333333333333
India,Bombay,1982,27.15416666666667
India,Bombay,1983,26.546166666666664
India,Bombay,1984,26.970916666666668
India,Bombay,1985,26.93041666666667
India,Bombay,1986,27.158583333333336
India,Bombay,1987,27.73575
India,Bombay,1988,27.340666666666667
India,Bombay,1989,26.913083333333333
India,Bombay,1990,26.975250000000003
India,Bombay,1991,26.961166666666667
India,Bombay,1992,27.074416666666668
India,Bombay,1993,27.167583333333337
India,Bombay,1994,26.98375
India,Bombay,1995,27.25883333333333
India,Bombay,1996,27.25108333333333
India,Bombay,1997,27.185083333333335
India,Bombay,1998,27.547
India,Bombay,1999,27.202833333333334
India,Bombay,2000,27.203666666666667
India,Bombay,2001,27.24366666666667
India,Bombay,2002,27.628666666666664
India,Bombay,2003,27.578416666666666
India,Bombay,2004,27.318749999999998
India,Bombay,2005,27.035750000000004
India,Bombay,2006,27.3815
India,Bombay,2007,27.634666666666664
India,Bombay,2008,27.177750000000003
India,Bombay,2009,27.8445
India,Bombay,2010,27.765416666666667
India,Bombay,2011,27.38491666666667
India,Bombay,2012,27.1925
India,Bombay,2013,26.713
India,Calcutta,1900,26.40416666666667
India,Calcutta,1901,26.216250000000002
India,Calcutta,1902,26.100083333333334
India,Calcutta,1903,26.175750000000004
India,Calcutta,1904,25.91316666666667
India,Calcutta,1905,25.31025
India,Calcutta,1906,26.04525
India,Calcutta,1907,25.886666666666667
India,Calcutta,1908,26.12875
India,Calcutta,1909,26.101916666666668
India,Calcutta,1910,25.803250000000002
India,Calcutta,1911,25.87783333333333
India,Calcutta,1912,25.973833333333335
India,Calcutta,1913,25.55825
India,Calcutta,1914,25.79216666666667
India,Calcutta,1915,26.358833333333333
India,Calcutta,1916,26.129416666666668
India,Calcutta,1917,25.606333333333335
India,Calcutta,1918,25.700333333333333
India,Calcutta,1919,26.065833333333334
India,Calcutta,1920,26.188083333333335
India,Calcutta,1921,26.14725
India,Calcutta,1922,26.146333333333335
India,Calcutta,1923,26.110166666666668
India,Calcutta,1924,26.548000000000002
India,Calcutta,1925,25.75016666666667
India,Calcutta,1926,26.03141666666667
India,Calcutta,1927,26.120416666666667
India,Calcutta,1928,26.32675
India,Calcutta,1929,26.04575
India,Calcutta,1930,26.00525
India,Calcutta,1931,26.397750000000002
India,Calcutta,1932,26.433666666666667
India,Calcutta,1933,25.820833333333336
India,Calcutta,1934,26.04875
India,Calcutta,1935,26.27808333333333
India,Calcutta,1936,26.0715
India,Calcutta,1937,25.805583333333335
India,Calcutta,1938,26.220083333333335
India,Calcutta,1939,26.453916666666668
India,Calcutta,1940,26.218833333333333
India,Calcutta,1941,26.608500000000003
India,Calcutta,1942,26.47075
India,Calcutta,1943,26.2195
India,Calcutta,1944,26.23783333333333
India,Calcutta,1945,25.981583333333333
India,Calcutta,1946,26.133333333333336
India,Calcutta,1947,26.488333333333333
India,Calcutta,1948,26.248333333333335
India,Calcutta,1949,25.873666666666665
India,Calcutta,1950,26.159750000000003
India,Calcutta,1951,26.656833333333335
India,Calcutta,1952,26.389833333333332
India,Calcutta,1953,26.740750000000002
India,Calcutta,1954,26.453166666666664
India,Calcutta,1955,26.38191666666667
India,Calcutta,1956,26.141750000000002
India,Calcutta,1957,26.624916666666667
India,Calcutta,1958,27.187416666666667
India,Calcutta,1959,26.301666666666666
India,Calcutta,1960,26.589833333333335
India,Calcutta,1961,26.212
India,Calcutta,1962,26.183750000000003
India,Calcutta,1963,26.353250000000003
India,Calcutta,1964,26.62025
India,Calcutta,1965,26.32375
India,Calcutta,1966,26.775499999999997
India,Calcutta,1967,26.316916666666668
India,Calcutta,1968,26.154666666666667
India,Calcutta,1969,26.572166666666664
India,Calcutta,1970,26.40575
India,Calcutta,1971,25.60775
India,Calcutta,1972,26.42441666666667
India,Calcutta,1973,26.390416666666667
India,Calcutta,1974,26.286749999999998
India,Calcutta,1975,26.355166666666666
India,Calcutta,1976,26.534750000000003
India,Calcutta,1977,26.310083333333335
India,Calcutta,1978,26.1455
India,Calcutta,1979,26.995
India,Calcutta,1980,26.66425
India,Calcutta,1981,25.945166666666665
India,Calcutta,1982,26.484750000000002
India,Calcutta,1983,26.322166666666664
India,Calcutta,1984,26.217833333333335
India,Calcutta,1985,26.67016666666667
India,Calcutta,1986,26.4555
India,Calcutta,1987,26.854166666666668
India,Calcutta,1988,26.890083333333333
India,Calcutta,1989,26.494583333333335
India,Calcutta,1990,26.362416666666665
India,Calcutta,1991,26.541833333333333
India,Calcutta,1992,26.412666666666667
India,Calcutta,1993,26.34475
India,Calcutta,1994,26.540583333333334
India,Calcutta,1995,26.617
India,Calcutta,1996,26.649333333333335
India,Calcutta,1997,26.189666666666668
India,Calcutta,1998,26.68766666666667
India,Calcutta,1999,26.862916666666667
India,Calcutta,2000,26.491333333333333
India,Calcutta,2001,26.51516666666667
India,Calcutta,2002,26.703916666666668
India,Calcutta,2003,26.561333333333334
India,Calcutta,2004,26.634333333333334
India,Calcutta,2005,26.729166666666668
India,Calcutta,2006,26.98625
India,Calcutta,2007,26.58458333333333
India,Calcutta,2008,26.522333333333336
India,Calcutta,2009,27.15325
India,Calcutta,2010,27.288833333333333
India,Calcutta,2011,26.406916666666664
India,Calcutta,2012,26.935083333333335
India,Calcutta,2013,27.36925
India,Delhi,1900,25.55966666666667
India,Delhi,1901,25.493166666666667
India,Delhi,1902,25.660833333333333
India,Delhi,1903,25.141000000000002
India,Delhi,1904,25.068583333333333
India,Delhi,1905,24.74875
India,Delhi,1906,25.165833333333335
India,Delhi,1907,25.02425
India,Delhi,1908,25.140666666666664
India,Delhi,1909,24.746250000000003
India,Delhi,1910,24.81025
India,Delhi,1911,25.355833333333333
India,Delhi,1912,25.247083333333336
India,Delhi,1913,24.944083333333335
India,Delhi,1914,25.120083333333337
India,Delhi,1915,25.73483333333333
India,Delhi,1916,25.068
India,Delhi,1917,23.8425
India,Delhi,1918,25.279833333333332
India,Delhi,1919,24.837083333333336
India,Delhi,1920,24.987083333333334
India,Delhi,1921,26.042583333333337
India,Delhi,1922,25.183083333333332
India,Delhi,1923,25.261083333333332
India,Delhi,1924,24.982166666666668
India,Delhi,1925,24.851083333333335
India,Delhi,1926,24.779750000000003
India,Delhi,1927,24.731916666666667
India,Delhi,1928,25.654500000000002
India,Delhi,1929,25.387833333333333
India,Delhi,1930,25.098583333333334
India,Delhi,1931,25.578083333333336
India,Delhi,1932,25.627416666666665
India,Delhi,1933,24.51875
India,Delhi,1934,24.96066666666667
India,Delhi,1935,24.805999999999997
India,Delhi,1936,24.755166666666668
India,Delhi,1937,24.809250000000002
India,Delhi,1938,25.360416666666666
India,Delhi,1939,25.23675
India,Delhi,1940,25.0735
India,Delhi,1941,26.302083333333332
India,Delhi,1942,25.395
India,Delhi,1943,25.25266666666667
India,Delhi,1944,24.982916666666668
India,Delhi,1945,24.780083333333334
India,Delhi,1946,25.467833333333335
India,Delhi,1947,25.724833333333336
India,Delhi,1948,25.448083333333333
India,Delhi,1949,25.598416666666665
India,Delhi,1950,24.66125
India,Delhi,1951,25.584083333333336
India,Delhi,1952,25.835916666666666
India,Delhi,1953,26.136333333333337
India,Delhi,1954,25.67716666666667
India,Delhi,1955,25.153583333333334
India,Delhi,1956,25.301
India,Delhi,1957,24.905833333333334
India,Delhi,1958,25.93433333333333
India,Delhi,1959,25.5565
India,Delhi,1960,25.53491666666667
India,Delhi,1961,24.80425
India,Delhi,1962,25.18466666666667
India,Delhi,1963,25.456
India,Delhi,1964,25.048000000000002
India,Delhi,1965,25.256
India,Delhi,1966,25.518
India,Delhi,1967,24.975333333333335
India,Delhi,1968,25.02091666666667
India,Delhi,1969,25.801083333333334
India,Delhi,1970,25.38716666666667
India,Delhi,1971,24.80666666666667
India,Delhi,1972,25.4235
India,Delhi,1973,25.56316666666667
India,Delhi,1974,25.520666666666667
India,Delhi,1975,25.023583333333335
India,Delhi,1976,25.32875
India,Delhi,1977,25.405083333333334
India,Delhi,1978,25.206083333333336
India,Delhi,1979,25.8105
India,Delhi,1980,26.015583333333336
India,Delhi,1981,25.787666666666667
India,Delhi,1982,25.175583333333336
India,Delhi,1983,24.747333333333334
India,Delhi,1984,25.564083333333333
India,Delhi,1985,25.864583333333332
India,Delhi,1986,25.309083333333334
India,Delhi,1987,26.539
India,Delhi,1988,26.105666666666668
India,Delhi,1989,25.432583333333337
India,Delhi,1990,25.53825
India,Delhi,1991,25.738666666666663
India,Delhi,1992,25.521083333333333
India,Delhi,1993,25.92141666666667
India,Delhi,1994,25.86916666666667
India,Delhi,1995,25.920333333333332
India,Delhi,1996,25.54641666666667
India,Delhi,1997,24.708166666666667
India,Delhi,1998,25.769000000000002
India,Delhi,1999,26.36283333333333
India,Delhi,2000,26.048333333333332
India,Delhi,2001,25.862916666666667
India,Delhi,2002,26.634333333333334
India,Delhi,2003,25.721083333333336
India,Delhi,2004,26.23991666666667
India,Delhi,2005,25.716083333333334
India,Delhi,2006,26.365916666666667
India,Delhi,2007,26.145666666666667
India,Delhi,2008,25.675
India,Delhi,2009,26.55425
India,Delhi,2010,26.52025
India,Delhi,2011,25.629500000000004
India,Delhi,2012,25.889416666666666
India,Delhi,2013,26.70925
India,Hyderabad,1900,27.647333333333336
India,Hyderabad,1901,27.01025
India,Hyderabad,1902,27.38383333333333
India,Hyderabad,1903,26.727083333333336
India,Hyderabad,1904,26.675
India,Hyderabad,1905,26.91725
India,Hyderabad,1906,27.102666666666668
India,Hyderabad,1907,26.66916666666667
India,Hyderabad,1908,26.651333333333337
India,Hyderabad,1909,26.770416666666666
India,Hyderabad,1910,26.60575
India,Hyderabad,1911,27.027500000000003
India,Hyderabad,1912,27.15416666666667
India,Hyderabad,1913,27.0305
India,Hyderabad,1914,26.748583333333332
India,Hyderabad,1915,27.007
India,Hyderabad,1916,26.65725
India,Hyderabad,1917,25.93041666666667
India,Hyderabad,1918,26.759
India,Hyderabad,1919,27.053083333333333
India,Hyderabad,1920,27.240166666666667
India,Hyderabad,1921,26.937
India,Hyderabad,1922,26.85166666666667
India,Hyderabad,1923,26.93075
India,Hyderabad,1924,27.133
India,Hyderabad,1925,26.564166666666665
India,Hyderabad,1926,27.129333333333335
India,Hyderabad,1927,27.24766666666667
India,Hyderabad,1928,27.185916666666667
India,Hyderabad,1929,27.204250000000002
India,Hyderabad,1930,27.026583333333335
India,Hyderabad,1931,27.10775
India,Hyderabad,1932,26.66275
India,Hyderabad,1933,26.358833333333337
India,Hyderabad,1934,26.7165
India,Hyderabad,1935,26.98075
India,Hyderabad,1936,27.093083333333336
India,Hyderabad,1937,26.852083333333336
India,Hyderabad,1938,26.677666666666667
India,Hyderabad,1939,26.854833333333332
India,Hyderabad,1940,26.717166666666667
India,Hyderabad,1941,27.740416666666665
India,Hyderabad,1942,27.189083333333333
India,Hyderabad,1943,26.530833333333334
India,Hyderabad,1944,26.845
India,Hyderabad,1945,26.701000000000004
India,Hyderabad,1946,26.925166666666666
India,Hyderabad,1947,27.066666666666666
India,Hyderabad,1948,27.258583333333334
India,Hyderabad,1949,26.858333333333334
India,Hyderabad,1950,26.876666666666665
India,Hyderabad,1951,27.101333333333333
India,Hyderabad,1952,27.27616666666667
India,Hyderabad,1953,27.441333333333333
India,Hyderabad,1954,27.029416666666666
India,Hyderabad,1955,26.807333333333332
India,Hyderabad,1956,26.79216666666667
India,Hyderabad,1957,27.24191666666667
India,Hyderabad,1958,27.553250000000002
India,Hyderabad,1959,27.377916666666668
India,Hyderabad,1960,27.311166666666665
India,Hyderabad,1961,27.04225
India,Hyderabad,1962,26.726666666666663
India,Hyderabad,1963,26.80666666666667
India,Hyderabad,1964,27.204166666666666
India,Hyderabad,1965,27.20675
India,Hyderabad,1966,27.462166666666665
India,Hyderabad,1967,27.013833333333334
India,Hyderabad,1968,26.895333333333337
India,Hyderabad,1969,27.342333333333332
India,Hyderabad,1970,26.841083333333334
India,Hyderabad,1971,26.711333333333332
India,Hyderabad,1972,27.676083333333334
India,Hyderabad,1973,27.632083333333338
India,Hyderabad,1974,27.0145
India,Hyderabad,1975,26.72191666666667
India,Hyderabad,1976,27.121416666666665
India,Hyderabad,1977,27.320166666666665
India,Hyderabad,1978,27.013499999999997
India,Hyderabad,1979,27.66933333333333
India,Hyderabad,1980,27.695916666666665
India,Hyderabad,1981,27.10375
India,Hyderabad,1982,27.430666666666667
India,Hyderabad,1983,27.346833333333336
India,Hyderabad,1984,27.381
India,Hyderabad,1985,27.514916666666668
India,Hyderabad,1986,27.705833333333334
India,Hyderabad,1987,27.535583333333335
India,Hyderabad,1988,27.438916666666668
India,Hyderabad,1989,27.06416666666667
India,Hyderabad,1990,26.912666666666667
India,Hyderabad,1991,27.3535
India,Hyderabad,1992,27.242499999999996
India,Hyderabad,1993,27.2375
India,Hyderabad,1994,27.068083333333334
India,Hyderabad,1995,27.241249999999997
India,Hyderabad,1996,27.36666666666667
India,Hyderabad,1997,27.470416666666665
India,Hyderabad,1998,27.871750000000002
India,Hyderabad,1999,27.238416666666666
India,Hyderabad,2000,27.231833333333338
India,Hyderabad,2001,27.555166666666665
India,Hyderabad,2002,27.665166666666664
India,Hyderabad,2003,27.844583333333333
India,Hyderabad,2004,27.2285
India,Hyderabad,2005,27.488833333333336
India,Hyderabad,2006,27.471
India,Hyderabad,2007,27.545333333333332
India,Hyderabad,2008,27.44666666666667
India,Hyderabad,2009,28.0265
India,Hyderabad,2010,27.693416666666668
India,Hyderabad,2011,27.408833333333334
India,Hyderabad,2012,28.018583333333336
India,Hyderabad,2013,28.85125
India,Jaipur,1900,25.819
India,Jaipur,1901,25.887083333333333
India,Jaipur,1902,26.102083333333336
India,Jaipur,1903,25.241333333333333
India,Jaipur,1904,25.376166666666666
India,Jaipur,1905,25.44475
India,Jaipur,1906,25.454333333333334
India,Jaipur,1907,25.330083333333334
India,Jaipur,1908,25.08366666666667
India,Jaipur,1909,24.750416666666666
India,Jaipur,1910,24.867583333333332
India,Jaipur,1911,25.77125
India,Jaipur,1912,25.598083333333335
India,Jaipur,1913,25.340083333333336
India,Jaipur,1914,25.53833333333333
India,Jaipur,1915,26.324749999999998
India,Jaipur,1916,25.201583333333335
India,Jaipur,1917,24.004333333333335
India,Jaipur,1918,25.507500000000004
India,Jaipur,1919,25.1035
India,Jaipur,1920,25.121333333333336
India,Jaipur,1921,26.348333333333333
India,Jaipur,1922,25.446166666666667
India,Jaipur,1923,25.452916666666667
India,Jaipur,1924,25.115750000000002
India,Jaipur,1925,25.271
India,Jaipur,1926,25.04925
India,Jaipur,1927,24.799666666666667
India,Jaipur,1928,25.746750000000002
India,Jaipur,1929,25.49825
India,Jaipur,1930,25.356583333333333
India,Jaipur,1931,25.697000000000003
India,Jaipur,1932,25.840999999999998
India,Jaipur,1933,24.735
India,Jaipur,1934,25.110333333333333
India,Jaipur,1935,24.855416666666667
India,Jaipur,1936,25.162916666666664
India,Jaipur,1937,25.154
India,Jaipur,1938,25.6855
India,Jaipur,1939,25.68025
India,Jaipur,1940,25.388166666666667
India,Jaipur,1941,26.496750000000002
India,Jaipur,1942,25.498
India,Jaipur,1943,25.4115
India,Jaipur,1944,25.194083333333335
India,Jaipur,1945,24.796000000000003
India,Jaipur,1946,25.759666666666664
India,Jaipur,1947,25.879
India,Jaipur,1948,25.779500000000002
India,Jaipur,1949,26.007
India,Jaipur,1950,24.79325
India,Jaipur,1951,25.866
India,Jaipur,1952,26.0545
India,Jaipur,1953,26.295833333333334
India,Jaipur,1954,25.888333333333335
India,Jaipur,1955,25.39016666666667
India,Jaipur,1956,25.267583333333334
India,Jaipur,1957,25.155916666666666
India,Jaipur,1958,26.183083333333332
India,Jaipur,1959,25.578833333333336
India,Jaipur,1960,25.687416666666667
India,Jaipur,1961,25.005333333333336
India,Jaipur,1962,25.363500000000002
India,Jaipur,1963,25.985583333333334
India,Jaipur,1964,25.426916666666667
India,Jaipur,1965,25.720583333333334
India,Jaipur,1966,25.77633333333333
India,Jaipur,1967,25.107416666666666
India,Jaipur,1968,25.346833333333336
India,Jaipur,1969,26.157083333333333
India,Jaipur,1970,25.596500000000002
India,Jaipur,1971,25.092583333333337
India,Jaipur,1972,25.574083333333334
India,Jaipur,1973,25.651916666666665
India,Jaipur,1974,25.754333333333335
India,Jaipur,1975,25.079833333333337
India,Jaipur,1976,25.582166666666666
India,Jaipur,1977,25.596333333333334
India,Jaipur,1978,25.480666666666668
India,Jaipur,1979,25.898666666666667
India,Jaipur,1980,26.309916666666666
India,Jaipur,1981,26.075666666666667
India,Jaipur,1982,25.46466666666667
India,Jaipur,1983,24.98783333333333
India,Jaipur,1984,25.617583333333332
India,Jaipur,1985,26.091250000000002
India,Jaipur,1986,25.603166666666667
India,Jaipur,1987,26.727083333333336
India,Jaipur,1988,26.498416666666667
India,Jaipur,1989,25.759666666666664
India,Jaipur,1990,25.770750000000003
India,Jaipur,1991,25.987750000000002
India,Jaipur,1992,25.731083333333334
India,Jaipur,1993,26.315166666666666
India,Jaipur,1994,25.919583333333335
India,Jaipur,1995,26.127
India,Jaipur,1996,25.788749999999997
India,Jaipur,1997,24.83141666666667
India,Jaipur,1998,26.26608333333333
India,Jaipur,1999,26.41875
India,Jaipur,2000,26.43025
India,Jaipur,2001,26.023
India,Jaipur,2002,27.031666666666666
India,Jaipur,2003,26.027416666666667
India,Jaipur,2004,26.642166666666668
India,Jaipur,2005,25.77225
India,Jaipur,2006,26.429833333333335
India,Jaipur,2007,26.267
India,Jaipur,2008,25.877583333333334
India,Jaipur,2009,26.9195
India,Jaipur,2010,26.818416666666664
India,Jaipur,2011,25.9165
India,Jaipur,2012,25.884500000000003
India,Jaipur,2013,26.844125
India,Kanpur,1900,25.13666666666667
India,Kanpur,1901,25.020166666666668
India,Kanpur,1902,25.167666666666666
India,Kanpur,1903,24.823999999999998
India,Kanpur,1904,24.558583333333335
India,Kanpur,1905,24.129
India,Kanpur,1906,24.793666666666667
India,Kanpur,1907,24.682666666666666
India,Kanpur,1908,24.934833333333334
India,Kanpur,1909,24.523
India,Kanpur,1910,24.474
India,Kanpur,1911,24.788083333333333
India,Kanpur,1912,24.711833333333335
India,Kanpur,1913,24.508
India,Kanpur,1914,24.7745
India,Kanpur,1915,25.058833333333336
India,Kanpur,1916,24.577416666666668
India,Kanpur,1917,23.603166666666667
India,Kanpur,1918,24.72458333333333
India,Kanpur,1919,24.484250000000003
India,Kanpur,1920,24.759
India,Kanpur,1921,25.3475
India,Kanpur,1922,24.73925
India,Kanpur,1923,24.997083333333332
India,Kanpur,1924,24.938333333333333
India,Kanpur,1925,24.40008333333333
India,Kanpur,1926,24.58475
India,Kanpur,1927,24.599333333333334
India,Kanpur,1928,25.284750000000003
India,Kanpur,1929,24.993416666666672
India,Kanpur,1930,24.91241666666667
India,Kanpur,1931,25.359666666666666
India,Kanpur,1932,25.213166666666666
India,Kanpur,1933,24.28291666666667
India,Kanpur,1934,24.643416666666667
India,Kanpur,1935,24.597583333333333
India,Kanpur,1936,24.333250000000003
India,Kanpur,1937,24.324916666666667
India,Kanpur,1938,24.70725
India,Kanpur,1939,24.74983333333333
India,Kanpur,1940,24.646083333333333
India,Kanpur,1941,25.665583333333334
India,Kanpur,1942,25.0895
India,Kanpur,1943,24.944
India,Kanpur,1944,24.58983333333333
India,Kanpur,1945,24.407583333333335
India,Kanpur,1946,24.948666666666668
India,Kanpur,1947,25.20975
India,Kanpur,1948,25.016499999999997
India,Kanpur,1949,25.000833333333333
India,Kanpur,1950,24.433000000000003
India,Kanpur,1951,25.124750000000002
India,Kanpur,1952,25.305666666666667
India,Kanpur,1953,25.544833333333333
India,Kanpur,1954,25.147499999999997
India,Kanpur,1955,24.698916666666666
India,Kanpur,1956,24.74908333333333
India,Kanpur,1957,24.664083333333334
India,Kanpur,1958,25.74116666666667
India,Kanpur,1959,25.301000000000002
India,Kanpur,1960,25.230833333333337
India,Kanpur,1961,24.528833333333335
India,Kanpur,1962,24.817083333333333
India,Kanpur,1963,24.897333333333332
India,Kanpur,1964,24.976416666666665
India,Kanpur,1965,24.977083333333336
India,Kanpur,1966,25.576666666666668
India,Kanpur,1967,24.771083333333333
India,Kanpur,1968,24.64425
India,Kanpur,1969,25.425749999999997
India,Kanpur,1970,24.93316666666667
India,Kanpur,1971,24.087500000000002
India,Kanpur,1972,25.05666666666667
India,Kanpur,1973,25.226249999999997
India,Kanpur,1974,25.136333333333337
India,Kanpur,1975,24.823166666666665
India,Kanpur,1976,25.04625
India,Kanpur,1977,25.149833333333333
India,Kanpur,1978,24.65608333333333
India,Kanpur,1979,25.507166666666667
India,Kanpur,1980,25.30516666666667
India,Kanpur,1981,25.05316666666667
India,Kanpur,1982,24.918499999999998
India,Kanpur,1983,24.429
India,Kanpur,1984,25.004166666666666
India,Kanpur,1985,25.44225
India,Kanpur,1986,25.002916666666668
India,Kanpur,1987,25.819333333333333
India,Kanpur,1988,25.6035
India,Kanpur,1989,24.954916666666666
India,Kanpur,1990,25.121416666666665
India,Kanpur,1991,25.31566666666667
India,Kanpur,1992,25.271416666666667
India,Kanpur,1993,25.2675
India,Kanpur,1994,25.325416666666666
India,Kanpur,1995,25.546083333333332
India,Kanpur,1996,25.30575
India,Kanpur,1997,24.705250000000003
India,Kanpur,1998,25.463833333333337
India,Kanpur,1999,25.780583333333336
India,Kanpur,2000,25.353916666666667
India,Kanpur,2001,25.3265
India,Kanpur,2002,26.116833333333332
India,Kanpur,2003,25.40908333333333
India,Kanpur,2004,25.5865
India,Kanpur,2005,25.6215
India,Kanpur,2006,25.848833333333335
India,Kanpur,2007,25.436083333333332
India,Kanpur,2008,25.109750000000002
India,Kanpur,2009,25.98708333333333
India,Kanpur,2010,26.02175
India,Kanpur,2011,25.062083333333334
India,Kanpur,2012,25.44541666666667
India,Kanpur,2013,26.12125
India,Lakhnau,1900,25.13666666666667
India,Lakhnau,1901,25.020166666666668
India,Lakhnau,1902,25.167666666666666
India,Lakhnau,1903,24.823999999999998
India,Lakhnau,1904,24.558583333333335
India,Lakhnau,1905,24.129
India,Lakhnau,1906,24.793666666666667
India,Lakhnau,1907,24.682666666666666
India,Lakhnau,1908,24.934833333333334
India,Lakhnau,1909,24.523
India,Lakhnau,1910,24.474
India,Lakhnau,1911,24.788083333333333
India,Lakhnau,1912,24.711833333333335
India,Lakhnau,1913,24.508
India,Lakhnau,1914,24.7745
India,Lakhnau,1915,25.058833333333336
India,Lakhnau,1916,24.577416666666668
India,Lakhnau,1917,23.603166666666667
India,Lakhnau,1918,24.72458333333333
India,Lakhnau,1919,24.484250000000003
India,Lakhnau,1920,24.759
India,Lakhnau,1921,25.3475
India,Lakhnau,1922,24.73925
India,Lakhnau,1923,24.997083333333332
India,Lakhnau,1924,24.938333333333333
India,Lakhnau,1925,24.40008333333333
India,Lakhnau,1926,24.58475
India,Lakhnau,1927,24.599333333333334
India,Lakhnau,1928,25.284750000000003
India,Lakhnau,1929,24.993416666666672
India,Lakhnau,1930,24.91241666666667
India,Lakhnau,1931,25.359666666666666
India,Lakhnau,1932,25.213166666666666
India,Lakhnau,1933,24.28291666666667
India,Lakhnau,1934,24.643416666666667
India,Lakhnau,1935,24.597583333333333
India,Lakhnau,1936,24.333250000000003
India,Lakhnau,1937,24.324916666666667
India,Lakhnau,1938,24.70725
India,Lakhnau,1939,24.74983333333333
India,Lakhnau,1940,24.646083333333333
India,Lakhnau,1941,25.665583333333334
India,Lakhnau,1942,25.0895
India,Lakhnau,1943,24.944
India,Lakhnau,1944,24.58983333333333
India,Lakhnau,1945,24.407583333333335
India,Lakhnau,1946,24.948666666666668
India,Lakhnau,1947,25.20975
India,Lakhnau,1948,25.016499999999997
India,Lakhnau,1949,25.000833333333333
India,Lakhnau,1950,24.433000000000003
India,Lakhnau,1951,25.124750000000002
India,Lakhnau,1952,25.305666666666667
India,Lakhnau,1953,25.544833333333333
India,Lakhnau,1954,25.147499999999997
India,Lakhnau,1955,24.698916666666666
India,Lakhnau,1956,24.74908333333333
India,Lakhnau,1957,24.664083333333334
India,Lakhnau,1958,25.74116666666667
India,Lakhnau,1959,25.301000000000002
India,Lakhnau,1960,25.230833333333337
India,Lakhnau,1961,24.528833333333335
India,Lakhnau,1962,24.817083333333333
India,Lakhnau,1963,24.897333333333332
India,Lakhnau,1964,24.976416666666665
India,Lakhnau,1965,24.977083333333336
India,Lakhnau,1966,25.576666666666668
India,Lakhnau,1967,24.771083333333333
India,Lakhnau,1968,24.64425
India,Lakhnau,1969,25.425749999999997
India,Lakhnau,1970,24.93316666666667
India,Lakhnau,1971,24.087500000000002
India,Lakhnau,1972,25.05666666666667
India,Lakhnau,1973,25.226249999999997
India,Lakhnau,1974,25.136333333333337
India,Lakhnau,1975,24.823166666666665
India,Lakhnau,1976,25.04625
India,Lakhnau,1977,25.149833333333333
India,Lakhnau,1978,24.65608333333333
India,Lakhnau,1979,25.507166666666667
India,Lakhnau,1980,25.30516666666667
India,Lakhnau,1981,25.05316666666667
India,Lakhnau,1982,24.918499999999998
India,Lakhnau,1983,24.429
India,Lakhnau,1984,25.004166666666666
India,Lakhnau,1985,25.44225
India,Lakhnau,1986,25.002916666666668
India,Lakhnau,1987,25.819333333333333
India,Lakhnau,1988,25.6035
India,Lakhnau,1989,24.954916666666666
India,Lakhnau,1990,25.121416666666665
India,Lakhnau,1991,25.31566666666667
India,Lakhnau,1992,25.271416666666667
India,Lakhnau,1993,25.2675
India,Lakhnau,1994,25.325416666666666
India,Lakhnau,1995,25.546083333333332
India,Lakhnau,1996,25.30575
India,Lakhnau,1997,24.705250000000003
India,Lakhnau,1998,25.463833333333337
India,Lakhnau,1999,25.780583333333336
India,Lakhnau,2000,25.353916666666667
India,Lakhnau,2001,25.3265
India,Lakhnau,2002,26.116833333333332
India,Lakhnau,2003,25.40908333333333
India,Lakhnau,2004,25.5865
India,Lakhnau,2005,25.6215
India,Lakhnau,2006,25.848833333333335
India,Lakhnau,2007,25.436083333333332
India,Lakhnau,2008,25.109750000000002
India,Lakhnau,2009,25.98708333333333
India,Lakhnau,2010,26.02175
India,Lakhnau,2011,25.062083333333334
India,Lakhnau,2012,25.44541666666667
India,Lakhnau,2013,26.12125
India,Madras,1900,28.887249999999998
India,Madras,1901,28.62666666666667
India,Madras,1902,28.605833333333333
India,Madras,1903,28.231166666666667
India,Madras,1904,28.2165
India,Madras,1905,28.574916666666667
India,Madras,1906,28.657749999999997
India,Madras,1907,28.275583333333334
India,Madras,1908,28.277333333333335
India,Madras,1909,28.281000000000002
India,Madras,1910,28.109916666666667
India,Madras,1911,28.501333333333335
India,Madras,1912,28.568416666666668
India,Madras,1913,28.5865
India,Madras,1914,28.388499999999997
India,Madras,1915,28.746583333333334
India,Madras,1916,28.239166666666666
India,Madras,1917,27.834333333333333
India,Madras,1918,28.300666666666668
India,Madras,1919,28.60775
India,Madras,1920,28.70566666666667
India,Madras,1921,28.36691666666667
India,Madras,1922,28.383416666666665
India,Madras,1923,28.524083333333337
India,Madras,1924,28.517083333333332
India,Madras,1925,28.121
India,Madras,1926,28.700083333333335
India,Madras,1927,28.74225
India,Madras,1928,28.695833333333336
India,Madras,1929,28.560083333333335
India,Madras,1930,28.277083333333334
India,Madras,1931,28.639166666666668
India,Madras,1932,28.20475
India,Madras,1933,28.150583333333334
India,Madras,1934,28.305999999999997
India,Madras,1935,28.590166666666665
India,Madras,1936,28.715166666666665
India,Madras,1937,28.468416666666666
India,Madras,1938,28.461250000000003
India,Madras,1939,28.49908333333333
India,Madras,1940,28.455333333333332
India,Madras,1941,29.029833333333332
India,Madras,1942,28.702166666666667
India,Madras,1943,28.1365
India,Madras,1944,28.376416666666668
India,Madras,1945,28.468500000000002
India,Madras,1946,28.50191666666667
India,Madras,1947,28.565833333333334
India,Madras,1948,28.87025
India,Madras,1949,28.230833333333333
India,Madras,1950,28.343166666666665
India,Madras,1951,28.559
India,Madras,1952,28.702416666666668
India,Madras,1953,28.829833333333337
India,Madras,1954,28.504499999999997
India,Madras,1955,28.3815
India,Madras,1956,28.429333333333332
India,Madras,1957,28.690916666666666
India,Madras,1958,29.056166666666666
India,Madras,1959,28.772833333333335
India,Madras,1960,28.699916666666667
India,Madras,1961,28.478166666666667
India,Madras,1962,28.34025
India,Madras,1963,28.462333333333333
India,Madras,1964,28.776916666666665
India,Madras,1965,28.67866666666667
India,Madras,1966,28.886583333333334
India,Madras,1967,28.441166666666664
India,Madras,1968,28.718666666666667
India,Madras,1969,28.825083333333335
India,Madras,1970,28.43766666666667
India,Madras,1971,28.25016666666667
India,Madras,1972,28.888500000000004
India,Madras,1973,29.091333333333335
India,Madras,1974,28.53741666666667
India,Madras,1975,28.488833333333332
India,Madras,1976,28.573666666666668
India,Madras,1977,28.803583333333336
India,Madras,1978,28.784499999999998
India,Madras,1979,29.17425
India,Madras,1980,29.110833333333332
India,Madras,1981,28.69666666666667
India,Madras,1982,29.032750000000004
India,Madras,1983,29.061916666666665
India,Madras,1984,28.75175
India,Madras,1985,28.8835
India,Madras,1986,29.139750000000003
India,Madras,1987,29.2205
India,Madras,1988,29.0445
India,Madras,1989,28.668583333333334
India,Madras,1990,28.764833333333332
India,Madras,1991,28.833583333333333
India,Madras,1992,28.660833333333333
India,Madras,1993,28.76275
India,Madras,1994,28.803083333333333
India,Madras,1995,28.78075
India,Madras,1996,28.776500000000002
India,Madras,1997,29.181749999999997
India,Madras,1998,29.55275
India,Madras,1999,28.952583333333333
India,Madras,2000,28.811666666666667
India,Madras,2001,29.162916666666664
India,Madras,2002,29.246499999999997
India,Madras,2003,29.273083333333332
India,Madras,2004,28.810916666666667
India,Madras,2005,29.09941666666667
India,Madras,2006,29.07325
India,Madras,2007,28.970166666666668
India,Madras,2008,29.024083333333333
India,Madras,2009,29.417416666666668
India,Madras,2010,29.04733333333333
India,Madras,2011,29.063166666666664
India,Madras,2012,29.77841666666667
India,Madras,2013,30.41175
India,Nagpur,1900,26.56075
India,Nagpur,1901,25.782
India,Nagpur,1902,26.426583333333337
India,Nagpur,1903,25.577416666666668
India,Nagpur,1904,25.525583333333334
India,Nagpur,1905,25.366583333333335
India,Nagpur,1906,25.596833333333333
India,Nagpur,1907,25.378333333333334
India,Nagpur,1908,25.40308333333333
India,Nagpur,1909,25.452833333333334
India,Nagpur,1910,25.26008333333333
India,Nagpur,1911,25.718166666666665
India,Nagpur,1912,25.955416666666668
India,Nagpur,1913,25.638583333333333
India,Nagpur,1914,25.663083333333333
India,Nagpur,1915,26.005083333333335
India,Nagpur,1916,25.52325
India,Nagpur,1917,24.50583333333333
India,Nagpur,1918,25.5755
India,Nagpur,1919,25.463250000000002
India,Nagpur,1920,25.85966666666667
India,Nagpur,1921,26.16325
India,Nagpur,1922,25.647333333333336
India,Nagpur,1923,25.806916666666666
India,Nagpur,1924,26.024833333333333
India,Nagpur,1925,25.366500000000002
India,Nagpur,1926,25.535833333333333
India,Nagpur,1927,25.602166666666665
India,Nagpur,1928,25.92975
India,Nagpur,1929,25.702833333333334
India,Nagpur,1930,25.690749999999998
India,Nagpur,1931,26.149416666666667
India,Nagpur,1932,25.839416666666665
India,Nagpur,1933,25.309250000000002
India,Nagpur,1934,25.453166666666664
India,Nagpur,1935,25.559250000000002
India,Nagpur,1936,25.596416666666666
India,Nagpur,1937,25.2915
India,Nagpur,1938,25.578416666666666
India,Nagpur,1939,25.729249999999997
India,Nagpur,1940,25.626416666666668
India,Nagpur,1941,26.543166666666668
India,Nagpur,1942,25.930999999999997
India,Nagpur,1943,25.41016666666667
India,Nagpur,1944,25.51391666666667
India,Nagpur,1945,25.33758333333333
India,Nagpur,1946,25.829166666666666
India,Nagpur,1947,25.939999999999998
India,Nagpur,1948,26.00616666666667
India,Nagpur,1949,25.8335
India,Nagpur,1950,25.578333333333333
India,Nagpur,1951,25.99966666666667
India,Nagpur,1952,26.382
India,Nagpur,1953,26.548750000000002
India,Nagpur,1954,26.017833333333332
India,Nagpur,1955,25.68816666666667
India,Nagpur,1956,25.694166666666664
India,Nagpur,1957,25.925666666666668
India,Nagpur,1958,26.534000000000002
India,Nagpur,1959,26.07858333333333
India,Nagpur,1960,25.929333333333332
India,Nagpur,1961,25.53125
India,Nagpur,1962,25.531499999999998
India,Nagpur,1963,25.63008333333333
India,Nagpur,1964,26.036
India,Nagpur,1965,25.965
India,Nagpur,1966,26.457416666666663
India,Nagpur,1967,26.073083333333333
India,Nagpur,1968,25.503249999999998
India,Nagpur,1969,26.437083333333334
India,Nagpur,1970,25.77475
India,Nagpur,1971,25.17925
India,Nagpur,1972,26.130166666666668
India,Nagpur,1973,26.288416666666667
India,Nagpur,1974,25.9785
India,Nagpur,1975,25.598416666666665
India,Nagpur,1976,26.174000000000003
India,Nagpur,1977,26.232416666666666
India,Nagpur,1978,25.719333333333335
India,Nagpur,1979,26.419750000000004
India,Nagpur,1980,26.542416666666668
India,Nagpur,1981,25.937250000000002
India,Nagpur,1982,26.089416666666665
India,Nagpur,1983,25.72175
India,Nagpur,1984,25.89616666666667
India,Nagpur,1985,26.184749999999998
India,Nagpur,1986,26.185083333333335
India,Nagpur,1987,26.31475
India,Nagpur,1988,26.47475
India,Nagpur,1989,25.9455
India,Nagpur,1990,25.68341666666667
India,Nagpur,1991,26.195333333333334
India,Nagpur,1992,26.32466666666667
India,Nagpur,1993,26.071250000000003
India,Nagpur,1994,25.75425
India,Nagpur,1995,26.042666666666666
India,Nagpur,1996,26.455083333333334
India,Nagpur,1997,25.745833333333334
India,Nagpur,1998,26.39708333333333
India,Nagpur,1999,26.059583333333332
India,Nagpur,2000,26.181416666666667
India,Nagpur,2001,26.32166666666667
India,Nagpur,2002,26.753
India,Nagpur,2003,26.503833333333333
India,Nagpur,2004,26.406333333333333
India,Nagpur,2005,26.229166666666668
India,Nagpur,2006,26.37483333333333
India,Nagpur,2007,26.393666666666665
India,Nagpur,2008,26.188
India,Nagpur,2009,27.13891666666667
India,Nagpur,2010,26.927000000000003
India,Nagpur,2011,26.004666666666665
India,Nagpur,2012,26.327916666666667
India,Nagpur,2013,27.112375
India,New Delhi,1900,25.55966666666667
India,New Delhi,1901,25.493166666666667
India,New Delhi,1902,25.660833333333333
India,New Delhi,1903,25.141000000000002
India,New Delhi,1904,25.068583333333333
India,New Delhi,1905,24.74875
India,New Delhi,1906,25.165833333333335
India,New Delhi,1907,25.02425
India,New Delhi,1908,25.140666666666664
India,New Delhi,1909,24.746250000000003
India,New Delhi,1910,24.81025
India,New Delhi,1911,25.355833333333333
India,New Delhi,1912,25.247083333333336
India,New Delhi,1913,24.944083333333335
India,New Delhi,1914,25.120083333333337
India,New Delhi,1915,25.73483333333333
India,New Delhi,1916,25.068
India,New Delhi,1917,23.8425
India,New Delhi,1918,25.279833333333332
India,New Delhi,1919,24.837083333333336
India,New Delhi,1920,24.987083333333334
India,New Delhi,1921,26.042583333333337
India,New Delhi,1922,25.183083333333332
India,New Delhi,1923,25.261083333333332
India,New Delhi,1924,24.982166666666668
India,New Delhi,1925,24.851083333333335
India,New Delhi,1926,24.779750000000003
India,New Delhi,1927,24.731916666666667
India,New Delhi,1928,25.654500000000002
India,New Delhi,1929,25.387833333333333
India,New Delhi,1930,25.098583333333334
India,New Delhi,1931,25.578083333333336
India,New Delhi,1932,25.627416666666665
India,New Delhi,1933,24.51875
India,New Delhi,1934,24.96066666666667
India,New Delhi,1935,24.805999999999997
India,New Delhi,1936,24.755166666666668
India,New Delhi,1937,24.809250000000002
India,New Delhi,1938,25.360416666666666
India,New Delhi,1939,25.23675
India,New Delhi,1940,25.0735
India,New Delhi,1941,26.302083333333332
India,New Delhi,1942,25.395
India,New Delhi,1943,25.25266666666667
India,New Delhi,1944,24.982916666666668
India,New Delhi,1945,24.780083333333334
India,New Delhi,1946,25.467833333333335
India,New Delhi,1947,25.724833333333336
India,New Delhi,1948,25.448083333333333
India,New Delhi,1949,25.598416666666665
India,New Delhi,1950,24.66125
India,New Delhi,1951,25.584083333333336
India,New Delhi,1952,25.835916666666666
India,New Delhi,1953,26.136333333333337
India,New Delhi,1954,25.67716666666667
India,New Delhi,1955,25.153583333333334
India,New Delhi,1956,25.301
India,New Delhi,1957,24.905833333333334
India,New Delhi,1958,25.93433333333333
India,New Delhi,1959,25.5565
India,New Delhi,1960,25.53491666666667
India,New Delhi,1961,24.80425
India,New Delhi,1962,25.18466666666667
India,New Delhi,1963,25.456
India,New Delhi,1964,25.048000000000002
India,New Delhi,1965,25.256
India,New Delhi,1966,25.518
India,New Delhi,1967,24.975333333333335
India,New Delhi,1968,25.02091666666667
India,New Delhi,1969,25.801083333333334
India,New Delhi,1970,25.38716666666667
India,New Delhi,1971,24.80666666666667
India,New Delhi,1972,25.4235
India,New Delhi,1973,25.56316666666667
India,New Delhi,1974,25.520666666666667
India,New Delhi,1975,25.023583333333335
India,New Delhi,1976,25.32875
India,New Delhi,1977,25.405083333333334
India,New Delhi,1978,25.206083333333336
India,New Delhi,1979,25.8105
India,New Delhi,1980,26.015583333333336
India,New Delhi,1981,25.787666666666667
India,New Delhi,1982,25.175583333333336
India,New Delhi,1983,24.747333333333334
India,New Delhi,1984,25.564083333333333
India,New Delhi,1985,25.864583333333332
India,New Delhi,1986,25.309083333333334
India,New Delhi,1987,26.539
India,New Delhi,1988,26.105666666666668
India,New Delhi,1989,25.432583333333337
India,New Delhi,1990,25.53825
India,New Delhi,1991,25.738666666666663
India,New Delhi,1992,25.521083333333333
India,New Delhi,1993,25.92141666666667
India,New Delhi,1994,25.86916666666667
India,New Delhi,1995,25.920333333333332
India,New Delhi,1996,25.54641666666667
India,New Delhi,1997,24.708166666666667
India,New Delhi,1998,25.769000000000002
India,New Delhi,1999,26.36283333333333
India,New Delhi,2000,26.048333333333332
India,New Delhi,2001,25.862916666666667
India,New Delhi,2002,26.634333333333334
India,New Delhi,2003,25.721083333333336
India,New Delhi,2004,26.23991666666667
India,New Delhi,2005,25.716083333333334
India,New Delhi,2006,26.365916666666667
India,New Delhi,2007,26.145666666666667
India,New Delhi,2008,25.675
India,New Delhi,2009,26.55425
India,New Delhi,2010,26.52025
India,New Delhi,2011,25.629500000000004
India,New Delhi,2012,25.889416666666666
India,New Delhi,2013,26.70925
India,Pune,1900,25.287833333333335
India,Pune,1901,24.806583333333332
India,Pune,1902,25.348166666666668
India,Pune,1903,24.408333333333335
India,Pune,1904,24.685833333333335
India,Pune,1905,24.45475
India,Pune,1906,24.50991666666667
India,Pune,1907,24.494249999999997
India,Pune,1908,24.299083333333332
India,Pune,1909,24.467250000000003
India,Pune,1910,24.219833333333337
India,Pune,1911,24.782750000000004
India,Pune,1912,25.01308333333333
India,Pune,1913,24.635333333333335
India,Pune,1914,24.68716666666667
India,Pune,1915,24.790000000000003
India,Pune,1916,24.58541666666667
India,Pune,1917,23.910666666666668
India,Pune,1918,24.75808333333333
India,Pune,1919,24.782333333333337
India,Pune,1920,24.874
India,Pune,1921,24.766916666666663
India,Pune,1922,24.571833333333334
India,Pune,1923,24.560916666666667
India,Pune,1924,24.865166666666667
India,Pune,1925,24.611
India,Pune,1926,24.856083333333334
India,Pune,1927,24.540583333333334
India,Pune,1928,24.709083333333336
India,Pune,1929,24.844333333333335
India,Pune,1930,24.613333333333333
India,Pune,1931,24.87625
India,Pune,1932,24.591583333333332
India,Pune,1933,24.38
India,Pune,1934,24.26008333333333
India,Pune,1935,24.374166666666667
India,Pune,1936,24.674750000000003
India,Pune,1937,24.43133333333333
India,Pune,1938,24.339
India,Pune,1939,24.5955
India,Pune,1940,24.58566666666667
India,Pune,1941,25.573583333333335
India,Pune,1942,24.997583333333335
India,Pune,1943,24.484166666666667
India,Pune,1944,24.749916666666667
India,Pune,1945,24.402083333333334
India,Pune,1946,24.757083333333338
India,Pune,1947,24.794583333333332
India,Pune,1948,25.06375
India,Pune,1949,24.815416666666668
India,Pune,1950,24.535583333333335
India,Pune,1951,24.98425
India,Pune,1952,24.975000000000005
India,Pune,1953,25.094833333333337
India,Pune,1954,24.680916666666665
India,Pune,1955,24.679583333333337
India,Pune,1956,24.500333333333334
India,Pune,1957,24.953916666666668
India,Pune,1958,25.28225
India,Pune,1959,25.111583333333332
India,Pune,1960,25.020333333333337
India,Pune,1961,24.659666666666666
India,Pune,1962,24.655333333333335
India,Pune,1963,24.8
India,Pune,1964,24.627166666666668
India,Pune,1965,24.958
India,Pune,1966,25.255416666666665
India,Pune,1967,25.046666666666667
India,Pune,1968,24.677333333333333
India,Pune,1969,25.374416666666665
India,Pune,1970,24.741333333333333
India,Pune,1971,24.53616666666667
India,Pune,1972,25.310333333333332
India,Pune,1973,25.184166666666666
India,Pune,1974,24.873833333333334
India,Pune,1975,24.469083333333334
India,Pune,1976,25.04516666666667
India,Pune,1977,25.29625
India,Pune,1978,24.813833333333335
India,Pune,1979,25.284500000000005
India,Pune,1980,25.333833333333335
India,Pune,1981,24.996333333333336
India,Pune,1982,25.207083333333333
India,Pune,1983,24.69875
India,Pune,1984,24.990166666666667
India,Pune,1985,25.023
India,Pune,1986,25.25583333333333
India,Pune,1987,25.61375
India,Pune,1988,25.28725
India,Pune,1989,24.858166666666666
India,Pune,1990,24.778583333333334
India,Pune,1991,25.062833333333334
India,Pune,1992,25.13966666666667
India,Pune,1993,25.058916666666665
India,Pune,1994,24.83975
India,Pune,1995,25.24325
India,Pune,1996,25.340666666666667
India,Pune,1997,25.208083333333335
India,Pune,1998,25.549500000000005
India,Pune,1999,25.099333333333334
India,Pune,2000,25.110916666666668
India,Pune,2001,25.337833333333336
India,Pune,2002,25.583000000000002
India,Pune,2003,25.748416666666667
India,Pune,2004,25.316166666666664
India,Pune,2005,25.085583333333332
India,Pune,2006,25.310166666666664
India,Pune,2007,25.584833333333336
India,Pune,2008,25.23025
India,Pune,2009,25.86825
India,Pune,2010,25.749166666666667
India,Pune,2011,25.161416666666668
India,Pune,2012,25.296833333333336
India,Pune,2013,25.847625
India,Surat,1900,26.802666666666667
India,Surat,1901,26.55016666666667
India,Surat,1902,27.062250000000002
India,Surat,1903,26.038416666666667
India,Surat,1904,26.38383333333333
India,Surat,1905,26.051833333333335
India,Surat,1906,26.047833333333333
India,Surat,1907,26.215999999999998
India,Surat,1908,25.932666666666666
India,Surat,1909,25.989
India,Surat,1910,25.889166666666668
India,Surat,1911,26.449166666666667
India,Surat,1912,26.662166666666668
India,Surat,1913,26.231583333333333
India,Surat,1914,26.395
India,Surat,1915,26.71291666666667
India,Surat,1916,26.32225
India,Surat,1917,25.4825
India,Surat,1918,26.379166666666666
India,Surat,1919,26.290333333333333
India,Surat,1920,26.514750000000003
India,Surat,1921,26.758916666666668
India,Surat,1922,26.260416666666668
India,Surat,1923,26.326666666666668
India,Surat,1924,26.522583333333333
India,Surat,1925,26.43925
India,Surat,1926,26.45266666666667
India,Surat,1927,26.038083333333333
India,Surat,1928,26.42233333333333
India,Surat,1929,26.562583333333336
India,Surat,1930,26.386916666666664
India,Surat,1931,26.71141666666667
India,Surat,1932,26.622500000000002
India,Surat,1933,26.121166666666667
India,Surat,1934,26.08575
India,Surat,1935,25.98991666666667
India,Surat,1936,26.27508333333333
India,Surat,1937,26.082250000000002
India,Surat,1938,26.209083333333336
India,Surat,1939,26.421666666666667
India,Surat,1940,26.323666666666668
India,Surat,1941,27.145750000000003
India,Surat,1942,26.552333333333333
India,Surat,1943,26.3715
India,Surat,1944,26.330166666666667
India,Surat,1945,25.88591666666667
India,Surat,1946,26.53075
India,Surat,1947,26.56125
India,Surat,1948,26.843416666666666
India,Surat,1949,26.770583333333335
India,Surat,1950,26.013416666666668
India,Surat,1951,26.798416666666668
India,Surat,1952,26.91625
India,Surat,1953,26.890333333333334
India,Surat,1954,26.529833333333332
India,Surat,1955,26.396583333333336
India,Surat,1956,26.209000000000003
India,Surat,1957,26.519666666666666
India,Surat,1958,27.02625
India,Surat,1959,26.65275
India,Surat,1960,26.647333333333336
India,Surat,1961,26.191333333333333
India,Surat,1962,26.420166666666663
India,Surat,1963,26.717750000000006
India,Surat,1964,26.33641666666667
India,Surat,1965,26.652
India,Surat,1966,26.86225
India,Surat,1967,26.453166666666664
India,Surat,1968,26.287750000000003
India,Surat,1969,27.105
India,Surat,1970,26.44666666666667
India,Surat,1971,26.206333333333333
India,Surat,1972,26.819833333333335
India,Surat,1973,26.57041666666667
India,Surat,1974,26.78975
India,Surat,1975,26.113916666666668
India,Surat,1976,26.756333333333334
India,Surat,1977,27.005750000000003
India,Surat,1978,26.574749999999998
India,Surat,1979,26.779500000000002
India,Surat,1980,26.949583333333333
India,Surat,1981,26.637416666666667
India,Surat,1982,26.725166666666667
India,Surat,1983,26.097583333333333
India,Surat,1984,26.428416666666667
India,Surat,1985,26.806416666666667
India,Surat,1986,26.8095
India,Surat,1987,27.65025
India,Surat,1988,27.253500000000003
India,Surat,1989,26.59766666666667
India,Surat,1990,26.63175
India,Surat,1991,26.703083333333336
India,Surat,1992,26.782750000000004
India,Surat,1993,27.038416666666667
India,Surat,1994,26.545583333333337
India,Surat,1995,27.03141666666667
India,Surat,1996,27.013666666666666
India,Surat,1997,26.528583333333334
India,Surat,1998,27.323583333333332
India,Surat,1999,26.963833333333337
India,Surat,2000,27.029
India,Surat,2001,26.89725
India,Surat,2002,27.34775
India,Surat,2003,27.23091666666667
India,Surat,2004,27.290583333333334
India,Surat,2005,26.724500000000003
India,Surat,2006,27.149416666666667
India,Surat,2007,27.31175
India,Surat,2008,26.82875
India,Surat,2009,27.819833333333335
India,Surat,2010,27.68166666666667
India,Surat,2011,27.016583333333333
India,Surat,2012,26.88925
India,Surat,2013,27.43775
Indonesia,Jakarta,1900,26.385833333333334
Indonesia,Jakarta,1901,26.137083333333333
Indonesia,Jakarta,1902,26.158583333333336
Indonesia,Jakarta,1903,26.204833333333337
Indonesia,Jakarta,1904,25.81325
Indonesia,Jakarta,1905,26.441000000000003
Indonesia,Jakarta,1906,26.35366666666667
Indonesia,Jakarta,1907,26.146666666666665
Indonesia,Jakarta,1908,26.196166666666667
Indonesia,Jakarta,1909,26.193250000000003
Indonesia,Jakarta,1910,26.179000000000002
Indonesia,Jakarta,1911,26.2435
Indonesia,Jakarta,1912,26.507666666666665
Indonesia,Jakarta,1913,26.26925
Indonesia,Jakarta,1914,26.451333333333334
Indonesia,Jakarta,1915,26.520166666666668
Indonesia,Jakarta,1916,26.12
Indonesia,Jakarta,1917,25.9455
Indonesia,Jakarta,1918,25.95325
Indonesia,Jakarta,1919,26.305916666666665
Indonesia,Jakarta,1920,26.080000000000002
Indonesia,Jakarta,1921,26.18433333333333
Indonesia,Jakarta,1922,26.185000000000002
Indonesia,Jakarta,1923,26.17025
Indonesia,Jakarta,1924,26.362
Indonesia,Jakarta,1925,26.32133333333333
Indonesia,Jakarta,1926,26.645416666666666
Indonesia,Jakarta,1927,26.34766666666667
Indonesia,Jakarta,1928,26.535666666666668
Indonesia,Jakarta,1929,26.188833333333335
Indonesia,Jakarta,1930,26.450083333333335
Indonesia,Jakarta,1931,26.7265
Indonesia,Jakarta,1932,26.497333333333334
Indonesia,Jakarta,1933,26.387416666666667
Indonesia,Jakarta,1934,26.26725
Indonesia,Jakarta,1935,26.484916666666667
Indonesia,Jakarta,1936,26.537166666666668
Indonesia,Jakarta,1937,26.630416666666665
Indonesia,Jakarta,1938,26.562583333333336
Indonesia,Jakarta,1939,26.4515
Indonesia,Jakarta,1940,26.668000000000003
Indonesia,Jakarta,1941,26.98275
Indonesia,Jakarta,1942,26.8165
Indonesia,Jakarta,1943,26.347166666666666
Indonesia,Jakarta,1944,26.684583333333332
Indonesia,Jakarta,1945,26.623500000000003
Indonesia,Jakarta,1946,26.860416666666666
Indonesia,Jakarta,1947,26.869833333333332
Indonesia,Jakarta,1948,26.846083333333336
Indonesia,Jakarta,1949,26.609083333333334
Indonesia,Jakarta,1950,26.504666666666665
Indonesia,Jakarta,1951,26.748833333333334
Indonesia,Jakarta,1952,26.74925
Indonesia,Jakarta,1953,26.882333333333335
Indonesia,Jakarta,1954,26.674333333333333
Indonesia,Jakarta,1955,26.415499999999998
Indonesia,Jakarta,1956,26.58475
Indonesia,Jakarta,1957,26.916833333333333
Indonesia,Jakarta,1958,26.915000000000003
Indonesia,Jakarta,1959,26.970583333333334
Indonesia,Jakarta,1960,26.908833333333334
Indonesia,Jakarta,1961,26.67741666666667
Indonesia,Jakarta,1962,26.539666666666665
Indonesia,Jakarta,1963,26.64016666666667
Indonesia,Jakarta,1964,26.67375
Indonesia,Jakarta,1965,26.618166666666667
Indonesia,Jakarta,1966,26.8175
Indonesia,Jakarta,1967,26.77025
Indonesia,Jakarta,1968,26.632166666666667
Indonesia,Jakarta,1969,26.966583333333336
Indonesia,Jakarta,1970,26.678416666666667
Indonesia,Jakarta,1971,26.649333333333335
Indonesia,Jakarta,1972,26.946166666666667
Indonesia,Jakarta,1973,26.93766666666667
Indonesia,Jakarta,1974,26.536916666666666
Indonesia,Jakarta,1975,26.676000000000002
Indonesia,Jakarta,1976,26.704250000000002
Indonesia,Jakarta,1977,26.833583333333333
Indonesia,Jakarta,1978,26.772833333333335
Indonesia,Jakarta,1979,26.82166666666667
Indonesia,Jakarta,1980,26.79116666666667
Indonesia,Jakarta,1981,26.761916666666664
Indonesia,Jakarta,1982,26.91116666666667
Indonesia,Jakarta,1983,27.105833333333333
Indonesia,Jakarta,1984,26.448916666666666
Indonesia,Jakarta,1985,26.855500000000003
Indonesia,Jakarta,1986,26.7
Indonesia,Jakarta,1987,27.193250000000003
Indonesia,Jakarta,1988,27.011916666666668
Indonesia,Jakarta,1989,26.888
Indonesia,Jakarta,1990,27.052916666666665
Indonesia,Jakarta,1991,27.03616666666667
Indonesia,Jakarta,1992,26.956333333333333
Indonesia,Jakarta,1993,27.042416666666668
Indonesia,Jakarta,1994,27.12366666666667
Indonesia,Jakarta,1995,27.14616666666667
Indonesia,Jakarta,1996,27.069
Indonesia,Jakarta,1997,27.368750000000002
Indonesia,Jakarta,1998,27.584500000000002
Indonesia,Jakarta,1999,27.012916666666666
Indonesia,Jakarta,2000,27.197999999999997
Indonesia,Jakarta,2001,27.132333333333335
Indonesia,Jakarta,2002,27.400166666666667
Indonesia,Jakarta,2003,27.517666666666667
Indonesia,Jakarta,2004,27.423416666666668
Indonesia,Jakarta,2005,27.2205
Indonesia,Jakarta,2006,27.3875
Indonesia,Jakarta,2007,27.207000000000004
Indonesia,Jakarta,2008,26.97283333333333
Indonesia,Jakarta,2009,27.31025
Indonesia,Jakarta,2010,27.247333333333334
Indonesia,Jakarta,2011,27.243166666666667
Indonesia,Jakarta,2012,27.36266666666667
Indonesia,Jakarta,2013,27.373125
Indonesia,Surabaya,1900,26.743750000000002
Indonesia,Surabaya,1901,26.480166666666666
Indonesia,Surabaya,1902,26.315
Indonesia,Surabaya,1903,26.506333333333334
Indonesia,Surabaya,1904,26.20741666666667
Indonesia,Surabaya,1905,26.8115
Indonesia,Surabaya,1906,26.951166666666666
Indonesia,Surabaya,1907,26.486583333333332
Indonesia,Surabaya,1908,26.503
Indonesia,Surabaya,1909,26.36066666666667
Indonesia,Surabaya,1910,26.5355
Indonesia,Surabaya,1911,26.52
Indonesia,Surabaya,1912,26.54733333333333
Indonesia,Surabaya,1913,26.245499999999996
Indonesia,Surabaya,1914,26.34
Indonesia,Surabaya,1915,26.79275
Indonesia,Surabaya,1916,26.417583333333337
Indonesia,Surabaya,1917,26.435000000000002
Indonesia,Surabaya,1918,26.17775
Indonesia,Surabaya,1919,26.665499999999998
Indonesia,Surabaya,1920,26.568083333333334
Indonesia,Surabaya,1921,26.577250000000003
Indonesia,Surabaya,1922,26.423666666666666
Indonesia,Surabaya,1923,26.381833333333333
Indonesia,Surabaya,1924,26.616666666666664
Indonesia,Surabaya,1925,26.402416666666667
Indonesia,Surabaya,1926,26.8205
Indonesia,Surabaya,1927,26.789083333333334
Indonesia,Surabaya,1928,26.8895
Indonesia,Surabaya,1929,26.614
Indonesia,Surabaya,1930,26.850166666666667
Indonesia,Surabaya,1931,27.251666666666665
Indonesia,Surabaya,1932,26.826666666666668
Indonesia,Surabaya,1933,26.84283333333333
Indonesia,Surabaya,1934,26.5745
Indonesia,Surabaya,1935,26.661166666666663
Indonesia,Surabaya,1936,26.857416666666666
Indonesia,Surabaya,1937,26.729166666666668
Indonesia,Surabaya,1938,26.891833333333334
Indonesia,Surabaya,1939,26.751333333333335
Indonesia,Surabaya,1940,26.662000000000003
Indonesia,Surabaya,1941,27.038416666666667
Indonesia,Surabaya,1942,27.137083333333333
Indonesia,Surabaya,1943,26.683833333333336
Indonesia,Surabaya,1944,26.70041666666667
Indonesia,Surabaya,1945,26.850416666666664
Indonesia,Surabaya,1946,27.290916666666664
Indonesia,Surabaya,1947,27.165166666666664
Indonesia,Surabaya,1948,26.962333333333333
Indonesia,Surabaya,1949,26.90291666666667
Indonesia,Surabaya,1950,26.745499999999996
Indonesia,Surabaya,1951,27.07625
Indonesia,Surabaya,1952,26.961000000000002
Indonesia,Surabaya,1953,27.206500000000002
Indonesia,Surabaya,1954,27.101583333333334
Indonesia,Surabaya,1955,26.890333333333334
Indonesia,Surabaya,1956,27.08666666666667
Indonesia,Surabaya,1957,27.23783333333333
Indonesia,Surabaya,1958,27.372833333333332
Indonesia,Surabaya,1959,27.26575
Indonesia,Surabaya,1960,27.167833333333334
Indonesia,Surabaya,1961,26.888416666666668
Indonesia,Surabaya,1962,26.895
Indonesia,Surabaya,1963,26.875666666666664
Indonesia,Surabaya,1964,27.058000000000003
Indonesia,Surabaya,1965,26.881416666666667
Indonesia,Surabaya,1966,27.10675
Indonesia,Surabaya,1967,27.066000000000003
Indonesia,Surabaya,1968,27.133
Indonesia,Surabaya,1969,27.327166666666667
Indonesia,Surabaya,1970,27.154833333333332
Indonesia,Surabaya,1971,26.738833333333332
Indonesia,Surabaya,1972,27.223583333333334
Indonesia,Surabaya,1973,27.39391666666667
Indonesia,Surabaya,1974,26.74791666666667
Indonesia,Surabaya,1975,26.88083333333333
Indonesia,Surabaya,1976,26.956916666666668
Indonesia,Surabaya,1977,27.012083333333333
Indonesia,Surabaya,1978,27.0245
Indonesia,Surabaya,1979,27.200750000000003
Indonesia,Surabaya,1980,27.267583333333334
Indonesia,Surabaya,1981,27.20658333333333
Indonesia,Surabaya,1982,27.057166666666664
Indonesia,Surabaya,1983,27.172916666666666
Indonesia,Surabaya,1984,26.706000000000003
Indonesia,Surabaya,1985,27.249916666666667
Indonesia,Surabaya,1986,27.17316666666667
Indonesia,Surabaya,1987,27.590666666666667
Indonesia,Surabaya,1988,27.484166666666667
Indonesia,Surabaya,1989,27.383
Indonesia,Surabaya,1990,27.471666666666668
Indonesia,Surabaya,1991,27.209999999999997
Indonesia,Surabaya,1992,27.399083333333333
Indonesia,Surabaya,1993,27.510583333333333
Indonesia,Surabaya,1994,27.17925
Indonesia,Surabaya,1995,27.324083333333334
Indonesia,Surabaya,1996,27.5275
Indonesia,Surabaya,1997,27.463166666666666
Indonesia,Surabaya,1998,27.904666666666667
Indonesia,Surabaya,1999,27.3185
Indonesia,Surabaya,2000,27.44333333333333
Indonesia,Surabaya,2001,27.519416666666668
Indonesia,Surabaya,2002,27.713333333333335
Indonesia,Surabaya,2003,27.68733333333334
Indonesia,Surabaya,2004,27.6875
Indonesia,Surabaya,2005,27.768416666666667
Indonesia,Surabaya,2006,27.554916666666667
Indonesia,Surabaya,2007,27.486083333333337
Indonesia,Surabaya,2008,27.338416666666664
Indonesia,Surabaya,2009,27.68716666666667
Indonesia,Surabaya,2010,27.545083333333334
Indonesia,Surabaya,2011,27.190250000000002
Indonesia,Surabaya,2012,27.47875
Indonesia,Surabaya,2013,27.296625
Iran,Mashhad,1900,11.854833333333334
Iran,Mashhad,1901,12.663416666666668
Iran,Mashhad,1902,12.880833333333333
Iran,Mashhad,1903,11.708666666666666
Iran,Mashhad,1904,12.135416666666666
Iran,Mashhad,1905,12.1415
Iran,Mashhad,1906,12.59425
Iran,Mashhad,1907,11.73675
Iran,Mashhad,1908,12.101083333333333
Iran,Mashhad,1909,12.595416666666667
Iran,Mashhad,1910,11.65475
Iran,Mashhad,1911,11.4865
Iran,Mashhad,1912,12.513916666666667
Iran,Mashhad,1913,12.5565
Iran,Mashhad,1914,13.100083333333336
Iran,Mashhad,1915,13.790916666666668
Iran,Mashhad,1916,11.877916666666666
Iran,Mashhad,1917,13.0555
Iran,Mashhad,1918,11.973500000000001
Iran,Mashhad,1919,12.63
Iran,Mashhad,1920,11.273000000000001
Iran,Mashhad,1921,12.543333333333335
Iran,Mashhad,1922,13.130583333333334
Iran,Mashhad,1923,11.990166666666667
Iran,Mashhad,1924,12.101
Iran,Mashhad,1925,13.093666666666666
Iran,Mashhad,1926,12.60425
Iran,Mashhad,1927,12.770916666666666
Iran,Mashhad,1928,11.927666666666667
Iran,Mashhad,1929,11.363999999999999
Iran,Mashhad,1930,11.235750000000001
Iran,Mashhad,1931,11.604666666666667
Iran,Mashhad,1932,11.615
Iran,Mashhad,1933,12.310083333333333
Iran,Mashhad,1934,11.447416666666667
Iran,Mashhad,1935,12.339666666666666
Iran,Mashhad,1936,12.57891666666667
Iran,Mashhad,1937,12.08
Iran,Mashhad,1938,12.989833333333335
Iran,Mashhad,1939,12.830583333333331
Iran,Mashhad,1940,13.559166666666668
Iran,Mashhad,1941,14.024000000000001
Iran,Mashhad,1942,13.034166666666666
Iran,Mashhad,1943,11.856499999999999
Iran,Mashhad,1944,13.294333333333334
Iran,Mashhad,1945,12.253666666666668
Iran,Mashhad,1946,12.676250000000001
Iran,Mashhad,1947,13.581166666666666
Iran,Mashhad,1948,12.868416666666668
Iran,Mashhad,1949,11.3955
Iran,Mashhad,1950,11.403916666666667
Iran,Mashhad,1951,12.385833333333332
Iran,Mashhad,1952,12.451500000000001
Iran,Mashhad,1953,12.796333333333335
Iran,Mashhad,1954,12.05625
Iran,Mashhad,1955,13.725416666666668
Iran,Mashhad,1956,12.446416666666666
Iran,Mashhad,1957,11.610833333333334
Iran,Mashhad,1958,13.21275
Iran,Mashhad,1959,12.119583333333333
Iran,Mashhad,1960,12.67725
Iran,Mashhad,1961,13.033
Iran,Mashhad,1962,12.59625
Iran,Mashhad,1963,13.735583333333333
Iran,Mashhad,1964,11.58875
Iran,Mashhad,1965,13.144
Iran,Mashhad,1966,13.608916666666666
Iran,Mashhad,1967,12.32
Iran,Mashhad,1968,12.688333333333333
Iran,Mashhad,1969,11.611833333333335
Iran,Mashhad,1970,13.264333333333333
Iran,Mashhad,1971,13.456666666666665
Iran,Mashhad,1972,10.6885
Iran,Mashhad,1973,13.031500000000001
Iran,Mashhad,1974,11.481000000000002
Iran,Mashhad,1975,12.638583333333335
Iran,Mashhad,1976,12.201416666666667
Iran,Mashhad,1977,13.313333333333333
Iran,Mashhad,1978,12.907166666666667
Iran,Mashhad,1979,13.252
Iran,Mashhad,1980,13.407416666666665
Iran,Mashhad,1981,13.778583333333335
Iran,Mashhad,1982,12.091583333333332
Iran,Mashhad,1983,13.691333333333333
Iran,Mashhad,1984,12.516916666666667
Iran,Mashhad,1985,13.309333333333333
Iran,Mashhad,1986,12.762833333333333
Iran,Mashhad,1987,13.706916666666666
Iran,Mashhad,1988,13.903333333333334
Iran,Mashhad,1989,13.223416666666665
Iran,Mashhad,1990,13.662
Iran,Mashhad,1991,13.0865
Iran,Mashhad,1992,12.395583333333335
Iran,Mashhad,1993,12.666333333333334
Iran,Mashhad,1994,13.403833333333333
Iran,Mashhad,1995,14.010583333333335
Iran,Mashhad,1996,13.335333333333333
Iran,Mashhad,1997,13.896833333333333
Iran,Mashhad,1998,14.106166666666667
Iran,Mashhad,1999,14.011166666666668
Iran,Mashhad,2000,14.154416666666664
Iran,Mashhad,2001,14.642416666666668
Iran,Mashhad,2002,14.258833333333333
Iran,Mashhad,2003,13.541333333333334
Iran,Mashhad,2004,14.301499999999999
Iran,Mashhad,2005,14.04875
Iran,Mashhad,2006,14.60725
Iran,Mashhad,2007,13.735833333333334
Iran,Mashhad,2008,13.718416666666668
Iran,Mashhad,2009,14.118
Iran,Mashhad,2010,15.211916666666667
Iran,Mashhad,2011,13.928583333333334
Iran,Mashhad,2012,13.566
Iran,Mashhad,2013,15.938500000000001
Iraq,Baghdad,1900,22.456333333333333
Iraq,Baghdad,1901,23.65533333333333
Iraq,Baghdad,1902,23.2145
Iraq,Baghdad,1903,22.09866666666667
Iraq,Baghdad,1904,22.276916666666665
Iraq,Baghdad,1905,22.07858333333333
Iraq,Baghdad,1906,22.16316666666667
Iraq,Baghdad,1907,21.528833333333335
Iraq,Baghdad,1908,22.261
Iraq,Baghdad,1909,23.123166666666666
Iraq,Baghdad,1910,22.186083333333332
Iraq,Baghdad,1911,20.984583333333333
Iraq,Baghdad,1912,22.701333333333334
Iraq,Baghdad,1913,21.996083333333335
Iraq,Baghdad,1914,22.1665
Iraq,Baghdad,1915,22.997666666666664
Iraq,Baghdad,1916,22.645583333333335
Iraq,Baghdad,1917,22.932083333333335
Iraq,Baghdad,1918,22.17625
Iraq,Baghdad,1919,22.873833333333334
Iraq,Baghdad,1920,21.51075
Iraq,Baghdad,1921,22.197000000000003
Iraq,Baghdad,1922,22.931583333333332
Iraq,Baghdad,1923,22.579250000000002
Iraq,Baghdad,1924,22.91925
Iraq,Baghdad,1925,22.346833333333333
Iraq,Baghdad,1926,22.504583333333333
Iraq,Baghdad,1927,22.6975
Iraq,Baghdad,1928,22.5955
Iraq,Baghdad,1929,22.793583333333334
Iraq,Baghdad,1930,22.997416666666666
Iraq,Baghdad,1931,22.622583333333335
Iraq,Baghdad,1932,22.366500000000002
Iraq,Baghdad,1933,21.864583333333332
Iraq,Baghdad,1934,22.307666666666666
Iraq,Baghdad,1935,23.282
Iraq,Baghdad,1936,22.6905
Iraq,Baghdad,1937,23.040583333333334
Iraq,Baghdad,1938,22.546083333333332
Iraq,Baghdad,1939,22.473833333333335
Iraq,Baghdad,1940,23.2775
Iraq,Baghdad,1941,22.899333333333335
Iraq,Baghdad,1942,23.017916666666668
Iraq,Baghdad,1943,22.436666666666667
Iraq,Baghdad,1944,22.958833333333335
Iraq,Baghdad,1945,22.160750000000004
Iraq,Baghdad,1946,22.5235
Iraq,Baghdad,1947,23.63083333333333
Iraq,Baghdad,1948,22.113916666666668
Iraq,Baghdad,1949,21.85225
Iraq,Baghdad,1950,21.933333333333334
Iraq,Baghdad,1951,23.009583333333335
Iraq,Baghdad,1952,23.01391666666667
Iraq,Baghdad,1953,22.23925
Iraq,Baghdad,1954,23.145250000000004
Iraq,Baghdad,1955,23.149583333333336
Iraq,Baghdad,1956,22.34166666666667
Iraq,Baghdad,1957,22.327083333333334
Iraq,Baghdad,1958,23.16633333333333
Iraq,Baghdad,1959,22.1525
Iraq,Baghdad,1960,23.697833333333335
Iraq,Baghdad,1961,22.746083333333335
Iraq,Baghdad,1962,23.908
Iraq,Baghdad,1963,23.122
Iraq,Baghdad,1964,22.18658333333333
Iraq,Baghdad,1965,23.077583333333337
Iraq,Baghdad,1966,23.90691666666667
Iraq,Baghdad,1967,21.997583333333335
Iraq,Baghdad,1968,22.856833333333338
Iraq,Baghdad,1969,23.297
Iraq,Baghdad,1970,23.41725
Iraq,Baghdad,1971,22.646833333333333
Iraq,Baghdad,1972,22.105666666666668
Iraq,Baghdad,1973,22.904
Iraq,Baghdad,1974,22.35766666666667
Iraq,Baghdad,1975,22.668499999999998
Iraq,Baghdad,1976,22.479
Iraq,Baghdad,1977,23.029666666666667
Iraq,Baghdad,1978,23.203416666666666
Iraq,Baghdad,1979,24.19633333333333
Iraq,Baghdad,1980,23.249416666666665
Iraq,Baghdad,1981,23.236833333333333
Iraq,Baghdad,1982,22.03125
Iraq,Baghdad,1983,22.353416666666664
Iraq,Baghdad,1984,22.737583333333333
Iraq,Baghdad,1985,23.017666666666667
Iraq,Baghdad,1986,23.152333333333335
Iraq,Baghdad,1987,23.538916666666665
Iraq,Baghdad,1988,22.937749999999998
Iraq,Baghdad,1989,23.04941666666667
Iraq,Baghdad,1990,23.405916666666666
Iraq,Baghdad,1991,23.209000000000003
Iraq,Baghdad,1992,21.522000000000002
Iraq,Baghdad,1993,22.8595
Iraq,Baghdad,1994,23.465833333333336
Iraq,Baghdad,1995,23.318
Iraq,Baghdad,1996,23.958
Iraq,Baghdad,1997,22.744250000000005
Iraq,Baghdad,1998,24.333
Iraq,Baghdad,1999,24.423583333333337
Iraq,Baghdad,2000,23.89633333333333
Iraq,Baghdad,2001,24.445916666666665
Iraq,Baghdad,2002,23.764750000000003
Iraq,Baghdad,2003,23.88
Iraq,Baghdad,2004,23.721500000000002
Iraq,Baghdad,2005,23.578333333333333
Iraq,Baghdad,2006,23.81625
Iraq,Baghdad,2007,23.924750000000003
Iraq,Baghdad,2008,24.0895
Iraq,Baghdad,2009,23.867333333333335
Iraq,Baghdad,2010,25.493916666666667
Iraq,Baghdad,2011,23.4375
Iraq,Baghdad,2012,24.344833333333337
Iraq,Baghdad,2013,25.142875
Italy,Rome,1900,12.163499999999999
Italy,Rome,1901,11.442083333333334
Italy,Rome,1902,11.731333333333334
Italy,Rome,1903,11.76325
Italy,Rome,1904,12.162416666666667
Italy,Rome,1905,11.444749999999999
Italy,Rome,1906,11.437333333333333
Italy,Rome,1907,11.614416666666665
Italy,Rome,1908,11.396749999999999
Italy,Rome,1909,11.353
Italy,Rome,1910,11.592
Italy,Rome,1911,12.028416666666667
Italy,Rome,1912,11.43441666666667
Italy,Rome,1913,11.797083333333333
Italy,Rome,1914,11.476833333333333
Italy,Rome,1915,11.655416666666667
Italy,Rome,1916,12.268083333333331
Italy,Rome,1917,11.58475
Italy,Rome,1918,11.527999999999999
Italy,Rome,1919,11.389916666666666
Italy,Rome,1920,12.607833333333334
Italy,Rome,1921,12.109583333333333
Italy,Rome,1922,11.790916666666666
Italy,Rome,1923,12.319583333333334
Italy,Rome,1924,11.935833333333333
Italy,Rome,1925,11.849000000000002
Italy,Rome,1926,12.418999999999999
Italy,Rome,1927,12.789166666666667
Italy,Rome,1928,12.484166666666667
Italy,Rome,1929,11.698833333333335
Italy,Rome,1930,12.593916666666667
Italy,Rome,1931,12.007333333333333
Italy,Rome,1932,11.868
Italy,Rome,1933,11.609083333333333
Italy,Rome,1934,12.564416666666666
Italy,Rome,1935,12.092083333333335
Italy,Rome,1936,12.257333333333335
Italy,Rome,1937,12.4525
Italy,Rome,1938,11.886166666666668
Italy,Rome,1939,11.954333333333333
Italy,Rome,1940,11.052333333333335
Italy,Rome,1941,11.179499999999999
Italy,Rome,1942,12.043416666666666
Italy,Rome,1943,12.988749999999998
Italy,Rome,1944,11.776666666666666
Italy,Rome,1945,12.484416666666666
Italy,Rome,1946,12.552083333333334
Italy,Rome,1947,12.87325
Italy,Rome,1948,12.344666666666667
Italy,Rome,1949,12.5115
Italy,Rome,1950,13.089333333333334
Italy,Rome,1951,12.662999999999998
Italy,Rome,1952,12.606583333333333
Italy,Rome,1953,12.156
Italy,Rome,1954,11.648916666666667
Italy,Rome,1955,12.21975
Italy,Rome,1956,11.251249999999999
Italy,Rome,1957,12.274416666666667
Italy,Rome,1958,12.420666666666667
Italy,Rome,1959,12.240333333333334
Italy,Rome,1960,12.3885
Italy,Rome,1961,12.75425
Italy,Rome,1962,11.915333333333335
Italy,Rome,1963,12.041666666666666
Italy,Rome,1964,12.181666666666667
Italy,Rome,1965,11.772416666666667
Italy,Rome,1966,12.244166666666667
Italy,Rome,1967,12.438583333333334
Italy,Rome,1968,12.084416666666668
Italy,Rome,1969,11.924166666666666
Italy,Rome,1970,12.216166666666666
Italy,Rome,1971,11.8975
Italy,Rome,1972,11.951
Italy,Rome,1973,11.908666666666667
Italy,Rome,1974,11.941583333333334
Italy,Rome,1975,12.0555
Italy,Rome,1976,11.570333333333332
Italy,Rome,1977,12.263166666666665
Italy,Rome,1978,11.512416666666667
Italy,Rome,1979,12.142416666666668
Italy,Rome,1980,11.2905
Italy,Rome,1981,12.031583333333336
Italy,Rome,1982,12.742416666666665
Italy,Rome,1983,12.299916666666666
Italy,Rome,1984,11.598166666666666
Italy,Rome,1985,12.432250000000002
Italy,Rome,1986,12.26025
Italy,Rome,1987,12.436750000000002
Italy,Rome,1988,12.718416666666668
Italy,Rome,1989,12.38725
Italy,Rome,1990,12.829916666666668
Italy,Rome,1991,12.04625
Italy,Rome,1992,12.886750000000001
Italy,Rome,1993,12.706000000000001
Italy,Rome,1994,13.530166666666666
Italy,Rome,1995,12.470333333333334
Italy,Rome,1996,12.280833333333334
Italy,Rome,1997,13.126833333333332
Italy,Rome,1998,12.958
Italy,Rome,1999,12.948666666666668
Italy,Rome,2000,13.42425
Italy,Rome,2001,13.22525
Italy,Rome,2002,13.135666666666665
Italy,Rome,2003,13.618833333333335
Italy,Rome,2004,12.753916666666667
Italy,Rome,2005,12.160000000000002
Italy,Rome,2006,12.869750000000002
Italy,Rome,2007,13.318083333333334
Italy,Rome,2008,13.010916666666667
Italy,Rome,2009,13.280166666666668
Italy,Rome,2010,12.6285
Italy,Rome,2011,13.463166666666666
Italy,Rome,2012,13.454166666666666
Italy,Rome,2013,13.60275
Japan,Nagoya,1900,14.40075
Japan,Nagoya,1901,14.375583333333333
Japan,Nagoya,1902,14.34375
Japan,Nagoya,1903,14.537583333333332
Japan,Nagoya,1904,14.448916666666667
Japan,Nagoya,1905,14.542499999999999
Japan,Nagoya,1906,14.04925
Japan,Nagoya,1907,14.17825
Japan,Nagoya,1908,14.079
Japan,Nagoya,1909,14.197666666666668
Japan,Nagoya,1910,14.179166666666667
Japan,Nagoya,1911,14.735833333333334
Japan,Nagoya,1912,14.500583333333333
Japan,Nagoya,1913,14.057166666666667
Japan,Nagoya,1914,15.262916666666667
Japan,Nagoya,1915,15.091000000000001
Japan,Nagoya,1916,15.364416666666669
Japan,Nagoya,1917,13.944
Japan,Nagoya,1918,14.14625
Japan,Nagoya,1919,14.698583333333334
Japan,Nagoya,1920,14.8375
Japan,Nagoya,1921,14.241916666666667
Japan,Nagoya,1922,15.033166666666666
Japan,Nagoya,1923,14.868333333333334
Japan,Nagoya,1924,14.376166666666668
Japan,Nagoya,1925,14.253333333333332
Japan,Nagoya,1926,14.0355
Japan,Nagoya,1927,14.442416666666666
Japan,Nagoya,1928,14.753666666666668
Japan,Nagoya,1929,14.58925
Japan,Nagoya,1930,15.155833333333334
Japan,Nagoya,1931,14.559166666666668
Japan,Nagoya,1932,14.545250000000001
Japan,Nagoya,1933,14.823166666666667
Japan,Nagoya,1934,14.201583333333334
Japan,Nagoya,1935,14.60025
Japan,Nagoya,1936,14.12625
Japan,Nagoya,1937,15.051250000000001
Japan,Nagoya,1938,14.683333333333332
Japan,Nagoya,1939,14.837416666666668
Japan,Nagoya,1940,14.780833333333334
Japan,Nagoya,1941,15.00125
Japan,Nagoya,1942,14.999583333333334
Japan,Nagoya,1943,14.517916666666666
Japan,Nagoya,1944,14.518166666666668
Japan,Nagoya,1945,14.054166666666667
Japan,Nagoya,1946,15.084666666666665
Japan,Nagoya,1947,14.142083333333334
Japan,Nagoya,1948,15.324250000000001
Japan,Nagoya,1949,14.657416666666668
Japan,Nagoya,1950,15.243166666666667
Japan,Nagoya,1951,14.882666666666667
Japan,Nagoya,1952,14.96975
Japan,Nagoya,1953,15.001666666666667
Japan,Nagoya,1954,15.21225
Japan,Nagoya,1955,15.547666666666666
Japan,Nagoya,1956,14.851750000000001
Japan,Nagoya,1957,14.703166666666666
Japan,Nagoya,1958,15.349083333333333
Japan,Nagoya,1959,15.940833333333332
Japan,Nagoya,1960,15.579083333333335
Japan,Nagoya,1961,15.883166666666668
Japan,Nagoya,1962,15.108083333333333
Japan,Nagoya,1963,14.821916666666667
Japan,Nagoya,1964,15.446166666666668
Japan,Nagoya,1965,14.374166666666667
Japan,Nagoya,1966,14.92225
Japan,Nagoya,1967,15.094916666666668
Japan,Nagoya,1968,14.695250000000001
Japan,Nagoya,1969,14.841583333333332
Japan,Nagoya,1970,14.634416666666667
Japan,Nagoya,1971,14.795500000000002
Japan,Nagoya,1972,15.196583333333335
Japan,Nagoya,1973,15.004750000000001
Japan,Nagoya,1974,14.6235
Japan,Nagoya,1975,15.078250000000002
Japan,Nagoya,1976,14.560666666666668
Japan,Nagoya,1977,15.312166666666668
Japan,Nagoya,1978,15.371250000000002
Japan,Nagoya,1979,15.767583333333334
Japan,Nagoya,1980,14.65466666666667
Japan,Nagoya,1981,14.409166666666666
Japan,Nagoya,1982,14.916583333333334
Japan,Nagoya,1983,15.175333333333334
Japan,Nagoya,1984,14.515416666666667
Japan,Nagoya,1985,15.240166666666667
Japan,Nagoya,1986,14.648250000000003
Japan,Nagoya,1987,15.586333333333334
Japan,Nagoya,1988,14.738583333333333
Japan,Nagoya,1989,15.473833333333333
Japan,Nagoya,1990,16.166416666666667
Japan,Nagoya,1991,15.485833333333334
Japan,Nagoya,1992,15.260583333333335
Japan,Nagoya,1993,14.719666666666667
Japan,Nagoya,1994,16.074083333333334
Japan,Nagoya,1995,14.973
Japan,Nagoya,1996,14.801083333333333
Japan,Nagoya,1997,15.393749999999999
Japan,Nagoya,1998,16.445666666666668
Japan,Nagoya,1999,15.792166666666667
Japan,Nagoya,2000,15.667666666666667
Japan,Nagoya,2001,15.473666666666666
Japan,Nagoya,2002,15.730083333333333
Japan,Nagoya,2003,15.352083333333333
Japan,Nagoya,2004,16.325
Japan,Nagoya,2005,15.36275
Japan,Nagoya,2006,15.446
Japan,Nagoya,2007,15.937750000000001
Japan,Nagoya,2008,15.571083333333334
Japan,Nagoya,2009,15.667166666666667
Japan,Nagoya,2010,15.872916666666669
Japan,Nagoya,2011,15.434583333333334
Japan,Nagoya,2012,15.208833333333333
Japan,Nagoya,2013,16.021375
Japan,Tokyo,1900,12.106083333333336
Japan,Tokyo,1901,12.30625
Japan,Tokyo,1902,12.224333333333334
Japan,Tokyo,1903,12.335916666666668
Japan,Tokyo,1904,12.29325
Japan,Tokyo,1905,12.032916666666667
Japan,Tokyo,1906,11.661666666666667
Japan,Tokyo,1907,11.965916666666667
Japan,Tokyo,1908,11.71575
Japan,Tokyo,1909,12.039583333333333
Japan,Tokyo,1910,12.002749999999999
Japan,Tokyo,1911,12.809
Japan,Tokyo,1912,12.323500000000001
Japan,Tokyo,1913,11.721833333333334
Japan,Tokyo,1914,13.098
Japan,Tokyo,1915,12.739000000000003
Japan,Tokyo,1916,13.102000000000002
Japan,Tokyo,1917,12.041666666666666
Japan,Tokyo,1918,12.1885
Japan,Tokyo,1919,12.591583333333332
Japan,Tokyo,1920,12.6885
Japan,Tokyo,1921,12.11725
Japan,Tokyo,1922,12.859500000000002
Japan,Tokyo,1923,12.641583333333335
Japan,Tokyo,1924,12.34666666666667
Japan,Tokyo,1925,12.190166666666668
Japan,Tokyo,1926,11.740583333333333
Japan,Tokyo,1927,12.1885
Japan,Tokyo,1928,12.423916666666665
Japan,Tokyo,1929,12.444666666666668
Japan,Tokyo,1930,12.996
Japan,Tokyo,1931,12.16175
Japan,Tokyo,1932,12.674083333333334
Japan,Tokyo,1933,12.693833333333332
Japan,Tokyo,1934,11.847999999999999
Japan,Tokyo,1935,12.247416666666668
Japan,Tokyo,1936,12.086083333333335
Japan,Tokyo,1937,12.864333333333335
Japan,Tokyo,1938,12.595333333333334
Japan,Tokyo,1939,12.723
Japan,Tokyo,1940,12.660083333333334
Japan,Tokyo,1941,12.609166666666667
Japan,Tokyo,1942,12.797833333333335
Japan,Tokyo,1943,12.481583333333333
Japan,Tokyo,1944,12.1595
Japan,Tokyo,1945,11.624166666666667
Japan,Tokyo,1946,12.858416666666665
Japan,Tokyo,1947,11.99125
Japan,Tokyo,1948,13.175166666666668
Japan,Tokyo,1949,12.621083333333333
Japan,Tokyo,1950,13.207749999999999
Japan,Tokyo,1951,12.720916666666668
Japan,Tokyo,1952,12.647166666666665
Japan,Tokyo,1953,12.506083333333335
Japan,Tokyo,1954,12.761916666666666
Japan,Tokyo,1955,13.41975
Japan,Tokyo,1956,12.611916666666668
Japan,Tokyo,1957,12.661833333333334
Japan,Tokyo,1958,13.093583333333335
Japan,Tokyo,1959,13.499833333333333
Japan,Tokyo,1960,13.256
Japan,Tokyo,1961,13.657916666666667
Japan,Tokyo,1962,13.008833333333333
Japan,Tokyo,1963,12.710416666666667
Japan,Tokyo,1964,12.934
Japan,Tokyo,1965,12.26975
Japan,Tokyo,1966,12.807416666666667
Japan,Tokyo,1967,12.854833333333334
Japan,Tokyo,1968,12.749083333333333
Japan,Tokyo,1969,12.635416666666666
Japan,Tokyo,1970,12.353833333333334
Japan,Tokyo,1971,12.515749999999999
Japan,Tokyo,1972,13.173250000000001
Japan,Tokyo,1973,12.96175
Japan,Tokyo,1974,12.23475
Japan,Tokyo,1975,12.721583333333333
Japan,Tokyo,1976,12.189749999999998
Japan,Tokyo,1977,12.938250000000002
Japan,Tokyo,1978,13.046166666666666
Japan,Tokyo,1979,13.830083333333334
Japan,Tokyo,1980,12.353083333333332
Japan,Tokyo,1981,12.059916666666666
Japan,Tokyo,1982,12.905833333333334
Japan,Tokyo,1983,12.63575
Japan,Tokyo,1984,11.978166666666667
Japan,Tokyo,1985,12.895000000000001
Japan,Tokyo,1986,12.215666666666666
Japan,Tokyo,1987,13.414000000000001
Japan,Tokyo,1988,12.444250000000002
Japan,Tokyo,1989,13.354166666666666
Japan,Tokyo,1990,14.138750000000002
Japan,Tokyo,1991,13.315083333333334
Japan,Tokyo,1992,12.937833333333332
Japan,Tokyo,1993,12.490499999999999
Japan,Tokyo,1994,13.779916666666667
Japan,Tokyo,1995,12.978083333333336
Japan,Tokyo,1996,12.607083333333335
Japan,Tokyo,1997,13.433166666666667
Japan,Tokyo,1998,13.739500000000001
Japan,Tokyo,1999,13.781666666666668
Japan,Tokyo,2000,13.501833333333336
Japan,Tokyo,2001,13.125833333333333
Japan,Tokyo,2002,13.421999999999999
Japan,Tokyo,2003,12.8855
Japan,Tokyo,2004,14.04725
Japan,Tokyo,2005,12.987166666666667
Japan,Tokyo,2006,13.280416666666667
Japan,Tokyo,2007,13.681333333333335
Japan,Tokyo,2008,13.310666666666668
Japan,Tokyo,2009,13.546083333333334
Japan,Tokyo,2010,13.820500000000001
Japan,Tokyo,2011,13.321833333333336
Japan,Tokyo,2012,13.11325
Japan,Tokyo,2013,13.9115
Kenya,Nairobi,1900,16.146916666666666
Kenya,Nairobi,1901,16.451666666666668
Kenya,Nairobi,1902,16.1855
Kenya,Nairobi,1903,16.07875
Kenya,Nairobi,1904,15.575166666666666
Kenya,Nairobi,1905,15.63
Kenya,Nairobi,1906,15.205666666666666
Kenya,Nairobi,1907,15.398166666666668
Kenya,Nairobi,1908,15.992666666666667
Kenya,Nairobi,1909,15.661999999999999
Kenya,Nairobi,1910,15.519583333333335
Kenya,Nairobi,1911,15.911333333333333
Kenya,Nairobi,1912,15.926916666666665
Kenya,Nairobi,1913,15.90475
Kenya,Nairobi,1914,16.304333333333332
Kenya,Nairobi,1915,16.336333333333332
Kenya,Nairobi,1916,15.693
Kenya,Nairobi,1917,15.342999999999998
Kenya,Nairobi,1918,15.802999999999999
Kenya,Nairobi,1919,15.915416666666667
Kenya,Nairobi,1920,15.493
Kenya,Nairobi,1921,15.714583333333332
Kenya,Nairobi,1922,15.539416666666668
Kenya,Nairobi,1923,15.549916666666666
Kenya,Nairobi,1924,15.853166666666667
Kenya,Nairobi,1925,15.795083333333332
Kenya,Nairobi,1926,16.020666666666667
Kenya,Nairobi,1927,15.932583333333334
Kenya,Nairobi,1928,16.249333333333333
Kenya,Nairobi,1929,15.988833333333332
Kenya,Nairobi,1930,15.8515
Kenya,Nairobi,1931,16.449333333333332
Kenya,Nairobi,1932,16.04158333333333
Kenya,Nairobi,1933,16.162416666666665
Kenya,Nairobi,1934,16.189083333333333
Kenya,Nairobi,1935,16.11375
Kenya,Nairobi,1936,15.8585
Kenya,Nairobi,1937,15.994333333333332
Kenya,Nairobi,1938,15.970166666666666
Kenya,Nairobi,1939,16.202333333333332
Kenya,Nairobi,1940,16.223
Kenya,Nairobi,1941,16.373416666666667
Kenya,Nairobi,1942,15.897
Kenya,Nairobi,1943,16.045416666666664
Kenya,Nairobi,1944,16.235166666666668
Kenya,Nairobi,1945,16.127333333333333
Kenya,Nairobi,1946,16.20991666666667
Kenya,Nairobi,1947,15.845999999999998
Kenya,Nairobi,1948,16.097333333333335
Kenya,Nairobi,1949,16.46741666666667
Kenya,Nairobi,1950,15.965916666666665
Kenya,Nairobi,1951,16.016166666666667
Kenya,Nairobi,1952,16.267416666666666
Kenya,Nairobi,1953,16.363833333333332
Kenya,Nairobi,1954,16.050833333333333
Kenya,Nairobi,1955,16.08025
Kenya,Nairobi,1956,15.698916666666667
Kenya,Nairobi,1957,15.970916666666666
Kenya,Nairobi,1958,16.225083333333334
Kenya,Nairobi,1959,16.275583333333334
Kenya,Nairobi,1960,16.15175
Kenya,Nairobi,1961,16.363916666666668
Kenya,Nairobi,1962,15.831249999999999
Kenya,Nairobi,1963,15.846333333333334
Kenya,Nairobi,1964,15.625583333333333
Kenya,Nairobi,1965,16.011583333333334
Kenya,Nairobi,1966,16.226
Kenya,Nairobi,1967,16.329416666666667
Kenya,Nairobi,1968,15.68
Kenya,Nairobi,1969,16.329
Kenya,Nairobi,1970,16.04325
Kenya,Nairobi,1971,15.802666666666667
Kenya,Nairobi,1972,16.307666666666666
Kenya,Nairobi,1973,16.470499999999998
Kenya,Nairobi,1974,15.935416666666667
Kenya,Nairobi,1975,16.162583333333334
Kenya,Nairobi,1976,16.276416666666666
Kenya,Nairobi,1977,16.240666666666666
Kenya,Nairobi,1978,15.860916666666666
Kenya,Nairobi,1979,16.189666666666664
Kenya,Nairobi,1980,16.616416666666666
Kenya,Nairobi,1981,16.308
Kenya,Nairobi,1982,16.464166666666667
Kenya,Nairobi,1983,16.705333333333332
Kenya,Nairobi,1984,16.3265
Kenya,Nairobi,1985,16.240166666666667
Kenya,Nairobi,1986,16.529
Kenya,Nairobi,1987,17.190583333333333
Kenya,Nairobi,1988,16.520416666666666
Kenya,Nairobi,1989,15.906333333333334
Kenya,Nairobi,1990,15.9405
Kenya,Nairobi,1991,16.2595
Kenya,Nairobi,1992,16.344916666666666
Kenya,Nairobi,1993,16.364666666666665
Kenya,Nairobi,1994,16.577
Kenya,Nairobi,1995,16.522499999999997
Kenya,Nairobi,1996,16.444083333333335
Kenya,Nairobi,1997,16.7705
Kenya,Nairobi,1998,16.52675
Kenya,Nairobi,1999,16.70375
Kenya,Nairobi,2000,16.734583333333333
Kenya,Nairobi,2001,16.096833333333333
Kenya,Nairobi,2002,16.613833333333332
Kenya,Nairobi,2003,16.873833333333334
Kenya,Nairobi,2004,16.917749999999998
Kenya,Nairobi,2005,17.281916666666667
Kenya,Nairobi,2006,16.92475
Kenya,Nairobi,2007,16.599416666666666
Kenya,Nairobi,2008,16.659166666666668
Kenya,Nairobi,2009,17.30183333333333
Kenya,Nairobi,2010,16.822333333333333
Kenya,Nairobi,2011,16.897
Kenya,Nairobi,2012,16.838
Kenya,Nairobi,2013,16.909375
Mexico,Mexico,1900,15.73025
Mexico,Mexico,1901,15.461
Mexico,Mexico,1902,15.700166666666666
Mexico,Mexico,1903,15.240250000000001
Mexico,Mexico,1904,14.923333333333334
Mexico,Mexico,1905,15.416083333333333
Mexico,Mexico,1906,15.223666666666666
Mexico,Mexico,1907,15.421999999999999
Mexico,Mexico,1908,15.61
Mexico,Mexico,1909,15.799750000000001
Mexico,Mexico,1910,14.983416666666665
Mexico,Mexico,1911,15.668583333333332
Mexico,Mexico,1912,15.417916666666665
Mexico,Mexico,1913,15.078583333333333
Mexico,Mexico,1914,15.34925
Mexico,Mexico,1915,15.548250000000001
Mexico,Mexico,1916,15.575916666666666
Mexico,Mexico,1917,15.510333333333334
Mexico,Mexico,1918,15.578916666666666
Mexico,Mexico,1919,15.8855
Mexico,Mexico,1920,15.99825
Mexico,Mexico,1921,15.893416666666667
Mexico,Mexico,1922,16.06875
Mexico,Mexico,1923,15.842999999999998
Mexico,Mexico,1924,15.880249999999998
Mexico,Mexico,1925,15.54775
Mexico,Mexico,1926,15.768916666666664
Mexico,Mexico,1927,15.932166666666667
Mexico,Mexico,1928,15.96725
Mexico,Mexico,1929,15.886833333333334
Mexico,Mexico,1930,15.798
Mexico,Mexico,1931,15.5715
Mexico,Mexico,1932,15.890333333333333
Mexico,Mexico,1933,16.2285
Mexico,Mexico,1934,15.435666666666668
Mexico,Mexico,1935,15.569250000000002
Mexico,Mexico,1936,15.890083333333335
Mexico,Mexico,1937,16.051166666666667
Mexico,Mexico,1938,15.759
Mexico,Mexico,1939,15.589500000000001
Mexico,Mexico,1940,16.0055
Mexico,Mexico,1941,16.15075
Mexico,Mexico,1942,16.177916666666665
Mexico,Mexico,1943,15.816583333333334
Mexico,Mexico,1944,15.978500000000002
Mexico,Mexico,1945,16.577166666666667
Mexico,Mexico,1946,16.494333333333334
Mexico,Mexico,1947,16.32925
Mexico,Mexico,1948,16.565416666666668
Mexico,Mexico,1949,16.633083333333335
Mexico,Mexico,1950,16.110333333333333
Mexico,Mexico,1951,16.356583333333333
Mexico,Mexico,1952,15.912083333333333
Mexico,Mexico,1953,16.372666666666667
Mexico,Mexico,1954,15.890166666666667
Mexico,Mexico,1955,15.773083333333334
Mexico,Mexico,1956,15.488333333333332
Mexico,Mexico,1957,16.39675
Mexico,Mexico,1958,16.044583333333332
Mexico,Mexico,1959,15.795833333333334
Mexico,Mexico,1960,16.269833333333334
Mexico,Mexico,1961,15.984916666666665
Mexico,Mexico,1962,16.217833333333335
Mexico,Mexico,1963,15.920583333333333
Mexico,Mexico,1964,16.151333333333334
Mexico,Mexico,1965,15.899416666666667
Mexico,Mexico,1966,15.549083333333334
Mexico,Mexico,1967,15.816249999999998
Mexico,Mexico,1968,15.667
Mexico,Mexico,1969,16.334416666666666
Mexico,Mexico,1970,15.866
Mexico,Mexico,1971,16.018250000000002
Mexico,Mexico,1972,16.154166666666665
Mexico,Mexico,1973,16.170416666666668
Mexico,Mexico,1974,15.666333333333334
Mexico,Mexico,1975,15.815249999999999
Mexico,Mexico,1976,15.416000000000002
Mexico,Mexico,1977,15.877833333333333
Mexico,Mexico,1978,15.914
Mexico,Mexico,1979,15.774916666666668
Mexico,Mexico,1980,16.06116666666667
Mexico,Mexico,1981,15.810833333333333
Mexico,Mexico,1982,16.348166666666668
Mexico,Mexico,1983,16.16058333333333
Mexico,Mexico,1984,15.651333333333334
Mexico,Mexico,1985,15.622166666666667
Mexico,Mexico,1986,15.687416666666666
Mexico,Mexico,1987,15.782666666666666
Mexico,Mexico,1988,15.981166666666667
Mexico,Mexico,1989,15.745916666666668
Mexico,Mexico,1990,15.997583333333333
Mexico,Mexico,1991,16.415833333333335
Mexico,Mexico,1992,15.709000000000001
Mexico,Mexico,1993,16.227166666666665
Mexico,Mexico,1994,16.41975
Mexico,Mexico,1995,16.684250000000002
Mexico,Mexico,1996,16.084166666666665
Mexico,Mexico,1997,16.245416666666667
Mexico,Mexico,1998,17.0745
Mexico,Mexico,1999,16.088916666666666
Mexico,Mexico,2000,16.113916666666668
Mexico,Mexico,2001,15.978833333333334
Mexico,Mexico,2002,16.37
Mexico,Mexico,2003,16.651083333333336
Mexico,Mexico,2004,16.204416666666667
Mexico,Mexico,2005,16.702666666666666
Mexico,Mexico,2006,16.3735
Mexico,Mexico,2007,16.378083333333333
Mexico,Mexico,2008,16.219416666666667
Mexico,Mexico,2009,16.653666666666666
Mexico,Mexico,2010,15.873083333333334
Mexico,Mexico,2011,16.639166666666664
Mexico,Mexico,2012,16.4265
Mexico,Mexico,2013,17.342444444444443
Morocco,Casablanca,1900,17.115166666666667
Morocco,Casablanca,1901,17.029333333333334
Morocco,Casablanca,1902,16.982916666666668
Morocco,Casablanca,1903,16.795833333333334
Morocco,Casablanca,1904,17.026416666666666
Morocco,Casablanca,1905,16.964583333333334
Morocco,Casablanca,1906,16.801666666666666
Morocco,Casablanca,1907,16.367416666666667
Morocco,Casablanca,1908,17.026416666666666
Morocco,Casablanca,1909,16.897833333333335
Morocco,Casablanca,1910,16.88
Morocco,Casablanca,1911,16.6945
Morocco,Casablanca,1912,16.859333333333332
Morocco,Casablanca,1913,17.187416666666667
Morocco,Casablanca,1914,16.77541666666667
Morocco,Casablanca,1915,17.036666666666665
Morocco,Casablanca,1916,16.79775
Morocco,Casablanca,1917,16.47308333333333
Morocco,Casablanca,1918,16.658416666666668
Morocco,Casablanca,1919,16.914833333333334
Morocco,Casablanca,1920,17.39175
Morocco,Casablanca,1921,17.06975
Morocco,Casablanca,1922,16.998833333333334
Morocco,Casablanca,1923,16.86883333333333
Morocco,Casablanca,1924,17.312
Morocco,Casablanca,1925,16.66625
Morocco,Casablanca,1926,17.93025
Morocco,Casablanca,1927,17.340083333333336
Morocco,Casablanca,1928,17.212583333333335
Morocco,Casablanca,1929,17.4375
Morocco,Casablanca,1930,17.444083333333335
Morocco,Casablanca,1931,16.918083333333332
Morocco,Casablanca,1932,16.61525
Morocco,Casablanca,1933,16.986083333333333
Morocco,Casablanca,1934,16.63533333333333
Morocco,Casablanca,1935,16.958166666666667
Morocco,Casablanca,1936,16.923166666666667
Morocco,Casablanca,1937,17.733416666666667
Morocco,Casablanca,1938,17.318416666666668
Morocco,Casablanca,1939,16.953416666666666
Morocco,Casablanca,1940,17.54116666666667
Morocco,Casablanca,1941,17.543083333333335
Morocco,Casablanca,1942,17.453666666666667
Morocco,Casablanca,1943,17.386
Morocco,Casablanca,1944,17.322916666666668
Morocco,Casablanca,1945,18.272333333333332
Morocco,Casablanca,1946,17.055083333333332
Morocco,Casablanca,1947,17.688166666666667
Morocco,Casablanca,1948,17.813583333333334
Morocco,Casablanca,1949,17.797500000000003
Morocco,Casablanca,1950,17.510916666666667
Morocco,Casablanca,1951,17.095833333333335
Morocco,Casablanca,1952,17.33975
Morocco,Casablanca,1953,17.572
Morocco,Casablanca,1954,17.04425
Morocco,Casablanca,1955,18.438750000000002
Morocco,Casablanca,1956,16.318833333333334
Morocco,Casablanca,1957,17.051416666666665
Morocco,Casablanca,1958,17.541833333333333
Morocco,Casablanca,1959,17.205000000000002
Morocco,Casablanca,1960,17.395833333333332
Morocco,Casablanca,1961,18.259249999999998
Morocco,Casablanca,1962,17.539833333333334
Morocco,Casablanca,1963,17.352083333333333
Morocco,Casablanca,1964,17.573583333333335
Morocco,Casablanca,1965,17.168333333333333
Morocco,Casablanca,1966,17.364916666666666
Morocco,Casablanca,1967,17.082083333333333
Morocco,Casablanca,1968,17.272916666666667
Morocco,Casablanca,1969,17.17125
Morocco,Casablanca,1970,17.596
Morocco,Casablanca,1971,16.435916666666667
Morocco,Casablanca,1972,16.11791666666667
Morocco,Casablanca,1973,17.083000000000002
Morocco,Casablanca,1974,16.75433333333333
Morocco,Casablanca,1975,16.908916666666666
Morocco,Casablanca,1976,16.616416666666666
Morocco,Casablanca,1977,17.05366666666667
Morocco,Casablanca,1978,17.4575
Morocco,Casablanca,1979,17.213416666666667
Morocco,Casablanca,1980,17.625833333333333
Morocco,Casablanca,1981,17.82525
Morocco,Casablanca,1982,17.150333333333336
Morocco,Casablanca,1983,18.032500000000002
Morocco,Casablanca,1984,17.231333333333335
Morocco,Casablanca,1985,17.933249999999997
Morocco,Casablanca,1986,17.272916666666667
Morocco,Casablanca,1987,18.259583333333335
Morocco,Casablanca,1988,17.710916666666666
Morocco,Casablanca,1989,18.143
Morocco,Casablanca,1990,18.166416666666667
Morocco,Casablanca,1991,17.2525
Morocco,Casablanca,1992,17.384916666666665
Morocco,Casablanca,1993,16.941333333333333
Morocco,Casablanca,1994,17.876833333333334
Morocco,Casablanca,1995,18.5615
Morocco,Casablanca,1996,17.74866666666667
Morocco,Casablanca,1997,18.30541666666667
Morocco,Casablanca,1998,18.209
Morocco,Casablanca,1999,17.679000000000002
Morocco,Casablanca,2000,18.163666666666668
Morocco,Casablanca,2001,18.727333333333334
Morocco,Casablanca,2002,18.245916666666666
Morocco,Casablanca,2003,18.399083333333333
Morocco,Casablanca,2004,18.071583333333333
Morocco,Casablanca,2005,18.182083333333335
Morocco,Casablanca,2006,18.379083333333334
Morocco,Casablanca,2007,17.934916666666666
Morocco,Casablanca,2008,17.80025
Morocco,Casablanca,2009,18.561333333333334
Morocco,Casablanca,2010,18.82525
Morocco,Casablanca,2011,18.533083333333334
Morocco,Casablanca,2012,18.244666666666667
Morocco,Casablanca,2013,18.789625
Nigeria,Ibadan,1900,26.186916666666665
Nigeria,Ibadan,1901,26.253500000000003
Nigeria,Ibadan,1902,25.892083333333332
Nigeria,Ibadan,1903,25.520333333333337
Nigeria,Ibadan,1904,25.227166666666665
Nigeria,Ibadan,1905,25.814000000000004
Nigeria,Ibadan,1906,26.016666666666666
Nigeria,Ibadan,1907,25.662833333333335
Nigeria,Ibadan,1908,25.88416666666667
Nigeria,Ibadan,1909,25.871416666666665
Nigeria,Ibadan,1910,26.127333333333336
Nigeria,Ibadan,1911,25.443583333333336
Nigeria,Ibadan,1912,25.549666666666667
Nigeria,Ibadan,1913,26.359166666666667
Nigeria,Ibadan,1914,26.610833333333332
Nigeria,Ibadan,1915,26.556749999999997
Nigeria,Ibadan,1916,26.25175
Nigeria,Ibadan,1917,26.672083333333333
Nigeria,Ibadan,1918,26.161333333333335
Nigeria,Ibadan,1919,26.671499999999998
Nigeria,Ibadan,1920,26.38308333333333
Nigeria,Ibadan,1921,26.57258333333333
Nigeria,Ibadan,1922,26.443916666666667
Nigeria,Ibadan,1923,26.497249999999998
Nigeria,Ibadan,1924,26.695833333333336
Nigeria,Ibadan,1925,26.458916666666667
Nigeria,Ibadan,1926,26.85258333333333
Nigeria,Ibadan,1927,26.75391666666667
Nigeria,Ibadan,1928,26.625583333333335
Nigeria,Ibadan,1929,26.130416666666665
Nigeria,Ibadan,1930,26.68816666666667
Nigeria,Ibadan,1931,26.802166666666665
Nigeria,Ibadan,1932,26.351250000000004
Nigeria,Ibadan,1933,26.642083333333332
Nigeria,Ibadan,1934,26.62275
Nigeria,Ibadan,1935,26.701333333333334
Nigeria,Ibadan,1936,26.509
Nigeria,Ibadan,1937,26.798333333333332
Nigeria,Ibadan,1938,26.680750000000003
Nigeria,Ibadan,1939,26.055833333333336
Nigeria,Ibadan,1940,26.664416666666668
Nigeria,Ibadan,1941,27.1805
Nigeria,Ibadan,1942,26.83375
Nigeria,Ibadan,1943,26.388333333333335
Nigeria,Ibadan,1944,26.831333333333333
Nigeria,Ibadan,1945,26.88575
Nigeria,Ibadan,1946,26.49525
Nigeria,Ibadan,1947,26.768666666666665
Nigeria,Ibadan,1948,26.361500000000003
Nigeria,Ibadan,1949,26.726916666666668
Nigeria,Ibadan,1950,26.417416666666668
Nigeria,Ibadan,1951,26.63225
Nigeria,Ibadan,1952,26.461250000000003
Nigeria,Ibadan,1953,26.475166666666667
Nigeria,Ibadan,1954,26.13625
Nigeria,Ibadan,1955,26.195833333333336
Nigeria,Ibadan,1956,26.138
Nigeria,Ibadan,1957,26.409583333333334
Nigeria,Ibadan,1958,26.503666666666664
Nigeria,Ibadan,1959,26.514916666666668
Nigeria,Ibadan,1960,26.428250000000002
Nigeria,Ibadan,1961,26.255666666666666
Nigeria,Ibadan,1962,26.308000000000003
Nigeria,Ibadan,1963,26.764916666666664
Nigeria,Ibadan,1964,26.276916666666665
Nigeria,Ibadan,1965,26.335833333333337
Nigeria,Ibadan,1966,26.523
Nigeria,Ibadan,1967,26.175583333333336
Nigeria,Ibadan,1968,26.468416666666666
Nigeria,Ibadan,1969,26.68925
Nigeria,Ibadan,1970,26.702166666666667
Nigeria,Ibadan,1971,26.392166666666668
Nigeria,Ibadan,1972,26.549916666666665
Nigeria,Ibadan,1973,26.948083333333333
Nigeria,Ibadan,1974,26.143333333333334
Nigeria,Ibadan,1975,26.001166666666666
Nigeria,Ibadan,1976,26.236833333333333
Nigeria,Ibadan,1977,26.836250000000003
Nigeria,Ibadan,1978,26.501416666666668
Nigeria,Ibadan,1979,26.747250000000005
Nigeria,Ibadan,1980,26.62325
Nigeria,Ibadan,1981,26.593166666666665
Nigeria,Ibadan,1982,26.472333333333335
Nigeria,Ibadan,1983,26.833583333333333
Nigeria,Ibadan,1984,26.700666666666667
Nigeria,Ibadan,1985,26.578000000000003
Nigeria,Ibadan,1986,26.45341666666667
Nigeria,Ibadan,1987,27.3305
Nigeria,Ibadan,1988,26.744416666666666
Nigeria,Ibadan,1989,26.34925
Nigeria,Ibadan,1990,26.87908333333333
Nigeria,Ibadan,1991,26.605416666666667
Nigeria,Ibadan,1992,26.49116666666667
Nigeria,Ibadan,1993,26.702749999999998
Nigeria,Ibadan,1994,26.596333333333334
Nigeria,Ibadan,1995,26.854916666666668
Nigeria,Ibadan,1996,26.77333333333333
Nigeria,Ibadan,1997,26.72575
Nigeria,Ibadan,1998,27.357416666666666
Nigeria,Ibadan,1999,26.854166666666668
Nigeria,Ibadan,2000,26.752666666666666
Nigeria,Ibadan,2001,26.76125
Nigeria,Ibadan,2002,26.984750000000002
Nigeria,Ibadan,2003,27.149083333333333
Nigeria,Ibadan,2004,27.114083333333337
Nigeria,Ibadan,2005,27.27316666666667
Nigeria,Ibadan,2006,27.37925
Nigeria,Ibadan,2007,27.28525
Nigeria,Ibadan,2008,27.066833333333335
Nigeria,Ibadan,2009,27.347916666666666
Nigeria,Ibadan,2010,27.55541666666667
Nigeria,Ibadan,2011,27.132333333333335
Nigeria,Ibadan,2012,26.996333333333336
Nigeria,Ibadan,2013,27.169
Nigeria,Kano,1900,25.915833333333335
Nigeria,Kano,1901,25.869
Nigeria,Kano,1902,25.648416666666666
Nigeria,Kano,1903,25.474416666666666
Nigeria,Kano,1904,25.07675
Nigeria,Kano,1905,24.971833333333336
Nigeria,Kano,1906,25.53333333333333
Nigeria,Kano,1907,25.06866666666667
Nigeria,Kano,1908,25.605833333333333
Nigeria,Kano,1909,25.904666666666667
Nigeria,Kano,1910,25.636416666666666
Nigeria,Kano,1911,25.695666666666668
Nigeria,Kano,1912,25.341583333333336
Nigeria,Kano,1913,26.30666666666667
Nigeria,Kano,1914,26.705083333333334
Nigeria,Kano,1915,26.35908333333333
Nigeria,Kano,1916,25.824749999999998
Nigeria,Kano,1917,26.625083333333333
Nigeria,Kano,1918,26.077333333333332
Nigeria,Kano,1919,26.347416666666664
Nigeria,Kano,1920,25.509666666666664
Nigeria,Kano,1921,26.040916666666664
Nigeria,Kano,1922,26.311416666666663
Nigeria,Kano,1923,26.08966666666667
Nigeria,Kano,1924,26.349083333333336
Nigeria,Kano,1925,26.011083333333335
Nigeria,Kano,1926,26.520333333333337
Nigeria,Kano,1927,26.454083333333333
Nigeria,Kano,1928,26.592083333333335
Nigeria,Kano,1929,26.083166666666667
Nigeria,Kano,1930,26.559083333333334
Nigeria,Kano,1931,27.065083333333334
Nigeria,Kano,1932,26.247666666666664
Nigeria,Kano,1933,26.621250000000003
Nigeria,Kano,1934,26.168916666666664
Nigeria,Kano,1935,26.493416666666665
Nigeria,Kano,1936,26.273666666666667
Nigeria,Kano,1937,26.140083333333333
Nigeria,Kano,1938,26.550416666666667
Nigeria,Kano,1939,26.25616666666667
Nigeria,Kano,1940,26.497833333333332
Nigeria,Kano,1941,27.078000000000003
Nigeria,Kano,1942,26.871750000000002
Nigeria,Kano,1943,26.326333333333334
Nigeria,Kano,1944,26.40216666666667
Nigeria,Kano,1945,25.925583333333336
Nigeria,Kano,1946,26.1245
Nigeria,Kano,1947,26.506583333333335
Nigeria,Kano,1948,25.852083333333336
Nigeria,Kano,1949,26.53
Nigeria,Kano,1950,25.911916666666666
Nigeria,Kano,1951,26.016333333333336
Nigeria,Kano,1952,25.9205
Nigeria,Kano,1953,25.928416666666667
Nigeria,Kano,1954,26.068583333333333
Nigeria,Kano,1955,25.76875
Nigeria,Kano,1956,26.018333333333334
Nigeria,Kano,1957,25.895666666666667
Nigeria,Kano,1958,26.44125
Nigeria,Kano,1959,26.038083333333333
Nigeria,Kano,1960,26.242833333333333
Nigeria,Kano,1961,25.47
Nigeria,Kano,1962,26.11991666666667
Nigeria,Kano,1963,26.612333333333336
Nigeria,Kano,1964,26.054333333333332
Nigeria,Kano,1965,26.001083333333337
Nigeria,Kano,1966,26.00283333333333
Nigeria,Kano,1967,25.935833333333335
Nigeria,Kano,1968,26.200000000000003
Nigeria,Kano,1969,26.784833333333335
Nigeria,Kano,1970,26.212416666666666
Nigeria,Kano,1971,26.16175
Nigeria,Kano,1972,26.52733333333333
Nigeria,Kano,1973,27.046499999999998
Nigeria,Kano,1974,25.9725
Nigeria,Kano,1975,25.89375
Nigeria,Kano,1976,26.314916666666665
Nigeria,Kano,1977,26.041500000000003
Nigeria,Kano,1978,26.12675
Nigeria,Kano,1979,26.440250000000002
Nigeria,Kano,1980,26.36725
Nigeria,Kano,1981,26.15116666666667
Nigeria,Kano,1982,26.374166666666667
Nigeria,Kano,1983,26.297
Nigeria,Kano,1984,26.52616666666667
Nigeria,Kano,1985,26.38416666666667
Nigeria,Kano,1986,26.599333333333334
Nigeria,Kano,1987,27.014499999999998
Nigeria,Kano,1988,26.334500000000002
Nigeria,Kano,1989,25.62908333333333
Nigeria,Kano,1990,26.8545
Nigeria,Kano,1991,26.426750000000002
Nigeria,Kano,1992,25.956
Nigeria,Kano,1993,26.50725
Nigeria,Kano,1994,26.12783333333333
Nigeria,Kano,1995,26.563583333333337
Nigeria,Kano,1996,26.641583333333333
Nigeria,Kano,1997,26.659583333333334
Nigeria,Kano,1998,26.934500000000003
Nigeria,Kano,1999,26.8485
Nigeria,Kano,2000,26.376416666666668
Nigeria,Kano,2001,26.471500000000002
Nigeria,Kano,2002,26.955583333333333
Nigeria,Kano,2003,26.831500000000002
Nigeria,Kano,2004,26.99116666666667
Nigeria,Kano,2005,27.27475
Nigeria,Kano,2006,27.25916666666667
Nigeria,Kano,2007,27.246750000000002
Nigeria,Kano,2008,26.709166666666665
Nigeria,Kano,2009,27.47775
Nigeria,Kano,2010,27.6365
Nigeria,Kano,2011,27.2025
Nigeria,Kano,2012,26.87375
Nigeria,Kano,2013,27.761875000000003
Nigeria,Lagos,1900,26.422416666666667
Nigeria,Lagos,1901,26.529416666666666
Nigeria,Lagos,1902,26.087666666666667
Nigeria,Lagos,1903,25.68166666666667
Nigeria,Lagos,1904,25.47883333333333
Nigeria,Lagos,1905,26.158666666666665
Nigeria,Lagos,1906,26.205083333333334
Nigeria,Lagos,1907,25.956916666666668
Nigeria,Lagos,1908,26.149
Nigeria,Lagos,1909,26.075416666666666
Nigeria,Lagos,1910,26.134333333333334
Nigeria,Lagos,1911,25.719833333333337
Nigeria,Lagos,1912,26.174166666666668
Nigeria,Lagos,1913,26.64925
Nigeria,Lagos,1914,26.75466666666667
Nigeria,Lagos,1915,26.808000000000003
Nigeria,Lagos,1916,26.60166666666667
Nigeria,Lagos,1917,26.959333333333333
Nigeria,Lagos,1918,26.408666666666665
Nigeria,Lagos,1919,26.697083333333335
Nigeria,Lagos,1920,26.716166666666666
Nigeria,Lagos,1921,26.772583333333333
Nigeria,Lagos,1922,26.729083333333335
Nigeria,Lagos,1923,26.63275
Nigeria,Lagos,1924,26.952833333333334
Nigeria,Lagos,1925,26.643583333333336
Nigeria,Lagos,1926,26.967333333333332
Nigeria,Lagos,1927,26.881833333333333
Nigeria,Lagos,1928,26.75225
Nigeria,Lagos,1929,26.483249999999998
Nigeria,Lagos,1930,26.83641666666667
Nigeria,Lagos,1931,26.847916666666666
Nigeria,Lagos,1932,26.4635
Nigeria,Lagos,1933,26.9265
Nigeria,Lagos,1934,26.886416666666666
Nigeria,Lagos,1935,26.90216666666667
Nigeria,Lagos,1936,26.657083333333333
Nigeria,Lagos,1937,26.95575
Nigeria,Lagos,1938,26.824916666666667
Nigeria,Lagos,1939,26.386166666666668
Nigeria,Lagos,1940,26.810666666666666
Nigeria,Lagos,1941,27.362583333333333
Nigeria,Lagos,1942,26.954666666666668
Nigeria,Lagos,1943,26.53333333333333
Nigeria,Lagos,1944,27.066833333333335
Nigeria,Lagos,1945,27.071833333333334
Nigeria,Lagos,1946,26.717083333333335
Nigeria,Lagos,1947,26.980583333333332
Nigeria,Lagos,1948,26.608249999999998
Nigeria,Lagos,1949,26.97541666666667
Nigeria,Lagos,1950,26.57241666666667
Nigeria,Lagos,1951,26.894916666666663
Nigeria,Lagos,1952,26.662000000000003
Nigeria,Lagos,1953,26.656583333333334
Nigeria,Lagos,1954,26.284166666666664
Nigeria,Lagos,1955,26.416083333333333
Nigeria,Lagos,1956,26.3145
Nigeria,Lagos,1957,26.64675
Nigeria,Lagos,1958,26.683916666666665
Nigeria,Lagos,1959,26.7225
Nigeria,Lagos,1960,26.68433333333333
Nigeria,Lagos,1961,26.462083333333336
Nigeria,Lagos,1962,26.55225
Nigeria,Lagos,1963,27.008583333333334
Nigeria,Lagos,1964,26.477
Nigeria,Lagos,1965,26.52775
Nigeria,Lagos,1966,26.837833333333332
Nigeria,Lagos,1967,26.42833333333333
Nigeria,Lagos,1968,26.67233333333333
Nigeria,Lagos,1969,26.888500000000004
Nigeria,Lagos,1970,26.923083333333334
Nigeria,Lagos,1971,26.556916666666666
Nigeria,Lagos,1972,26.908416666666668
Nigeria,Lagos,1973,27.202583333333333
Nigeria,Lagos,1974,26.442083333333333
Nigeria,Lagos,1975,26.26608333333333
Nigeria,Lagos,1976,26.368666666666666
Nigeria,Lagos,1977,27.014
Nigeria,Lagos,1978,26.734583333333333
Nigeria,Lagos,1979,26.992583333333332
Nigeria,Lagos,1980,26.845333333333333
Nigeria,Lagos,1981,26.794583333333335
Nigeria,Lagos,1982,26.662833333333335
Nigeria,Lagos,1983,26.99008333333333
Nigeria,Lagos,1984,26.977083333333336
Nigeria,Lagos,1985,26.741416666666666
Nigeria,Lagos,1986,26.653750000000002
Nigeria,Lagos,1987,27.510166666666667
Nigeria,Lagos,1988,27.036916666666666
Nigeria,Lagos,1989,26.70975
Nigeria,Lagos,1990,27.05666666666667
Nigeria,Lagos,1991,26.875583333333335
Nigeria,Lagos,1992,26.733
Nigeria,Lagos,1993,26.9045
Nigeria,Lagos,1994,26.841333333333335
Nigeria,Lagos,1995,27.071416666666668
Nigeria,Lagos,1996,26.915916666666664
Nigeria,Lagos,1997,26.914916666666667
Nigeria,Lagos,1998,27.528583333333334
Nigeria,Lagos,1999,27.033083333333334
Nigeria,Lagos,2000,27.021083333333333
Nigeria,Lagos,2001,26.92125
Nigeria,Lagos,2002,27.13475
Nigeria,Lagos,2003,27.367333333333335
Nigeria,Lagos,2004,27.319833333333335
Nigeria,Lagos,2005,27.38575
Nigeria,Lagos,2006,27.526750000000003
Nigeria,Lagos,2007,27.456166666666665
Nigeria,Lagos,2008,27.298666666666666
Nigeria,Lagos,2009,27.528833333333335
Nigeria,Lagos,2010,27.793333333333333
Nigeria,Lagos,2011,27.352500000000003
Nigeria,Lagos,2012,27.153166666666667
Nigeria,Lagos,2013,27.3585
Pakistan,Faisalabad,1900,24.238916666666668
Pakistan,Faisalabad,1901,24.064833333333336
Pakistan,Faisalabad,1902,24.579250000000002
Pakistan,Faisalabad,1903,23.658749999999998
Pakistan,Faisalabad,1904,24.180833333333336
Pakistan,Faisalabad,1905,23.588583333333332
Pakistan,Faisalabad,1906,24.02416666666667
Pakistan,Faisalabad,1907,23.723083333333335
Pakistan,Faisalabad,1908,23.83241666666667
Pakistan,Faisalabad,1909,23.509833333333333
Pakistan,Faisalabad,1910,23.531833333333335
Pakistan,Faisalabad,1911,24.074583333333333
Pakistan,Faisalabad,1912,24.096999999999998
Pakistan,Faisalabad,1913,23.612
Pakistan,Faisalabad,1914,23.70325
Pakistan,Faisalabad,1915,24.819333333333333
Pakistan,Faisalabad,1916,23.993333333333336
Pakistan,Faisalabad,1917,23.158666666666665
Pakistan,Faisalabad,1918,24.00466666666667
Pakistan,Faisalabad,1919,23.85775
Pakistan,Faisalabad,1920,23.78441666666667
Pakistan,Faisalabad,1921,25.08
Pakistan,Faisalabad,1922,24.166749999999997
Pakistan,Faisalabad,1923,23.719583333333333
Pakistan,Faisalabad,1924,23.712166666666665
Pakistan,Faisalabad,1925,23.726249999999997
Pakistan,Faisalabad,1926,23.461166666666667
Pakistan,Faisalabad,1927,23.645166666666668
Pakistan,Faisalabad,1928,24.284750000000003
Pakistan,Faisalabad,1929,24.012916666666666
Pakistan,Faisalabad,1930,23.64825
Pakistan,Faisalabad,1931,24.080250000000003
Pakistan,Faisalabad,1932,24.471
Pakistan,Faisalabad,1933,23.686333333333334
Pakistan,Faisalabad,1934,24.0545
Pakistan,Faisalabad,1935,23.70075
Pakistan,Faisalabad,1936,24.105666666666668
Pakistan,Faisalabad,1937,23.941750000000003
Pakistan,Faisalabad,1938,24.400166666666667
Pakistan,Faisalabad,1939,24.195666666666668
Pakistan,Faisalabad,1940,24.34783333333333
Pakistan,Faisalabad,1941,25.20875
Pakistan,Faisalabad,1942,24.339083333333335
Pakistan,Faisalabad,1943,24.374583333333334
Pakistan,Faisalabad,1944,23.66616666666667
Pakistan,Faisalabad,1945,23.767583333333334
Pakistan,Faisalabad,1946,25.046000000000003
Pakistan,Faisalabad,1947,25.327333333333332
Pakistan,Faisalabad,1948,24.37591666666667
Pakistan,Faisalabad,1949,24.285666666666668
Pakistan,Faisalabad,1950,23.218416666666666
Pakistan,Faisalabad,1951,24.28525
Pakistan,Faisalabad,1952,24.610916666666668
Pakistan,Faisalabad,1953,24.94683333333333
Pakistan,Faisalabad,1954,24.347166666666666
Pakistan,Faisalabad,1955,24.108500000000003
Pakistan,Faisalabad,1956,24.192583333333335
Pakistan,Faisalabad,1957,23.448666666666668
Pakistan,Faisalabad,1958,24.694916666666668
Pakistan,Faisalabad,1959,24.28933333333333
Pakistan,Faisalabad,1960,24.280416666666667
Pakistan,Faisalabad,1961,23.79008333333333
Pakistan,Faisalabad,1962,24.00708333333333
Pakistan,Faisalabad,1963,24.523750000000003
Pakistan,Faisalabad,1964,23.778166666666667
Pakistan,Faisalabad,1965,23.988916666666668
Pakistan,Faisalabad,1966,23.989583333333332
Pakistan,Faisalabad,1967,23.914833333333334
Pakistan,Faisalabad,1968,23.88766666666667
Pakistan,Faisalabad,1969,24.661916666666666
Pakistan,Faisalabad,1970,24.709500000000002
Pakistan,Faisalabad,1971,24.405333333333335
Pakistan,Faisalabad,1972,24.06325
Pakistan,Faisalabad,1973,24.337
Pakistan,Faisalabad,1974,24.144333333333332
Pakistan,Faisalabad,1975,23.643833333333333
Pakistan,Faisalabad,1976,23.767083333333332
Pakistan,Faisalabad,1977,24.3225
Pakistan,Faisalabad,1978,24.291083333333333
Pakistan,Faisalabad,1979,24.3935
Pakistan,Faisalabad,1980,24.85108333333333
Pakistan,Faisalabad,1981,24.62516666666667
Pakistan,Faisalabad,1982,23.98391666666667
Pakistan,Faisalabad,1983,23.746750000000002
Pakistan,Faisalabad,1984,24.52
Pakistan,Faisalabad,1985,25.02025
Pakistan,Faisalabad,1986,24.080250000000003
Pakistan,Faisalabad,1987,25.046000000000003
Pakistan,Faisalabad,1988,25.242833333333333
Pakistan,Faisalabad,1989,24.233999999999998
Pakistan,Faisalabad,1990,24.807083333333335
Pakistan,Faisalabad,1991,24.383750000000003
Pakistan,Faisalabad,1992,24.314666666666668
Pakistan,Faisalabad,1993,25.042916666666667
Pakistan,Faisalabad,1994,24.78141666666667
Pakistan,Faisalabad,1995,24.583333333333332
Pakistan,Faisalabad,1996,24.427166666666665
Pakistan,Faisalabad,1997,23.757666666666665
Pakistan,Faisalabad,1998,24.914583333333336
Pakistan,Faisalabad,1999,25.499666666666666
Pakistan,Faisalabad,2000,25.323416666666663
Pakistan,Faisalabad,2001,25.179083333333335
Pakistan,Faisalabad,2002,25.6095
Pakistan,Faisalabad,2003,24.71375
Pakistan,Faisalabad,2004,25.55216666666667
Pakistan,Faisalabad,2005,24.662833333333335
Pakistan,Faisalabad,2006,25.16625
Pakistan,Faisalabad,2007,25.15608333333333
Pakistan,Faisalabad,2008,24.89016666666667
Pakistan,Faisalabad,2009,25.365750000000002
Pakistan,Faisalabad,2010,25.47791666666667
Pakistan,Faisalabad,2011,24.975250000000003
Pakistan,Faisalabad,2012,24.869416666666666
Pakistan,Faisalabad,2013,25.952625
Pakistan,Karachi,1900,26.50775
Pakistan,Karachi,1901,26.178083333333333
Pakistan,Karachi,1902,26.75391666666667
Pakistan,Karachi,1903,25.741833333333336
Pakistan,Karachi,1904,26.09566666666667
Pakistan,Karachi,1905,25.552000000000003
Pakistan,Karachi,1906,25.83575
Pakistan,Karachi,1907,25.839166666666667
Pakistan,Karachi,1908,25.700833333333335
Pakistan,Karachi,1909,25.618
Pakistan,Karachi,1910,25.522333333333336
Pakistan,Karachi,1911,25.504583333333333
Pakistan,Karachi,1912,26.294
Pakistan,Karachi,1913,25.849999999999998
Pakistan,Karachi,1914,26.10875
Pakistan,Karachi,1915,26.239083333333337
Pakistan,Karachi,1916,25.85575
Pakistan,Karachi,1917,25.591916666666666
Pakistan,Karachi,1918,25.521
Pakistan,Karachi,1919,25.694083333333335
Pakistan,Karachi,1920,26.06641666666667
Pakistan,Karachi,1921,26.197916666666668
Pakistan,Karachi,1922,26.026333333333337
Pakistan,Karachi,1923,25.48275
Pakistan,Karachi,1924,26.057666666666666
Pakistan,Karachi,1925,25.94633333333333
Pakistan,Karachi,1926,26.116333333333333
Pakistan,Karachi,1927,25.631416666666667
Pakistan,Karachi,1928,26.011750000000003
Pakistan,Karachi,1929,25.911333333333335
Pakistan,Karachi,1930,25.828
Pakistan,Karachi,1931,26.29025
Pakistan,Karachi,1932,26.110583333333334
Pakistan,Karachi,1933,25.89925
Pakistan,Karachi,1934,25.878833333333333
Pakistan,Karachi,1935,25.692583333333335
Pakistan,Karachi,1936,26.014583333333334
Pakistan,Karachi,1937,25.824749999999998
Pakistan,Karachi,1938,25.78825
Pakistan,Karachi,1939,25.751833333333334
Pakistan,Karachi,1940,26.216416666666664
Pakistan,Karachi,1941,26.761416666666666
Pakistan,Karachi,1942,26.2995
Pakistan,Karachi,1943,26.168499999999998
Pakistan,Karachi,1944,26.027666666666665
Pakistan,Karachi,1945,25.722000000000005
Pakistan,Karachi,1946,26.134583333333335
Pakistan,Karachi,1947,26.381833333333333
Pakistan,Karachi,1948,26.299666666666667
Pakistan,Karachi,1949,26.161
Pakistan,Karachi,1950,25.483833333333333
Pakistan,Karachi,1951,26.286083333333334
Pakistan,Karachi,1952,26.263333333333335
Pakistan,Karachi,1953,26.778000000000002
Pakistan,Karachi,1954,26.370833333333334
Pakistan,Karachi,1955,26.187083333333334
Pakistan,Karachi,1956,25.746750000000002
Pakistan,Karachi,1957,25.839166666666667
Pakistan,Karachi,1958,26.838250000000002
Pakistan,Karachi,1959,26.32575
Pakistan,Karachi,1960,26.204833333333337
Pakistan,Karachi,1961,25.902416666666667
Pakistan,Karachi,1962,26.10591666666667
Pakistan,Karachi,1963,26.62625
Pakistan,Karachi,1964,25.857583333333334
Pakistan,Karachi,1965,26.172083333333333
Pakistan,Karachi,1966,26.140416666666667
Pakistan,Karachi,1967,25.943749999999998
Pakistan,Karachi,1968,25.908
Pakistan,Karachi,1969,26.427750000000003
Pakistan,Karachi,1970,26.4395
Pakistan,Karachi,1971,26.209000000000003
Pakistan,Karachi,1972,25.928916666666666
Pakistan,Karachi,1973,26.124083333333335
Pakistan,Karachi,1974,26.198583333333335
Pakistan,Karachi,1975,25.874916666666667
Pakistan,Karachi,1976,26.09341666666667
Pakistan,Karachi,1977,26.83775
Pakistan,Karachi,1978,26.211416666666665
Pakistan,Karachi,1979,26.28316666666667
Pakistan,Karachi,1980,26.675250000000002
Pakistan,Karachi,1981,26.569666666666667
Pakistan,Karachi,1982,26.285083333333333
Pakistan,Karachi,1983,26.09725
Pakistan,Karachi,1984,25.90816666666667
Pakistan,Karachi,1985,26.336583333333333
Pakistan,Karachi,1986,26.104
Pakistan,Karachi,1987,26.876083333333337
Pakistan,Karachi,1988,27.208083333333335
Pakistan,Karachi,1989,26.24508333333333
Pakistan,Karachi,1990,26.387666666666664
Pakistan,Karachi,1991,26.340833333333336
Pakistan,Karachi,1992,26.364416666666667
Pakistan,Karachi,1993,27.245500000000003
Pakistan,Karachi,1994,26.362916666666667
Pakistan,Karachi,1995,26.629333333333335
Pakistan,Karachi,1996,26.496750000000002
Pakistan,Karachi,1997,26.29025
Pakistan,Karachi,1998,27.361416666666667
Pakistan,Karachi,1999,27.139666666666667
Pakistan,Karachi,2000,27.116416666666666
Pakistan,Karachi,2001,27.279583333333335
Pakistan,Karachi,2002,27.199916666666667
Pakistan,Karachi,2003,26.967250000000003
Pakistan,Karachi,2004,27.500583333333335
Pakistan,Karachi,2005,26.799833333333336
Pakistan,Karachi,2006,26.730666666666668
Pakistan,Karachi,2007,27.207916666666666
Pakistan,Karachi,2008,26.74025
Pakistan,Karachi,2009,27.414416666666668
Pakistan,Karachi,2010,27.454333333333334
Pakistan,Karachi,2011,27.02208333333333
Pakistan,Karachi,2012,26.74983333333333
Pakistan,Karachi,2013,27.211625
Pakistan,Lahore,1900,24.238916666666668
Pakistan,Lahore,1901,24.064833333333336
Pakistan,Lahore,1902,24.579250000000002
Pakistan,Lahore,1903,23.658749999999998
Pakistan,Lahore,1904,24.180833333333336
Pakistan,Lahore,1905,23.588583333333332
Pakistan,Lahore,1906,24.02416666666667
Pakistan,Lahore,1907,23.723083333333335
Pakistan,Lahore,1908,23.83241666666667
Pakistan,Lahore,1909,23.509833333333333
Pakistan,Lahore,1910,23.531833333333335
Pakistan,Lahore,1911,24.074583333333333
Pakistan,Lahore,1912,24.096999999999998
Pakistan,Lahore,1913,23.612
Pakistan,Lahore,1914,23.70325
Pakistan,Lahore,1915,24.819333333333333
Pakistan,Lahore,1916,23.993333333333336
Pakistan,Lahore,1917,23.158666666666665
Pakistan,Lahore,1918,24.00466666666667
Pakistan,Lahore,1919,23.85775
Pakistan,Lahore,1920,23.78441666666667
Pakistan,Lahore,1921,25.08
Pakistan,Lahore,1922,24.166749999999997
Pakistan,Lahore,1923,23.719583333333333
Pakistan,Lahore,1924,23.712166666666665
Pakistan,Lahore,1925,23.726249999999997
Pakistan,Lahore,1926,23.461166666666667
Pakistan,Lahore,1927,23.645166666666668
Pakistan,Lahore,1928,24.284750000000003
Pakistan,Lahore,1929,24.012916666666666
Pakistan,Lahore,1930,23.64825
Pakistan,Lahore,1931,24.080250000000003
Pakistan,Lahore,1932,24.471
Pakistan,Lahore,1933,23.686333333333334
Pakistan,Lahore,1934,24.0545
Pakistan,Lahore,1935,23.70075
Pakistan,Lahore,1936,24.105666666666668
Pakistan,Lahore,1937,23.941750000000003
Pakistan,Lahore,1938,24.400166666666667
Pakistan,Lahore,1939,24.195666666666668
Pakistan,Lahore,1940,24.34783333333333
Pakistan,Lahore,1941,25.20875
Pakistan,Lahore,1942,24.339083333333335
Pakistan,Lahore,1943,24.374583333333334
Pakistan,Lahore,1944,23.66616666666667
Pakistan,Lahore,1945,23.767583333333334
Pakistan,Lahore,1946,25.046000000000003
Pakistan,Lahore,1947,25.327333333333332
Pakistan,Lahore,1948,24.37591666666667
Pakistan,Lahore,1949,24.285666666666668
Pakistan,Lahore,1950,23.218416666666666
Pakistan,Lahore,1951,24.28525
Pakistan,Lahore,1952,24.610916666666668
Pakistan,Lahore,1953,24.94683333333333
Pakistan,Lahore,1954,24.347166666666666
Pakistan,Lahore,1955,24.108500000000003
Pakistan,Lahore,1956,24.192583333333335
Pakistan,Lahore,1957,23.448666666666668
Pakistan,Lahore,1958,24.694916666666668
Pakistan,Lahore,1959,24.28933333333333
Pakistan,Lahore,1960,24.280416666666667
Pakistan,Lahore,1961,23.79008333333333
Pakistan,Lahore,1962,24.00708333333333
Pakistan,Lahore,1963,24.523750000000003
Pakistan,Lahore,1964,23.778166666666667
Pakistan,Lahore,1965,23.988916666666668
Pakistan,Lahore,1966,23.989583333333332
Pakistan,Lahore,1967,23.914833333333334
Pakistan,Lahore,1968,23.88766666666667
Pakistan,Lahore,1969,24.661916666666666
Pakistan,Lahore,1970,24.709500000000002
Pakistan,Lahore,1971,24.405333333333335
Pakistan,Lahore,1972,24.06325
Pakistan,Lahore,1973,24.337
Pakistan,Lahore,1974,24.144333333333332
Pakistan,Lahore,1975,23.643833333333333
Pakistan,Lahore,1976,23.767083333333332
Pakistan,Lahore,1977,24.3225
Pakistan,Lahore,1978,24.291083333333333
Pakistan,Lahore,1979,24.3935
Pakistan,Lahore,1980,24.85108333333333
Pakistan,Lahore,1981,24.62516666666667
Pakistan,Lahore,1982,23.98391666666667
Pakistan,Lahore,1983,23.746750000000002
Pakistan,Lahore,1984,24.52
Pakistan,Lahore,1985,25.02025
Pakistan,Lahore,1986,24.080250000000003
Pakistan,Lahore,1987,25.046000000000003
Pakistan,Lahore,1988,25.242833333333333
Pakistan,Lahore,1989,24.233999999999998
Pakistan,Lahore,1990,24.807083333333335
Pakistan,Lahore,1991,24.383750000000003
Pakistan,Lahore,1992,24.314666666666668
Pakistan,Lahore,1993,25.042916666666667
Pakistan,Lahore,1994,24.78141666666667
Pakistan,Lahore,1995,24.583333333333332
Pakistan,Lahore,1996,24.427166666666665
Pakistan,Lahore,1997,23.757666666666665
Pakistan,Lahore,1998,24.914583333333336
Pakistan,Lahore,1999,25.499666666666666
Pakistan,Lahore,2000,25.323416666666663
Pakistan,Lahore,2001,25.179083333333335
Pakistan,Lahore,2002,25.6095
Pakistan,Lahore,2003,24.71375
Pakistan,Lahore,2004,25.55216666666667
Pakistan,Lahore,2005,24.662833333333335
Pakistan,Lahore,2006,25.16625
Pakistan,Lahore,2007,25.15608333333333
Pakistan,Lahore,2008,24.89016666666667
Pakistan,Lahore,2009,25.365750000000002
Pakistan,Lahore,2010,25.47791666666667
Pakistan,Lahore,2011,24.975250000000003
Pakistan,Lahore,2012,24.869416666666666
Pakistan,Lahore,2013,25.952625
Peru,Lima,1900,16.754749999999998
Peru,Lima,1901,16.455083333333334
Peru,Lima,1902,16.489
Peru,Lima,1903,16.257416666666668
Peru,Lima,1904,16.308166666666665
Peru,Lima,1905,16.76325
Peru,Lima,1906,16.3965
Peru,Lima,1907,16.188333333333333
Peru,Lima,1908,16.136333333333333
Peru,Lima,1909,16.053
Peru,Lima,1910,15.949583333333331
Peru,Lima,1911,16.37775
Peru,Lima,1912,16.486166666666666
Peru,Lima,1913,16.627
Peru,Lima,1914,16.486250000000002
Peru,Lima,1915,16.655166666666666
Peru,Lima,1916,15.818
Peru,Lima,1917,16.344333333333335
Peru,Lima,1918,16.7375
Peru,Lima,1919,17.078333333333333
Peru,Lima,1920,16.481333333333335
Peru,Lima,1921,15.996833333333333
Peru,Lima,1922,16.510083333333334
Peru,Lima,1923,16.504583333333333
Peru,Lima,1924,16.3775
Peru,Lima,1925,16.521916666666666
Peru,Lima,1926,16.890249999999998
Peru,Lima,1927,16.651
Peru,Lima,1928,16.762833333333333
Peru,Lima,1929,16.18525
Peru,Lima,1930,16.978416666666668
Peru,Lima,1931,16.630750000000003
Peru,Lima,1932,16.776333333333334
Peru,Lima,1933,16.198999999999998
Peru,Lima,1934,16.45725
Peru,Lima,1935,16.743
Peru,Lima,1936,16.794166666666666
Peru,Lima,1937,16.553749999999997
Peru,Lima,1938,16.323666666666668
Peru,Lima,1939,17.73175
Peru,Lima,1940,17.195166666666665
Peru,Lima,1941,17.46725
Peru,Lima,1942,16.28708333333333
Peru,Lima,1943,17.16975
Peru,Lima,1944,16.945249999999998
Peru,Lima,1945,16.96025
Peru,Lima,1946,16.521083333333333
Peru,Lima,1947,16.82275
Peru,Lima,1948,16.95825
Peru,Lima,1949,16.737
Peru,Lima,1950,16.114
Peru,Lima,1951,17.329333333333334
Peru,Lima,1952,16.74625
Peru,Lima,1953,17.450333333333333
Peru,Lima,1954,16.01308333333333
Peru,Lima,1955,16.2385
Peru,Lima,1956,15.967666666666666
Peru,Lima,1957,17.980166666666666
Peru,Lima,1958,17.319
Peru,Lima,1959,16.871916666666667
Peru,Lima,1960,16.701333333333334
Peru,Lima,1961,16.8025
Peru,Lima,1962,16.74175
Peru,Lima,1963,16.95475
Peru,Lima,1964,16.285
Peru,Lima,1965,17.58825
Peru,Lima,1966,16.78575
Peru,Lima,1967,16.35075
Peru,Lima,1968,16.36025
Peru,Lima,1969,17.456416666666666
Peru,Lima,1970,16.452666666666666
Peru,Lima,1971,16.308916666666665
Peru,Lima,1972,18.372333333333334
Peru,Lima,1973,16.8245
Peru,Lima,1974,16.547
Peru,Lima,1975,16.389916666666668
Peru,Lima,1976,17.239166666666666
Peru,Lima,1977,17.057750000000002
Peru,Lima,1978,16.64825
Peru,Lima,1979,16.985916666666668
Peru,Lima,1980,17.03075
Peru,Lima,1981,16.710666666666665
Peru,Lima,1982,17.207083333333333
Peru,Lima,1983,18.76
Peru,Lima,1984,17.018166666666666
Peru,Lima,1985,16.679583333333333
Peru,Lima,1986,16.77475
Peru,Lima,1987,18.0135
Peru,Lima,1988,16.577333333333332
Peru,Lima,1989,16.655166666666666
Peru,Lima,1990,16.84425
Peru,Lima,1991,17.15275
Peru,Lima,1992,17.957166666666666
Peru,Lima,1993,17.55783333333333
Peru,Lima,1994,17.3095
Peru,Lima,1995,17.260416666666668
Peru,Lima,1996,16.452916666666667
Peru,Lima,1997,18.620833333333334
Peru,Lima,1998,18.127416666666665
Peru,Lima,1999,16.646583333333332
Peru,Lima,2000,17.018166666666666
Peru,Lima,2001,16.948666666666668
Peru,Lima,2002,17.44333333333333
Peru,Lima,2003,17.35683333333333
Peru,Lima,2004,17.29375
Peru,Lima,2005,17.0195
Peru,Lima,2006,17.608333333333334
Peru,Lima,2007,16.680166666666665
Peru,Lima,2008,17.337416666666666
Peru,Lima,2009,17.397000000000002
Peru,Lima,2010,16.968999999999998
Peru,Lima,2011,17.03475
Peru,Lima,2012,17.680916666666665
Peru,Lima,2013,16.995375
Philippines,Manila,1900,26.206
Philippines,Manila,1901,25.98783333333333
Philippines,Manila,1902,26.154583333333335
Philippines,Manila,1903,26.360833333333332
Philippines,Manila,1904,25.7765
Philippines,Manila,1905,25.933000000000003
Philippines,Manila,1906,26.128083333333336
Philippines,Manila,1907,26.21875
Philippines,Manila,1908,26.282
Philippines,Manila,1909,26.3295
Philippines,Manila,1910,26.243666666666666
Philippines,Manila,1911,26.020750000000003
Philippines,Manila,1912,26.55716666666667
Philippines,Manila,1913,26.229333333333333
Philippines,Manila,1914,26.522666666666666
Philippines,Manila,1915,26.938000000000002
Philippines,Manila,1916,26.23966666666667
Philippines,Manila,1917,26.136666666666667
Philippines,Manila,1918,25.82875
Philippines,Manila,1919,26.511916666666668
Philippines,Manila,1920,26.337666666666667
Philippines,Manila,1921,26.376666666666665
Philippines,Manila,1922,26.508916666666668
Philippines,Manila,1923,25.97758333333333
Philippines,Manila,1924,26.335166666666666
Philippines,Manila,1925,26.100416666666664
Philippines,Manila,1926,26.35366666666667
Philippines,Manila,1927,26.42325
Philippines,Manila,1928,26.3415
Philippines,Manila,1929,26.136833333333332
Philippines,Manila,1930,26.36825
Philippines,Manila,1931,26.55175
Philippines,Manila,1932,26.191916666666668
Philippines,Manila,1933,26.285083333333333
Philippines,Manila,1934,25.85258333333333
Philippines,Manila,1935,26.155
Philippines,Manila,1936,26.388500000000004
Philippines,Manila,1937,26.512416666666667
Philippines,Manila,1938,26.45866666666667
Philippines,Manila,1939,26.353250000000003
Philippines,Manila,1940,26.488833333333332
Philippines,Manila,1941,26.904083333333332
Philippines,Manila,1942,26.55333333333333
Philippines,Manila,1943,26.338250000000002
Philippines,Manila,1944,26.424083333333332
Philippines,Manila,1945,26.23125
Philippines,Manila,1946,26.7565
Philippines,Manila,1947,26.52475
Philippines,Manila,1948,26.386333333333337
Philippines,Manila,1949,26.632
Philippines,Manila,1950,26.614583333333332
Philippines,Manila,1951,26.782666666666668
Philippines,Manila,1952,26.944833333333335
Philippines,Manila,1953,26.929000000000002
Philippines,Manila,1954,26.9045
Philippines,Manila,1955,26.625333333333334
Philippines,Manila,1956,26.694833333333335
Philippines,Manila,1957,26.942583333333335
Philippines,Manila,1958,26.8965
Philippines,Manila,1959,26.996916666666667
Philippines,Manila,1960,26.911916666666666
Philippines,Manila,1961,26.84766666666667
Philippines,Manila,1962,26.790499999999998
Philippines,Manila,1963,26.491833333333332
Philippines,Manila,1964,26.833166666666667
Philippines,Manila,1965,26.62783333333333
Philippines,Manila,1966,27.0585
Philippines,Manila,1967,26.517666666666667
Philippines,Manila,1968,26.655333333333335
Philippines,Manila,1969,27.109583333333333
Philippines,Manila,1970,27.107250000000004
Philippines,Manila,1971,26.476083333333335
Philippines,Manila,1972,26.73391666666667
Philippines,Manila,1973,27.170749999999998
Philippines,Manila,1974,26.715083333333336
Philippines,Manila,1975,26.832333333333334
Philippines,Manila,1976,26.533583333333336
Philippines,Manila,1977,26.87425
Philippines,Manila,1978,26.55366666666667
Philippines,Manila,1979,26.843666666666667
Philippines,Manila,1980,27.02316666666667
Philippines,Manila,1981,26.78791666666667
Philippines,Manila,1982,26.765416666666667
Philippines,Manila,1983,27.212833333333332
Philippines,Manila,1984,26.774583333333336
Philippines,Manila,1985,26.95175
Philippines,Manila,1986,26.790000000000003
Philippines,Manila,1987,27.389499999999998
Philippines,Manila,1988,27.424000000000003
Philippines,Manila,1989,26.732833333333332
Philippines,Manila,1990,26.854416666666665
Philippines,Manila,1991,26.691333333333333
Philippines,Manila,1992,26.722333333333335
Philippines,Manila,1993,26.874333333333336
Philippines,Manila,1994,26.892750000000003
Philippines,Manila,1995,26.800916666666666
Philippines,Manila,1996,26.953166666666664
Philippines,Manila,1997,26.986500000000003
Philippines,Manila,1998,27.801000000000002
Philippines,Manila,1999,27.06658333333333
Philippines,Manila,2000,27.020666666666667
Philippines,Manila,2001,27.17125
Philippines,Manila,2002,27.103083333333334
Philippines,Manila,2003,27.073166666666665
Philippines,Manila,2004,27.094250000000002
Philippines,Manila,2005,27.120416666666667
Philippines,Manila,2006,27.23091666666667
Philippines,Manila,2007,27.20625
Philippines,Manila,2008,26.937583333333333
Philippines,Manila,2009,26.915916666666664
Philippines,Manila,2010,27.492333333333335
Philippines,Manila,2011,26.8165
Philippines,Manila,2012,27.336416666666665
Philippines,Manila,2013,27.869
Russia,Moscow,1900,3.267583333333334
Russia,Moscow,1901,4.572833333333334
Russia,Moscow,1902,2.6709999999999994
Russia,Moscow,1903,5.238833333333334
Russia,Moscow,1904,3.311666666666667
Russia,Moscow,1905,4.539416666666667
Russia,Moscow,1906,5.057416666666668
Russia,Moscow,1907,2.3942500000000004
Russia,Moscow,1908,2.562416666666667
Russia,Moscow,1909,3.761083333333334
Russia,Moscow,1910,5.03275
Russia,Moscow,1911,3.3872500000000003
Russia,Moscow,1912,3.1390000000000007
Russia,Moscow,1913,4.8243333333333345
Russia,Moscow,1914,4.571583333333334
Russia,Moscow,1915,3.515
Russia,Moscow,1916,4.068833333333333
Russia,Moscow,1917,3.2831666666666663
Russia,Moscow,1918,4.05225
Russia,Moscow,1919,3.185
Russia,Moscow,1920,4.640999999999999
Russia,Moscow,1921,4.32925
Russia,Moscow,1922,4.013000000000001
Russia,Moscow,1923,3.937416666666667
Russia,Moscow,1924,3.6675000000000004
Russia,Moscow,1925,5.393666666666667
Russia,Moscow,1926,3.3740833333333335
Russia,Moscow,1927,3.49875
Russia,Moscow,1928,3.2955
Russia,Moscow,1929,3.0097500000000004
Russia,Moscow,1930,4.54675
Russia,Moscow,1931,3.282083333333333
Russia,Moscow,1932,5.095416666666666
Russia,Moscow,1933,2.7181666666666664
Russia,Moscow,1934,5.262666666666668
Russia,Moscow,1935,4.558250000000001
Russia,Moscow,1936,5.363583333333334
Russia,Moscow,1937,5.157583333333334
Russia,Moscow,1938,5.918083333333333
Russia,Moscow,1939,4.6265833333333335
Russia,Moscow,1940,3.1582499999999993
Russia,Moscow,1941,1.6738333333333335
Russia,Moscow,1942,2.0863333333333336
Russia,Moscow,1943,4.634333333333333
Russia,Moscow,1944,4.761
Russia,Moscow,1945,2.937416666666667
Russia,Moscow,1946,4.093916666666666
Russia,Moscow,1947,3.769833333333334
Russia,Moscow,1948,4.778666666666667
Russia,Moscow,1949,5.273666666666667
Russia,Moscow,1950,3.9295833333333334
Russia,Moscow,1951,3.993166666666667
Russia,Moscow,1952,4.207416666666667
Russia,Moscow,1953,4.004333333333333
Russia,Moscow,1954,4.035749999999999
Russia,Moscow,1955,3.7145833333333336
Russia,Moscow,1956,2.4545
Russia,Moscow,1957,5.378166666666668
Russia,Moscow,1958,3.8884166666666666
Russia,Moscow,1959,4.304583333333334
Russia,Moscow,1960,4.4955
Russia,Moscow,1961,5.2755
Russia,Moscow,1962,4.53775
Russia,Moscow,1963,3.1718333333333333
Russia,Moscow,1964,4.422583333333333
Russia,Moscow,1965,3.350166666666667
Russia,Moscow,1966,4.8135
Russia,Moscow,1967,4.554666666666667
Russia,Moscow,1968,3.578583333333334
Russia,Moscow,1969,2.466833333333333
Russia,Moscow,1970,4.269666666666667
Russia,Moscow,1971,4.368666666666667
Russia,Moscow,1972,5.269666666666667
Russia,Moscow,1973,4.48275
Russia,Moscow,1974,5.450500000000001
Russia,Moscow,1975,6.01425
Russia,Moscow,1976,2.651333333333333
Russia,Moscow,1977,4.427083333333334
Russia,Moscow,1978,3.2145000000000006
Russia,Moscow,1979,4.3691666666666675
Russia,Moscow,1980,3.409500000000001
Russia,Moscow,1981,5.674499999999999
Russia,Moscow,1982,4.747666666666667
Russia,Moscow,1983,5.652
Russia,Moscow,1984,4.419416666666668
Russia,Moscow,1985,3.3027499999999996
Russia,Moscow,1986,4.194416666666666
Russia,Moscow,1987,2.4885000000000006
Russia,Moscow,1988,4.891166666666668
Russia,Moscow,1989,6.625083333333333
Russia,Moscow,1990,5.807416666666668
Russia,Moscow,1991,5.618833333333334
Russia,Moscow,1992,5.359416666666667
Russia,Moscow,1993,4.152416666666667
Russia,Moscow,1994,4.131500000000001
Russia,Moscow,1995,5.882916666666667
Russia,Moscow,1996,4.551916666666667
Russia,Moscow,1997,4.55675
Russia,Moscow,1998,4.47125
Russia,Moscow,1999,5.944416666666666
Russia,Moscow,2000,5.960916666666666
Russia,Moscow,2001,5.316166666666667
Russia,Moscow,2002,5.634250000000001
Russia,Moscow,2003,4.987666666666667
Russia,Moscow,2004,5.3155833333333335
Russia,Moscow,2005,5.542416666666667
Russia,Moscow,2006,4.9110000000000005
Russia,Moscow,2007,6.4270000000000005
Russia,Moscow,2008,6.759083333333334
Russia,Moscow,2009,5.685416666666666
Russia,Moscow,2010,5.914666666666666
Russia,Moscow,2011,6.009833333333333
Russia,Moscow,2012,5.200916666666667
Russia,Moscow,2013,6.798875000000001
Russia,Saint Petersburg,1900,3.237
Russia,Saint Petersburg,1901,4.2785
Russia,Saint Petersburg,1902,1.7716666666666667
Russia,Saint Petersburg,1903,5.053083333333333
Russia,Saint Petersburg,1904,3.33675
Russia,Saint Petersburg,1905,4.447583333333333
Russia,Saint Petersburg,1906,4.951666666666667
Russia,Saint Petersburg,1907,2.875083333333333
Russia,Saint Petersburg,1908,3.5209166666666665
Russia,Saint Petersburg,1909,3.777583333333333
Russia,Saint Petersburg,1910,5.215083333333333
Russia,Saint Petersburg,1911,4.105333333333333
Russia,Saint Petersburg,1912,3.394666666666667
Russia,Saint Petersburg,1913,4.793833333333333
Russia,Saint Petersburg,1914,4.828166666666667
Russia,Saint Petersburg,1915,2.0873333333333335
Russia,Saint Petersburg,1916,4.02775
Russia,Saint Petersburg,1917,3.102833333333333
Russia,Saint Petersburg,1918,3.8805
Russia,Saint Petersburg,1919,3.35425
Russia,Saint Petersburg,1920,5.507750000000001
Russia,Saint Petersburg,1921,4.2655
Russia,Saint Petersburg,1922,3.596416666666667
Russia,Saint Petersburg,1923,3.356666666666667
Russia,Saint Petersburg,1924,4.405
Russia,Saint Petersburg,1925,4.877916666666667
Russia,Saint Petersburg,1926,3.19975
Russia,Saint Petersburg,1927,3.6478333333333333
Russia,Saint Petersburg,1928,3.96575
Russia,Saint Petersburg,1929,3.5397499999999997
Russia,Saint Petersburg,1930,5.320666666666667
Russia,Saint Petersburg,1931,3.443833333333334
Russia,Saint Petersburg,1932,5.066833333333333
Russia,Saint Petersburg,1933,3.5845833333333332
Russia,Saint Petersburg,1934,6.073666666666667
Russia,Saint Petersburg,1935,4.661666666666666
Russia,Saint Petersburg,1936,5.4115
Russia,Saint Petersburg,1937,5.384833333333334
Russia,Saint Petersburg,1938,6.074000000000001
Russia,Saint Petersburg,1939,4.573083333333333
Russia,Saint Petersburg,1940,2.7573333333333334
Russia,Saint Petersburg,1941,1.3169999999999997
Russia,Saint Petersburg,1942,2.0620833333333333
Russia,Saint Petersburg,1943,5.548583333333333
Russia,Saint Petersburg,1944,4.917666666666666
Russia,Saint Petersburg,1945,3.737833333333333
Russia,Saint Petersburg,1946,4.154
Russia,Saint Petersburg,1947,3.4655
Russia,Saint Petersburg,1948,4.893999999999999
Russia,Saint Petersburg,1949,5.866
Russia,Saint Petersburg,1950,4.424083333333333
Russia,Saint Petersburg,1951,4.30825
Russia,Saint Petersburg,1952,3.749333333333333
Russia,Saint Petersburg,1953,4.840083333333333
Russia,Saint Petersburg,1954,4.454
Russia,Saint Petersburg,1955,3.0016666666666665
Russia,Saint Petersburg,1956,2.5654999999999997
Russia,Saint Petersburg,1957,4.856249999999999
Russia,Saint Petersburg,1958,3.2618333333333336
Russia,Saint Petersburg,1959,5.026
Russia,Saint Petersburg,1960,4.10825
Russia,Saint Petersburg,1961,5.842083333333334
Russia,Saint Petersburg,1962,4.038250000000001
Russia,Saint Petersburg,1963,3.4835833333333333
Russia,Saint Petersburg,1964,4.414166666666666
Russia,Saint Petersburg,1965,3.7021666666666664
Russia,Saint Petersburg,1966,2.8411666666666666
Russia,Saint Petersburg,1967,4.618666666666667
Russia,Saint Petersburg,1968,3.449
Russia,Saint Petersburg,1969,2.858
Russia,Saint Petersburg,1970,3.798833333333333
Russia,Saint Petersburg,1971,4.15775
Russia,Saint Petersburg,1972,5.294333333333333
Russia,Saint Petersburg,1973,4.421500000000001
Russia,Saint Petersburg,1974,5.6425833333333335
Russia,Saint Petersburg,1975,5.88525
Russia,Saint Petersburg,1976,2.5989166666666668
Russia,Saint Petersburg,1977,3.9462500000000005
Russia,Saint Petersburg,1978,2.6957500000000003
Russia,Saint Petersburg,1979,4.060583333333333
Russia,Saint Petersburg,1980,3.6558333333333337
Russia,Saint Petersburg,1981,4.3915
Russia,Saint Petersburg,1982,4.482166666666667
Russia,Saint Petersburg,1983,5.237583333333333
Russia,Saint Petersburg,1984,5.008583333333333
Russia,Saint Petersburg,1985,2.640083333333333
Russia,Saint Petersburg,1986,4.05475
Russia,Saint Petersburg,1987,2.2548333333333335
Russia,Saint Petersburg,1988,4.930166666666667
Russia,Saint Petersburg,1989,6.585916666666667
Russia,Saint Petersburg,1990,5.629416666666667
Russia,Saint Petersburg,1991,5.366583333333334
Russia,Saint Petersburg,1992,5.415833333333333
Russia,Saint Petersburg,1993,4.242249999999999
Russia,Saint Petersburg,1994,4.384333333333333
Russia,Saint Petersburg,1995,5.422583333333333
Russia,Saint Petersburg,1996,3.97425
Russia,Saint Petersburg,1997,4.668416666666666
Russia,Saint Petersburg,1998,4.2459999999999996
Russia,Saint Petersburg,1999,5.440166666666667
Russia,Saint Petersburg,2000,6.184666666666666
Russia,Saint Petersburg,2001,4.9635
Russia,Saint Petersburg,2002,5.07675
Russia,Saint Petersburg,2003,4.847416666666667
Russia,Saint Petersburg,2004,5.113666666666667
Russia,Saint Petersburg,2005,5.553250000000001
Russia,Saint Petersburg,2006,5.474916666666666
Russia,Saint Petersburg,2007,5.913250000000001
Russia,Saint Petersburg,2008,6.408416666666667
Russia,Saint Petersburg,2009,5.177416666666667
Russia,Saint Petersburg,2010,4.239916666666667
Russia,Saint Petersburg,2011,6.0562499999999995
Russia,Saint Petersburg,2012,4.661
Russia,Saint Petersburg,2013,6.058750000000002
Saudi Arabia,Jiddah,1900,27.502333333333336
Saudi Arabia,Jiddah,1901,27.921833333333336
Saudi Arabia,Jiddah,1902,27.426666666666666
Saudi Arabia,Jiddah,1903,27.07641666666667
Saudi Arabia,Jiddah,1904,27.416916666666665
Saudi Arabia,Jiddah,1905,27.118916666666667
Saudi Arabia,Jiddah,1906,27.287499999999998
Saudi Arabia,Jiddah,1907,27.080583333333333
Saudi Arabia,Jiddah,1908,27.30275
Saudi Arabia,Jiddah,1909,28.02916666666667
Saudi Arabia,Jiddah,1910,27.122500000000002
Saudi Arabia,Jiddah,1911,26.895166666666668
Saudi Arabia,Jiddah,1912,26.99491666666667
Saudi Arabia,Jiddah,1913,26.71341666666667
Saudi Arabia,Jiddah,1914,27.403583333333334
Saudi Arabia,Jiddah,1915,27.96875
Saudi Arabia,Jiddah,1916,27.4965
Saudi Arabia,Jiddah,1917,27.280583333333336
Saudi Arabia,Jiddah,1918,27.364166666666666
Saudi Arabia,Jiddah,1919,28.132500000000004
Saudi Arabia,Jiddah,1920,27.1575
Saudi Arabia,Jiddah,1921,27.251
Saudi Arabia,Jiddah,1922,27.700333333333333
Saudi Arabia,Jiddah,1923,27.562749999999998
Saudi Arabia,Jiddah,1924,27.99416666666667
Saudi Arabia,Jiddah,1925,27.534583333333334
Saudi Arabia,Jiddah,1926,27.485500000000002
Saudi Arabia,Jiddah,1927,27.896
Saudi Arabia,Jiddah,1928,28.167666666666666
Saudi Arabia,Jiddah,1929,27.969916666666666
Saudi Arabia,Jiddah,1930,27.78816666666667
Saudi Arabia,Jiddah,1931,27.996583333333334
Saudi Arabia,Jiddah,1932,27.558333333333334
Saudi Arabia,Jiddah,1933,27.3395
Saudi Arabia,Jiddah,1934,27.607333333333333
Saudi Arabia,Jiddah,1935,27.901916666666665
Saudi Arabia,Jiddah,1936,27.856083333333334
Saudi Arabia,Jiddah,1937,27.720333333333333
Saudi Arabia,Jiddah,1938,27.393
Saudi Arabia,Jiddah,1939,27.87691666666667
Saudi Arabia,Jiddah,1940,27.997416666666666
Saudi Arabia,Jiddah,1941,28.1095
Saudi Arabia,Jiddah,1942,28.179583333333337
Saudi Arabia,Jiddah,1943,27.181
Saudi Arabia,Jiddah,1944,27.862166666666667
Saudi Arabia,Jiddah,1945,27.64616666666667
Saudi Arabia,Jiddah,1946,27.678166666666666
Saudi Arabia,Jiddah,1947,28.202749999999998
Saudi Arabia,Jiddah,1948,27.0915
Saudi Arabia,Jiddah,1949,27.058083333333332
Saudi Arabia,Jiddah,1950,28.042
Saudi Arabia,Jiddah,1951,27.93016666666667
Saudi Arabia,Jiddah,1952,28.466333333333335
Saudi Arabia,Jiddah,1953,28.277833333333334
Saudi Arabia,Jiddah,1954,28.145583333333335
Saudi Arabia,Jiddah,1955,27.770750000000003
Saudi Arabia,Jiddah,1956,27.764916666666664
Saudi Arabia,Jiddah,1957,27.665166666666668
Saudi Arabia,Jiddah,1958,28.44333333333333
Saudi Arabia,Jiddah,1959,27.429916666666667
Saudi Arabia,Jiddah,1960,28.416
Saudi Arabia,Jiddah,1961,27.630666666666666
Saudi Arabia,Jiddah,1962,28.055333333333333
Saudi Arabia,Jiddah,1963,28.19175
Saudi Arabia,Jiddah,1964,27.33866666666667
Saudi Arabia,Jiddah,1965,27.778583333333334
Saudi Arabia,Jiddah,1966,28.136499999999998
Saudi Arabia,Jiddah,1967,27.235500000000002
Saudi Arabia,Jiddah,1968,27.477
Saudi Arabia,Jiddah,1969,28.115250000000003
Saudi Arabia,Jiddah,1970,27.978416666666664
Saudi Arabia,Jiddah,1971,27.146333333333335
Saudi Arabia,Jiddah,1972,27.65116666666667
Saudi Arabia,Jiddah,1973,27.99291666666667
Saudi Arabia,Jiddah,1974,27.4515
Saudi Arabia,Jiddah,1975,27.38808333333333
Saudi Arabia,Jiddah,1976,27.640249999999998
Saudi Arabia,Jiddah,1977,27.812833333333334
Saudi Arabia,Jiddah,1978,28.063583333333337
Saudi Arabia,Jiddah,1979,28.608583333333332
Saudi Arabia,Jiddah,1980,28.32241666666667
Saudi Arabia,Jiddah,1981,28.160083333333333
Saudi Arabia,Jiddah,1982,27.240416666666665
Saudi Arabia,Jiddah,1983,27.259249999999998
Saudi Arabia,Jiddah,1984,27.59241666666667
Saudi Arabia,Jiddah,1985,27.76425
Saudi Arabia,Jiddah,1986,27.8165
Saudi Arabia,Jiddah,1987,28.249750000000002
Saudi Arabia,Jiddah,1988,28.40641666666667
Saudi Arabia,Jiddah,1989,27.657833333333333
Saudi Arabia,Jiddah,1990,27.729333333333333
Saudi Arabia,Jiddah,1991,27.969333333333335
Saudi Arabia,Jiddah,1992,26.882833333333334
Saudi Arabia,Jiddah,1993,28.073166666666665
Saudi Arabia,Jiddah,1994,28.288
Saudi Arabia,Jiddah,1995,28.267333333333337
Saudi Arabia,Jiddah,1996,28.268666666666665
Saudi Arabia,Jiddah,1997,27.815749999999998
Saudi Arabia,Jiddah,1998,28.488500000000002
Saudi Arabia,Jiddah,1999,28.71783333333333
Saudi Arabia,Jiddah,2000,28.18466666666667
Saudi Arabia,Jiddah,2001,28.56266666666667
Saudi Arabia,Jiddah,2002,28.56533333333333
Saudi Arabia,Jiddah,2003,28.787833333333335
Saudi Arabia,Jiddah,2004,28.511
Saudi Arabia,Jiddah,2005,28.528833333333335
Saudi Arabia,Jiddah,2006,28.582916666666666
Saudi Arabia,Jiddah,2007,28.543499999999998
Saudi Arabia,Jiddah,2008,28.709
Saudi Arabia,Jiddah,2009,28.738333333333333
Saudi Arabia,Jiddah,2010,29.422083333333333
Saudi Arabia,Jiddah,2011,28.479249999999997
Saudi Arabia,Jiddah,2012,28.994500000000002
Saudi Arabia,Jiddah,2013,28.875875
Saudi Arabia,Riyadh,1900,25.289583333333336
Saudi Arabia,Riyadh,1901,25.55116666666667
Saudi Arabia,Riyadh,1902,25.251583333333333
Saudi Arabia,Riyadh,1903,24.642416666666666
Saudi Arabia,Riyadh,1904,25.072083333333335
Saudi Arabia,Riyadh,1905,24.86666666666667
Saudi Arabia,Riyadh,1906,24.850333333333335
Saudi Arabia,Riyadh,1907,24.442166666666665
Saudi Arabia,Riyadh,1908,24.946583333333336
Saudi Arabia,Riyadh,1909,25.567249999999998
Saudi Arabia,Riyadh,1910,24.75283333333333
Saudi Arabia,Riyadh,1911,24.24
Saudi Arabia,Riyadh,1912,24.960333333333335
Saudi Arabia,Riyadh,1913,24.632
Saudi Arabia,Riyadh,1914,24.943166666666666
Saudi Arabia,Riyadh,1915,25.37816666666667
Saudi Arabia,Riyadh,1916,24.85375
Saudi Arabia,Riyadh,1917,25.025750000000002
Saudi Arabia,Riyadh,1918,24.655916666666666
Saudi Arabia,Riyadh,1919,25.385500000000004
Saudi Arabia,Riyadh,1920,24.935916666666667
Saudi Arabia,Riyadh,1921,24.839250000000003
Saudi Arabia,Riyadh,1922,25.350166666666667
Saudi Arabia,Riyadh,1923,25.102083333333336
Saudi Arabia,Riyadh,1924,25.691000000000003
Saudi Arabia,Riyadh,1925,25.001166666666666
Saudi Arabia,Riyadh,1926,25.188083333333335
Saudi Arabia,Riyadh,1927,25.293499999999998
Saudi Arabia,Riyadh,1928,25.389750000000003
Saudi Arabia,Riyadh,1929,25.356083333333334
Saudi Arabia,Riyadh,1930,25.394499999999997
Saudi Arabia,Riyadh,1931,25.379583333333333
Saudi Arabia,Riyadh,1932,24.957833333333337
Saudi Arabia,Riyadh,1933,24.665583333333334
Saudi Arabia,Riyadh,1934,24.970916666666668
Saudi Arabia,Riyadh,1935,25.606583333333333
Saudi Arabia,Riyadh,1936,25.148083333333332
Saudi Arabia,Riyadh,1937,25.08491666666667
Saudi Arabia,Riyadh,1938,25.113583333333334
Saudi Arabia,Riyadh,1939,25.15641666666667
Saudi Arabia,Riyadh,1940,25.512416666666667
Saudi Arabia,Riyadh,1941,25.372333333333334
Saudi Arabia,Riyadh,1942,25.486416666666667
Saudi Arabia,Riyadh,1943,24.95958333333333
Saudi Arabia,Riyadh,1944,25.596000000000004
Saudi Arabia,Riyadh,1945,25.30033333333333
Saudi Arabia,Riyadh,1946,25.494
Saudi Arabia,Riyadh,1947,25.999250000000004
Saudi Arabia,Riyadh,1948,24.84841666666667
Saudi Arabia,Riyadh,1949,24.815166666666666
Saudi Arabia,Riyadh,1950,24.97791666666667
Saudi Arabia,Riyadh,1951,26.103333333333335
Saudi Arabia,Riyadh,1952,25.718
Saudi Arabia,Riyadh,1953,25.505166666666668
Saudi Arabia,Riyadh,1954,25.80158333333333
Saudi Arabia,Riyadh,1955,25.331666666666667
Saudi Arabia,Riyadh,1956,25.019416666666668
Saudi Arabia,Riyadh,1957,24.689666666666668
Saudi Arabia,Riyadh,1958,25.64225
Saudi Arabia,Riyadh,1959,24.138166666666667
Saudi Arabia,Riyadh,1960,25.672416666666667
Saudi Arabia,Riyadh,1961,25.122416666666666
Saudi Arabia,Riyadh,1962,26.096
Saudi Arabia,Riyadh,1963,25.544083333333333
Saudi Arabia,Riyadh,1964,25.140500000000003
Saudi Arabia,Riyadh,1965,25.58725
Saudi Arabia,Riyadh,1966,26.164833333333334
Saudi Arabia,Riyadh,1967,24.87466666666667
Saudi Arabia,Riyadh,1968,25.21375
Saudi Arabia,Riyadh,1969,26.053916666666666
Saudi Arabia,Riyadh,1970,25.844333333333335
Saudi Arabia,Riyadh,1971,24.925750000000004
Saudi Arabia,Riyadh,1972,24.73725
Saudi Arabia,Riyadh,1973,25.598583333333334
Saudi Arabia,Riyadh,1974,25.397583333333333
Saudi Arabia,Riyadh,1975,25.041583333333335
Saudi Arabia,Riyadh,1976,24.97191666666667
Saudi Arabia,Riyadh,1977,25.985166666666668
Saudi Arabia,Riyadh,1978,25.95075
Saudi Arabia,Riyadh,1979,26.2005
Saudi Arabia,Riyadh,1980,25.826916666666666
Saudi Arabia,Riyadh,1981,25.95075
Saudi Arabia,Riyadh,1982,24.615833333333338
Saudi Arabia,Riyadh,1983,24.854083333333335
Saudi Arabia,Riyadh,1984,25.053250000000002
Saudi Arabia,Riyadh,1985,25.298916666666667
Saudi Arabia,Riyadh,1986,25.36283333333333
Saudi Arabia,Riyadh,1987,26.37025
Saudi Arabia,Riyadh,1988,25.989833333333333
Saudi Arabia,Riyadh,1989,25.051083333333334
Saudi Arabia,Riyadh,1990,25.70141666666667
Saudi Arabia,Riyadh,1991,25.425833333333333
Saudi Arabia,Riyadh,1992,24.37025
Saudi Arabia,Riyadh,1993,25.416916666666665
Saudi Arabia,Riyadh,1994,26.079333333333334
Saudi Arabia,Riyadh,1995,25.636083333333332
Saudi Arabia,Riyadh,1996,26.281833333333335
Saudi Arabia,Riyadh,1997,25.49275
Saudi Arabia,Riyadh,1998,26.731916666666667
Saudi Arabia,Riyadh,1999,26.915333333333336
Saudi Arabia,Riyadh,2000,26.545666666666666
Saudi Arabia,Riyadh,2001,26.665166666666668
Saudi Arabia,Riyadh,2002,26.436666666666667
Saudi Arabia,Riyadh,2003,26.61725
Saudi Arabia,Riyadh,2004,26.199333333333332
Saudi Arabia,Riyadh,2005,26.269499999999997
Saudi Arabia,Riyadh,2006,26.243166666666667
Saudi Arabia,Riyadh,2007,26.491249999999997
Saudi Arabia,Riyadh,2008,26.214
Saudi Arabia,Riyadh,2009,26.70625
Saudi Arabia,Riyadh,2010,27.374750000000002
Saudi Arabia,Riyadh,2011,26.396749999999997
Saudi Arabia,Riyadh,2012,26.83475
Saudi Arabia,Riyadh,2013,27.777500000000003
Senegal,Dakar,1900,24.640083333333337
Senegal,Dakar,1901,24.56391666666667
Senegal,Dakar,1902,24.81358333333333
Senegal,Dakar,1903,24.39375
Senegal,Dakar,1904,23.846833333333333
Senegal,Dakar,1905,24.132583333333333
Senegal,Dakar,1906,24.38083333333333
Senegal,Dakar,1907,23.14916666666667
Senegal,Dakar,1908,24.125583333333335
Senegal,Dakar,1909,24.121666666666666
Senegal,Dakar,1910,24.382
Senegal,Dakar,1911,24.33875
Senegal,Dakar,1912,24.16841666666667
Senegal,Dakar,1913,24.544416666666667
Senegal,Dakar,1914,24.613583333333334
Senegal,Dakar,1915,24.8385
Senegal,Dakar,1916,24.294416666666667
Senegal,Dakar,1917,23.94241666666667
Senegal,Dakar,1918,24.30175
Senegal,Dakar,1919,24.87575
Senegal,Dakar,1920,24.42
Senegal,Dakar,1921,24.471083333333336
Senegal,Dakar,1922,24.513500000000004
Senegal,Dakar,1923,24.4965
Senegal,Dakar,1924,24.47158333333333
Senegal,Dakar,1925,24.824916666666667
Senegal,Dakar,1926,25.39408333333333
Senegal,Dakar,1927,25.047083333333333
Senegal,Dakar,1928,24.276666666666667
Senegal,Dakar,1929,24.674750000000003
Senegal,Dakar,1930,24.03225
Senegal,Dakar,1931,24.56058333333333
Senegal,Dakar,1932,24.36125
Senegal,Dakar,1933,24.263666666666666
Senegal,Dakar,1934,23.83475
Senegal,Dakar,1935,24.326583333333332
Senegal,Dakar,1936,24.9315
Senegal,Dakar,1937,25.383583333333334
Senegal,Dakar,1938,24.75991666666667
Senegal,Dakar,1939,24.388166666666667
Senegal,Dakar,1940,24.549750000000003
Senegal,Dakar,1941,24.695583333333335
Senegal,Dakar,1942,24.37875
Senegal,Dakar,1943,24.5425
Senegal,Dakar,1944,24.854333333333333
Senegal,Dakar,1945,25.430583333333335
Senegal,Dakar,1946,24.606916666666667
Senegal,Dakar,1947,24.539
Senegal,Dakar,1948,24.674000000000003
Senegal,Dakar,1949,24.500000000000004
Senegal,Dakar,1950,24.696749999999998
Senegal,Dakar,1951,24.189666666666668
Senegal,Dakar,1952,24.43275
Senegal,Dakar,1953,24.451666666666668
Senegal,Dakar,1954,24.487750000000002
Senegal,Dakar,1955,24.772666666666666
Senegal,Dakar,1956,24.266750000000002
Senegal,Dakar,1957,24.151
Senegal,Dakar,1958,25.056833333333334
Senegal,Dakar,1959,24.4265
Senegal,Dakar,1960,24.47075
Senegal,Dakar,1961,24.890666666666664
Senegal,Dakar,1962,24.954833333333337
Senegal,Dakar,1963,25.036083333333334
Senegal,Dakar,1964,24.795583333333337
Senegal,Dakar,1965,24.24116666666667
Senegal,Dakar,1966,24.9765
Senegal,Dakar,1967,24.182833333333335
Senegal,Dakar,1968,24.103250000000003
Senegal,Dakar,1969,25.404
Senegal,Dakar,1970,25.217000000000002
Senegal,Dakar,1971,24.37275
Senegal,Dakar,1972,24.540750000000003
Senegal,Dakar,1973,25.015583333333336
Senegal,Dakar,1974,24.0955
Senegal,Dakar,1975,24.4055
Senegal,Dakar,1976,24.3355
Senegal,Dakar,1977,25.179916666666667
Senegal,Dakar,1978,25.044416666666667
Senegal,Dakar,1979,25.425083333333333
Senegal,Dakar,1980,24.851916666666668
Senegal,Dakar,1981,25.24625
Senegal,Dakar,1982,24.52425
Senegal,Dakar,1983,25.611
Senegal,Dakar,1984,24.932833333333335
Senegal,Dakar,1985,24.625833333333333
Senegal,Dakar,1986,24.60066666666667
Senegal,Dakar,1987,25.66016666666667
Senegal,Dakar,1988,25.1245
Senegal,Dakar,1989,25.025499999999997
Senegal,Dakar,1990,25.125250000000005
Senegal,Dakar,1991,25.004166666666666
Senegal,Dakar,1992,25.089583333333337
Senegal,Dakar,1993,24.992
Senegal,Dakar,1994,24.941083333333335
Senegal,Dakar,1995,25.329000000000004
Senegal,Dakar,1996,25.488250000000004
Senegal,Dakar,1997,25.867083333333337
Senegal,Dakar,1998,26.025583333333334
Senegal,Dakar,1999,24.931
Senegal,Dakar,2000,25.259333333333334
Senegal,Dakar,2001,25.792
Senegal,Dakar,2002,25.40416666666667
Senegal,Dakar,2003,25.25091666666667
Senegal,Dakar,2004,25.38083333333333
Senegal,Dakar,2005,25.78441666666667
Senegal,Dakar,2006,25.320666666666668
Senegal,Dakar,2007,25.33575
Senegal,Dakar,2008,25.49775
Senegal,Dakar,2009,25.011499999999998
Senegal,Dakar,2010,26.10366666666667
Senegal,Dakar,2011,25.411
Senegal,Dakar,2012,25.473
Senegal,Dakar,2013,24.695375000000002
Singapore,Singapore,1900,26.531583333333334
Singapore,Singapore,1901,26.056833333333334
Singapore,Singapore,1902,25.98483333333333
Singapore,Singapore,1903,26.146333333333335
Singapore,Singapore,1904,25.848249999999997
Singapore,Singapore,1905,26.61225
Singapore,Singapore,1906,26.326666666666668
Singapore,Singapore,1907,26.299583333333334
Singapore,Singapore,1908,26.224833333333333
Singapore,Singapore,1909,26.292833333333334
Singapore,Singapore,1910,26.112416666666665
Singapore,Singapore,1911,26.353250000000003
Singapore,Singapore,1912,26.524416666666667
Singapore,Singapore,1913,26.255416666666665
Singapore,Singapore,1914,26.64891666666667
Singapore,Singapore,1915,26.677333333333337
Singapore,Singapore,1916,26.287333333333333
Singapore,Singapore,1917,25.919333333333338
Singapore,Singapore,1918,25.89916666666667
Singapore,Singapore,1919,26.552333333333337
Singapore,Singapore,1920,26.437
Singapore,Singapore,1921,26.23391666666667
Singapore,Singapore,1922,26.284833333333335
Singapore,Singapore,1923,26.262583333333335
Singapore,Singapore,1924,26.377916666666668
Singapore,Singapore,1925,26.21525
Singapore,Singapore,1926,26.603416666666664
Singapore,Singapore,1927,26.44875
Singapore,Singapore,1928,26.58141666666667
Singapore,Singapore,1929,26.455916666666667
Singapore,Singapore,1930,26.723083333333335
Singapore,Singapore,1931,26.87766666666667
Singapore,Singapore,1932,26.525750000000002
Singapore,Singapore,1933,26.36766666666667
Singapore,Singapore,1934,26.245583333333332
Singapore,Singapore,1935,26.547666666666668
Singapore,Singapore,1936,26.60258333333334
Singapore,Singapore,1937,26.727
Singapore,Singapore,1938,26.642833333333332
Singapore,Singapore,1939,26.577416666666668
Singapore,Singapore,1940,26.86266666666667
Singapore,Singapore,1941,27.278750000000002
Singapore,Singapore,1942,26.916583333333335
Singapore,Singapore,1943,26.492
Singapore,Singapore,1944,26.663083333333333
Singapore,Singapore,1945,26.636
Singapore,Singapore,1946,26.832666666666668
Singapore,Singapore,1947,26.932750000000002
Singapore,Singapore,1948,26.796000000000003
Singapore,Singapore,1949,26.739583333333332
Singapore,Singapore,1950,26.560166666666664
Singapore,Singapore,1951,26.840000000000003
Singapore,Singapore,1952,26.88716666666667
Singapore,Singapore,1953,26.927750000000003
Singapore,Singapore,1954,26.647916666666664
Singapore,Singapore,1955,26.638
Singapore,Singapore,1956,26.47275
Singapore,Singapore,1957,26.787166666666668
Singapore,Singapore,1958,27.079833333333337
Singapore,Singapore,1959,26.882416666666668
Singapore,Singapore,1960,26.92941666666667
Singapore,Singapore,1961,26.727
Singapore,Singapore,1962,26.560833333333335
Singapore,Singapore,1963,26.77116666666667
Singapore,Singapore,1964,26.664666666666665
Singapore,Singapore,1965,26.63291666666667
Singapore,Singapore,1966,26.887833333333333
Singapore,Singapore,1967,26.681749999999997
Singapore,Singapore,1968,26.745666666666665
Singapore,Singapore,1969,27.062416666666667
Singapore,Singapore,1970,26.854583333333334
Singapore,Singapore,1971,26.605500000000003
Singapore,Singapore,1972,26.942000000000004
Singapore,Singapore,1973,26.95975
Singapore,Singapore,1974,26.672583333333336
Singapore,Singapore,1975,26.638
Singapore,Singapore,1976,26.55875
Singapore,Singapore,1977,26.822000000000003
Singapore,Singapore,1978,26.904583333333335
Singapore,Singapore,1979,26.95975
Singapore,Singapore,1980,26.95641666666667
Singapore,Singapore,1981,26.980999999999998
Singapore,Singapore,1982,26.8365
Singapore,Singapore,1983,27.304916666666667
Singapore,Singapore,1984,26.483500000000003
Singapore,Singapore,1985,26.820083333333333
Singapore,Singapore,1986,26.847833333333337
Singapore,Singapore,1987,27.181583333333332
Singapore,Singapore,1988,27.06725
Singapore,Singapore,1989,26.792333333333335
Singapore,Singapore,1990,27.13
Singapore,Singapore,1991,26.994083333333336
Singapore,Singapore,1992,26.997416666666666
Singapore,Singapore,1993,26.928833333333333
Singapore,Singapore,1994,27.08775
Singapore,Singapore,1995,27.0725
Singapore,Singapore,1996,27.043333333333333
Singapore,Singapore,1997,27.38891666666667
Singapore,Singapore,1998,27.77591666666667
Singapore,Singapore,1999,27.016750000000002
Singapore,Singapore,2000,27.096500000000002
Singapore,Singapore,2001,27.189333333333337
Singapore,Singapore,2002,27.40608333333333
Singapore,Singapore,2003,27.311833333333336
Singapore,Singapore,2004,27.328666666666667
Singapore,Singapore,2005,27.493583333333333
Singapore,Singapore,2006,27.32841666666667
Singapore,Singapore,2007,27.13
Singapore,Singapore,2008,27.067666666666668
Singapore,Singapore,2009,27.473333333333333
Singapore,Singapore,2010,27.6035
Singapore,Singapore,2011,27.28216666666667
Singapore,Singapore,2012,27.303583333333336
Singapore,Singapore,2013,27.602875
Somalia,Mogadishu,1900,27.030416666666667
Somalia,Mogadishu,1901,26.746333333333336
Somalia,Mogadishu,1902,26.890083333333333
Somalia,Mogadishu,1903,26.805333333333333
Somalia,Mogadishu,1904,26.736500000000003
Somalia,Mogadishu,1905,26.937083333333334
Somalia,Mogadishu,1906,26.658083333333334
Somalia,Mogadishu,1907,26.492
Somalia,Mogadishu,1908,26.641583333333333
Somalia,Mogadishu,1909,26.62708333333333
Somalia,Mogadishu,1910,27.3255
Somalia,Mogadishu,1911,26.752166666666668
Somalia,Mogadishu,1912,26.529083333333332
Somalia,Mogadishu,1913,26.7985
Somalia,Mogadishu,1914,27.11491666666667
Somalia,Mogadishu,1915,27.035750000000004
Somalia,Mogadishu,1916,26.922916666666666
Somalia,Mogadishu,1917,26.961249999999996
Somalia,Mogadishu,1918,26.79225
Somalia,Mogadishu,1919,27.2525
Somalia,Mogadishu,1920,26.78075
Somalia,Mogadishu,1921,26.86225
Somalia,Mogadishu,1922,26.68875
Somalia,Mogadishu,1923,26.544166666666666
Somalia,Mogadishu,1924,26.957666666666668
Somalia,Mogadishu,1925,26.636166666666668
Somalia,Mogadishu,1926,26.879333333333335
Somalia,Mogadishu,1927,26.672916666666666
Somalia,Mogadishu,1928,27.245833333333334
Somalia,Mogadishu,1929,27.41125
Somalia,Mogadishu,1930,27.161
Somalia,Mogadishu,1931,27.566166666666664
Somalia,Mogadishu,1932,27.151083333333332
Somalia,Mogadishu,1933,27.04416666666667
Somalia,Mogadishu,1934,26.983500000000003
Somalia,Mogadishu,1935,26.995500000000003
Somalia,Mogadishu,1936,26.972250000000003
Somalia,Mogadishu,1937,27.0665
Somalia,Mogadishu,1938,26.776666666666667
Somalia,Mogadishu,1939,27.123500000000003
Somalia,Mogadishu,1940,27.51625
Somalia,Mogadishu,1941,27.4445
Somalia,Mogadishu,1942,27.23783333333333
Somalia,Mogadishu,1943,27.166666666666668
Somalia,Mogadishu,1944,27.331
Somalia,Mogadishu,1945,27.358999999999998
Somalia,Mogadishu,1946,27.073916666666666
Somalia,Mogadishu,1947,27.09075
Somalia,Mogadishu,1948,27.328166666666664
Somalia,Mogadishu,1949,27.252333333333336
Somalia,Mogadishu,1950,26.895
Somalia,Mogadishu,1951,27.26216666666667
Somalia,Mogadishu,1952,27.461916666666667
Somalia,Mogadishu,1953,27.3655
Somalia,Mogadishu,1954,27.082833333333337
Somalia,Mogadishu,1955,27.146416666666667
Somalia,Mogadishu,1956,27.014166666666668
Somalia,Mogadishu,1957,27.24325
Somalia,Mogadishu,1958,27.354916666666668
Somalia,Mogadishu,1959,27.4485
Somalia,Mogadishu,1960,27.209500000000002
Somalia,Mogadishu,1961,27.348416666666665
Somalia,Mogadishu,1962,27.465999999999998
Somalia,Mogadishu,1963,26.726083333333335
Somalia,Mogadishu,1964,26.758
Somalia,Mogadishu,1965,26.780416666666667
Somalia,Mogadishu,1966,26.896583333333336
Somalia,Mogadishu,1967,27.14091666666667
Somalia,Mogadishu,1968,26.797416666666667
Somalia,Mogadishu,1969,27.562166666666666
Somalia,Mogadishu,1970,27.281000000000002
Somalia,Mogadishu,1971,26.895
Somalia,Mogadishu,1972,27.42216666666667
Somalia,Mogadishu,1973,27.434916666666666
Somalia,Mogadishu,1974,27.257833333333334
Somalia,Mogadishu,1975,27.026750000000003
Somalia,Mogadishu,1976,27.078083333333336
Somalia,Mogadishu,1977,27.329333333333334
Somalia,Mogadishu,1978,27.57825
Somalia,Mogadishu,1979,27.47175
Somalia,Mogadishu,1980,27.55966666666667
Somalia,Mogadishu,1981,27.403000000000002
Somalia,Mogadishu,1982,27.437083333333334
Somalia,Mogadishu,1983,27.878416666666666
Somalia,Mogadishu,1984,27.146666666666665
Somalia,Mogadishu,1985,27.236666666666668
Somalia,Mogadishu,1986,27.37325
Somalia,Mogadishu,1987,27.699416666666668
Somalia,Mogadishu,1988,27.77
Somalia,Mogadishu,1989,27.268666666666665
Somalia,Mogadishu,1990,27.35225
Somalia,Mogadishu,1991,27.54275
Somalia,Mogadishu,1992,27.72583333333333
Somalia,Mogadishu,1993,27.206916666666668
Somalia,Mogadishu,1994,27.426416666666668
Somalia,Mogadishu,1995,27.392750000000003
Somalia,Mogadishu,1996,27.340833333333336
Somalia,Mogadishu,1997,27.41025
Somalia,Mogadishu,1998,27.699833333333334
Somalia,Mogadishu,1999,27.60591666666667
Somalia,Mogadishu,2000,27.78741666666667
Somalia,Mogadishu,2001,27.678916666666666
Somalia,Mogadishu,2002,27.7735
Somalia,Mogadishu,2003,28.03291666666667
Somalia,Mogadishu,2004,27.853166666666667
Somalia,Mogadishu,2005,28.081333333333333
Somalia,Mogadishu,2006,27.783
Somalia,Mogadishu,2007,28.08475
Somalia,Mogadishu,2008,27.745416666666667
Somalia,Mogadishu,2009,28.225333333333335
Somalia,Mogadishu,2010,28.025583333333334
Somalia,Mogadishu,2011,28.27508333333333
Somalia,Mogadishu,2012,28.1895
Somalia,Mogadishu,2013,27.941375
South Africa,Cape Town,1900,16.098666666666666
South Africa,Cape Town,1901,15.925666666666666
South Africa,Cape Town,1902,15.707916666666668
South Africa,Cape Town,1903,14.964
South Africa,Cape Town,1904,15.40425
South Africa,Cape Town,1905,15.454666666666666
South Africa,Cape Town,1906,15.280000000000001
South Africa,Cape Town,1907,15.373750000000001
South Africa,Cape Town,1908,15.230333333333334
South Africa,Cape Town,1909,15.84675
South Africa,Cape Town,1910,15.930250000000001
South Africa,Cape Town,1911,15.8925
South Africa,Cape Town,1912,15.701416666666667
South Africa,Cape Town,1913,16.06025
South Africa,Cape Town,1914,15.899000000000001
South Africa,Cape Town,1915,15.987250000000001
South Africa,Cape Town,1916,15.80075
South Africa,Cape Town,1917,15.618916666666669
South Africa,Cape Town,1918,16.102083333333333
South Africa,Cape Town,1919,16.231166666666667
South Africa,Cape Town,1920,16.245
South Africa,Cape Town,1921,15.826749999999999
South Africa,Cape Town,1922,15.881916666666667
South Africa,Cape Town,1923,16.03375
South Africa,Cape Town,1924,15.695083333333335
South Africa,Cape Town,1925,16.109833333333334
South Africa,Cape Town,1926,15.950916666666666
South Africa,Cape Town,1927,16.940416666666668
South Africa,Cape Town,1928,16.09058333333333
South Africa,Cape Town,1929,16.1105
South Africa,Cape Town,1930,16.183666666666667
South Africa,Cape Town,1931,16.31175
South Africa,Cape Town,1932,16.427333333333333
South Africa,Cape Town,1933,16.230833333333333
South Africa,Cape Town,1934,16.617250000000002
South Africa,Cape Town,1935,15.893
South Africa,Cape Town,1936,16.011833333333332
South Africa,Cape Town,1937,16.43916666666667
South Africa,Cape Town,1938,16.005083333333335
South Africa,Cape Town,1939,16.364333333333335
South Africa,Cape Town,1940,16.26216666666667
South Africa,Cape Town,1941,16.138833333333334
South Africa,Cape Town,1942,16.38475
South Africa,Cape Town,1943,15.672583333333334
South Africa,Cape Town,1944,16.262333333333334
South Africa,Cape Town,1945,16.556083333333333
South Africa,Cape Town,1946,16.1035
South Africa,Cape Town,1947,16.228583333333333
South Africa,Cape Town,1948,16.07166666666667
South Africa,Cape Town,1949,16.56866666666667
South Africa,Cape Town,1950,16.149833333333333
South Africa,Cape Town,1951,15.830416666666666
South Africa,Cape Town,1952,16.151500000000002
South Africa,Cape Town,1953,16.370833333333334
South Africa,Cape Town,1954,15.85725
South Africa,Cape Town,1955,15.540666666666667
South Africa,Cape Town,1956,15.722916666666668
South Africa,Cape Town,1957,15.841833333333334
South Africa,Cape Town,1958,15.958833333333333
South Africa,Cape Town,1959,16.155
South Africa,Cape Town,1960,16.513916666666667
South Africa,Cape Town,1961,16.281833333333335
South Africa,Cape Town,1962,16.138083333333334
South Africa,Cape Town,1963,17.019833333333334
South Africa,Cape Town,1964,16.058916666666665
South Africa,Cape Town,1965,16.00733333333333
South Africa,Cape Town,1966,16.31125
South Africa,Cape Town,1967,16.141750000000002
South Africa,Cape Town,1968,15.743583333333333
South Africa,Cape Town,1969,16.050250000000002
South Africa,Cape Town,1970,15.635250000000001
South Africa,Cape Town,1971,15.786416666666668
South Africa,Cape Town,1972,16.761583333333334
South Africa,Cape Town,1973,16.74491666666667
South Africa,Cape Town,1974,16.4345
South Africa,Cape Town,1975,16.256333333333334
South Africa,Cape Town,1976,16.18433333333333
South Africa,Cape Town,1977,16.36
South Africa,Cape Town,1978,16.453916666666668
South Africa,Cape Town,1979,16.571916666666667
South Africa,Cape Town,1980,16.515
South Africa,Cape Town,1981,16.198916666666666
South Africa,Cape Town,1982,16.237083333333334
South Africa,Cape Town,1983,16.22641666666667
South Africa,Cape Town,1984,16.85025
South Africa,Cape Town,1985,16.831833333333332
South Africa,Cape Town,1986,16.719916666666666
South Africa,Cape Town,1987,16.52625
South Africa,Cape Town,1988,16.734666666666666
South Africa,Cape Town,1989,16.472166666666666
South Africa,Cape Town,1990,16.39466666666667
South Africa,Cape Town,1991,16.47625
South Africa,Cape Town,1992,16.316416666666665
South Africa,Cape Town,1993,16.809333333333335
South Africa,Cape Town,1994,16.773333333333333
South Africa,Cape Town,1995,16.54041666666667
South Africa,Cape Town,1996,16.082083333333333
South Africa,Cape Town,1997,16.655916666666666
South Africa,Cape Town,1998,16.87633333333333
South Africa,Cape Town,1999,17.5485
South Africa,Cape Town,2000,17.147916666666667
South Africa,Cape Town,2001,16.917833333333334
South Africa,Cape Town,2002,16.64916666666667
South Africa,Cape Town,2003,16.6235
South Africa,Cape Town,2004,16.975416666666668
South Africa,Cape Town,2005,16.874750000000002
South Africa,Cape Town,2006,16.925833333333333
South Africa,Cape Town,2007,16.712666666666667
South Africa,Cape Town,2008,16.539416666666668
South Africa,Cape Town,2009,16.956333333333333
South Africa,Cape Town,2010,16.6765
South Africa,Cape Town,2011,16.621083333333335
South Africa,Cape Town,2012,16.605583333333332
South Africa,Cape Town,2013,16.66025
South Africa,Durban,1900,20.460083333333333
South Africa,Durban,1901,19.923583333333333
South Africa,Durban,1902,19.907333333333334
South Africa,Durban,1903,19.99325
South Africa,Durban,1904,19.968416666666666
South Africa,Durban,1905,19.839583333333334
South Africa,Durban,1906,19.79041666666667
South Africa,Durban,1907,19.663416666666667
South Africa,Durban,1908,19.861
South Africa,Durban,1909,20.12066666666667
South Africa,Durban,1910,19.311083333333332
South Africa,Durban,1911,19.73425
South Africa,Durban,1912,20.2655
South Africa,Durban,1913,20.40641666666667
South Africa,Durban,1914,20.50275
South Africa,Durban,1915,20.135
South Africa,Durban,1916,19.99291666666667
South Africa,Durban,1917,19.5945
South Africa,Durban,1918,19.938083333333335
South Africa,Durban,1919,20.174000000000003
South Africa,Durban,1920,20.223833333333335
South Africa,Durban,1921,19.8645
South Africa,Durban,1922,20.345000000000002
South Africa,Durban,1923,20.5765
South Africa,Durban,1924,19.728416666666668
South Africa,Durban,1925,20.371916666666667
South Africa,Durban,1926,20.439
South Africa,Durban,1927,20.493
South Africa,Durban,1928,20.339916666666667
South Africa,Durban,1929,20.33475
South Africa,Durban,1930,20.055083333333332
South Africa,Durban,1931,20.434083333333334
South Africa,Durban,1932,20.54791666666667
South Africa,Durban,1933,20.32075
South Africa,Durban,1934,20.540333333333333
South Africa,Durban,1935,19.632583333333333
South Africa,Durban,1936,19.967750000000002
South Africa,Durban,1937,20.465416666666666
South Africa,Durban,1938,20.537833333333335
South Africa,Durban,1939,20.104166666666668
South Africa,Durban,1940,20.771916666666666
South Africa,Durban,1941,20.92533333333333
South Africa,Durban,1942,20.594416666666667
South Africa,Durban,1943,20.058
South Africa,Durban,1944,20.664666666666665
South Africa,Durban,1945,20.428166666666666
South Africa,Durban,1946,20.739250000000002
South Africa,Durban,1947,20.55033333333333
South Africa,Durban,1948,20.52541666666667
South Africa,Durban,1949,20.55125
South Africa,Durban,1950,20.619249999999997
South Africa,Durban,1951,19.993000000000002
South Africa,Durban,1952,20.657666666666668
South Africa,Durban,1953,20.377750000000002
South Africa,Durban,1954,20.119
South Africa,Durban,1955,19.786666666666665
South Africa,Durban,1956,20.139
South Africa,Durban,1957,20.556333333333335
South Africa,Durban,1958,20.67725
South Africa,Durban,1959,20.349166666666665
South Africa,Durban,1960,20.509333333333334
South Africa,Durban,1961,20.701416666666667
South Africa,Durban,1962,20.921583333333334
South Africa,Durban,1963,20.531833333333335
South Africa,Durban,1964,20.317333333333334
South Africa,Durban,1965,20.274583333333336
South Africa,Durban,1966,20.580166666666667
South Africa,Durban,1967,20.50225
South Africa,Durban,1968,20.02241666666667
South Africa,Durban,1969,20.792
South Africa,Durban,1970,20.68175
South Africa,Durban,1971,20.193833333333334
South Africa,Durban,1972,20.46616666666667
South Africa,Durban,1973,20.278833333333335
South Africa,Durban,1974,20.576083333333333
South Africa,Durban,1975,20.20375
South Africa,Durban,1976,20.360416666666666
South Africa,Durban,1977,20.936416666666666
South Africa,Durban,1978,20.544416666666667
South Africa,Durban,1979,20.72975
South Africa,Durban,1980,20.769416666666668
South Africa,Durban,1981,20.267583333333334
South Africa,Durban,1982,20.783833333333334
South Africa,Durban,1983,21.253333333333334
South Africa,Durban,1984,20.613
South Africa,Durban,1985,21.344916666666666
South Africa,Durban,1986,21.076333333333334
South Africa,Durban,1987,21.019750000000002
South Africa,Durban,1988,20.898666666666667
South Africa,Durban,1989,20.818250000000003
South Africa,Durban,1990,20.557916666666667
South Africa,Durban,1991,21.064333333333334
South Africa,Durban,1992,21.53425
South Africa,Durban,1993,21.322416666666665
South Africa,Durban,1994,20.65475
South Africa,Durban,1995,20.734333333333336
South Africa,Durban,1996,20.494666666666667
South Africa,Durban,1997,20.573666666666668
South Africa,Durban,1998,21.2235
South Africa,Durban,1999,21.639083333333332
South Africa,Durban,2000,20.7415
South Africa,Durban,2001,21.246916666666667
South Africa,Durban,2002,21.07275
South Africa,Durban,2003,21.105833333333333
South Africa,Durban,2004,21.107
South Africa,Durban,2005,21.137833333333337
South Africa,Durban,2006,20.862
South Africa,Durban,2007,21.06566666666667
South Africa,Durban,2008,20.891083333333334
South Africa,Durban,2009,20.7055
South Africa,Durban,2010,21.53616666666667
South Africa,Durban,2011,20.722333333333335
South Africa,Durban,2012,21.242916666666666
South Africa,Durban,2013,21.305374999999998
South Korea,Seoul,1900,10.545833333333333
South Korea,Seoul,1901,10.275666666666668
South Korea,Seoul,1902,10.815750000000001
South Korea,Seoul,1903,10.682583333333334
South Korea,Seoul,1904,10.249416666666667
South Korea,Seoul,1905,10.566416666666667
South Korea,Seoul,1906,10.082
South Korea,Seoul,1907,10.565583333333334
South Korea,Seoul,1908,10.077083333333333
South Korea,Seoul,1909,10.131583333333333
South Korea,Seoul,1910,9.9405
South Korea,Seoul,1911,10.238666666666667
South Korea,Seoul,1912,9.956750000000001
South Korea,Seoul,1913,9.698833333333335
South Korea,Seoul,1914,11.444833333333333
South Korea,Seoul,1915,10.354833333333334
South Korea,Seoul,1916,10.491416666666668
South Korea,Seoul,1917,9.561833333333334
South Korea,Seoul,1918,10.2055
South Korea,Seoul,1919,10.639666666666667
South Korea,Seoul,1920,10.975333333333333
South Korea,Seoul,1921,10.488083333333334
South Korea,Seoul,1922,10.53425
South Korea,Seoul,1923,10.14775
South Korea,Seoul,1924,10.539666666666667
South Korea,Seoul,1925,10.333833333333333
South Korea,Seoul,1926,10.253916666666667
South Korea,Seoul,1927,10.5595
South Korea,Seoul,1928,10.529083333333334
South Korea,Seoul,1929,10.753666666666668
South Korea,Seoul,1930,11.115583333333333
South Korea,Seoul,1931,10.273000000000001
South Korea,Seoul,1932,10.978416666666668
South Korea,Seoul,1933,10.468333333333334
South Korea,Seoul,1934,10.213666666666667
South Korea,Seoul,1935,11.260083333333334
South Korea,Seoul,1936,9.850416666666666
South Korea,Seoul,1937,11.153999999999998
South Korea,Seoul,1938,10.800416666666665
South Korea,Seoul,1939,11.356916666666665
South Korea,Seoul,1940,10.63275
South Korea,Seoul,1941,10.886833333333334
South Korea,Seoul,1942,10.715333333333334
South Korea,Seoul,1943,11.140166666666667
South Korea,Seoul,1944,10.517416666666668
South Korea,Seoul,1945,9.990333333333334
South Korea,Seoul,1946,11.070500000000001
South Korea,Seoul,1947,9.198916666666667
South Korea,Seoul,1948,11.2335
South Korea,Seoul,1949,11.235916666666666
South Korea,Seoul,1950,11.293166666666666
South Korea,Seoul,1951,10.984083333333333
South Korea,Seoul,1952,10.853083333333332
South Korea,Seoul,1953,10.793666666666667
South Korea,Seoul,1954,11.090666666666666
South Korea,Seoul,1955,11.231666666666667
South Korea,Seoul,1956,9.842833333333333
South Korea,Seoul,1957,10.114749999999999
South Korea,Seoul,1958,11.085416666666667
South Korea,Seoul,1959,11.584000000000001
South Korea,Seoul,1960,11.630083333333333
South Korea,Seoul,1961,11.65675
South Korea,Seoul,1962,10.979999999999999
South Korea,Seoul,1963,10.5495
South Korea,Seoul,1964,11.353250000000001
South Korea,Seoul,1965,10.614333333333333
South Korea,Seoul,1966,10.7265
South Korea,Seoul,1967,10.842166666666666
South Korea,Seoul,1968,10.926416666666666
South Korea,Seoul,1969,10.086916666666667
South Korea,Seoul,1970,10.46175
South Korea,Seoul,1971,10.708166666666665
South Korea,Seoul,1972,11.0115
South Korea,Seoul,1973,11.28175
South Korea,Seoul,1974,10.206916666666666
South Korea,Seoul,1975,11.605500000000001
South Korea,Seoul,1976,10.559833333333334
South Korea,Seoul,1977,11.22225
South Korea,Seoul,1978,11.464666666666666
South Korea,Seoul,1979,11.58075
South Korea,Seoul,1980,10.027166666666668
South Korea,Seoul,1981,10.2845
South Korea,Seoul,1982,11.470833333333333
South Korea,Seoul,1983,11.378166666666667
South Korea,Seoul,1984,10.670083333333332
South Korea,Seoul,1985,10.7795
South Korea,Seoul,1986,10.458583333333333
South Korea,Seoul,1987,11.028
South Korea,Seoul,1988,11.227166666666667
South Korea,Seoul,1989,12.007583333333335
South Korea,Seoul,1990,11.857416666666666
South Korea,Seoul,1991,11.38875
South Korea,Seoul,1992,11.481833333333332
South Korea,Seoul,1993,11.0165
South Korea,Seoul,1994,12.321333333333333
South Korea,Seoul,1995,11.268666666666666
South Korea,Seoul,1996,11.133583333333334
South Korea,Seoul,1997,11.696250000000001
South Korea,Seoul,1998,12.661666666666667
South Korea,Seoul,1999,12.125750000000002
South Korea,Seoul,2000,11.415833333333333
South Korea,Seoul,2001,11.597583333333333
South Korea,Seoul,2002,11.799
South Korea,Seoul,2003,11.797583333333334
South Korea,Seoul,2004,12.248416666666666
South Korea,Seoul,2005,11.161833333333334
South Korea,Seoul,2006,12.007916666666667
South Korea,Seoul,2007,12.252166666666668
South Korea,Seoul,2008,11.964083333333333
South Korea,Seoul,2009,11.83675
South Korea,Seoul,2010,11.298333333333334
South Korea,Seoul,2011,11.122416666666666
South Korea,Seoul,2012,11.227083333333333
South Korea,Seoul,2013,12.118375
Spain,Madrid,1900,11.53725
Spain,Madrid,1901,10.83625
Spain,Madrid,1902,11.08375
Spain,Madrid,1903,11.128750000000002
Spain,Madrid,1904,11.759
Spain,Madrid,1905,10.854666666666667
Spain,Madrid,1906,11.25775
Spain,Madrid,1907,11.23625
Spain,Madrid,1908,11.572666666666668
Spain,Madrid,1909,10.904833333333334
Spain,Madrid,1910,10.816250000000002
Spain,Madrid,1911,11.161583333333333
Spain,Madrid,1912,10.948916666666667
Spain,Madrid,1913,11.359916666666669
Spain,Madrid,1914,11.178083333333333
Spain,Madrid,1915,11.318750000000001
Spain,Madrid,1916,11.207333333333333
Spain,Madrid,1917,10.6325
Spain,Madrid,1918,11.11725
Spain,Madrid,1919,11.026416666666668
Spain,Madrid,1920,11.820416666666667
Spain,Madrid,1921,11.65775
Spain,Madrid,1922,11.137833333333333
Spain,Madrid,1923,11.312833333333332
Spain,Madrid,1924,11.572416666666667
Spain,Madrid,1925,10.71875
Spain,Madrid,1926,12.125666666666667
Spain,Madrid,1927,11.539333333333333
Spain,Madrid,1928,11.759750000000002
Spain,Madrid,1929,11.852583333333333
Spain,Madrid,1930,11.790166666666666
Spain,Madrid,1931,11.48375
Spain,Madrid,1932,10.905000000000001
Spain,Madrid,1933,11.490250000000001
Spain,Madrid,1934,11.36325
Spain,Madrid,1935,11.271749999999999
Spain,Madrid,1936,11.170416666666668
Spain,Madrid,1937,12.031916666666667
Spain,Madrid,1938,11.928083333333333
Spain,Madrid,1939,11.231250000000001
Spain,Madrid,1940,11.527333333333333
Spain,Madrid,1941,11.098
Spain,Madrid,1942,11.625749999999998
Spain,Madrid,1943,12.1145
Spain,Madrid,1944,11.258666666666668
Spain,Madrid,1945,12.560416666666667
Spain,Madrid,1946,11.098666666666666
Spain,Madrid,1947,12.379083333333334
Spain,Madrid,1948,12.49
Spain,Madrid,1949,12.430583333333336
Spain,Madrid,1950,12.174083333333334
Spain,Madrid,1951,11.14625
Spain,Madrid,1952,11.501083333333334
Spain,Madrid,1953,11.7555
Spain,Madrid,1954,11.288916666666667
Spain,Madrid,1955,12.446666666666667
Spain,Madrid,1956,10.340916666666667
Spain,Madrid,1957,11.300666666666666
Spain,Madrid,1958,11.803333333333335
Spain,Madrid,1959,11.801083333333333
Spain,Madrid,1960,11.571666666666667
Spain,Madrid,1961,12.596083333333333
Spain,Madrid,1962,11.70425
Spain,Madrid,1963,11.202750000000002
Spain,Madrid,1964,11.969000000000001
Spain,Madrid,1965,11.549416666666666
Spain,Madrid,1966,11.79125
Spain,Madrid,1967,11.495750000000001
Spain,Madrid,1968,11.84825
Spain,Madrid,1969,10.944166666666668
Spain,Madrid,1970,11.606666666666667
Spain,Madrid,1971,10.834416666666668
Spain,Madrid,1972,10.649
Spain,Madrid,1973,11.216333333333333
Spain,Madrid,1974,11.065583333333334
Spain,Madrid,1975,11.136166666666668
Spain,Madrid,1976,11.313916666666666
Spain,Madrid,1977,11.298416666666666
Spain,Madrid,1978,11.526833333333334
Spain,Madrid,1979,11.722000000000001
Spain,Madrid,1980,11.423083333333333
Spain,Madrid,1981,12.10275
Spain,Madrid,1982,12.054333333333334
Spain,Madrid,1983,11.977916666666667
Spain,Madrid,1984,11.048083333333333
Spain,Madrid,1985,12.04425
Spain,Madrid,1986,11.64725
Spain,Madrid,1987,12.363666666666667
Spain,Madrid,1988,11.827083333333334
Spain,Madrid,1989,13.036166666666666
Spain,Madrid,1990,12.679083333333333
Spain,Madrid,1991,11.921583333333333
Spain,Madrid,1992,11.89175
Spain,Madrid,1993,11.115333333333334
Spain,Madrid,1994,12.451166666666666
Spain,Madrid,1995,12.98775
Spain,Madrid,1996,11.96425
Spain,Madrid,1997,13.017333333333333
Spain,Madrid,1998,12.400083333333335
Spain,Madrid,1999,12.09025
Spain,Madrid,2000,12.203000000000001
Spain,Madrid,2001,12.329749999999999
Spain,Madrid,2002,12.515833333333333
Spain,Madrid,2003,12.924083333333334
Spain,Madrid,2004,12.172416666666669
Spain,Madrid,2005,12.262666666666668
Spain,Madrid,2006,13.056916666666666
Spain,Madrid,2007,11.88875
Spain,Madrid,2008,11.916666666666666
Spain,Madrid,2009,12.959000000000001
Spain,Madrid,2010,12.006416666666667
Spain,Madrid,2011,13.2765
Spain,Madrid,2012,12.329833333333333
Spain,Madrid,2013,12.684875
Sudan,Umm Durman,1900,28.87233333333333
Sudan,Umm Durman,1901,29.7265
Sudan,Umm Durman,1902,28.900666666666666
Sudan,Umm Durman,1903,28.50725
Sudan,Umm Durman,1904,28.788750000000004
Sudan,Umm Durman,1905,28.77425
Sudan,Umm Durman,1906,28.72866666666667
Sudan,Umm Durman,1907,28.748416666666667
Sudan,Umm Durman,1908,28.763166666666667
Sudan,Umm Durman,1909,29.012833333333333
Sudan,Umm Durman,1910,28.601250000000004
Sudan,Umm Durman,1911,28.819333333333333
Sudan,Umm Durman,1912,28.53916666666667
Sudan,Umm Durman,1913,28.329583333333332
Sudan,Umm Durman,1914,29.263416666666668
Sudan,Umm Durman,1915,29.431
Sudan,Umm Durman,1916,28.383499999999998
Sudan,Umm Durman,1917,28.32975
Sudan,Umm Durman,1918,28.679000000000002
Sudan,Umm Durman,1919,29.492500000000003
Sudan,Umm Durman,1920,28.239083333333337
Sudan,Umm Durman,1921,28.71775
Sudan,Umm Durman,1922,28.595916666666668
Sudan,Umm Durman,1923,28.494333333333334
Sudan,Umm Durman,1924,29.1635
Sudan,Umm Durman,1925,28.85325
Sudan,Umm Durman,1926,29.002166666666668
Sudan,Umm Durman,1927,29.334416666666666
Sudan,Umm Durman,1928,29.87966666666667
Sudan,Umm Durman,1929,28.98175
Sudan,Umm Durman,1930,28.80175
Sudan,Umm Durman,1931,29.54216666666667
Sudan,Umm Durman,1932,28.961166666666667
Sudan,Umm Durman,1933,29.535416666666666
Sudan,Umm Durman,1934,28.999916666666667
Sudan,Umm Durman,1935,29.118166666666667
Sudan,Umm Durman,1936,29.49116666666667
Sudan,Umm Durman,1937,29.088916666666666
Sudan,Umm Durman,1938,28.864500000000003
Sudan,Umm Durman,1939,29.4225
Sudan,Umm Durman,1940,29.489583333333332
Sudan,Umm Durman,1941,29.58158333333333
Sudan,Umm Durman,1942,29.45016666666667
Sudan,Umm Durman,1943,28.651500000000002
Sudan,Umm Durman,1944,29.058666666666667
Sudan,Umm Durman,1945,28.86
Sudan,Umm Durman,1946,28.98566666666667
Sudan,Umm Durman,1947,29.346333333333334
Sudan,Umm Durman,1948,28.738500000000002
Sudan,Umm Durman,1949,28.74608333333333
Sudan,Umm Durman,1950,28.89691666666667
Sudan,Umm Durman,1951,28.771416666666667
Sudan,Umm Durman,1952,29.46875
Sudan,Umm Durman,1953,28.833333333333332
Sudan,Umm Durman,1954,29.1935
Sudan,Umm Durman,1955,29.280833333333334
Sudan,Umm Durman,1956,28.892583333333334
Sudan,Umm Durman,1957,29.099083333333336
Sudan,Umm Durman,1958,29.614416666666667
Sudan,Umm Durman,1959,28.8105
Sudan,Umm Durman,1960,29.5645
Sudan,Umm Durman,1961,28.336083333333335
Sudan,Umm Durman,1962,29.244666666666664
Sudan,Umm Durman,1963,29.617083333333337
Sudan,Umm Durman,1964,28.497083333333336
Sudan,Umm Durman,1965,29.16425
Sudan,Umm Durman,1966,29.771666666666665
Sudan,Umm Durman,1967,28.531583333333334
Sudan,Umm Durman,1968,28.829083333333333
Sudan,Umm Durman,1969,29.841250000000002
Sudan,Umm Durman,1970,29.186333333333334
Sudan,Umm Durman,1971,28.51625
Sudan,Umm Durman,1972,29.259416666666667
Sudan,Umm Durman,1973,29.758916666666664
Sudan,Umm Durman,1974,28.787833333333335
Sudan,Umm Durman,1975,28.99275
Sudan,Umm Durman,1976,29.4585
Sudan,Umm Durman,1977,28.643500000000003
Sudan,Umm Durman,1978,29.058000000000003
Sudan,Umm Durman,1979,29.715
Sudan,Umm Durman,1980,29.68625
Sudan,Umm Durman,1981,29.3075
Sudan,Umm Durman,1982,29.003833333333333
Sudan,Umm Durman,1983,28.982083333333335
Sudan,Umm Durman,1984,30.028000000000002
Sudan,Umm Durman,1985,29.610833333333332
Sudan,Umm Durman,1986,29.201916666666666
Sudan,Umm Durman,1987,29.758
Sudan,Umm Durman,1988,29.452583333333333
Sudan,Umm Durman,1989,28.79116666666667
Sudan,Umm Durman,1990,30.043916666666664
Sudan,Umm Durman,1991,29.618416666666665
Sudan,Umm Durman,1992,28.7885
Sudan,Umm Durman,1993,29.576999999999998
Sudan,Umm Durman,1994,28.887500000000003
Sudan,Umm Durman,1995,29.24025
Sudan,Umm Durman,1996,29.60075
Sudan,Umm Durman,1997,29.42941666666667
Sudan,Umm Durman,1998,29.709166666666665
Sudan,Umm Durman,1999,29.82625
Sudan,Umm Durman,2000,29.62125
Sudan,Umm Durman,2001,29.8055
Sudan,Umm Durman,2002,29.989500000000003
Sudan,Umm Durman,2003,29.679916666666667
Sudan,Umm Durman,2004,29.890416666666667
Sudan,Umm Durman,2005,30.168333333333333
Sudan,Umm Durman,2006,29.551833333333335
Sudan,Umm Durman,2007,29.584166666666665
Sudan,Umm Durman,2008,29.911333333333335
Sudan,Umm Durman,2009,30.460166666666666
Sudan,Umm Durman,2010,30.730166666666666
Sudan,Umm Durman,2011,29.963666666666665
Sudan,Umm Durman,2012,29.961083333333335
Sudan,Umm Durman,2013,30.6505
Syria,Aleppo,1900,17.582916666666666
Syria,Aleppo,1901,18.370250000000002
Syria,Aleppo,1902,17.577749999999998
Syria,Aleppo,1903,17.08075
Syria,Aleppo,1904,16.94666666666667
Syria,Aleppo,1905,16.890666666666664
Syria,Aleppo,1906,16.93466666666667
Syria,Aleppo,1907,16.507583333333333
Syria,Aleppo,1908,16.716166666666666
Syria,Aleppo,1909,17.729583333333334
Syria,Aleppo,1910,16.93166666666667
Syria,Aleppo,1911,16.065916666666666
Syria,Aleppo,1912,17.379416666666668
Syria,Aleppo,1913,16.572916666666668
Syria,Aleppo,1914,16.817416666666666
Syria,Aleppo,1915,17.600416666666668
Syria,Aleppo,1916,17.9445
Syria,Aleppo,1917,17.81225
Syria,Aleppo,1918,17.31625
Syria,Aleppo,1919,17.701583333333335
Syria,Aleppo,1920,16.2415
Syria,Aleppo,1921,16.672166666666666
Syria,Aleppo,1922,17.790916666666668
Syria,Aleppo,1923,17.794
Syria,Aleppo,1924,17.58625
Syria,Aleppo,1925,17.399166666666666
Syria,Aleppo,1926,17.700416666666666
Syria,Aleppo,1927,17.838583333333336
Syria,Aleppo,1928,17.61025
Syria,Aleppo,1929,17.544583333333332
Syria,Aleppo,1930,18.222333333333335
Syria,Aleppo,1931,17.587
Syria,Aleppo,1932,17.511083333333332
Syria,Aleppo,1933,16.78825
Syria,Aleppo,1934,17.540166666666668
Syria,Aleppo,1935,18.103666666666665
Syria,Aleppo,1936,17.6065
Syria,Aleppo,1937,18.188166666666667
Syria,Aleppo,1938,17.478916666666667
Syria,Aleppo,1939,17.763916666666667
Syria,Aleppo,1940,17.822333333333333
Syria,Aleppo,1941,17.69775
Syria,Aleppo,1942,17.576333333333334
Syria,Aleppo,1943,17.270583333333335
Syria,Aleppo,1944,17.608083333333333
Syria,Aleppo,1945,17.03525
Syria,Aleppo,1946,17.6665
Syria,Aleppo,1947,18.608333333333334
Syria,Aleppo,1948,17.118166666666667
Syria,Aleppo,1949,16.771916666666666
Syria,Aleppo,1950,17.15491666666667
Syria,Aleppo,1951,17.791999999999998
Syria,Aleppo,1952,18.098083333333335
Syria,Aleppo,1953,16.938333333333333
Syria,Aleppo,1954,17.995083333333334
Syria,Aleppo,1955,18.668333333333333
Syria,Aleppo,1956,17.10375
Syria,Aleppo,1957,17.66425
Syria,Aleppo,1958,17.891833333333334
Syria,Aleppo,1959,17.062416666666667
Syria,Aleppo,1960,18.56833333333333
Syria,Aleppo,1961,17.672583333333332
Syria,Aleppo,1962,18.90025
Syria,Aleppo,1963,18.08775
Syria,Aleppo,1964,17.101583333333334
Syria,Aleppo,1965,17.4915
Syria,Aleppo,1966,18.810750000000002
Syria,Aleppo,1967,16.639416666666666
Syria,Aleppo,1968,17.705000000000002
Syria,Aleppo,1969,17.841083333333334
Syria,Aleppo,1970,18.318833333333334
Syria,Aleppo,1971,17.589916666666667
Syria,Aleppo,1972,16.6995
Syria,Aleppo,1973,17.576666666666668
Syria,Aleppo,1974,17.64075
Syria,Aleppo,1975,17.55675
Syria,Aleppo,1976,17.09575
Syria,Aleppo,1977,17.8595
Syria,Aleppo,1978,18.168166666666668
Syria,Aleppo,1979,18.548166666666667
Syria,Aleppo,1980,17.639333333333333
Syria,Aleppo,1981,18.117250000000002
Syria,Aleppo,1982,16.985583333333334
Syria,Aleppo,1983,17.16208333333333
Syria,Aleppo,1984,17.62183333333333
Syria,Aleppo,1985,17.958166666666667
Syria,Aleppo,1986,18.094666666666665
Syria,Aleppo,1987,17.556833333333334
Syria,Aleppo,1988,17.359666666666666
Syria,Aleppo,1989,18.100666666666665
Syria,Aleppo,1990,18.042833333333334
Syria,Aleppo,1991,17.84475
Syria,Aleppo,1992,16.433583333333335
Syria,Aleppo,1993,17.460166666666666
Syria,Aleppo,1994,18.570333333333334
Syria,Aleppo,1995,17.87666666666667
Syria,Aleppo,1996,18.198583333333335
Syria,Aleppo,1997,17.272916666666667
Syria,Aleppo,1998,18.764416666666666
Syria,Aleppo,1999,18.71425
Syria,Aleppo,2000,18.14925
Syria,Aleppo,2001,18.750666666666667
Syria,Aleppo,2002,18.219
Syria,Aleppo,2003,18.203083333333336
Syria,Aleppo,2004,18.14591666666667
Syria,Aleppo,2005,18.105666666666668
Syria,Aleppo,2006,18.166083333333333
Syria,Aleppo,2007,18.392166666666668
Syria,Aleppo,2008,18.590083333333332
Syria,Aleppo,2009,18.438083333333335
Syria,Aleppo,2010,19.97941666666667
Syria,Aleppo,2011,18.016583333333333
Syria,Aleppo,2012,18.691916666666668
Syria,Aleppo,2013,19.503625
Taiwan,Taipei,1900,22.065250000000002
Taiwan,Taipei,1901,21.555333333333333
Taiwan,Taipei,1902,22.16725
Taiwan,Taipei,1903,21.68325
Taiwan,Taipei,1904,21.574416666666668
Taiwan,Taipei,1905,21.98091666666667
Taiwan,Taipei,1906,22.236416666666667
Taiwan,Taipei,1907,21.9055
Taiwan,Taipei,1908,22.05366666666667
Taiwan,Taipei,1909,22.358
Taiwan,Taipei,1910,21.926083333333334
Taiwan,Taipei,1911,22.00175
Taiwan,Taipei,1912,22.028333333333332
Taiwan,Taipei,1913,22.052916666666665
Taiwan,Taipei,1914,22.278750000000002
Taiwan,Taipei,1915,22.603166666666667
Taiwan,Taipei,1916,22.271416666666667
Taiwan,Taipei,1917,21.19483333333333
Taiwan,Taipei,1918,21.594833333333337
Taiwan,Taipei,1919,21.976666666666663
Taiwan,Taipei,1920,22.023666666666667
Taiwan,Taipei,1921,21.90425
Taiwan,Taipei,1922,22.10983333333333
Taiwan,Taipei,1923,21.911
Taiwan,Taipei,1924,21.901916666666665
Taiwan,Taipei,1925,21.568916666666667
Taiwan,Taipei,1926,21.797583333333332
Taiwan,Taipei,1927,21.69241666666667
Taiwan,Taipei,1928,22.04733333333333
Taiwan,Taipei,1929,22.00808333333333
Taiwan,Taipei,1930,22.43375
Taiwan,Taipei,1931,22.387833333333333
Taiwan,Taipei,1932,21.93841666666667
Taiwan,Taipei,1933,22.241333333333333
Taiwan,Taipei,1934,21.85966666666667
Taiwan,Taipei,1935,22.264416666666666
Taiwan,Taipei,1936,21.97725
Taiwan,Taipei,1937,22.577166666666667
Taiwan,Taipei,1938,22.486583333333332
Taiwan,Taipei,1939,21.87816666666667
Taiwan,Taipei,1940,21.986500000000003
Taiwan,Taipei,1941,22.728333333333335
Taiwan,Taipei,1942,22.562750000000005
Taiwan,Taipei,1943,22.13291666666667
Taiwan,Taipei,1944,22.24416666666667
Taiwan,Taipei,1945,21.95641666666667
Taiwan,Taipei,1946,22.818749999999998
Taiwan,Taipei,1947,22.010416666666668
Taiwan,Taipei,1948,22.5645
Taiwan,Taipei,1949,22.571250000000003
Taiwan,Taipei,1950,22.27208333333333
Taiwan,Taipei,1951,22.5185
Taiwan,Taipei,1952,22.882083333333338
Taiwan,Taipei,1953,22.763583333333333
Taiwan,Taipei,1954,22.94441666666667
Taiwan,Taipei,1955,22.27475
Taiwan,Taipei,1956,22.46383333333333
Taiwan,Taipei,1957,22.404583333333335
Taiwan,Taipei,1958,22.5515
Taiwan,Taipei,1959,22.800833333333333
Taiwan,Taipei,1960,22.775499999999997
Taiwan,Taipei,1961,22.785
Taiwan,Taipei,1962,22.224500000000003
Taiwan,Taipei,1963,22.213916666666666
Taiwan,Taipei,1964,22.686166666666665
Taiwan,Taipei,1965,22.375583333333335
Taiwan,Taipei,1966,22.857333333333333
Taiwan,Taipei,1967,22.241416666666666
Taiwan,Taipei,1968,21.934749999999998
Taiwan,Taipei,1969,22.322666666666667
Taiwan,Taipei,1970,22.393583333333336
Taiwan,Taipei,1971,22.270416666666666
Taiwan,Taipei,1972,22.331083333333336
Taiwan,Taipei,1973,22.732833333333332
Taiwan,Taipei,1974,22.46891666666667
Taiwan,Taipei,1975,22.587166666666665
Taiwan,Taipei,1976,22.22225
Taiwan,Taipei,1977,22.945666666666668
Taiwan,Taipei,1978,22.497000000000003
Taiwan,Taipei,1979,22.608500000000003
Taiwan,Taipei,1980,22.696583333333336
Taiwan,Taipei,1981,22.42941666666667
Taiwan,Taipei,1982,22.467083333333335
Taiwan,Taipei,1983,22.791333333333338
Taiwan,Taipei,1984,22.204083333333333
Taiwan,Taipei,1985,22.452166666666667
Taiwan,Taipei,1986,22.125833333333333
Taiwan,Taipei,1987,22.78708333333333
Taiwan,Taipei,1988,22.67833333333333
Taiwan,Taipei,1989,22.498500000000003
Taiwan,Taipei,1990,22.80825
Taiwan,Taipei,1991,22.909499999999998
Taiwan,Taipei,1992,22.393083333333333
Taiwan,Taipei,1993,22.766583333333333
Taiwan,Taipei,1994,23.121666666666666
Taiwan,Taipei,1995,22.43941666666667
Taiwan,Taipei,1996,22.667666666666666
Taiwan,Taipei,1997,22.857166666666668
Taiwan,Taipei,1998,23.783916666666666
Taiwan,Taipei,1999,23.036833333333334
Taiwan,Taipei,2000,23.095333333333333
Taiwan,Taipei,2001,23.15341666666667
Taiwan,Taipei,2002,23.447083333333335
Taiwan,Taipei,2003,23.222416666666664
Taiwan,Taipei,2004,22.9305
Taiwan,Taipei,2005,22.782750000000004
Taiwan,Taipei,2006,23.378833333333333
Taiwan,Taipei,2007,23.382416666666668
Taiwan,Taipei,2008,23.020833333333332
Taiwan,Taipei,2009,23.135583333333333
Taiwan,Taipei,2010,23.002416666666672
Taiwan,Taipei,2011,22.551833333333335
Taiwan,Taipei,2012,22.815916666666666
Taiwan,Taipei,2013,23.237
Tanzania,Dar Es Salaam,1900,25.76375
Tanzania,Dar Es Salaam,1901,25.339333333333332
Tanzania,Dar Es Salaam,1902,25.801583333333337
Tanzania,Dar Es Salaam,1903,25.696749999999998
Tanzania,Dar Es Salaam,1904,24.96475
Tanzania,Dar Es Salaam,1905,25.624750000000002
Tanzania,Dar Es Salaam,1906,25.23091666666667
Tanzania,Dar Es Salaam,1907,25.27425
Tanzania,Dar Es Salaam,1908,25.567000000000004
Tanzania,Dar Es Salaam,1909,25.270583333333335
Tanzania,Dar Es Salaam,1910,25.1065
Tanzania,Dar Es Salaam,1911,25.129
Tanzania,Dar Es Salaam,1912,25.508333333333336
Tanzania,Dar Es Salaam,1913,25.398083333333336
Tanzania,Dar Es Salaam,1914,25.859750000000002
Tanzania,Dar Es Salaam,1915,25.69541666666667
Tanzania,Dar Es Salaam,1916,25.380583333333334
Tanzania,Dar Es Salaam,1917,25.289
Tanzania,Dar Es Salaam,1918,25.15041666666667
Tanzania,Dar Es Salaam,1919,25.67125
Tanzania,Dar Es Salaam,1920,25.389916666666664
Tanzania,Dar Es Salaam,1921,25.370083333333337
Tanzania,Dar Es Salaam,1922,25.435666666666666
Tanzania,Dar Es Salaam,1923,25.492416666666667
Tanzania,Dar Es Salaam,1924,25.471666666666668
Tanzania,Dar Es Salaam,1925,25.467916666666667
Tanzania,Dar Es Salaam,1926,25.813083333333335
Tanzania,Dar Es Salaam,1927,25.348916666666668
Tanzania,Dar Es Salaam,1928,25.515083333333333
Tanzania,Dar Es Salaam,1929,25.66541666666667
Tanzania,Dar Es Salaam,1930,25.424916666666665
Tanzania,Dar Es Salaam,1931,25.874416666666665
Tanzania,Dar Es Salaam,1932,25.569000000000003
Tanzania,Dar Es Salaam,1933,25.6155
Tanzania,Dar Es Salaam,1934,25.494083333333336
Tanzania,Dar Es Salaam,1935,25.577166666666667
Tanzania,Dar Es Salaam,1936,25.618
Tanzania,Dar Es Salaam,1937,25.66725
Tanzania,Dar Es Salaam,1938,25.558083333333332
Tanzania,Dar Es Salaam,1939,25.61075
Tanzania,Dar Es Salaam,1940,25.86808333333333
Tanzania,Dar Es Salaam,1941,26.195333333333334
Tanzania,Dar Es Salaam,1942,25.796916666666664
Tanzania,Dar Es Salaam,1943,25.512416666666667
Tanzania,Dar Es Salaam,1944,25.60066666666667
Tanzania,Dar Es Salaam,1945,25.5535
Tanzania,Dar Es Salaam,1946,25.850916666666667
Tanzania,Dar Es Salaam,1947,25.624333333333336
Tanzania,Dar Es Salaam,1948,25.70441666666667
Tanzania,Dar Es Salaam,1949,25.907833333333333
Tanzania,Dar Es Salaam,1950,25.54733333333333
Tanzania,Dar Es Salaam,1951,25.784750000000003
Tanzania,Dar Es Salaam,1952,26.015416666666667
Tanzania,Dar Es Salaam,1953,25.90425
Tanzania,Dar Es Salaam,1954,25.858083333333337
Tanzania,Dar Es Salaam,1955,25.555333333333333
Tanzania,Dar Es Salaam,1956,25.426583333333337
Tanzania,Dar Es Salaam,1957,25.60683333333333
Tanzania,Dar Es Salaam,1958,26.13025
Tanzania,Dar Es Salaam,1959,25.90825
Tanzania,Dar Es Salaam,1960,25.637666666666664
Tanzania,Dar Es Salaam,1961,25.91858333333333
Tanzania,Dar Es Salaam,1962,25.755416666666665
Tanzania,Dar Es Salaam,1963,25.492500000000003
Tanzania,Dar Es Salaam,1964,25.515249999999998
Tanzania,Dar Es Salaam,1965,25.48975
Tanzania,Dar Es Salaam,1966,25.812416666666667
Tanzania,Dar Es Salaam,1967,25.860250000000004
Tanzania,Dar Es Salaam,1968,25.389666666666667
Tanzania,Dar Es Salaam,1969,25.928916666666666
Tanzania,Dar Es Salaam,1970,25.882833333333334
Tanzania,Dar Es Salaam,1971,25.384583333333335
Tanzania,Dar Es Salaam,1972,25.78291666666667
Tanzania,Dar Es Salaam,1973,25.768
Tanzania,Dar Es Salaam,1974,25.508166666666668
Tanzania,Dar Es Salaam,1975,25.777666666666665
Tanzania,Dar Es Salaam,1976,25.822333333333333
Tanzania,Dar Es Salaam,1977,26.02025
Tanzania,Dar Es Salaam,1978,25.79941666666667
Tanzania,Dar Es Salaam,1979,25.78533333333333
Tanzania,Dar Es Salaam,1980,25.95358333333333
Tanzania,Dar Es Salaam,1981,25.838583333333332
Tanzania,Dar Es Salaam,1982,25.97966666666667
Tanzania,Dar Es Salaam,1983,26.272000000000002
Tanzania,Dar Es Salaam,1984,25.555666666666667
Tanzania,Dar Es Salaam,1985,25.72075
Tanzania,Dar Es Salaam,1986,25.984166666666667
Tanzania,Dar Es Salaam,1987,26.49775
Tanzania,Dar Es Salaam,1988,26.425250000000002
Tanzania,Dar Es Salaam,1989,25.759333333333334
Tanzania,Dar Es Salaam,1990,26.14675
Tanzania,Dar Es Salaam,1991,26.240833333333338
Tanzania,Dar Es Salaam,1992,26.144333333333336
Tanzania,Dar Es Salaam,1993,26.010666666666665
Tanzania,Dar Es Salaam,1994,26.34675
Tanzania,Dar Es Salaam,1995,26.267916666666668
Tanzania,Dar Es Salaam,1996,26.022000000000002
Tanzania,Dar Es Salaam,1997,26.189833333333336
Tanzania,Dar Es Salaam,1998,26.585166666666666
Tanzania,Dar Es Salaam,1999,26.14816666666667
Tanzania,Dar Es Salaam,2000,26.1835
Tanzania,Dar Es Salaam,2001,26.27525
Tanzania,Dar Es Salaam,2002,26.359083333333334
Tanzania,Dar Es Salaam,2003,26.692666666666668
Tanzania,Dar Es Salaam,2004,26.342250000000003
Tanzania,Dar Es Salaam,2005,26.79625
Tanzania,Dar Es Salaam,2006,26.36191666666667
Tanzania,Dar Es Salaam,2007,26.451083333333333
Tanzania,Dar Es Salaam,2008,26.174583333333334
Tanzania,Dar Es Salaam,2009,26.668333333333333
Tanzania,Dar Es Salaam,2010,26.70441666666667
Tanzania,Dar Es Salaam,2011,26.557916666666667
Tanzania,Dar Es Salaam,2012,26.508250000000004
Tanzania,Dar Es Salaam,2013,26.763125000000002
Thailand,Bangkok,1900,27.363416666666666
Thailand,Bangkok,1901,27.281000000000002
Thailand,Bangkok,1902,27.188333333333333
Thailand,Bangkok,1903,27.137666666666664
Thailand,Bangkok,1904,26.508
Thailand,Bangkok,1905,27.217583333333334
Thailand,Bangkok,1906,27.4785
Thailand,Bangkok,1907,26.796000000000003
Thailand,Bangkok,1908,26.893666666666665
Thailand,Bangkok,1909,26.977
Thailand,Bangkok,1910,26.948583333333335
Thailand,Bangkok,1911,27.135
Thailand,Bangkok,1912,27.239583333333332
Thailand,Bangkok,1913,27.09475
Thailand,Bangkok,1914,27.279666666666667
Thailand,Bangkok,1915,27.267916666666668
Thailand,Bangkok,1916,26.823333333333334
Thailand,Bangkok,1917,26.766166666666667
Thailand,Bangkok,1918,26.783833333333334
Thailand,Bangkok,1919,27.511583333333334
Thailand,Bangkok,1920,27.227083333333336
Thailand,Bangkok,1921,26.894750000000002
Thailand,Bangkok,1922,27.139750000000003
Thailand,Bangkok,1923,26.910083333333333
Thailand,Bangkok,1924,27.043916666666664
Thailand,Bangkok,1925,26.905666666666665
Thailand,Bangkok,1926,27.485583333333334
Thailand,Bangkok,1927,27.070666666666668
Thailand,Bangkok,1928,27.12566666666667
Thailand,Bangkok,1929,26.957333333333334
Thailand,Bangkok,1930,27.155333333333335
Thailand,Bangkok,1931,27.647500000000004
Thailand,Bangkok,1932,27.168333333333333
Thailand,Bangkok,1933,27.368083333333335
Thailand,Bangkok,1934,26.9965
Thailand,Bangkok,1935,27.537666666666667
Thailand,Bangkok,1936,27.17725
Thailand,Bangkok,1937,27.511666666666667
Thailand,Bangkok,1938,27.227333333333334
Thailand,Bangkok,1939,27.11616666666667
Thailand,Bangkok,1940,27.554166666666664
Thailand,Bangkok,1941,28.176833333333335
Thailand,Bangkok,1942,27.48641666666667
Thailand,Bangkok,1943,27.072000000000003
Thailand,Bangkok,1944,27.55116666666667
Thailand,Bangkok,1945,27.46225
Thailand,Bangkok,1946,27.379583333333333
Thailand,Bangkok,1947,27.746499999999997
Thailand,Bangkok,1948,27.159833333333335
Thailand,Bangkok,1949,27.389166666666668
Thailand,Bangkok,1950,27.168000000000003
Thailand,Bangkok,1951,27.56566666666667
Thailand,Bangkok,1952,27.562416666666667
Thailand,Bangkok,1953,27.480416666666667
Thailand,Bangkok,1954,27.54516666666667
Thailand,Bangkok,1955,26.990833333333338
Thailand,Bangkok,1956,26.977833333333336
Thailand,Bangkok,1957,27.601250000000004
Thailand,Bangkok,1958,27.68133333333333
Thailand,Bangkok,1959,27.82983333333333
Thailand,Bangkok,1960,27.849666666666668
Thailand,Bangkok,1961,27.4235
Thailand,Bangkok,1962,27.367083333333337
Thailand,Bangkok,1963,27.335833333333337
Thailand,Bangkok,1964,27.379083333333337
Thailand,Bangkok,1965,27.437916666666666
Thailand,Bangkok,1966,27.928833333333333
Thailand,Bangkok,1967,27.351250000000004
Thailand,Bangkok,1968,27.627666666666666
Thailand,Bangkok,1969,27.78375
Thailand,Bangkok,1970,27.545583333333337
Thailand,Bangkok,1971,26.891416666666668
Thailand,Bangkok,1972,27.551083333333334
Thailand,Bangkok,1973,27.625416666666666
Thailand,Bangkok,1974,27.05475
Thailand,Bangkok,1975,27.2885
Thailand,Bangkok,1976,27.080166666666667
Thailand,Bangkok,1977,27.685333333333332
Thailand,Bangkok,1978,27.770416666666666
Thailand,Bangkok,1979,28.173666666666666
Thailand,Bangkok,1980,28.09
Thailand,Bangkok,1981,27.352833333333336
Thailand,Bangkok,1982,27.303416666666667
Thailand,Bangkok,1983,27.541083333333333
Thailand,Bangkok,1984,27.40641666666667
Thailand,Bangkok,1985,27.43575
Thailand,Bangkok,1986,27.272000000000002
Thailand,Bangkok,1987,27.836250000000003
Thailand,Bangkok,1988,27.602833333333333
Thailand,Bangkok,1989,27.664083333333334
Thailand,Bangkok,1990,27.962083333333336
Thailand,Bangkok,1991,27.85166666666667
Thailand,Bangkok,1992,27.55425
Thailand,Bangkok,1993,27.584833333333336
Thailand,Bangkok,1994,27.760416666666668
Thailand,Bangkok,1995,27.68341666666667
Thailand,Bangkok,1996,27.374333333333336
Thailand,Bangkok,1997,28.008416666666665
Thailand,Bangkok,1998,28.44125
Thailand,Bangkok,1999,27.337083333333336
Thailand,Bangkok,2000,27.523
Thailand,Bangkok,2001,27.812833333333334
Thailand,Bangkok,2002,27.9815
Thailand,Bangkok,2003,27.790000000000003
Thailand,Bangkok,2004,27.797666666666668
Thailand,Bangkok,2005,27.924333333333337
Thailand,Bangkok,2006,27.918083333333332
Thailand,Bangkok,2007,27.787166666666668
Thailand,Bangkok,2008,27.48091666666667
Thailand,Bangkok,2009,27.785666666666668
Thailand,Bangkok,2010,28.536916666666666
Thailand,Bangkok,2011,27.558333333333337
Thailand,Bangkok,2012,28.483833333333333
Thailand,Bangkok,2013,28.984750000000002
Turkey,Ankara,1900,10.88
Turkey,Ankara,1901,11.116666666666667
Turkey,Ankara,1902,10.348666666666668
Turkey,Ankara,1903,10.204333333333333
Turkey,Ankara,1904,10.034916666666668
Turkey,Ankara,1905,10.1285
Turkey,Ankara,1906,10.132833333333332
Turkey,Ankara,1907,9.52375
Turkey,Ankara,1908,9.533083333333334
Turkey,Ankara,1909,10.725166666666667
Turkey,Ankara,1910,10.261916666666666
Turkey,Ankara,1911,9.344583333333334
Turkey,Ankara,1912,10.275833333333333
Turkey,Ankara,1913,9.694333333333335
Turkey,Ankara,1914,9.918333333333335
Turkey,Ankara,1915,10.840666666666666
Turkey,Ankara,1916,11.229916666666668
Turkey,Ankara,1917,10.764750000000001
Turkey,Ankara,1918,10.572833333333334
Turkey,Ankara,1919,10.807
Turkey,Ankara,1920,9.4395
Turkey,Ankara,1921,9.655166666666668
Turkey,Ankara,1922,10.824
Turkey,Ankara,1923,11.148000000000001
Turkey,Ankara,1924,10.518833333333333
Turkey,Ankara,1925,10.651416666666666
Turkey,Ankara,1926,10.985833333333334
Turkey,Ankara,1927,11.171416666666667
Turkey,Ankara,1928,10.497000000000002
Turkey,Ankara,1929,10.289833333333334
Turkey,Ankara,1930,11.244
Turkey,Ankara,1931,10.6335
Turkey,Ankara,1932,10.273833333333334
Turkey,Ankara,1933,9.627166666666668
Turkey,Ankara,1934,10.617416666666665
Turkey,Ankara,1935,11.091916666666668
Turkey,Ankara,1936,10.913916666666665
Turkey,Ankara,1937,11.761583333333334
Turkey,Ankara,1938,10.6175
Turkey,Ankara,1939,11.072666666666668
Turkey,Ankara,1940,10.858583333333334
Turkey,Ankara,1941,10.370166666666668
Turkey,Ankara,1942,10.300583333333334
Turkey,Ankara,1943,10.118833333333333
Turkey,Ankara,1944,10.9365
Turkey,Ankara,1945,10.076666666666668
Turkey,Ankara,1946,10.993833333333333
Turkey,Ankara,1947,11.512083333333335
Turkey,Ankara,1948,10.041916666666667
Turkey,Ankara,1949,9.392000000000001
Turkey,Ankara,1950,10.058750000000002
Turkey,Ankara,1951,10.817
Turkey,Ankara,1952,11.371250000000002
Turkey,Ankara,1953,9.626
Turkey,Ankara,1954,10.87175
Turkey,Ankara,1955,11.77725
Turkey,Ankara,1956,9.8935
Turkey,Ankara,1957,11.394583333333335
Turkey,Ankara,1958,11.169666666666666
Turkey,Ankara,1959,9.853916666666667
Turkey,Ankara,1960,11.287999999999998
Turkey,Ankara,1961,10.6695
Turkey,Ankara,1962,12.128
Turkey,Ankara,1963,11.105500000000001
Turkey,Ankara,1964,9.983833333333333
Turkey,Ankara,1965,10.58825
Turkey,Ankara,1966,12.284166666666666
Turkey,Ankara,1967,9.646916666666668
Turkey,Ankara,1968,10.820749999999999
Turkey,Ankara,1969,10.878749999999998
Turkey,Ankara,1970,11.351916666666668
Turkey,Ankara,1971,10.847416666666666
Turkey,Ankara,1972,9.841583333333334
Turkey,Ankara,1973,10.147833333333333
Turkey,Ankara,1974,10.291
Turkey,Ankara,1975,10.309333333333333
Turkey,Ankara,1976,9.6
Turkey,Ankara,1977,10.63875
Turkey,Ankara,1978,11.009083333333335
Turkey,Ankara,1979,11.697333333333335
Turkey,Ankara,1980,10.697333333333333
Turkey,Ankara,1981,11.544666666666666
Turkey,Ankara,1982,10.304416666666667
Turkey,Ankara,1983,10.224083333333333
Turkey,Ankara,1984,10.670499999999999
Turkey,Ankara,1985,10.632083333333334
Turkey,Ankara,1986,11.196666666666667
Turkey,Ankara,1987,10.298333333333334
Turkey,Ankara,1988,10.519166666666665
Turkey,Ankara,1989,10.672083333333335
Turkey,Ankara,1990,10.50525
Turkey,Ankara,1991,10.36875
Turkey,Ankara,1992,9.061916666666667
Turkey,Ankara,1993,9.957416666666667
Turkey,Ankara,1994,11.704749999999999
Turkey,Ankara,1995,10.926833333333335
Turkey,Ankara,1996,11.290083333333333
Turkey,Ankara,1997,10.12925
Turkey,Ankara,1998,11.724916666666667
Turkey,Ankara,1999,11.690166666666665
Turkey,Ankara,2000,10.38925
Turkey,Ankara,2001,12.3195
Turkey,Ankara,2002,10.808333333333332
Turkey,Ankara,2003,11.284333333333334
Turkey,Ankara,2004,10.9915
Turkey,Ankara,2005,11.237916666666669
Turkey,Ankara,2006,11.1185
Turkey,Ankara,2007,11.871583333333334
Turkey,Ankara,2008,11.33075
Turkey,Ankara,2009,11.628250000000001
Turkey,Ankara,2010,13.268583333333334
Turkey,Ankara,2011,10.389666666666667
Turkey,Ankara,2012,11.452416666666666
Turkey,Ankara,2013,13.267125
Turkey,Istanbul,1900,14.056583333333334
Turkey,Istanbul,1901,13.96575
Turkey,Istanbul,1902,13.257166666666665
Turkey,Istanbul,1903,13.448083333333335
Turkey,Istanbul,1904,13.170666666666667
Turkey,Istanbul,1905,13.298499999999999
Turkey,Istanbul,1906,13.408583333333333
Turkey,Istanbul,1907,12.650833333333333
Turkey,Istanbul,1908,12.733833333333335
Turkey,Istanbul,1909,13.723333333333334
Turkey,Istanbul,1910,13.657833333333334
Turkey,Istanbul,1911,12.860583333333333
Turkey,Istanbul,1912,13.177583333333333
Turkey,Istanbul,1913,12.944749999999999
Turkey,Istanbul,1914,13.033416666666668
Turkey,Istanbul,1915,13.9975
Turkey,Istanbul,1916,14.531083333333333
Turkey,Istanbul,1917,13.811250000000001
Turkey,Istanbul,1918,13.8215
Turkey,Istanbul,1919,13.857583333333332
Turkey,Istanbul,1920,12.7445
Turkey,Istanbul,1921,12.952583333333335
Turkey,Istanbul,1922,13.762416666666667
Turkey,Istanbul,1923,14.457500000000001
Turkey,Istanbul,1924,13.422416666666665
Turkey,Istanbul,1925,13.914833333333334
Turkey,Istanbul,1926,14.032666666666666
Turkey,Istanbul,1927,14.285166666666667
Turkey,Istanbul,1928,13.374
Turkey,Istanbul,1929,13.287083333333333
Turkey,Istanbul,1930,14.364166666666668
Turkey,Istanbul,1931,13.65775
Turkey,Istanbul,1932,13.835583333333332
Turkey,Istanbul,1933,12.683666666666667
Turkey,Istanbul,1934,14.201583333333332
Turkey,Istanbul,1935,13.938916666666666
Turkey,Istanbul,1936,14.22225
Turkey,Istanbul,1937,14.785166666666667
Turkey,Istanbul,1938,13.786499999999998
Turkey,Istanbul,1939,14.225499999999998
Turkey,Istanbul,1940,13.403083333333333
Turkey,Istanbul,1941,13.318833333333332
Turkey,Istanbul,1942,12.968833333333334
Turkey,Istanbul,1943,13.163666666666666
Turkey,Istanbul,1944,13.803583333333334
Turkey,Istanbul,1945,13.319833333333333
Turkey,Istanbul,1946,14.213
Turkey,Istanbul,1947,14.314
Turkey,Istanbul,1948,13.087166666666667
Turkey,Istanbul,1949,12.77525
Turkey,Istanbul,1950,13.826416666666667
Turkey,Istanbul,1951,14.2335
Turkey,Istanbul,1952,14.642916666666666
Turkey,Istanbul,1953,13.026000000000002
Turkey,Istanbul,1954,13.625083333333334
Turkey,Istanbul,1955,14.565916666666666
Turkey,Istanbul,1956,12.953916666666666
Turkey,Istanbul,1957,14.088083333333332
Turkey,Istanbul,1958,14.244166666666667
Turkey,Istanbul,1959,13.03025
Turkey,Istanbul,1960,14.300916666666666
Turkey,Istanbul,1961,14.042666666666667
Turkey,Istanbul,1962,14.64975
Turkey,Istanbul,1963,14.069083333333333
Turkey,Istanbul,1964,13.12175
Turkey,Istanbul,1965,13.481416666666666
Turkey,Istanbul,1966,15.223583333333332
Turkey,Istanbul,1967,13.466083333333332
Turkey,Istanbul,1968,13.706666666666665
Turkey,Istanbul,1969,13.787666666666667
Turkey,Istanbul,1970,14.274083333333335
Turkey,Istanbul,1971,13.768833333333333
Turkey,Istanbul,1972,13.484
Turkey,Istanbul,1973,13.310749999999999
Turkey,Istanbul,1974,13.372833333333332
Turkey,Istanbul,1975,13.946666666666667
Turkey,Istanbul,1976,12.853666666666667
Turkey,Istanbul,1977,13.941
Turkey,Istanbul,1978,13.7055
Turkey,Istanbul,1979,14.373
Turkey,Istanbul,1980,13.510583333333335
Turkey,Istanbul,1981,13.9885
Turkey,Istanbul,1982,13.455166666666665
Turkey,Istanbul,1983,13.612166666666667
Turkey,Istanbul,1984,13.69925
Turkey,Istanbul,1985,13.47275
Turkey,Istanbul,1986,13.789833333333334
Turkey,Istanbul,1987,13.190750000000001
Turkey,Istanbul,1988,13.662916666666668
Turkey,Istanbul,1989,13.90475
Turkey,Istanbul,1990,14.008916666666666
Turkey,Istanbul,1991,13.207833333333333
Turkey,Istanbul,1992,13.011416666666667
Turkey,Istanbul,1993,13.322833333333334
Turkey,Istanbul,1994,14.880333333333333
Turkey,Istanbul,1995,14.142333333333333
Turkey,Istanbul,1996,13.771666666666668
Turkey,Istanbul,1997,13.162416666666665
Turkey,Istanbul,1998,14.4805
Turkey,Istanbul,1999,15.003166666666667
Turkey,Istanbul,2000,14.291583333333334
Turkey,Istanbul,2001,15.107
Turkey,Istanbul,2002,14.505666666666668
Turkey,Istanbul,2003,13.905666666666667
Turkey,Istanbul,2004,14.234916666666669
Turkey,Istanbul,2005,14.229583333333332
Turkey,Istanbul,2006,14.110833333333334
Turkey,Istanbul,2007,14.978499999999999
Turkey,Istanbul,2008,14.908416666666668
Turkey,Istanbul,2009,14.9495
Turkey,Istanbul,2010,15.600416666666666
Turkey,Istanbul,2011,13.653833333333333
Turkey,Istanbul,2012,14.972583333333333
Turkey,Istanbul,2013,16.015875
Turkey,Izmir,1900,17.618750000000002
Turkey,Izmir,1901,17.531166666666667
Turkey,Izmir,1902,17.27025
Turkey,Izmir,1903,16.921583333333334
Turkey,Izmir,1904,16.988333333333333
Turkey,Izmir,1905,16.99325
Turkey,Izmir,1906,17.013
Turkey,Izmir,1907,16.479833333333335
Turkey,Izmir,1908,16.38083333333333
Turkey,Izmir,1909,17.377166666666668
Turkey,Izmir,1910,17.201583333333335
Turkey,Izmir,1911,16.753666666666668
Turkey,Izmir,1912,17.1225
Turkey,Izmir,1913,16.75883333333333
Turkey,Izmir,1914,16.638
Turkey,Izmir,1915,17.583833333333335
Turkey,Izmir,1916,18.185750000000002
Turkey,Izmir,1917,17.527583333333332
Turkey,Izmir,1918,17.47875
Turkey,Izmir,1919,17.3195
Turkey,Izmir,1920,16.662
Turkey,Izmir,1921,16.816666666666666
Turkey,Izmir,1922,17.675666666666668
Turkey,Izmir,1923,17.891916666666667
Turkey,Izmir,1924,17.533083333333334
Turkey,Izmir,1925,17.575333333333333
Turkey,Izmir,1926,17.8055
Turkey,Izmir,1927,18.289166666666667
Turkey,Izmir,1928,17.553916666666666
Turkey,Izmir,1929,17.084666666666667
Turkey,Izmir,1930,17.874166666666667
Turkey,Izmir,1931,17.450416666666666
Turkey,Izmir,1932,17.50875
Turkey,Izmir,1933,16.475416666666668
Turkey,Izmir,1934,17.808083333333332
Turkey,Izmir,1935,17.988583333333334
Turkey,Izmir,1936,17.687416666666667
Turkey,Izmir,1937,18.33975
Turkey,Izmir,1938,17.46858333333333
Turkey,Izmir,1939,17.93725
Turkey,Izmir,1940,17.140916666666666
Turkey,Izmir,1941,17.351833333333335
Turkey,Izmir,1942,17.283583333333333
Turkey,Izmir,1943,17.452916666666667
Turkey,Izmir,1944,17.350916666666667
Turkey,Izmir,1945,17.401583333333335
Turkey,Izmir,1946,18.132416666666668
Turkey,Izmir,1947,18.306083333333333
Turkey,Izmir,1948,16.977999999999998
Turkey,Izmir,1949,16.70375
Turkey,Izmir,1950,17.781166666666667
Turkey,Izmir,1951,18.065
Turkey,Izmir,1952,18.593166666666665
Turkey,Izmir,1953,16.879583333333333
Turkey,Izmir,1954,17.34575
Turkey,Izmir,1955,18.206333333333333
Turkey,Izmir,1956,17.033416666666664
Turkey,Izmir,1957,17.569333333333333
Turkey,Izmir,1958,17.836583333333333
Turkey,Izmir,1959,16.83008333333333
Turkey,Izmir,1960,18.128249999999998
Turkey,Izmir,1961,17.620833333333334
Turkey,Izmir,1962,18.156666666666666
Turkey,Izmir,1963,17.947
Turkey,Izmir,1964,17.04425
Turkey,Izmir,1965,17.124916666666667
Turkey,Izmir,1966,18.266166666666667
Turkey,Izmir,1967,17.125249999999998
Turkey,Izmir,1968,17.571083333333334
Turkey,Izmir,1969,17.459666666666667
Turkey,Izmir,1970,17.699333333333332
Turkey,Izmir,1971,17.219083333333334
Turkey,Izmir,1972,17.181583333333332
Turkey,Izmir,1973,17.31175
Turkey,Izmir,1974,17.181833333333334
Turkey,Izmir,1975,17.300916666666666
Turkey,Izmir,1976,16.651333333333334
Turkey,Izmir,1977,17.582333333333334
Turkey,Izmir,1978,17.387166666666666
Turkey,Izmir,1979,17.776333333333334
Turkey,Izmir,1980,17.179916666666667
Turkey,Izmir,1981,17.635083333333334
Turkey,Izmir,1982,17.049833333333336
Turkey,Izmir,1983,16.982083333333332
Turkey,Izmir,1984,17.439833333333333
Turkey,Izmir,1985,17.705583333333333
Turkey,Izmir,1986,17.78
Turkey,Izmir,1987,17.232166666666668
Turkey,Izmir,1988,17.555583333333335
Turkey,Izmir,1989,17.44366666666667
Turkey,Izmir,1990,17.943416666666668
Turkey,Izmir,1991,17.040000000000003
Turkey,Izmir,1992,16.91091666666667
Turkey,Izmir,1993,17.38775
Turkey,Izmir,1994,18.350166666666667
Turkey,Izmir,1995,17.639166666666664
Turkey,Izmir,1996,17.493333333333332
Turkey,Izmir,1997,17.195916666666665
Turkey,Izmir,1998,18.076916666666666
Turkey,Izmir,1999,18.741
Turkey,Izmir,2000,17.969416666666667
Turkey,Izmir,2001,18.629083333333334
Turkey,Izmir,2002,18.1785
Turkey,Izmir,2003,17.806166666666666
Turkey,Izmir,2004,17.965
Turkey,Izmir,2005,17.78425
Turkey,Izmir,2006,17.707333333333334
Turkey,Izmir,2007,18.59525
Turkey,Izmir,2008,18.47158333333333
Turkey,Izmir,2009,18.40908333333333
Turkey,Izmir,2010,19.270750000000003
Turkey,Izmir,2011,17.5975
Turkey,Izmir,2012,18.53725
Turkey,Izmir,2013,19.213875
Ukraine,Kiev,1900,7.006333333333333
Ukraine,Kiev,1901,7.582333333333334
Ukraine,Kiev,1902,5.82225
Ukraine,Kiev,1903,8.078999999999999
Ukraine,Kiev,1904,6.4255
Ukraine,Kiev,1905,7.353833333333333
Ukraine,Kiev,1906,7.962416666666667
Ukraine,Kiev,1907,5.882583333333333
Ukraine,Kiev,1908,5.9303333333333335
Ukraine,Kiev,1909,6.792333333333333
Ukraine,Kiev,1910,7.973333333333334
Ukraine,Kiev,1911,6.184916666666666
Ukraine,Kiev,1912,5.88625
Ukraine,Kiev,1913,7.770416666666666
Ukraine,Kiev,1914,7.43525
Ukraine,Kiev,1915,6.9866666666666655
Ukraine,Kiev,1916,7.23125
Ukraine,Kiev,1917,6.278416666666668
Ukraine,Kiev,1918,7.56525
Ukraine,Kiev,1919,6.30425
Ukraine,Kiev,1920,7.050583333333333
Ukraine,Kiev,1921,7.290666666666667
Ukraine,Kiev,1922,6.672583333333333
Ukraine,Kiev,1923,7.547833333333333
Ukraine,Kiev,1924,6.3885000000000005
Ukraine,Kiev,1925,8.1405
Ukraine,Kiev,1926,7.202750000000001
Ukraine,Kiev,1927,6.887083333333333
Ukraine,Kiev,1928,6.072083333333333
Ukraine,Kiev,1929,5.8755
Ukraine,Kiev,1930,7.710666666666666
Ukraine,Kiev,1931,6.1113333333333335
Ukraine,Kiev,1932,7.45375
Ukraine,Kiev,1933,5.28725
Ukraine,Kiev,1934,8.118583333333333
Ukraine,Kiev,1935,7.036666666666666
Ukraine,Kiev,1936,8.29875
Ukraine,Kiev,1937,8.03125
Ukraine,Kiev,1938,8.449666666666667
Ukraine,Kiev,1939,8.187
Ukraine,Kiev,1940,5.7941666666666665
Ukraine,Kiev,1941,5.37425
Ukraine,Kiev,1942,4.75025
Ukraine,Kiev,1943,7.141500000000001
Ukraine,Kiev,1944,7.768916666666667
Ukraine,Kiev,1945,6.12425
Ukraine,Kiev,1946,7.542166666666667
Ukraine,Kiev,1947,6.9621666666666675
Ukraine,Kiev,1948,7.582083333333333
Ukraine,Kiev,1949,7.964583333333334
Ukraine,Kiev,1950,7.231249999999999
Ukraine,Kiev,1951,7.560833333333334
Ukraine,Kiev,1952,7.152416666666666
Ukraine,Kiev,1953,6.910583333333334
Ukraine,Kiev,1954,6.7004166666666665
Ukraine,Kiev,1955,7.384999999999999
Ukraine,Kiev,1956,5.671583333333333
Ukraine,Kiev,1957,8.108833333333333
Ukraine,Kiev,1958,7.389500000000001
Ukraine,Kiev,1959,7.261333333333333
Ukraine,Kiev,1960,7.90575
Ukraine,Kiev,1961,8.083916666666667
Ukraine,Kiev,1962,7.689666666666667
Ukraine,Kiev,1963,6.564083333333333
Ukraine,Kiev,1964,6.99875
Ukraine,Kiev,1965,6.3269166666666665
Ukraine,Kiev,1966,8.652083333333334
Ukraine,Kiev,1967,7.668833333333333
Ukraine,Kiev,1968,7.134916666666666
Ukraine,Kiev,1969,5.965833333333332
Ukraine,Kiev,1970,7.482666666666667
Ukraine,Kiev,1971,7.533
Ukraine,Kiev,1972,8.0025
Ukraine,Kiev,1973,7.168666666666667
Ukraine,Kiev,1974,7.796833333333333
Ukraine,Kiev,1975,9.093833333333334
Ukraine,Kiev,1976,5.957583333333333
Ukraine,Kiev,1977,7.255916666666668
Ukraine,Kiev,1978,6.460583333333333
Ukraine,Kiev,1979,7.4325833333333335
Ukraine,Kiev,1980,6.159166666666667
Ukraine,Kiev,1981,8.200999999999999
Ukraine,Kiev,1982,7.817
Ukraine,Kiev,1983,8.580166666666665
Ukraine,Kiev,1984,7.311333333333333
Ukraine,Kiev,1985,5.79825
Ukraine,Kiev,1986,7.348333333333334
Ukraine,Kiev,1987,5.231166666666666
Ukraine,Kiev,1988,7.245416666666666
Ukraine,Kiev,1989,9.263083333333332
Ukraine,Kiev,1990,8.89825
Ukraine,Kiev,1991,7.892666666666667
Ukraine,Kiev,1992,8.068166666666666
Ukraine,Kiev,1993,6.8934999999999995
Ukraine,Kiev,1994,7.978416666666667
Ukraine,Kiev,1995,8.257083333333334
Ukraine,Kiev,1996,6.997083333333333
Ukraine,Kiev,1997,7.207083333333333
Ukraine,Kiev,1998,7.735166666666667
Ukraine,Kiev,1999,8.972666666666667
Ukraine,Kiev,2000,8.81875
Ukraine,Kiev,2001,8.424000000000001
Ukraine,Kiev,2002,8.874833333333333
Ukraine,Kiev,2003,7.799083333333333
Ukraine,Kiev,2004,8.323583333333334
Ukraine,Kiev,2005,8.387416666666667
Ukraine,Kiev,2006,7.884499999999999
Ukraine,Kiev,2007,9.456000000000001
Ukraine,Kiev,2008,9.23825
Ukraine,Kiev,2009,8.819749999999999
Ukraine,Kiev,2010,8.965
Ukraine,Kiev,2011,8.479666666666667
Ukraine,Kiev,2012,8.564583333333333
Ukraine,Kiev,2013,10.331375000000001
United Kingdom,London,1900,9.733083333333333
United Kingdom,London,1901,9.195416666666667
United Kingdom,London,1902,8.952583333333333
United Kingdom,London,1903,9.44525
United Kingdom,London,1904,9.184583333333334
United Kingdom,London,1905,9.24525
United Kingdom,London,1906,9.615833333333333
United Kingdom,London,1907,9.030916666666668
United Kingdom,London,1908,9.3075
United Kingdom,London,1909,8.699666666666667
United Kingdom,London,1910,9.39175
United Kingdom,London,1911,10.221
United Kingdom,London,1912,9.573916666666667
United Kingdom,London,1913,9.89
United Kingdom,London,1914,9.979916666666666
United Kingdom,London,1915,9.07225
United Kingdom,London,1916,9.28125
United Kingdom,London,1917,8.64825
United Kingdom,London,1918,9.602166666666667
United Kingdom,London,1919,8.484916666666667
United Kingdom,London,1920,9.672166666666667
United Kingdom,London,1921,10.598083333333333
United Kingdom,London,1922,8.814666666666668
United Kingdom,London,1923,9.165166666666666
United Kingdom,London,1924,9.341416666666667
United Kingdom,London,1925,9.314666666666668
United Kingdom,London,1926,9.831416666666668
United Kingdom,London,1927,9.246916666666667
United Kingdom,London,1928,9.694083333333333
United Kingdom,London,1929,9.086916666666667
United Kingdom,London,1930,9.6995
United Kingdom,London,1931,9.115250000000001
United Kingdom,London,1932,9.574166666666668
United Kingdom,London,1933,9.9615
United Kingdom,London,1934,10.114583333333334
United Kingdom,London,1935,9.90075
United Kingdom,London,1936,9.429
United Kingdom,London,1937,9.692333333333334
United Kingdom,London,1938,10.179416666666668
United Kingdom,London,1939,9.773583333333333
United Kingdom,London,1940,9.057500000000001
United Kingdom,London,1941,9.0855
United Kingdom,London,1942,9.09825
United Kingdom,London,1943,10.190083333333334
United Kingdom,London,1944,9.615666666666668
United Kingdom,London,1945,10.394666666666668
United Kingdom,London,1946,9.5835
United Kingdom,London,1947,9.754583333333334
United Kingdom,London,1948,10.16
United Kingdom,London,1949,10.63
United Kingdom,London,1950,9.754666666666667
United Kingdom,London,1951,9.524833333333333
United Kingdom,London,1952,9.354916666666666
United Kingdom,London,1953,9.945083333333335
United Kingdom,London,1954,9.350416666666666
United Kingdom,London,1955,9.388666666666667
United Kingdom,London,1956,8.8705
United Kingdom,London,1957,10.260916666666667
United Kingdom,London,1958,9.658
United Kingdom,London,1959,10.633583333333334
United Kingdom,London,1960,9.883750000000001
United Kingdom,London,1961,10.196833333333332
United Kingdom,London,1962,8.645666666666667
United Kingdom,London,1963,8.481083333333332
United Kingdom,London,1964,9.533583333333334
United Kingdom,London,1965,9.03075
United Kingdom,London,1966,9.585333333333333
United Kingdom,London,1967,9.808
United Kingdom,London,1968,9.483333333333333
United Kingdom,London,1969,9.470666666666666
United Kingdom,London,1970,9.690833333333334
United Kingdom,London,1971,9.888916666666667
United Kingdom,London,1972,9.411583333333335
United Kingdom,London,1973,9.750083333333334
United Kingdom,London,1974,9.698083333333335
United Kingdom,London,1975,9.994333333333335
United Kingdom,London,1976,10.282166666666667
United Kingdom,London,1977,9.690166666666668
United Kingdom,London,1978,9.411416666666666
United Kingdom,London,1979,9.058666666666666
United Kingdom,London,1980,9.54275
United Kingdom,London,1981,9.381333333333334
United Kingdom,London,1982,10.066
United Kingdom,London,1983,10.116000000000001
United Kingdom,London,1984,9.748583333333334
United Kingdom,London,1985,8.998666666666667
United Kingdom,London,1986,8.937
United Kingdom,London,1987,9.215833333333334
United Kingdom,London,1988,9.8245
United Kingdom,London,1989,10.759
United Kingdom,London,1990,10.94025
United Kingdom,London,1991,9.669666666666666
United Kingdom,London,1992,10.154000000000002
United Kingdom,London,1993,9.693583333333335
United Kingdom,London,1994,10.484916666666667
United Kingdom,London,1995,10.551833333333333
United Kingdom,London,1996,9.269083333333333
United Kingdom,London,1997,10.640916666666667
United Kingdom,London,1998,10.399000000000001
United Kingdom,London,1999,10.8615
United Kingdom,London,2000,10.519166666666667
United Kingdom,London,2001,10.180416666666668
United Kingdom,London,2002,10.911416666666668
United Kingdom,London,2003,10.809416666666666
United Kingdom,London,2004,10.767833333333334
United Kingdom,London,2005,10.630333333333335
United Kingdom,London,2006,11.09675
United Kingdom,London,2007,10.834416666666668
United Kingdom,London,2008,10.377583333333334
United Kingdom,London,2009,10.5235
United Kingdom,London,2010,9.3755
United Kingdom,London,2011,11.193583333333335
United Kingdom,London,2012,9.997583333333333
United Kingdom,London,2013,9.907250000000001
United States,Chicago,1900,10.630583333333334
United States,Chicago,1901,9.873
United States,Chicago,1902,10.037666666666667
United States,Chicago,1903,9.570166666666667
United States,Chicago,1904,8.558166666666667
United States,Chicago,1905,9.419583333333334
United States,Chicago,1906,10.562833333333334
United States,Chicago,1907,9.320500000000001
United States,Chicago,1908,10.677833333333332
United States,Chicago,1909,9.88725
United States,Chicago,1910,10.196583333333335
United States,Chicago,1911,10.868250000000002
United States,Chicago,1912,8.953666666666667
United States,Chicago,1913,10.827083333333334
United States,Chicago,1914,10.200833333333334
United States,Chicago,1915,9.977833333333333
United States,Chicago,1916,9.835833333333333
United States,Chicago,1917,8.056
United States,Chicago,1918,10.062166666666666
United States,Chicago,1919,10.638916666666667
United States,Chicago,1920,9.827166666666667
United States,Chicago,1921,12.276916666666667
United States,Chicago,1922,10.921583333333333
United States,Chicago,1923,10.124083333333333
United States,Chicago,1924,8.765166666666667
United States,Chicago,1925,9.93475
United States,Chicago,1926,9.120833333333334
United States,Chicago,1927,10.544583333333334
United States,Chicago,1928,10.205416666666666
United States,Chicago,1929,9.284
United States,Chicago,1930,10.78675
United States,Chicago,1931,12.390583333333334
United States,Chicago,1932,10.605333333333334
United States,Chicago,1933,11.086
United States,Chicago,1934,10.874
United States,Chicago,1935,10.008833333333333
United States,Chicago,1936,9.856916666666667
United States,Chicago,1937,9.99375
United States,Chicago,1938,11.397
United States,Chicago,1939,11.349166666666667
United States,Chicago,1940,9.674666666666667
United States,Chicago,1941,11.411333333333333
United States,Chicago,1942,10.411666666666667
United States,Chicago,1943,9.715333333333332
United States,Chicago,1944,10.818916666666667
United States,Chicago,1945,9.963750000000001
United States,Chicago,1946,11.400916666666667
United States,Chicago,1947,10.222583333333334
United States,Chicago,1948,10.407
United States,Chicago,1949,11.184083333333334
United States,Chicago,1950,9.424999999999999
United States,Chicago,1951,9.4195
United States,Chicago,1952,10.9125
United States,Chicago,1953,11.667416666666666
United States,Chicago,1954,11.105083333333333
United States,Chicago,1955,11.011916666666666
United States,Chicago,1956,10.71575
United States,Chicago,1957,10.419666666666666
United States,Chicago,1958,9.901083333333334
United States,Chicago,1959,10.431
United States,Chicago,1960,10.112833333333334
United States,Chicago,1961,10.575083333333334
United States,Chicago,1962,9.99325
United States,Chicago,1963,9.894666666666666
United States,Chicago,1964,11.0575
United States,Chicago,1965,10.33675
United States,Chicago,1966,10.048250000000001
United States,Chicago,1967,9.84475
United States,Chicago,1968,10.662333333333335
United States,Chicago,1969,10.033416666666668
United States,Chicago,1970,10.343583333333333
United States,Chicago,1971,10.578750000000001
United States,Chicago,1972,9.389000000000001
United States,Chicago,1973,11.552416666666666
United States,Chicago,1974,10.345
United States,Chicago,1975,10.818916666666667
United States,Chicago,1976,9.788916666666667
United States,Chicago,1977,10.459833333333334
United States,Chicago,1978,9.457666666666666
United States,Chicago,1979,9.374333333333334
United States,Chicago,1980,10.048666666666668
United States,Chicago,1981,10.537416666666667
United States,Chicago,1982,9.987166666666667
United States,Chicago,1983,10.936583333333333
United States,Chicago,1984,10.6605
United States,Chicago,1985,10.114500000000001
United States,Chicago,1986,10.817
United States,Chicago,1987,12.03575
United States,Chicago,1988,10.862166666666667
United States,Chicago,1989,9.801333333333334
United States,Chicago,1990,11.501416666666666
United States,Chicago,1991,11.580083333333333
United States,Chicago,1992,10.23975
United States,Chicago,1993,10.18375
United States,Chicago,1994,10.557
United States,Chicago,1995,10.572333333333333
United States,Chicago,1996,9.555083333333334
United States,Chicago,1997,10.14125
United States,Chicago,1998,12.812833333333336
United States,Chicago,1999,11.718333333333334
United States,Chicago,2000,11.089666666666666
United States,Chicago,2001,11.703083333333334
United States,Chicago,2002,11.532083333333333
United States,Chicago,2003,10.481583333333333
United States,Chicago,2004,10.943416666666666
United States,Chicago,2005,11.583833333333333
United States,Chicago,2006,11.8705
United States,Chicago,2007,11.448333333333332
United States,Chicago,2008,10.242416666666667
United States,Chicago,2009,10.298333333333334
United States,Chicago,2010,11.815916666666666
United States,Chicago,2011,11.21425
United States,Chicago,2012,12.82125
United States,Chicago,2013,11.58688888888889
United States,Los Angeles,1900,16.079
United States,Los Angeles,1901,15.718583333333335
United States,Los Angeles,1902,15.076250000000002
United States,Los Angeles,1903,15.486333333333333
United States,Los Angeles,1904,16.236833333333333
United States,Los Angeles,1905,15.521166666666666
United States,Los Angeles,1906,15.738583333333333
United States,Los Angeles,1907,15.46175
United States,Los Angeles,1908,15.168999999999999
United States,Los Angeles,1909,15.0115
United States,Los Angeles,1910,15.938416666666669
United States,Los Angeles,1911,14.81725
United States,Los Angeles,1912,14.8435
United States,Los Angeles,1913,15.199166666666668
United States,Los Angeles,1914,15.647
United States,Los Angeles,1915,15.4325
United States,Los Angeles,1916,14.602833333333335
United States,Los Angeles,1917,15.59325
United States,Los Angeles,1918,15.652500000000002
United States,Los Angeles,1919,15.335083333333335
United States,Los Angeles,1920,15.055749999999998
United States,Los Angeles,1921,15.756749999999998
United States,Los Angeles,1922,15.308083333333334
United States,Los Angeles,1923,15.394666666666666
United States,Los Angeles,1924,15.689083333333334
United States,Los Angeles,1925,15.722
United States,Los Angeles,1926,16.59991666666667
United States,Los Angeles,1927,15.414833333333334
United States,Los Angeles,1928,15.984166666666667
United States,Los Angeles,1929,16.104416666666665
United States,Los Angeles,1930,15.987
United States,Los Angeles,1931,16.60225
United States,Los Angeles,1932,15.397
United States,Los Angeles,1933,15.396666666666667
United States,Los Angeles,1934,17.02675
United States,Los Angeles,1935,15.503666666666668
United States,Los Angeles,1936,16.596500000000002
United States,Los Angeles,1937,15.681750000000001
United States,Los Angeles,1938,15.893916666666668
United States,Los Angeles,1939,16.304333333333336
United States,Los Angeles,1940,16.531333333333333
United States,Los Angeles,1941,15.619416666666666
United States,Los Angeles,1942,15.773833333333334
United States,Los Angeles,1943,16.121583333333334
United States,Los Angeles,1944,15.032333333333334
United States,Los Angeles,1945,15.704916666666668
United States,Los Angeles,1946,15.651916666666667
United States,Los Angeles,1947,15.982166666666666
United States,Los Angeles,1948,15.092416666666667
United States,Los Angeles,1949,15.362583333333333
United States,Los Angeles,1950,16.2
United States,Los Angeles,1951,15.758249999999999
United States,Los Angeles,1952,15.326333333333332
United States,Los Angeles,1953,15.682083333333333
United States,Los Angeles,1954,16.047333333333334
United States,Los Angeles,1955,15.34275
United States,Los Angeles,1956,15.696583333333335
United States,Los Angeles,1957,15.796583333333333
United States,Los Angeles,1958,16.69725
United States,Los Angeles,1959,17.045416666666664
United States,Los Angeles,1960,16.314833333333333
United States,Los Angeles,1961,16.21441666666667
United States,Los Angeles,1962,15.6245
United States,Los Angeles,1963,15.728499999999999
United States,Los Angeles,1964,15.284666666666666
United States,Los Angeles,1965,15.343583333333335
United States,Los Angeles,1966,15.986416666666665
United States,Los Angeles,1967,15.916333333333332
United States,Los Angeles,1968,15.8945
United States,Los Angeles,1969,15.794166666666667
United States,Los Angeles,1970,15.999416666666667
United States,Los Angeles,1971,15.26025
United States,Los Angeles,1972,15.95675
United States,Los Angeles,1973,15.510333333333334
United States,Los Angeles,1974,15.850416666666668
United States,Los Angeles,1975,15.124
United States,Los Angeles,1976,16.181416666666667
United States,Los Angeles,1977,16.256333333333334
United States,Los Angeles,1978,16.010833333333334
United States,Los Angeles,1979,15.87775
United States,Los Angeles,1980,16.228083333333334
United States,Los Angeles,1981,16.892916666666668
United States,Los Angeles,1982,15.436
United States,Los Angeles,1983,16.195
United States,Los Angeles,1984,16.761
United States,Los Angeles,1985,15.955833333333333
United States,Los Angeles,1986,16.503333333333334
United States,Los Angeles,1987,16.094416666666667
United States,Los Angeles,1988,16.442583333333335
United States,Los Angeles,1989,16.360416666666666
United States,Los Angeles,1990,16.3735
United States,Los Angeles,1991,16.001583333333333
United States,Los Angeles,1992,16.787833333333335
United States,Los Angeles,1993,16.363166666666668
United States,Los Angeles,1994,16.286083333333334
United States,Los Angeles,1995,16.635250000000003
United States,Los Angeles,1996,17.083833333333335
United States,Los Angeles,1997,16.931583333333332
United States,Los Angeles,1998,15.370666666666667
United States,Los Angeles,1999,16.118416666666665
United States,Los Angeles,2000,16.643333333333334
United States,Los Angeles,2001,16.46625
United States,Los Angeles,2002,16.430249999999997
United States,Los Angeles,2003,16.944666666666667
United States,Los Angeles,2004,16.552833333333336
United States,Los Angeles,2005,16.431416666666667
United States,Los Angeles,2006,16.623083333333334
United States,Los Angeles,2007,16.699916666666667
United States,Los Angeles,2008,17.014750000000003
United States,Los Angeles,2009,16.677
United States,Los Angeles,2010,15.887
United States,Los Angeles,2011,15.874833333333333
United States,Los Angeles,2012,17.089583333333334
United States,Los Angeles,2013,18.12066666666667
United States,New York,1900,10.398
United States,New York,1901,9.289
United States,New York,1902,9.42975
United States,New York,1903,9.321333333333333
United States,New York,1904,7.868833333333334
United States,New York,1905,9.100416666666666
United States,New York,1906,9.896833333333333
United States,New York,1907,8.491416666666668
United States,New York,1908,9.867333333333333
United States,New York,1909,9.51
United States,New York,1910,9.552583333333333
United States,New York,1911,9.909833333333333
United States,New York,1912,9.239583333333334
United States,New York,1913,10.764333333333333
United States,New York,1914,9.023083333333334
United States,New York,1915,9.85425
United States,New York,1916,9.098083333333333
United States,New York,1917,8.24425
United States,New York,1918,9.50775
United States,New York,1919,10.047083333333333
United States,New York,1920,9.1935
United States,New York,1921,10.913416666666668
United States,New York,1922,10.036666666666667
United States,New York,1923,9.513083333333332
United States,New York,1924,8.852583333333333
United States,New York,1925,9.722083333333334
United States,New York,1926,8.541833333333333
United States,New York,1927,9.695083333333333
United States,New York,1928,9.823666666666666
United States,New York,1929,9.9655
United States,New York,1930,10.222166666666668
United States,New York,1931,11.02575
United States,New York,1932,10.436416666666666
United States,New York,1933,10.175749999999999
United States,New York,1934,9.48225
United States,New York,1935,9.479666666666667
United States,New York,1936,9.734416666666666
United States,New York,1937,10.1635
United States,New York,1938,10.421916666666666
United States,New York,1939,10.067916666666667
United States,New York,1940,8.52575
United States,New York,1941,10.191166666666666
United States,New York,1942,9.959583333333333
United States,New York,1943,9.577916666666667
United States,New York,1944,10.01275
United States,New York,1945,9.942833333333335
United States,New York,1946,10.631083333333333
United States,New York,1947,9.907
United States,New York,1948,9.826
United States,New York,1949,11.386166666666666
United States,New York,1950,9.72425
United States,New York,1951,10.274333333333333
United States,New York,1952,10.522583333333333
United States,New York,1953,11.1745
United States,New York,1954,10.308666666666666
United States,New York,1955,10.390166666666667
United States,New York,1956,9.752833333333333
United States,New York,1957,10.503083333333334
United States,New York,1958,9.161833333333332
United States,New York,1959,10.773916666666667
United States,New York,1960,9.762416666666667
United States,New York,1961,10.026333333333334
United States,New York,1962,9.3165
United States,New York,1963,9.316083333333333
United States,New York,1964,9.961333333333334
United States,New York,1965,9.628416666666668
United States,New York,1966,9.7495
United States,New York,1967,9.304833333333333
United States,New York,1968,9.745833333333334
United States,New York,1969,9.761416666666667
United States,New York,1970,9.766916666666667
United States,New York,1971,10.0145
United States,New York,1972,9.48975
United States,New York,1973,10.959916666666667
United States,New York,1974,10.078833333333334
United States,New York,1975,10.559583333333334
United States,New York,1976,9.533666666666667
United States,New York,1977,9.958416666666666
United States,New York,1978,9.17125
United States,New York,1979,10.0245
United States,New York,1980,9.85825
United States,New York,1981,9.949
United States,New York,1982,9.775
United States,New York,1983,10.509166666666667
United States,New York,1984,10.257333333333333
United States,New York,1985,10.2615
United States,New York,1986,10.152916666666668
United States,New York,1987,10.319833333333333
United States,New York,1988,9.93325
United States,New York,1989,9.661333333333333
United States,New York,1990,11.3225
United States,New York,1991,11.35725
United States,New York,1992,9.572666666666667
United States,New York,1993,10.040916666666666
United States,New York,1994,9.995333333333333
United States,New York,1995,10.236416666666665
United States,New York,1996,9.807083333333333
United States,New York,1997,10.00375
United States,New York,1998,11.823916666666667
United States,New York,1999,11.162583333333332
United States,New York,2000,9.969083333333334
United States,New York,2001,10.931
United States,New York,2002,11.252166666666668
United States,New York,2003,9.836
United States,New York,2004,10.3895
United States,New York,2005,10.681416666666665
United States,New York,2006,11.51925
United States,New York,2007,10.627333333333334
United States,New York,2008,10.641666666666667
United States,New York,2009,10.141833333333333
United States,New York,2010,11.357583333333332
United States,New York,2011,11.27225
United States,New York,2012,11.9715
United States,New York,2013,12.163888888888888
Vietnam,Ho Chi Minh City,1900,27.236500000000003
Vietnam,Ho Chi Minh City,1901,26.940166666666666
Vietnam,Ho Chi Minh City,1902,26.923916666666667
Vietnam,Ho Chi Minh City,1903,27.063
Vietnam,Ho Chi Minh City,1904,26.73308333333333
Vietnam,Ho Chi Minh City,1905,27.31675
Vietnam,Ho Chi Minh City,1906,27.258583333333334
Vietnam,Ho Chi Minh City,1907,26.951000000000004
Vietnam,Ho Chi Minh City,1908,26.771833333333333
Vietnam,Ho Chi Minh City,1909,26.955583333333333
Vietnam,Ho Chi Minh City,1910,26.9845
Vietnam,Ho Chi Minh City,1911,27.282333333333337
Vietnam,Ho Chi Minh City,1912,27.55875
Vietnam,Ho Chi Minh City,1913,26.921499999999998
Vietnam,Ho Chi Minh City,1914,27.311833333333336
Vietnam,Ho Chi Minh City,1915,27.322999999999997
Vietnam,Ho Chi Minh City,1916,26.51908333333333
Vietnam,Ho Chi Minh City,1917,26.54116666666667
Vietnam,Ho Chi Minh City,1918,26.70175
Vietnam,Ho Chi Minh City,1919,27.330416666666668
Vietnam,Ho Chi Minh City,1920,27.082250000000002
Vietnam,Ho Chi Minh City,1921,26.82058333333333
Vietnam,Ho Chi Minh City,1922,27.084500000000002
Vietnam,Ho Chi Minh City,1923,26.975416666666664
Vietnam,Ho Chi Minh City,1924,27.123499999999996
Vietnam,Ho Chi Minh City,1925,26.86916666666667
Vietnam,Ho Chi Minh City,1926,27.395083333333332
Vietnam,Ho Chi Minh City,1927,27.13508333333333
Vietnam,Ho Chi Minh City,1928,26.81616666666667
Vietnam,Ho Chi Minh City,1929,26.8025
Vietnam,Ho Chi Minh City,1930,27.288833333333333
Vietnam,Ho Chi Minh City,1931,27.538916666666665
Vietnam,Ho Chi Minh City,1932,26.983083333333337
Vietnam,Ho Chi Minh City,1933,27.202
Vietnam,Ho Chi Minh City,1934,26.90625
Vietnam,Ho Chi Minh City,1935,27.428083333333333
Vietnam,Ho Chi Minh City,1936,27.51325
Vietnam,Ho Chi Minh City,1937,27.560666666666666
Vietnam,Ho Chi Minh City,1938,27.360500000000002
Vietnam,Ho Chi Minh City,1939,27.233416666666667
Vietnam,Ho Chi Minh City,1940,27.39525
Vietnam,Ho Chi Minh City,1941,28.036
Vietnam,Ho Chi Minh City,1942,27.341416666666664
Vietnam,Ho Chi Minh City,1943,26.86525
Vietnam,Ho Chi Minh City,1944,27.16325
Vietnam,Ho Chi Minh City,1945,27.226083333333335
Vietnam,Ho Chi Minh City,1946,27.812083333333334
Vietnam,Ho Chi Minh City,1947,27.593166666666665
Vietnam,Ho Chi Minh City,1948,27.35475
Vietnam,Ho Chi Minh City,1949,27.509416666666667
Vietnam,Ho Chi Minh City,1950,27.36883333333333
Vietnam,Ho Chi Minh City,1951,27.33775
Vietnam,Ho Chi Minh City,1952,27.478583333333333
Vietnam,Ho Chi Minh City,1953,27.592583333333334
Vietnam,Ho Chi Minh City,1954,27.376166666666666
Vietnam,Ho Chi Minh City,1955,27.236583333333332
Vietnam,Ho Chi Minh City,1956,27.158833333333334
Vietnam,Ho Chi Minh City,1957,27.504333333333335
Vietnam,Ho Chi Minh City,1958,27.717916666666667
Vietnam,Ho Chi Minh City,1959,27.726250000000004
Vietnam,Ho Chi Minh City,1960,27.69016666666667
Vietnam,Ho Chi Minh City,1961,27.569666666666667
Vietnam,Ho Chi Minh City,1962,27.393333333333334
Vietnam,Ho Chi Minh City,1963,27.22158333333333
Vietnam,Ho Chi Minh City,1964,27.48275
Vietnam,Ho Chi Minh City,1965,27.37183333333333
Vietnam,Ho Chi Minh City,1966,27.894916666666663
Vietnam,Ho Chi Minh City,1967,27.33566666666667
Vietnam,Ho Chi Minh City,1968,27.411583333333336
Vietnam,Ho Chi Minh City,1969,27.8225
Vietnam,Ho Chi Minh City,1970,27.367416666666667
Vietnam,Ho Chi Minh City,1971,27.06658333333333
Vietnam,Ho Chi Minh City,1972,27.584999999999997
Vietnam,Ho Chi Minh City,1973,27.7735
Vietnam,Ho Chi Minh City,1974,27.42475
Vietnam,Ho Chi Minh City,1975,27.437833333333334
Vietnam,Ho Chi Minh City,1976,27.273
Vietnam,Ho Chi Minh City,1977,27.407583333333335
Vietnam,Ho Chi Minh City,1978,27.462
Vietnam,Ho Chi Minh City,1979,27.590166666666665
Vietnam,Ho Chi Minh City,1980,27.5385
Vietnam,Ho Chi Minh City,1981,27.705833333333334
Vietnam,Ho Chi Minh City,1982,27.5515
Vietnam,Ho Chi Minh City,1983,27.77116666666667
Vietnam,Ho Chi Minh City,1984,27.425583333333336
Vietnam,Ho Chi Minh City,1985,27.643333333333334
Vietnam,Ho Chi Minh City,1986,27.469166666666666
Vietnam,Ho Chi Minh City,1987,28.018833333333333
Vietnam,Ho Chi Minh City,1988,27.791916666666665
Vietnam,Ho Chi Minh City,1989,27.518666666666665
Vietnam,Ho Chi Minh City,1990,27.875
Vietnam,Ho Chi Minh City,1991,27.713416666666664
Vietnam,Ho Chi Minh City,1992,27.635499999999997
Vietnam,Ho Chi Minh City,1993,27.4975
Vietnam,Ho Chi Minh City,1994,27.604833333333332
Vietnam,Ho Chi Minh City,1995,27.649
Vietnam,Ho Chi Minh City,1996,27.432833333333335
Vietnam,Ho Chi Minh City,1997,27.800916666666666
Vietnam,Ho Chi Minh City,1998,28.392833333333332
Vietnam,Ho Chi Minh City,1999,27.453833333333336
Vietnam,Ho Chi Minh City,2000,27.588916666666666
Vietnam,Ho Chi Minh City,2001,27.83175
Vietnam,Ho Chi Minh City,2002,28.06475
Vietnam,Ho Chi Minh City,2003,27.82766666666667
Vietnam,Ho Chi Minh City,2004,27.686583333333335
Vietnam,Ho Chi Minh City,2005,27.884
Vietnam,Ho Chi Minh City,2006,28.044
Vietnam,Ho Chi Minh City,2007,27.866666666666664
Vietnam,Ho Chi Minh City,2008,27.611416666666667
Vietnam,Ho Chi Minh City,2009,27.853333333333335
Vietnam,Ho Chi Minh City,2010,28.281750000000002
Vietnam,Ho Chi Minh City,2011,27.675416666666667
Vietnam,Ho Chi Minh City,2012,28.24875
Vietnam,Ho Chi Minh City,2013,28.455
Zimbabwe,Harare,1900,20.319
Zimbabwe,Harare,1901,19.734333333333336
Zimbabwe,Harare,1902,20.069166666666664
Zimbabwe,Harare,1903,20.150166666666667
Zimbabwe,Harare,1904,19.038166666666665
Zimbabwe,Harare,1905,20.057166666666667
Zimbabwe,Harare,1906,19.64375
Zimbabwe,Harare,1907,19.27691666666667
Zimbabwe,Harare,1908,20.12125
Zimbabwe,Harare,1909,19.982833333333335
Zimbabwe,Harare,1910,19.394333333333332
Zimbabwe,Harare,1911,19.603416666666668
Zimbabwe,Harare,1912,20.520500000000002
Zimbabwe,Harare,1913,20.55291666666667
Zimbabwe,Harare,1914,20.641916666666667
Zimbabwe,Harare,1915,20.309166666666666
Zimbabwe,Harare,1916,20.214166666666667
Zimbabwe,Harare,1917,19.890666666666664
Zimbabwe,Harare,1918,19.449666666666666
Zimbabwe,Harare,1919,19.609583333333333
Zimbabwe,Harare,1920,20.25775
Zimbabwe,Harare,1921,19.820916666666665
Zimbabwe,Harare,1922,20.703583333333334
Zimbabwe,Harare,1923,20.272250000000003
Zimbabwe,Harare,1924,20.010333333333335
Zimbabwe,Harare,1925,19.815
Zimbabwe,Harare,1926,20.160333333333334
Zimbabwe,Harare,1927,19.878
Zimbabwe,Harare,1928,20.498
Zimbabwe,Harare,1929,20.167666666666666
Zimbabwe,Harare,1930,19.738583333333334
Zimbabwe,Harare,1931,20.524416666666667
Zimbabwe,Harare,1932,20.015083333333333
Zimbabwe,Harare,1933,19.904083333333336
Zimbabwe,Harare,1934,20.324416666666668
Zimbabwe,Harare,1935,19.640083333333333
Zimbabwe,Harare,1936,19.797416666666667
Zimbabwe,Harare,1937,20.055500000000002
Zimbabwe,Harare,1938,20.25225
Zimbabwe,Harare,1939,19.494333333333334
Zimbabwe,Harare,1940,20.173583333333333
Zimbabwe,Harare,1941,20.625916666666665
Zimbabwe,Harare,1942,20.654
Zimbabwe,Harare,1943,20.1155
Zimbabwe,Harare,1944,20.420416666666664
Zimbabwe,Harare,1945,19.76025
Zimbabwe,Harare,1946,20.286583333333336
Zimbabwe,Harare,1947,20.647000000000002
Zimbabwe,Harare,1948,20.2135
Zimbabwe,Harare,1949,20.658916666666666
Zimbabwe,Harare,1950,20.306416666666667
Zimbabwe,Harare,1951,20.23175
Zimbabwe,Harare,1952,20.340583333333335
Zimbabwe,Harare,1953,19.824416666666668
Zimbabwe,Harare,1954,20.20975
Zimbabwe,Harare,1955,20.050583333333332
Zimbabwe,Harare,1956,19.893333333333334
Zimbabwe,Harare,1957,20.88325
Zimbabwe,Harare,1958,20.34675
Zimbabwe,Harare,1959,20.575333333333337
Zimbabwe,Harare,1960,20.227666666666668
Zimbabwe,Harare,1961,20.517916666666668
Zimbabwe,Harare,1962,20.470166666666668
Zimbabwe,Harare,1963,19.805083333333332
Zimbabwe,Harare,1964,20.12125
Zimbabwe,Harare,1965,19.92725
Zimbabwe,Harare,1966,20.421583333333334
Zimbabwe,Harare,1967,20.171583333333334
Zimbabwe,Harare,1968,20.530083333333334
Zimbabwe,Harare,1969,20.401833333333332
Zimbabwe,Harare,1970,20.7885
Zimbabwe,Harare,1971,20.20775
Zimbabwe,Harare,1972,20.0985
Zimbabwe,Harare,1973,20.535833333333333
Zimbabwe,Harare,1974,19.642
Zimbabwe,Harare,1975,19.940250000000002
Zimbabwe,Harare,1976,19.777416666666667
Zimbabwe,Harare,1977,20.474416666666666
Zimbabwe,Harare,1978,20.055583333333335
Zimbabwe,Harare,1979,20.34125
Zimbabwe,Harare,1980,20.188916666666668
Zimbabwe,Harare,1981,19.917
Zimbabwe,Harare,1982,20.602999999999998
Zimbabwe,Harare,1983,21.436833333333336
Zimbabwe,Harare,1984,20.864333333333335
Zimbabwe,Harare,1985,20.20866666666667
Zimbabwe,Harare,1986,20.213833333333334
Zimbabwe,Harare,1987,21.365
Zimbabwe,Harare,1988,20.625
Zimbabwe,Harare,1989,20.493083333333335
Zimbabwe,Harare,1990,21.188333333333333
Zimbabwe,Harare,1991,20.9505
Zimbabwe,Harare,1992,21.930333333333333
Zimbabwe,Harare,1993,20.876
Zimbabwe,Harare,1994,20.64075
Zimbabwe,Harare,1995,21.570166666666665
Zimbabwe,Harare,1996,20.698583333333335
Zimbabwe,Harare,1997,20.633
Zimbabwe,Harare,1998,21.304333333333336
Zimbabwe,Harare,1999,20.435833333333335
Zimbabwe,Harare,2000,20.283666666666665
Zimbabwe,Harare,2001,20.861
Zimbabwe,Harare,2002,21.079333333333334
Zimbabwe,Harare,2003,20.889166666666668
Zimbabwe,Harare,2004,20.307666666666666
Zimbabwe,Harare,2005,21.487416666666665
Zimbabwe,Harare,2006,20.699749999999998
Zimbabwe,Harare,2007,20.74625
Zimbabwe,Harare,2008,20.6805
Zimbabwe,Harare,2009,20.523833333333332
Zimbabwe,Harare,2010,21.165833333333335
Zimbabwe,Harare,2011,20.78175
Zimbabwe,Harare,2012,20.523333333333333
Zimbabwe,Harare,2013,19.7565
