Country,Year,AverageTemperature
Afghanistan,1900,13.749333333333334
Afghanistan,1901,13.894
Afghanistan,1902,14.505833333333335
Afghanistan,1903,12.986416666666669
Afghanistan,1904,13.805750000000002
Afghanistan,1905,13.385666666666665
Afghanistan,1906,13.884916666666667
Afghanistan,1907,13.352916666666667
Afghanistan,1908,13.699166666666665
Afghanistan,1909,13.925416666666669
Afghanistan,1910,13.216500000000002
Afghanistan,1911,13.385
Afghanistan,1912,13.902666666666667
Afghanistan,1913,13.859250000000001
Afghanistan,1914,14.296833333333334
Afghanistan,1915,14.914583333333333
Afghanistan,1916,13.343000000000002
Afghanistan,1917,13.916500000000001
Afghanistan,1918,13.48325
Afghanistan,1919,13.880916666666666
Afghanistan,1920,13.036500000000002
Afghanistan,1921,14.171583333333333
Afghanistan,1922,14.2555
Afghanistan,1923,13.338916666666668
Afghanistan,1924,13.629
Afghanistan,1925,13.931750000000001
Afghanistan,1926,13.745333333333333
Afghanistan,1927,13.844583333333333
Afghanistan,1928,13.633000000000001
Afghanistan,1929,13.48175
Afghanistan,1930,13.330583333333335
Afghanistan,1931,13.4475
Afghanistan,1932,13.664666666666667
Afghanistan,1933,13.882916666666667
Afghanistan,1934,13.341416666666667
Afghanistan,1935,13.29625
Afghanistan,1936,14.007416666666666
Afghanistan,1937,13.571583333333335
Afghanistan,1938,14.21125
Afghanistan,1939,14.161916666666668
Afghanistan,1940,14.734
Afghanistan,1941,15.502749999999999
Afghanistan,1942,14.451166666666667
Afghanistan,1943,13.707833333333333
Afghanistan,1944,14.29175
Afghanistan,1945,13.86625
Afghanistan,1946,14.594666666666667
Afghanistan,1947,15.035083333333333
Afghanistan,1948,14.33525
Afghanistan,1949,13.350083333333332
Afghanistan,1950,13.0435
Afghanistan,1951,13.96775
Afghanistan,1952,14.175416666666669
Afghanistan,1953,14.65075
Afghanistan,1954,13.691333333333333
Afghanistan,1955,14.642583333333334
Afghanistan,1956,14.191083333333333
Afghanistan,1957,12.777166666666666
Afghanistan,1958,14.71675
Afghanistan,1959,14.152583333333334
Afghanistan,1960,13.985416666666666
Afghanistan,1961,14.064916666666667
Afghanistan,1962,13.768666666666666
Afghanistan,1963,15.033416666666668
Afghanistan,1964,13.084916666666667
Afghanistan,1965,14.101833333333333
Afghanistan,1966,14.343000000000002
Afghanistan,1967,13.66325
Afghanistan,1968,13.762333333333332
Afghanistan,1969,13.805083333333334
Afghanistan,1970,14.783083333333332
Afghanistan,1971,14.823500000000001
Afghanistan,1972,12.547166666666667
Afghanistan,1973,14.235500000000002
Afghanistan,1974,13.316749999999999
Afghanistan,1975,13.548083333333333
Afghanistan,1976,13.708583333333335
Afghanistan,1977,14.805416666666666
Afghanistan,1978,14.329666666666666
Afghanistan,1979,14.262083333333335
Afghanistan,1980,14.887333333333332
Afghanistan,1981,14.860083333333334
Afghanistan,1982,13.733083333333333
Afghanistan,1983,14.614833333333335
Afghanistan,1984,14.245833333333335
Afghanistan,1985,14.88875
Afghanistan,1986,14.22316666666667
Afghanistan,1987,14.984
Afghanistan,1988,15.389000000000001
Afghanistan,1989,14.125750000000002
Afghanistan,1990,14.993333333333332
Afghanistan,1991,14.370750000000001
Afghanistan,1992,14.056083333333333
Afghanistan,1993,14.439250000000001
Afghanistan,1994,14.754750000000001
Afghanistan,1995,14.859166666666667
Afghanistan,1996,14.426
Afghanistan,1997,14.904000000000002
Afghanistan,1998,15.1325
Afghanistan,1999,15.388750000000002
Afghanistan,2000,15.497833333333334
Afghanistan,2001,15.778083333333333
Afghanistan,2002,15.537666666666668
Afghanistan,2003,14.915999999999999
Afghanistan,2004,15.770916666666666
Afghanistan,2005,14.979999999999999
Afghanistan,2006,15.595583333333332
Afghanistan,2007,15.106166666666667
Afghanistan,2008,15.216499999999998
Afghanistan,2009,15.25775
Afghanistan,2010,15.828666666666665
Afghanistan,2011,15.518
Afghanistan,2012,14.481583333333333
Afghanistan,2013,16.533625
Africa,1900,23.991500000000002
Africa,1901,24.08141666666667
Africa,1902,23.901916666666665
Africa,1903,23.683916666666665
Africa,1904,23.330083333333334
Africa,1905,23.709666666666667
Africa,1906,23.636833333333332
Africa,1907,23.376583333333333
Africa,1908,23.66491666666667
Africa,1909,23.698916666666666
Africa,1910,23.612916666666667
Africa,1911,23.59183333333333
Africa,1912,23.893333333333334
Africa,1913,23.980583333333332
Africa,1914,24.256666666666664
Africa,1915,24.17425
Africa,1916,23.84958333333333
Africa,1917,23.6955
Africa,1918,23.66541666666667
Africa,1919,24.089
Africa,1920,23.802833333333336
Africa,1921,23.899833333333333
Africa,1922,23.96241666666667
Africa,1923,23.85291666666667
Africa,1924,24.181583333333336
Africa,1925,23.943916666666667
Africa,1926,24.253583333333335
Africa,1927,24.189833333333336
Africa,1928,24.216916666666666
Africa,1929,23.971833333333336
Africa,1930,24.099166666666665
Africa,1931,24.544750000000004
Africa,1932,24.167833333333334
Africa,1933,24.20341666666667
Africa,1934,24.042083333333334
Africa,1935,24.03016666666667
Africa,1936,24.06775
Africa,1937,24.249750000000002
Africa,1938,24.098916666666668
Africa,1939,24.046583333333334
Africa,1940,24.261750000000003
Africa,1941,24.630666666666666
Africa,1942,24.447166666666664
Africa,1943,24.009249999999998
Africa,1944,24.22375
Africa,1945,24.16416666666667
Africa,1946,24.185000000000002
Africa,1947,24.39916666666667
Africa,1948,24.007833333333334
Africa,1949,24.17975
Africa,1950,23.88083333333333
Africa,1951,24.128333333333334
Africa,1952,24.275916666666664
Africa,1953,24.09358333333333
Africa,1954,23.942333333333334
Africa,1955,24.157833333333333
Africa,1956,23.849666666666668
Africa,1957,24.08241666666667
Africa,1958,24.414833333333334
Africa,1959,24.167
Africa,1960,24.305083333333332
Africa,1961,24.028500000000005
Africa,1962,24.1945
Africa,1963,24.266666666666666
Africa,1964,23.993750000000002
Africa,1965,23.967583333333334
Africa,1966,24.301833333333335
Africa,1967,23.931
Africa,1968,24.011750000000003
Africa,1969,24.554833333333335
Africa,1970,24.321583333333336
Africa,1971,23.933083333333332
Africa,1972,24.199083333333334
Africa,1973,24.40008333333333
Africa,1974,23.830416666666668
Africa,1975,23.919750000000004
Africa,1976,23.911916666666666
Africa,1977,24.27425
Africa,1978,24.222166666666666
Africa,1979,24.498416666666667
Africa,1980,24.44666666666667
Africa,1981,24.297416666666667
Africa,1982,24.211583333333333
Africa,1983,24.57941666666667
Africa,1984,24.38716666666667
Africa,1985,24.339833333333335
Africa,1986,24.309416666666667
Africa,1987,24.922
Africa,1988,24.56833333333333
Africa,1989,24.223833333333335
Africa,1990,24.70375
Africa,1991,24.422250000000002
Africa,1992,24.33541666666667
Africa,1993,24.538666666666668
Africa,1994,24.43875
Africa,1995,24.71841666666667
Africa,1996,24.6345
Africa,1997,24.706833333333336
Africa,1998,25.0205
Africa,1999,24.743750000000002
Africa,2000,24.588083333333334
Africa,2001,24.841166666666666
Africa,2002,24.961333333333332
Africa,2003,25.025583333333334
Africa,2004,24.895916666666665
Africa,2005,25.156166666666667
Africa,2006,24.818916666666667
Africa,2007,24.8515
Africa,2008,24.754666666666665
Africa,2009,25.026500000000002
Africa,2010,25.4725
Africa,2011,24.7865
Africa,2012,24.725916666666667
Africa,2013,25.208750000000002
Albania,1900,13.068583333333335
Albania,1901,12.449583333333335
Albania,1902,12.482666666666667
Albania,1903,12.543833333333334
Albania,1904,12.529333333333334
Albania,1905,12.163833333333335
Albania,1906,12.17975
Albania,1907,12.223666666666666
Albania,1908,12.247250000000001
Albania,1909,12.559833333333332
Albania,1910,12.664833333333334
Albania,1911,12.483583333333334
Albania,1912,12.057833333333333
Albania,1913,12.352166666666667
Albania,1914,12.015833333333333
Albania,1915,12.690416666666666
Albania,1916,13.550166666666668
Albania,1917,12.684166666666668
Albania,1918,12.731250000000001
Albania,1919,12.320500000000001
Albania,1920,12.6975
Albania,1921,12.511000000000001
Albania,1922,12.670499999999999
Albania,1923,13.313333333333333
Albania,1924,12.552
Albania,1925,12.690666666666667
Albania,1926,13.2525
Albania,1927,13.618416666666667
Albania,1928,12.897083333333335
Albania,1929,12.023000000000001
Albania,1930,13.206833333333334
Albania,1931,12.661499999999998
Albania,1932,12.583666666666666
Albania,1933,12.010583333333335
Albania,1934,13.524000000000001
Albania,1935,12.942749999999998
Albania,1936,13.118333333333334
Albania,1937,13.253750000000002
Albania,1938,12.614333333333335
Albania,1939,13.05775
Albania,1940,11.582500000000001
Albania,1941,12.055583333333333
Albania,1942,12.306
Albania,1943,13.197249999999999
Albania,1944,12.447416666666667
Albania,1945,12.944583333333334
Albania,1946,13.472499999999998
Albania,1947,13.395416666666668
Albania,1948,12.753916666666667
Albania,1949,12.51825
Albania,1950,13.812833333333332
Albania,1951,13.569833333333333
Albania,1952,13.573916666666667
Albania,1953,12.586333333333334
Albania,1954,12.450083333333334
Albania,1955,13.148083333333332
Albania,1956,12.172333333333334
Albania,1957,13.078416666666667
Albania,1958,13.1945
Albania,1959,12.405583333333334
Albania,1960,13.335083333333332
Albania,1961,13.31675
Albania,1962,13.06875
Albania,1963,13.085833333333333
Albania,1964,12.515333333333333
Albania,1965,12.378416666666666
Albania,1966,13.204583333333334
Albania,1967,12.62175
Albania,1968,12.869583333333333
Albania,1969,12.802916666666667
Albania,1970,12.839666666666666
Albania,1971,12.534416666666667
Albania,1972,12.60825
Albania,1973,12.486666666666666
Albania,1974,12.559833333333335
Albania,1975,12.568416666666666
Albania,1976,12.03625
Albania,1977,13.22325
Albania,1978,12.263583333333335
Albania,1979,12.989166666666668
Albania,1980,12.162083333333333
Albania,1981,12.578666666666669
Albania,1982,13.015250000000002
Albania,1983,12.510916666666667
Albania,1984,12.640749999999999
Albania,1985,12.948166666666667
Albania,1986,13.056416666666665
Albania,1987,12.996583333333334
Albania,1988,13.044083333333333
Albania,1989,12.803833333333335
Albania,1990,13.468666666666666
Albania,1991,12.338833333333334
Albania,1992,13.084666666666665
Albania,1993,13.122583333333333
Albania,1994,14.099666666666666
Albania,1995,12.782083333333333
Albania,1996,12.7365
Albania,1997,12.900916666666667
Albania,1998,13.311250000000001
Albania,1999,13.65375
Albania,2000,13.746583333333334
Albania,2001,13.690416666666666
Albania,2002,13.559916666666666
Albania,2003,13.626583333333334
Albania,2004,13.258166666666666
Albania,2005,12.747083333333334
Albania,2006,12.976916666666666
Albania,2007,13.890500000000001
Albania,2008,13.955166666666665
Albania,2009,13.84425
Albania,2010,13.775416666666667
Albania,2011,13.44325
Albania,2012,13.768250000000002
Albania,2013,14.993875000000001
Algeria,1900,22.864166666666666
Algeria,1901,22.726416666666665
Algeria,1902,23.05241666666667
Algeria,1903,22.555666666666667
Algeria,1904,22.682333333333332
Algeria,1905,22.560083333333335
Algeria,1906,22.46858333333333
Algeria,1907,22.171583333333334
Algeria,1908,22.829583333333332
Algeria,1909,22.569833333333335
Algeria,1910,22.676916666666667
Algeria,1911,22.57466666666667
Algeria,1912,22.86675
Algeria,1913,23.079250000000002
Algeria,1914,23.043166666666668
Algeria,1915,22.821166666666667
Algeria,1916,22.643
Algeria,1917,22.461166666666667
Algeria,1918,22.41125
Algeria,1919,22.773333333333337
Algeria,1920,23.094333333333335
Algeria,1921,22.723583333333334
Algeria,1922,22.9345
Algeria,1923,22.43575
Algeria,1924,23.418083333333332
Algeria,1925,22.726583333333334
Algeria,1926,23.50166666666667
Algeria,1927,23.335416666666664
Algeria,1928,23.115416666666665
Algeria,1929,22.672083333333333
Algeria,1930,23.4545
Algeria,1931,23.86583333333333
Algeria,1932,23.61691666666667
Algeria,1933,23.168499999999998
Algeria,1934,22.74466666666667
Algeria,1935,22.919750000000004
Algeria,1936,22.940916666666666
Algeria,1937,23.727500000000003
Algeria,1938,22.727666666666664
Algeria,1939,22.84141666666667
Algeria,1940,23.005916666666668
Algeria,1941,23.443416666666668
Algeria,1942,23.610166666666668
Algeria,1943,23.03333333333333
Algeria,1944,22.934166666666666
Algeria,1945,23.3655
Algeria,1946,23.25425
Algeria,1947,23.690166666666666
Algeria,1948,23.07133333333333
Algeria,1949,23.18816666666667
Algeria,1950,22.781833333333335
Algeria,1951,23.32166666666667
Algeria,1952,23.18541666666667
Algeria,1953,22.869416666666666
Algeria,1954,22.652416666666667
Algeria,1955,24.004833333333334
Algeria,1956,22.611333333333334
Algeria,1957,22.62025
Algeria,1958,23.544916666666666
Algeria,1959,23.33366666666667
Algeria,1960,23.504083333333337
Algeria,1961,23.39033333333333
Algeria,1962,23.18241666666667
Algeria,1963,23.317833333333336
Algeria,1964,23.147499999999997
Algeria,1965,22.97375
Algeria,1966,23.301333333333332
Algeria,1967,22.861666666666668
Algeria,1968,23.185916666666667
Algeria,1969,23.458250000000003
Algeria,1970,23.322833333333335
Algeria,1971,22.672250000000002
Algeria,1972,22.698166666666665
Algeria,1973,22.886166666666668
Algeria,1974,22.541
Algeria,1975,22.71641666666667
Algeria,1976,22.35675
Algeria,1977,23.546083333333332
Algeria,1978,23.161833333333334
Algeria,1979,23.396833333333333
Algeria,1980,23.16016666666667
Algeria,1981,23.579250000000002
Algeria,1982,23.094166666666666
Algeria,1983,23.683000000000003
Algeria,1984,23.063083333333335
Algeria,1985,23.52625
Algeria,1986,23.25666666666667
Algeria,1987,24.24775
Algeria,1988,23.81566666666667
Algeria,1989,23.724333333333334
Algeria,1990,24.014416666666666
Algeria,1991,23.011083333333332
Algeria,1992,22.767
Algeria,1993,23.450833333333335
Algeria,1994,23.642083333333336
Algeria,1995,23.7225
Algeria,1996,23.734333333333336
Algeria,1997,23.955166666666667
Algeria,1998,23.920583333333337
Algeria,1999,24.29941666666667
Algeria,2000,24.03225
Algeria,2001,24.72441666666667
Algeria,2002,24.263
Algeria,2003,24.393666666666665
Algeria,2004,23.916
Algeria,2005,24.222583333333333
Algeria,2006,24.200833333333335
Algeria,2007,24.06533333333333
Algeria,2008,23.95025
Algeria,2009,24.154333333333337
Algeria,2010,25.215666666666667
Algeria,2011,24.144166666666667
Algeria,2012,23.95483333333333
Algeria,2013,25.1215
American Samoa,1900,26.2735
American Samoa,1901,26.144750000000002
American Samoa,1902,26.1775
American Samoa,1903,26.331666666666667
American Samoa,1904,26.057000000000002
American Samoa,1905,26.15041666666667
American Samoa,1906,26.588000000000005
American Samoa,1907,26.004500000000004
American Samoa,1908,26.0795
American Samoa,1909,25.928749999999997
American Samoa,1910,26.110583333333334
American Samoa,1911,26.194
American Samoa,1912,26.323666666666668
American Samoa,1913,26.115750000000002
American Samoa,1914,26.368166666666667
American Samoa,1915,26.041833333333333
American Samoa,1916,26.264166666666668
American Samoa,1917,25.8535
American Samoa,1918,26.213333333333335
American Samoa,1919,26.45325
American Samoa,1920,26.350333333333335
American Samoa,1921,26.241833333333332
American Samoa,1922,26.348083333333335
American Samoa,1923,25.958583333333333
American Samoa,1924,26.358999999999998
American Samoa,1925,26.1155
American Samoa,1926,26.49025
American Samoa,1927,26.878500000000003
American Samoa,1928,26.678416666666667
American Samoa,1929,26.577916666666667
American Samoa,1930,26.552000000000003
American Samoa,1931,26.421083333333332
American Samoa,1932,26.80016666666667
American Samoa,1933,26.705833333333334
American Samoa,1934,26.776416666666666
American Samoa,1935,26.970250000000004
American Samoa,1936,26.842583333333334
American Samoa,1937,26.88575
American Samoa,1938,26.853916666666667
American Samoa,1939,26.539083333333334
American Samoa,1940,26.729249999999997
American Samoa,1941,26.995416666666667
American Samoa,1942,26.69225
American Samoa,1943,26.607583333333334
American Samoa,1944,26.589583333333334
American Samoa,1945,26.668166666666668
American Samoa,1946,26.839083333333335
American Samoa,1947,27.013666666666666
American Samoa,1948,26.68041666666667
American Samoa,1949,26.851
American Samoa,1950,26.520083333333332
American Samoa,1951,26.689666666666668
American Samoa,1952,27.06375
American Samoa,1953,26.949250000000003
American Samoa,1954,26.866083333333332
American Samoa,1955,26.71075
American Samoa,1956,26.46683333333333
American Samoa,1957,26.762916666666666
American Samoa,1958,26.918083333333332
American Samoa,1959,26.791833333333333
American Samoa,1960,26.7655
American Samoa,1961,26.617166666666666
American Samoa,1962,26.627666666666666
American Samoa,1963,26.857666666666663
American Samoa,1964,26.59566666666667
American Samoa,1965,26.381249999999998
American Samoa,1966,26.822166666666664
American Samoa,1967,26.420416666666668
American Samoa,1968,26.480833333333333
American Samoa,1969,26.936583333333335
American Samoa,1970,26.760666666666665
American Samoa,1971,26.40225
American Samoa,1972,26.81233333333333
American Samoa,1973,27.13825
American Samoa,1974,26.591250000000002
American Samoa,1975,26.77316666666667
American Samoa,1976,26.721083333333336
American Samoa,1977,26.786833333333334
American Samoa,1978,26.684
American Samoa,1979,26.891333333333336
American Samoa,1980,26.990750000000002
American Samoa,1981,26.745500000000003
American Samoa,1982,26.90275
American Samoa,1983,26.92866666666667
American Samoa,1984,26.879500000000004
American Samoa,1985,26.949916666666667
American Samoa,1986,26.980333333333334
American Samoa,1987,26.898750000000003
American Samoa,1988,27.089416666666665
American Samoa,1989,26.752666666666666
American Samoa,1990,27.15625
American Samoa,1991,27.171166666666668
American Samoa,1992,27.072
American Samoa,1993,26.81641666666667
American Samoa,1994,26.986333333333334
American Samoa,1995,27.268666666666665
American Samoa,1996,27.11266666666667
American Samoa,1997,26.95575
American Samoa,1998,27.424833333333336
American Samoa,1999,27.067166666666665
American Samoa,2000,27.219833333333337
American Samoa,2001,27.22758333333333
American Samoa,2002,27.537916666666664
American Samoa,2003,27.264833333333332
American Samoa,2004,27.281166666666667
American Samoa,2005,27.373500000000003
American Samoa,2006,27.08125
American Samoa,2007,27.452416666666668
American Samoa,2008,26.995083333333337
American Samoa,2009,27.03425
American Samoa,2010,27.453416666666666
American Samoa,2011,27.0095
American Samoa,2012,27.20141666666667
American Samoa,2013,27.51725
Andorra,1900,11.348333333333334
Andorra,1901,10.516333333333334
Andorra,1902,10.957416666666667
Andorra,1903,10.768500000000001
Andorra,1904,11.469083333333336
Andorra,1905,10.744250000000001
Andorra,1906,10.897
Andorra,1907,10.927333333333332
Andorra,1908,11.05525
Andorra,1909,10.395416666666668
Andorra,1910,10.680083333333334
Andorra,1911,11.456916666666666
Andorra,1912,10.839833333333333
Andorra,1913,11.347583333333333
Andorra,1914,10.826500000000001
Andorra,1915,10.90275
Andorra,1916,11.028583333333332
Andorra,1917,10.297333333333333
Andorra,1918,10.7295
Andorra,1919,10.493666666666668
Andorra,1920,11.419583333333334
Andorra,1921,11.545583333333333
Andorra,1922,10.931833333333332
Andorra,1923,11.217583333333332
Andorra,1924,11.17275
Andorra,1925,10.586
Andorra,1926,11.707416666666667
Andorra,1927,11.49125
Andorra,1928,11.849333333333334
Andorra,1929,11.319249999999998
Andorra,1930,11.626666666666667
Andorra,1931,11.065249999999999
Andorra,1932,10.89975
Andorra,1933,11.168999999999999
Andorra,1934,11.432833333333335
Andorra,1935,11.092999999999998
Andorra,1936,11.166833333333335
Andorra,1937,11.927166666666666
Andorra,1938,11.239833333333335
Andorra,1939,11.01175
Andorra,1940,10.9375
Andorra,1941,10.624083333333333
Andorra,1942,11.30375
Andorra,1943,12.060833333333333
Andorra,1944,11.082583333333332
Andorra,1945,11.922166666666667
Andorra,1946,11.175916666666666
Andorra,1947,12.214583333333332
Andorra,1948,11.935583333333334
Andorra,1949,12.317916666666667
Andorra,1950,11.812
Andorra,1951,10.972916666666668
Andorra,1952,11.660833333333334
Andorra,1953,11.471000000000002
Andorra,1954,10.902
Andorra,1955,11.7275
Andorra,1956,10.363249999999999
Andorra,1957,11.144083333333333
Andorra,1958,11.501833333333332
Andorra,1959,11.720416666666667
Andorra,1960,11.213999999999999
Andorra,1961,12.2615
Andorra,1962,11.079333333333333
Andorra,1963,10.636166666666666
Andorra,1964,11.541083333333333
Andorra,1965,11.025916666666667
Andorra,1966,11.58475
Andorra,1967,11.606916666666669
Andorra,1968,11.4365
Andorra,1969,10.884833333333333
Andorra,1970,11.376583333333334
Andorra,1971,11.192166666666667
Andorra,1972,10.741
Andorra,1973,11.176583333333333
Andorra,1974,11.077333333333334
Andorra,1975,11.247750000000002
Andorra,1976,11.304499999999999
Andorra,1977,11.134333333333332
Andorra,1978,11.040750000000001
Andorra,1979,11.30175
Andorra,1980,10.7725
Andorra,1981,11.546
Andorra,1982,12.185166666666667
Andorra,1983,11.991750000000001
Andorra,1984,11.03275
Andorra,1985,11.325416666666667
Andorra,1986,11.6235
Andorra,1987,11.680250000000001
Andorra,1988,11.973916666666668
Andorra,1989,12.585083333333335
Andorra,1990,12.455583333333335
Andorra,1991,11.565416666666666
Andorra,1992,11.498416666666666
Andorra,1993,11.432166666666667
Andorra,1994,12.632249999999999
Andorra,1995,12.376416666666666
Andorra,1996,11.741416666666666
Andorra,1997,12.896166666666666
Andorra,1998,12.11875
Andorra,1999,12.178666666666667
Andorra,2000,12.311916666666667
Andorra,2001,12.216083333333332
Andorra,2002,12.319583333333334
Andorra,2003,12.900666666666666
Andorra,2004,12.043
Andorra,2005,11.643416666666667
Andorra,2006,12.834333333333333
Andorra,2007,12.15525
Andorra,2008,11.978583333333333
Andorra,2009,12.566666666666668
Andorra,2010,11.480833333333335
Andorra,2011,12.994416666666666
Andorra,2012,12.339916666666667
Andorra,2013,12.307875
Angola,1900,21.789916666666667
Angola,1901,21.751416666666668
Angola,1902,21.63575
Angola,1903,21.58475
Angola,1904,20.81925
Angola,1905,21.504416666666668
Angola,1906,21.331750000000003
Angola,1907,21.050833333333333
Angola,1908,21.349666666666668
Angola,1909,21.605249999999998
Angola,1910,21.58791666666667
Angola,1911,21.224333333333334
Angola,1912,21.923916666666667
Angola,1913,21.823666666666668
Angola,1914,21.732416666666666
Angola,1915,21.744583333333335
Angola,1916,21.97875
Angola,1917,21.675416666666667
Angola,1918,20.94483333333333
Angola,1919,21.259666666666668
Angola,1920,21.783833333333334
Angola,1921,21.927083333333332
Angola,1922,21.910416666666666
Angola,1923,21.62183333333333
Angola,1924,22.01
Angola,1925,21.546333333333333
Angola,1926,21.922666666666668
Angola,1927,21.91625
Angola,1928,22.111583333333332
Angola,1929,21.864166666666666
Angola,1930,21.61883333333333
Angola,1931,22.054000000000002
Angola,1932,21.623166666666666
Angola,1933,21.835083333333333
Angola,1934,21.980249999999998
Angola,1935,21.741083333333332
Angola,1936,21.534333333333336
Angola,1937,21.73625
Angola,1938,21.733583333333332
Angola,1939,21.52616666666667
Angola,1940,21.750583333333335
Angola,1941,22.307916666666667
Angola,1942,21.892083333333332
Angola,1943,21.676833333333335
Angola,1944,22.164083333333334
Angola,1945,21.99591666666667
Angola,1946,22.16033333333333
Angola,1947,22.126
Angola,1948,21.896333333333335
Angola,1949,21.928250000000002
Angola,1950,21.571833333333334
Angola,1951,22.002166666666668
Angola,1952,22.18766666666667
Angola,1953,21.724833333333333
Angola,1954,21.566999999999997
Angola,1955,21.57825
Angola,1956,21.521916666666666
Angola,1957,21.991500000000002
Angola,1958,22.02025
Angola,1959,22.081666666666667
Angola,1960,21.927083333333332
Angola,1961,21.93875
Angola,1962,21.84866666666667
Angola,1963,21.83775
Angola,1964,21.68641666666667
Angola,1965,21.819916666666668
Angola,1966,22.103250000000003
Angola,1967,21.776416666666666
Angola,1968,21.748166666666666
Angola,1969,22.1905
Angola,1970,22.149833333333333
Angola,1971,21.837
Angola,1972,22.011
Angola,1973,22.349666666666668
Angola,1974,21.623499999999996
Angola,1975,21.738916666666668
Angola,1976,21.44741666666667
Angola,1977,21.95075
Angola,1978,21.816999999999997
Angola,1979,22.144750000000002
Angola,1980,22.077583333333333
Angola,1981,22.02791666666667
Angola,1982,21.820000000000004
Angola,1983,22.367250000000002
Angola,1984,22.356166666666667
Angola,1985,22.021833333333333
Angola,1986,22.03625
Angola,1987,22.749916666666667
Angola,1988,22.412333333333333
Angola,1989,22.12216666666667
Angola,1990,22.466416666666664
Angola,1991,22.095416666666665
Angola,1992,22.498583333333332
Angola,1993,22.291
Angola,1994,22.18941666666667
Angola,1995,22.936166666666665
Angola,1996,22.479249999999997
Angola,1997,22.317166666666665
Angola,1998,23.120166666666666
Angola,1999,22.382083333333338
Angola,2000,22.360666666666663
Angola,2001,22.502916666666668
Angola,2002,22.9255
Angola,2003,23.06658333333333
Angola,2004,22.572833333333335
Angola,2005,22.966083333333334
Angola,2006,21.947083333333335
Angola,2007,22.427083333333332
Angola,2008,22.287333333333333
Angola,2009,22.3165
Angola,2010,22.6815
Angola,2011,22.029666666666667
Angola,2012,22.123333333333335
Angola,2013,22.507875
Anguilla,1900,26.406750000000002
Anguilla,1901,26.662833333333335
Anguilla,1902,26.50066666666667
Anguilla,1903,26.506416666666667
Anguilla,1904,26.140249999999998
Anguilla,1905,26.542833333333334
Anguilla,1906,26.376833333333334
Anguilla,1907,26.126
Anguilla,1908,26.293583333333334
Anguilla,1909,26.128333333333334
Anguilla,1910,26.077083333333334
Anguilla,1911,26.305333333333333
Anguilla,1912,26.468
Anguilla,1913,25.926666666666666
Anguilla,1914,26.379666666666665
Anguilla,1915,26.622333333333334
Anguilla,1916,26.19458333333333
Anguilla,1917,26.043666666666667
Anguilla,1918,26.308166666666665
Anguilla,1919,26.57025
Anguilla,1920,26.415000000000003
Anguilla,1921,26.43241666666667
Anguilla,1922,26.287916666666664
Anguilla,1923,26.345833333333335
Anguilla,1924,26.494
Anguilla,1925,26.318250000000003
Anguilla,1926,26.770583333333335
Anguilla,1927,26.53475
Anguilla,1928,26.69775
Anguilla,1929,26.386583333333334
Anguilla,1930,26.738416666666666
Anguilla,1931,26.970833333333335
Anguilla,1932,26.738583333333334
Anguilla,1933,26.436166666666665
Anguilla,1934,26.394500000000004
Anguilla,1935,26.489083333333337
Anguilla,1936,26.59266666666667
Anguilla,1937,26.761083333333335
Anguilla,1938,26.368583333333333
Anguilla,1939,26.620666666666665
Anguilla,1940,26.828666666666667
Anguilla,1941,27.09
Anguilla,1942,26.999666666666666
Anguilla,1943,26.541833333333333
Anguilla,1944,26.58175
Anguilla,1945,26.40008333333333
Anguilla,1946,26.653166666666667
Anguilla,1947,26.911
Anguilla,1948,26.847333333333335
Anguilla,1949,26.413083333333333
Anguilla,1950,26.266416666666668
Anguilla,1951,26.69525
Anguilla,1952,26.86691666666667
Anguilla,1953,27.03725
Anguilla,1954,26.660666666666668
Anguilla,1955,26.724999999999998
Anguilla,1956,26.626833333333334
Anguilla,1957,26.88716666666667
Anguilla,1958,27.254500000000004
Anguilla,1959,27.09025
Anguilla,1960,27.14016666666667
Anguilla,1961,26.935833333333335
Anguilla,1962,26.84691666666667
Anguilla,1963,27.049333333333333
Anguilla,1964,26.882416666666668
Anguilla,1965,26.557000000000002
Anguilla,1966,26.691666666666666
Anguilla,1967,26.483999999999998
Anguilla,1968,26.608583333333332
Anguilla,1969,27.04925
Anguilla,1970,26.91616666666667
Anguilla,1971,26.553416666666667
Anguilla,1972,26.670749999999998
Anguilla,1973,27.012333333333334
Anguilla,1974,26.491833333333332
Anguilla,1975,26.48975
Anguilla,1976,26.4545
Anguilla,1977,27.048333333333332
Anguilla,1978,27.040583333333334
Anguilla,1979,26.80633333333334
Anguilla,1980,27.252083333333335
Anguilla,1981,27.18325
Anguilla,1982,26.831166666666665
Anguilla,1983,27.263666666666666
Anguilla,1984,26.859333333333336
Anguilla,1985,26.842
Anguilla,1986,26.884416666666667
Anguilla,1987,27.379583333333333
Anguilla,1988,27.13791666666667
Anguilla,1989,26.84658333333333
Anguilla,1990,27.09875
Anguilla,1991,27.097333333333335
Anguilla,1992,27.05033333333333
Anguilla,1993,27.163416666666667
Anguilla,1994,27.16925
Anguilla,1995,27.55033333333333
Anguilla,1996,27.056833333333334
Anguilla,1997,27.393583333333336
Anguilla,1998,27.74083333333333
Anguilla,1999,27.344583333333333
Anguilla,2000,27.05275
Anguilla,2001,27.4085
Anguilla,2002,27.53825
Anguilla,2003,27.67741666666667
Anguilla,2004,27.334000000000003
Anguilla,2005,27.732333333333333
Anguilla,2006,27.63625
Anguilla,2007,27.685083333333335
Anguilla,2008,27.140416666666667
Anguilla,2009,27.46858333333333
Anguilla,2010,27.855999999999998
Anguilla,2011,27.528333333333336
Anguilla,2012,27.63925
Anguilla,2013,27.363
Antigua And Barbuda,1900,26.229916666666668
Antigua And Barbuda,1901,26.458333333333332
Antigua And Barbuda,1902,26.361666666666668
Antigua And Barbuda,1903,26.320333333333334
Antigua And Barbuda,1904,25.95883333333333
Antigua And Barbuda,1905,26.312750000000005
Antigua And Barbuda,1906,26.197333333333333
Antigua And Barbuda,1907,25.983666666666664
Antigua And Barbuda,1908,26.087500000000002
Antigua And Barbuda,1909,25.955833333333334
Antigua And Barbuda,1910,25.9225
Antigua And Barbuda,1911,26.131
Antigua And Barbuda,1912,26.246333333333336
Antigua And Barbuda,1913,25.756583333333335
Antigua And Barbuda,1914,26.226583333333334
Antigua And Barbuda,1915,26.478416666666664
Antigua And Barbuda,1916,26.043000000000003
Antigua And Barbuda,1917,25.842583333333334
Antigua And Barbuda,1918,26.105666666666668
Antigua And Barbuda,1919,26.39975
Antigua And Barbuda,1920,26.139750000000003
Antigua And Barbuda,1921,26.26908333333333
Antigua And Barbuda,1922,26.17533333333333
Antigua And Barbuda,1923,26.166666666666668
Antigua And Barbuda,1924,26.342583333333334
Antigua And Barbuda,1925,26.16425
Antigua And Barbuda,1926,26.590333333333334
Antigua And Barbuda,1927,26.373250000000002
Antigua And Barbuda,1928,26.50675
Antigua And Barbuda,1929,26.16225
Antigua And Barbuda,1930,26.575916666666668
Antigua And Barbuda,1931,26.842916666666667
Antigua And Barbuda,1932,26.560333333333332
Antigua And Barbuda,1933,26.217083333333335
Antigua And Barbuda,1934,26.19275
Antigua And Barbuda,1935,26.331333333333333
Antigua And Barbuda,1936,26.3575
Antigua And Barbuda,1937,26.597333333333335
Antigua And Barbuda,1938,26.182583333333337
Antigua And Barbuda,1939,26.446583333333336
Antigua And Barbuda,1940,26.72775
Antigua And Barbuda,1941,26.918000000000003
Antigua And Barbuda,1942,26.833083333333335
Antigua And Barbuda,1943,26.352249999999998
Antigua And Barbuda,1944,26.421750000000003
Antigua And Barbuda,1945,26.169416666666667
Antigua And Barbuda,1946,26.435583333333337
Antigua And Barbuda,1947,26.777916666666666
Antigua And Barbuda,1948,26.607249999999997
Antigua And Barbuda,1949,26.231833333333338
Antigua And Barbuda,1950,26.052333333333333
Antigua And Barbuda,1951,26.537750000000003
Antigua And Barbuda,1952,26.714250000000003
Antigua And Barbuda,1953,26.863500000000002
Antigua And Barbuda,1954,26.461583333333333
Antigua And Barbuda,1955,26.60025
Antigua And Barbuda,1956,26.426833333333335
Antigua And Barbuda,1957,26.67775
Antigua And Barbuda,1958,27.096416666666666
Antigua And Barbuda,1959,26.90216666666667
Antigua And Barbuda,1960,26.96258333333334
Antigua And Barbuda,1961,26.73091666666667
Antigua And Barbuda,1962,26.73675
Antigua And Barbuda,1963,26.891166666666667
Antigua And Barbuda,1964,26.709083333333336
Antigua And Barbuda,1965,26.421666666666667
Antigua And Barbuda,1966,26.59166666666667
Antigua And Barbuda,1967,26.34266666666667
Antigua And Barbuda,1968,26.416916666666665
Antigua And Barbuda,1969,26.88191666666667
Antigua And Barbuda,1970,26.738583333333334
Antigua And Barbuda,1971,26.391416666666668
Antigua And Barbuda,1972,26.55
Antigua And Barbuda,1973,26.87325
Antigua And Barbuda,1974,26.34
Antigua And Barbuda,1975,26.335416666666664
Antigua And Barbuda,1976,26.267666666666667
Antigua And Barbuda,1977,26.851916666666668
Antigua And Barbuda,1978,26.861500000000003
Antigua And Barbuda,1979,26.655666666666665
Antigua And Barbuda,1980,27.118416666666665
Antigua And Barbuda,1981,27.057666666666666
Antigua And Barbuda,1982,26.681
Antigua And Barbuda,1983,27.079250000000002
Antigua And Barbuda,1984,26.618750000000002
Antigua And Barbuda,1985,26.618166666666667
Antigua And Barbuda,1986,26.70925
Antigua And Barbuda,1987,27.220583333333334
Antigua And Barbuda,1988,26.953
Antigua And Barbuda,1989,26.6865
Antigua And Barbuda,1990,26.93466666666667
Antigua And Barbuda,1991,26.895666666666667
Antigua And Barbuda,1992,26.894750000000002
Antigua And Barbuda,1993,26.95616666666667
Antigua And Barbuda,1994,26.946083333333334
Antigua And Barbuda,1995,27.380333333333336
Antigua And Barbuda,1996,26.942333333333334
Antigua And Barbuda,1997,27.289333333333335
Antigua And Barbuda,1998,27.60175
Antigua And Barbuda,1999,27.13175
Antigua And Barbuda,2000,26.892083333333332
Antigua And Barbuda,2001,27.253833333333333
Antigua And Barbuda,2002,27.36175
Antigua And Barbuda,2003,27.513833333333334
Antigua And Barbuda,2004,27.15116666666667
Antigua And Barbuda,2005,27.598166666666668
Antigua And Barbuda,2006,27.466416666666664
Antigua And Barbuda,2007,27.509083333333336
Antigua And Barbuda,2008,26.965416666666666
Antigua And Barbuda,2009,27.277333333333335
Antigua And Barbuda,2010,27.735416666666666
Antigua And Barbuda,2011,27.296166666666668
Antigua And Barbuda,2012,27.4335
Antigua And Barbuda,2013,27.249625
Argentina,1900,14.807250000000002
Argentina,1901,14.809333333333333
Argentina,1902,14.621166666666667
Argentina,1903,14.376083333333334
Argentina,1904,14.432333333333332
Argentina,1905,14.191416666666667
Argentina,1906,14.694583333333334
Argentina,1907,14.003333333333332
Argentina,1908,14.359916666666665
Argentina,1909,14.255583333333334
Argentina,1910,14.164583333333333
Argentina,1911,13.886333333333333
Argentina,1912,14.498916666666666
Argentina,1913,15.159333333333334
Argentina,1914,14.490499999999999
Argentina,1915,14.585333333333333
Argentina,1916,14.447000000000001
Argentina,1917,14.660083333333333
Argentina,1918,14.360833333333332
Argentina,1919,14.739083333333333
Argentina,1920,14.611333333333334
Argentina,1921,14.177416666666666
Argentina,1922,14.260583333333335
Argentina,1923,14.068083333333334
Argentina,1924,14.116916666666668
Argentina,1925,14.592166666666666
Argentina,1926,14.868166666666667
Argentina,1927,14.714083333333335
Argentina,1928,14.205916666666667
Argentina,1929,14.767416666666668
Argentina,1930,14.843416666666668
Argentina,1931,14.115666666666664
Argentina,1932,14.978916666666668
Argentina,1933,14.582499999999998
Argentina,1934,14.353916666666665
Argentina,1935,14.815583333333334
Argentina,1936,14.696083333333334
Argentina,1937,14.750666666666667
Argentina,1938,14.497666666666667
Argentina,1939,14.633083333333333
Argentina,1940,14.595416666666667
Argentina,1941,14.452333333333334
Argentina,1942,14.408333333333333
Argentina,1943,14.9035
Argentina,1944,15.364583333333334
Argentina,1945,15.390500000000001
Argentina,1946,14.617916666666666
Argentina,1947,14.776583333333333
Argentina,1948,14.778333333333334
Argentina,1949,14.771333333333333
Argentina,1950,14.795083333333332
Argentina,1951,14.836916666666667
Argentina,1952,14.916333333333332
Argentina,1953,14.97475
Argentina,1954,14.491416666666666
Argentina,1955,14.191166666666668
Argentina,1956,14.021416666666667
Argentina,1957,14.65625
Argentina,1958,14.943416666666666
Argentina,1959,14.354249999999999
Argentina,1960,14.993666666666668
Argentina,1961,14.972916666666668
Argentina,1962,14.852416666666665
Argentina,1963,14.847166666666666
Argentina,1964,14.43125
Argentina,1965,14.909583333333332
Argentina,1966,14.677999999999999
Argentina,1967,15.049750000000001
Argentina,1968,15.196916666666667
Argentina,1969,15.262833333333333
Argentina,1970,15.195333333333332
Argentina,1971,14.651166666666667
Argentina,1972,14.818416666666666
Argentina,1973,14.597916666666668
Argentina,1974,14.637666666666666
Argentina,1975,14.939666666666668
Argentina,1976,14.440249999999999
Argentina,1977,15.35125
Argentina,1978,15.186083333333334
Argentina,1979,14.974666666666666
Argentina,1980,15.226916666666668
Argentina,1981,15.167416666666668
Argentina,1982,15.256749999999998
Argentina,1983,14.954333333333333
Argentina,1984,14.400833333333333
Argentina,1985,15.32625
Argentina,1986,15.33475
Argentina,1987,15.1875
Argentina,1988,14.836333333333334
Argentina,1989,15.543
Argentina,1990,15.155083333333332
Argentina,1991,15.097583333333333
Argentina,1992,14.739166666666668
Argentina,1993,15.098666666666666
Argentina,1994,15.578666666666665
Argentina,1995,15.149833333333333
Argentina,1996,15.211583333333332
Argentina,1997,15.620666666666667
Argentina,1998,15.261750000000001
Argentina,1999,15.064916666666667
Argentina,2000,14.7505
Argentina,2001,15.370416666666666
Argentina,2002,15.183750000000002
Argentina,2003,15.518333333333333
Argentina,2004,15.442166666666667
Argentina,2005,15.112833333333334
Argentina,2006,15.561083333333334
Argentina,2007,14.628083333333334
Argentina,2008,15.476
Argentina,2009,15.534416666666667
Argentina,2010,15.078833333333334
Argentina,2011,15.339666666666666
Argentina,2012,15.689
Argentina,2013,14.457125
Armenia,1900,8.24375
Armenia,1901,9.253
Armenia,1902,8.504166666666668
Armenia,1903,8.028
Armenia,1904,7.848916666666667
Armenia,1905,8.288499999999999
Armenia,1906,8.35225
Armenia,1907,7.5897499999999996
Armenia,1908,7.778583333333334
Armenia,1909,8.6475
Armenia,1910,8.528166666666667
Armenia,1911,6.994583333333334
Armenia,1912,8.917250000000001
Armenia,1913,8.095333333333334
Armenia,1914,8.490166666666667
Armenia,1915,8.907666666666666
Armenia,1916,9.093750000000002
Armenia,1917,9.396916666666668
Armenia,1918,8.8885
Armenia,1919,8.879583333333333
Armenia,1920,7.020583333333334
Armenia,1921,7.701583333333335
Armenia,1922,9.157
Armenia,1923,8.851833333333333
Armenia,1924,8.986749999999999
Armenia,1925,8.919333333333332
Armenia,1926,8.654083333333334
Armenia,1927,8.609583333333335
Armenia,1928,7.542166666666667
Armenia,1929,7.87475
Armenia,1930,9.031166666666666
Armenia,1931,7.919666666666668
Armenia,1932,8.128583333333333
Armenia,1933,7.768916666666667
Armenia,1934,7.960333333333332
Armenia,1935,8.96725
Armenia,1936,8.715333333333334
Armenia,1937,9.255666666666666
Armenia,1938,8.893583333333334
Armenia,1939,8.938583333333334
Armenia,1940,9.324583333333335
Armenia,1941,9.00775
Armenia,1942,8.610166666666666
Armenia,1943,8.580916666666667
Armenia,1944,9.136916666666666
Armenia,1945,7.912916666666668
Armenia,1946,8.375083333333334
Armenia,1947,9.457333333333333
Armenia,1948,8.526166666666667
Armenia,1949,8.022333333333334
Armenia,1950,8.213000000000001
Armenia,1951,8.741583333333333
Armenia,1952,9.209999999999999
Armenia,1953,8.36875
Armenia,1954,8.936916666666667
Armenia,1955,9.968166666666667
Armenia,1956,7.765333333333333
Armenia,1957,8.972333333333333
Armenia,1958,8.97025
Armenia,1959,7.9675
Armenia,1960,9.273249999999999
Armenia,1961,9.482000000000001
Armenia,1962,9.982083333333334
Armenia,1963,9.273
Armenia,1964,8.057666666666668
Armenia,1965,8.496083333333333
Armenia,1966,10.841000000000001
Armenia,1967,8.087083333333334
Armenia,1968,8.906583333333336
Armenia,1969,8.230833333333335
Armenia,1970,9.846583333333333
Armenia,1971,9.105416666666668
Armenia,1972,7.789166666666667
Armenia,1973,8.207166666666668
Armenia,1974,8.314333333333334
Armenia,1975,8.993
Armenia,1976,8.345083333333333
Armenia,1977,8.692083333333334
Armenia,1978,9.047666666666666
Armenia,1979,10.146416666666667
Armenia,1980,9.358583333333334
Armenia,1981,9.805416666666668
Armenia,1982,8.274333333333333
Armenia,1983,9.000583333333333
Armenia,1984,9.06775
Armenia,1985,9.17475
Armenia,1986,9.306833333333334
Armenia,1987,8.996666666666668
Armenia,1988,8.626083333333332
Armenia,1989,9.785833333333333
Armenia,1990,9.258083333333333
Armenia,1991,9.372583333333333
Armenia,1992,7.614666666666667
Armenia,1993,7.769666666666667
Armenia,1994,9.02125
Armenia,1995,9.892166666666666
Armenia,1996,9.819166666666666
Armenia,1997,9.246333333333334
Armenia,1998,10.448416666666667
Armenia,1999,10.331
Armenia,2000,9.918166666666668
Armenia,2001,10.443416666666668
Armenia,2002,9.604999999999999
Armenia,2003,9.423083333333333
Armenia,2004,9.720166666666666
Armenia,2005,9.735416666666667
Armenia,2006,10.0535
Armenia,2007,9.53525
Armenia,2008,9.706750000000001
Armenia,2009,9.842083333333333
Armenia,2010,11.509500000000001
Armenia,2011,9.136000000000001
Armenia,2012,10.35075
Armenia,2013,11.34375
Aruba,1900,28.027916666666666
Aruba,1901,27.782666666666668
Aruba,1902,27.895083333333332
Aruba,1903,27.938916666666668
Aruba,1904,27.385
Aruba,1905,27.771833333333333
Aruba,1906,27.6965
Aruba,1907,27.48783333333333
Aruba,1908,27.573333333333334
Aruba,1909,27.46075
Aruba,1910,27.491083333333336
Aruba,1911,27.5805
Aruba,1912,27.729916666666668
Aruba,1913,27.3515
Aruba,1914,27.821416666666668
Aruba,1915,28.280333333333335
Aruba,1916,27.571833333333334
Aruba,1917,27.098
Aruba,1918,27.29041666666667
Aruba,1919,27.849333333333334
Aruba,1920,27.625083333333333
Aruba,1921,27.409499999999998
Aruba,1922,27.587833333333336
Aruba,1923,27.632499999999997
Aruba,1924,27.893583333333336
Aruba,1925,27.690833333333334
Aruba,1926,28.315250000000002
Aruba,1927,27.81075
Aruba,1928,27.963250000000002
Aruba,1929,27.798416666666668
Aruba,1930,27.772750000000002
Aruba,1931,28.220916666666668
Aruba,1932,28.059583333333336
Aruba,1933,27.717916666666667
Aruba,1934,27.968833333333336
Aruba,1935,27.665916666666664
Aruba,1936,27.865250000000003
Aruba,1937,28.008666666666667
Aruba,1938,27.525833333333335
Aruba,1939,27.75091666666667
Aruba,1940,28.530083333333334
Aruba,1941,28.64725
Aruba,1942,28.57375
Aruba,1943,27.948916666666666
Aruba,1944,28.034750000000003
Aruba,1945,27.82625
Aruba,1946,27.685916666666667
Aruba,1947,28.266583333333333
Aruba,1948,28.229083333333335
Aruba,1949,27.8155
Aruba,1950,27.488500000000002
Aruba,1951,28.18166666666667
Aruba,1952,28.50583333333333
Aruba,1953,28.45141666666667
Aruba,1954,28.057666666666666
Aruba,1955,27.68975
Aruba,1956,27.85525
Aruba,1957,28.03825
Aruba,1958,28.836916666666667
Aruba,1959,28.187
Aruba,1960,28.253583333333335
Aruba,1961,28.072833333333335
Aruba,1962,28.286
Aruba,1963,28.31725
Aruba,1964,28.07641666666667
Aruba,1965,28.04675
Aruba,1966,28.24116666666667
Aruba,1967,27.95475
Aruba,1968,28.114333333333335
Aruba,1969,28.631
Aruba,1970,28.369333333333334
Aruba,1971,27.89
Aruba,1972,28.352333333333334
Aruba,1973,28.331833333333332
Aruba,1974,27.70025
Aruba,1975,27.943250000000003
Aruba,1976,27.810083333333335
Aruba,1977,28.45441666666667
Aruba,1978,28.391583333333333
Aruba,1979,28.432333333333332
Aruba,1980,28.62691666666667
Aruba,1981,28.44825
Aruba,1982,28.2465
Aruba,1983,28.687
Aruba,1984,28.198166666666665
Aruba,1985,27.885666666666665
Aruba,1986,27.989333333333335
Aruba,1987,28.859416666666664
Aruba,1988,28.34991666666667
Aruba,1989,28.134583333333335
Aruba,1990,28.243333333333336
Aruba,1991,28.343083333333336
Aruba,1992,28.49875
Aruba,1993,28.589166666666667
Aruba,1994,28.482249999999997
Aruba,1995,28.736416666666667
Aruba,1996,28.479583333333334
Aruba,1997,28.763333333333335
Aruba,1998,28.9825
Aruba,1999,28.197916666666668
Aruba,2000,28.128
Aruba,2001,28.630916666666668
Aruba,2002,28.849249999999998
Aruba,2003,28.849666666666668
Aruba,2004,28.506
Aruba,2005,28.77225
Aruba,2006,28.804666666666666
Aruba,2007,28.822833333333335
Aruba,2008,28.45025
Aruba,2009,28.832000000000004
Aruba,2010,28.968333333333334
Aruba,2011,28.513333333333335
Aruba,2012,28.65233333333333
Aruba,2013,28.541249999999998
Asia,1900,7.141000000000001
Asia,1901,7.39525
Asia,1902,6.922916666666667
Asia,1903,7.1010833333333325
Asia,1904,7.19275
Asia,1905,6.932166666666667
Asia,1906,7.345083333333334
Asia,1907,6.8495
Asia,1908,6.86775
Asia,1909,7.171250000000001
Asia,1910,6.967833333333334
Asia,1911,6.958083333333334
Asia,1912,6.689333333333334
Asia,1913,7.067249999999999
Asia,1914,7.481583333333333
Asia,1915,7.215750000000001
Asia,1916,6.932166666666667
Asia,1917,7.159416666666668
Asia,1918,7.0023333333333335
Asia,1919,7.080666666666667
Asia,1920,7.2636666666666665
Asia,1921,7.489249999999999
Asia,1922,7.378500000000002
Asia,1923,7.298000000000001
Asia,1924,7.476083333333334
Asia,1925,7.502083333333332
Asia,1926,7.454916666666666
Asia,1927,7.290499999999999
Asia,1928,7.210249999999999
Asia,1929,6.854333333333334
Asia,1930,7.261916666666667
Asia,1931,7.1593333333333335
Asia,1932,7.685666666666667
Asia,1933,6.950083333333333
Asia,1934,7.401583333333334
Asia,1935,7.446166666666667
Asia,1936,7.39125
Asia,1937,7.4125000000000005
Asia,1938,7.773499999999999
Asia,1939,7.78775
Asia,1940,7.547750000000001
Asia,1941,7.429833333333334
Asia,1942,7.537
Asia,1943,7.866500000000001
Asia,1944,7.81675
Asia,1945,7.332
Asia,1946,7.499083333333334
Asia,1947,7.616833333333333
Asia,1948,7.968666666666667
Asia,1949,7.522666666666667
Asia,1950,7.169833333333333
Asia,1951,7.6673333333333344
Asia,1952,7.2130833333333335
Asia,1953,7.838333333333334
Asia,1954,7.351500000000001
Asia,1955,7.5025
Asia,1956,7.118666666666667
Asia,1957,7.326416666666667
Asia,1958,7.4561666666666655
Asia,1959,7.664583333333333
Asia,1960,7.364333333333334
Asia,1961,7.787499999999999
Asia,1962,7.958583333333333
Asia,1963,7.8918333333333335
Asia,1964,7.229416666666666
Asia,1965,7.401
Asia,1966,7.418500000000001
Asia,1967,7.721666666666667
Asia,1968,7.384666666666667
Asia,1969,6.889499999999999
Asia,1970,7.525666666666666
Asia,1971,7.6859166666666665
Asia,1972,7.2437499999999995
Asia,1973,7.921500000000001
Asia,1974,7.291333333333333
Asia,1975,8.03975
Asia,1976,7.110916666666667
Asia,1977,7.6295
Asia,1978,7.7387500000000005
Asia,1979,7.643916666666667
Asia,1980,7.709166666666667
Asia,1981,8.172500000000001
Asia,1982,7.711749999999999
Asia,1983,8.215166666666667
Asia,1984,7.399000000000001
Asia,1985,7.53625
Asia,1986,7.77625
Asia,1987,7.509416666666667
Asia,1988,8.234083333333333
Asia,1989,8.216333333333333
Asia,1990,8.428166666666668
Asia,1991,8.15325
Asia,1992,7.671916666666667
Asia,1993,7.823166666666666
Asia,1994,8.04125
Asia,1995,8.705833333333333
Asia,1996,7.8879166666666665
Asia,1997,8.2815
Asia,1998,8.29425
Asia,1999,8.3795
Asia,2000,8.252583333333332
Asia,2001,8.450916666666666
Asia,2002,8.645333333333333
Asia,2003,8.534
Asia,2004,8.488833333333334
Asia,2005,8.666666666666666
Asia,2006,8.406916666666667
Asia,2007,9.100666666666667
Asia,2008,8.764999999999999
Asia,2009,8.442333333333334
Asia,2010,8.575583333333334
Asia,2011,8.574
Asia,2012,8.429333333333334
Asia,2013,10.047375
Australia,1900,21.766583333333333
Australia,1901,21.582583333333332
Australia,1902,21.597916666666666
Australia,1903,21.176750000000002
Australia,1904,20.970833333333335
Australia,1905,21.1775
Australia,1906,21.885
Australia,1907,21.2945
Australia,1908,20.8645
Australia,1909,21.05275
Australia,1910,21.569083333333335
Australia,1911,21.347916666666666
Australia,1912,21.826166666666666
Australia,1913,21.187833333333334
Australia,1914,22.186333333333334
Australia,1915,22.144833333333334
Australia,1916,21.504416666666668
Australia,1917,20.7715
Australia,1918,21.369333333333334
Australia,1919,21.82858333333333
Australia,1920,21.324416666666668
Australia,1921,21.680083333333332
Australia,1922,21.449749999999998
Australia,1923,21.536833333333334
Australia,1924,21.212583333333335
Australia,1925,21.097833333333334
Australia,1926,21.702583333333333
Australia,1927,21.397833333333335
Australia,1928,22.01908333333333
Australia,1929,21.10125
Australia,1930,21.640833333333333
Australia,1931,21.239083333333333
Australia,1932,21.459666666666667
Australia,1933,21.386499999999998
Australia,1934,21.50708333333333
Australia,1935,21.39741666666667
Australia,1936,21.716333333333335
Australia,1937,21.52733333333333
Australia,1938,22.08875
Australia,1939,21.34
Australia,1940,21.681583333333336
Australia,1941,21.36283333333333
Australia,1942,21.926416666666668
Australia,1943,21.31716666666667
Australia,1944,21.53016666666667
Australia,1945,21.604083333333335
Australia,1946,21.24125
Australia,1947,21.59025
Australia,1948,21.459500000000002
Australia,1949,20.984916666666667
Australia,1950,21.322916666666668
Australia,1951,21.557000000000002
Australia,1952,21.487
Australia,1953,21.47458333333333
Australia,1954,21.558666666666667
Australia,1955,21.563083333333335
Australia,1956,21.006
Australia,1957,21.902666666666665
Australia,1958,21.997249999999998
Australia,1959,22.098166666666668
Australia,1960,21.2105
Australia,1961,21.964250000000003
Australia,1962,21.802916666666665
Australia,1963,21.697833333333335
Australia,1964,21.65075
Australia,1965,22.092083333333335
Australia,1966,21.361
Australia,1967,21.625416666666666
Australia,1968,21.462166666666665
Australia,1969,21.847583333333333
Australia,1970,21.775750000000002
Australia,1971,21.65433333333333
Australia,1972,22.012083333333333
Australia,1973,22.41275
Australia,1974,21.238083333333332
Australia,1975,21.692666666666668
Australia,1976,21.193416666666668
Australia,1977,21.8925
Australia,1978,21.605166666666666
Australia,1979,22.252333333333336
Australia,1980,22.586166666666667
Australia,1981,22.164083333333334
Australia,1982,21.9105
Australia,1983,22.261083333333332
Australia,1984,21.516916666666663
Australia,1985,22.04341666666667
Australia,1986,22.093249999999998
Australia,1987,22.07241666666667
Australia,1988,22.63008333333333
Australia,1989,21.86283333333333
Australia,1990,22.35575
Australia,1991,22.48741666666667
Australia,1992,21.932583333333337
Australia,1993,22.16016666666667
Australia,1994,22.03025
Australia,1995,21.955166666666667
Australia,1996,22.325333333333333
Australia,1997,22.086
Australia,1998,22.664833333333334
Australia,1999,22.0645
Australia,2000,21.709666666666667
Australia,2001,21.79275
Australia,2002,22.46083333333333
Australia,2003,22.44033333333333
Australia,2004,22.286916666666666
Australia,2005,22.896833333333333
Australia,2006,22.264416666666666
Australia,2007,22.48675
Australia,2008,22.225916666666667
Australia,2009,22.690583333333333
Australia,2010,22.078166666666664
Australia,2011,21.767
Australia,2012,22.0245
Australia,2013,22.142875
Austria,1900,6.670249999999999
Austria,1901,5.6565
Austria,1902,5.577000000000001
Austria,1903,6.240083333333334
Austria,1904,6.534583333333333
Austria,1905,5.9875
Austria,1906,6.026166666666666
Austria,1907,5.959
Austria,1908,5.542833333333334
Austria,1909,5.450666666666667
Austria,1910,6.249916666666667
Austria,1911,6.732333333333333
Austria,1912,5.602916666666666
Austria,1913,6.134333333333333
Austria,1914,5.851
Austria,1915,5.96075
Austria,1916,6.750916666666668
Austria,1917,5.668333333333333
Austria,1918,6.4245833333333335
Austria,1919,5.49875
Austria,1920,6.8308333333333335
Austria,1921,6.868916666666667
Austria,1922,5.520500000000001
Austria,1923,6.455583333333334
Austria,1924,5.586666666666666
Austria,1925,6.0735833333333344
Austria,1926,6.823250000000001
Austria,1927,6.50075
Austria,1928,6.663833333333333
Austria,1929,5.5776666666666666
Austria,1930,6.809333333333334
Austria,1931,5.628916666666666
Austria,1932,6.256083333333334
Austria,1933,5.328916666666667
Austria,1934,7.414583333333333
Austria,1935,6.1554166666666665
Austria,1936,6.50125
Austria,1937,6.587833333333333
Austria,1938,6.394583333333333
Austria,1939,6.231833333333333
Austria,1940,4.7235000000000005
Austria,1941,5.272833333333334
Austria,1942,5.67125
Austria,1943,6.9055
Austria,1944,5.965166666666666
Austria,1945,6.728000000000001
Austria,1946,6.827416666666667
Austria,1947,6.770166666666667
Austria,1948,6.874833333333334
Austria,1949,6.962833333333333
Austria,1950,7.03575
Austria,1951,7.079833333333333
Austria,1952,6.195333333333334
Austria,1953,6.788916666666666
Austria,1954,5.7045
Austria,1955,5.8694999999999995
Austria,1956,5.194999999999999
Austria,1957,6.695
Austria,1958,6.5685
Austria,1959,6.84875
Austria,1960,6.527083333333334
Austria,1961,7.185583333333334
Austria,1962,5.441
Austria,1963,5.650916666666666
Austria,1964,6.203333333333333
Austria,1965,5.637083333333333
Austria,1966,6.873416666666667
Austria,1967,6.838166666666666
Austria,1968,6.37925
Austria,1969,6.000333333333334
Austria,1970,5.934833333333334
Austria,1971,6.449333333333333
Austria,1972,6.249833333333334
Austria,1973,6.2135
Austria,1974,6.891416666666667
Austria,1975,6.898
Austria,1976,6.416083333333333
Austria,1977,6.916
Austria,1978,5.786833333333334
Austria,1979,6.404
Austria,1980,5.633583333333334
Austria,1981,6.503583333333334
Austria,1982,6.918583333333334
Austria,1983,7.187083333333334
Austria,1984,6.061833333333333
Austria,1985,5.923000000000001
Austria,1986,6.316916666666667
Austria,1987,6.1695
Austria,1988,7.082166666666667
Austria,1989,7.372416666666666
Austria,1990,7.344
Austria,1991,6.357916666666667
Austria,1992,7.615583333333333
Austria,1993,6.858666666666667
Austria,1994,8.164916666666667
Austria,1995,6.8465
Austria,1996,5.863250000000001
Austria,1997,7.025083333333334
Austria,1998,7.2227500000000004
Austria,1999,7.23425
Austria,2000,8.084916666666667
Austria,2001,7.188916666666667
Austria,2002,7.91525
Austria,2003,7.509333333333334
Austria,2004,6.906083333333334
Austria,2005,6.6095
Austria,2006,7.277583333333333
Austria,2007,7.976500000000001
Austria,2008,7.801916666666667
Austria,2009,7.616
Austria,2010,6.6490833333333335
Austria,2011,7.855583333333333
Austria,2012,7.611333333333334
Austria,2013,8.055125
Azerbaijan,1900,10.5825
Azerbaijan,1901,11.647916666666667
Azerbaijan,1902,11.004916666666666
Azerbaijan,1903,10.748666666666667
Azerbaijan,1904,10.5175
Azerbaijan,1905,10.928166666666668
Azerbaijan,1906,11.060250000000002
Azerbaijan,1907,10.201916666666667
Azerbaijan,1908,10.328999999999999
Azerbaijan,1909,11.330666666666666
Azerbaijan,1910,11.299916666666668
Azerbaijan,1911,9.4855
Azerbaijan,1912,11.316166666666668
Azerbaijan,1913,10.958666666666668
Azerbaijan,1914,11.309416666666666
Azerbaijan,1915,11.6755
Azerbaijan,1916,11.403333333333334
Azerbaijan,1917,11.882166666666668
Azerbaijan,1918,11.221333333333334
Azerbaijan,1919,11.447166666666666
Azerbaijan,1920,9.594083333333334
Azerbaijan,1921,10.488416666666668
Azerbaijan,1922,11.735999999999999
Azerbaijan,1923,11.462333333333333
Azerbaijan,1924,11.331833333333334
Azerbaijan,1925,11.515
Azerbaijan,1926,11.122416666666666
Azerbaijan,1927,11.191833333333333
Azerbaijan,1928,10.109166666666667
Azerbaijan,1929,10.288833333333335
Azerbaijan,1930,11.189083333333334
Azerbaijan,1931,10.408833333333332
Azerbaijan,1932,10.734416666666668
Azerbaijan,1933,10.596166666666667
Azerbaijan,1934,10.580333333333334
Azerbaijan,1935,11.532083333333333
Azerbaijan,1936,11.427999999999999
Azerbaijan,1937,11.783500000000002
Azerbaijan,1938,11.734416666666668
Azerbaijan,1939,11.638416666666666
Azerbaijan,1940,11.904416666666668
Azerbaijan,1941,11.621416666666667
Azerbaijan,1942,11.13825
Azerbaijan,1943,11.062583333333334
Azerbaijan,1944,11.853499999999999
Azerbaijan,1945,10.533333333333333
Azerbaijan,1946,11.1025
Azerbaijan,1947,11.899666666666667
Azerbaijan,1948,11.280500000000002
Azerbaijan,1949,10.623333333333335
Azerbaijan,1950,10.891333333333334
Azerbaijan,1951,11.330833333333333
Azerbaijan,1952,11.675833333333335
Azerbaijan,1953,11.069833333333335
Azerbaijan,1954,11.4775
Azerbaijan,1955,12.425333333333334
Azerbaijan,1956,10.529083333333334
Azerbaijan,1957,11.653833333333333
Azerbaijan,1958,11.646916666666668
Azerbaijan,1959,10.511333333333335
Azerbaijan,1960,11.738
Azerbaijan,1961,12.292
Azerbaijan,1962,12.499666666666668
Azerbaijan,1963,11.787666666666667
Azerbaijan,1964,10.8025
Azerbaijan,1965,11.203083333333334
Azerbaijan,1966,13.202833333333333
Azerbaijan,1967,11.009666666666666
Azerbaijan,1968,11.695916666666667
Azerbaijan,1969,10.4565
Azerbaijan,1970,12.26075
Azerbaijan,1971,11.988583333333333
Azerbaijan,1972,10.639083333333334
Azerbaijan,1973,11.07725
Azerbaijan,1974,11.080916666666667
Azerbaijan,1975,12.009833333333333
Azerbaijan,1976,10.942
Azerbaijan,1977,11.32775
Azerbaijan,1978,11.5005
Azerbaijan,1979,12.488750000000001
Azerbaijan,1980,11.801000000000002
Azerbaijan,1981,12.390666666666666
Azerbaijan,1982,10.934833333333332
Azerbaijan,1983,11.855333333333334
Azerbaijan,1984,11.346083333333334
Azerbaijan,1985,11.611083333333333
Azerbaijan,1986,11.872250000000001
Azerbaijan,1987,11.51975
Azerbaijan,1988,11.59025
Azerbaijan,1989,12.445083333333335
Azerbaijan,1990,11.991999999999999
Azerbaijan,1991,11.956000000000001
Azerbaijan,1992,10.721333333333334
Azerbaijan,1993,10.526083333333334
Azerbaijan,1994,11.472916666666668
Azerbaijan,1995,12.731583333333333
Azerbaijan,1996,12.20225
Azerbaijan,1997,11.894416666666666
Azerbaijan,1998,12.95875
Azerbaijan,1999,12.851750000000001
Azerbaijan,2000,12.632
Azerbaijan,2001,13.09725
Azerbaijan,2002,12.432250000000002
Azerbaijan,2003,11.98475
Azerbaijan,2004,12.6195
Azerbaijan,2005,12.68725
Azerbaijan,2006,12.71225
Azerbaijan,2007,12.514833333333334
Azerbaijan,2008,12.365499999999999
Azerbaijan,2009,12.611666666666666
Azerbaijan,2010,13.962666666666665
Azerbaijan,2011,11.808666666666667
Azerbaijan,2012,13.08675
Azerbaijan,2013,14.173874999999999
Bahamas,1900,25.05741666666667
Bahamas,1901,24.37425
Bahamas,1902,24.766666666666666
Bahamas,1903,24.744416666666666
Bahamas,1904,24.668833333333335
Bahamas,1905,25.23575
Bahamas,1906,24.7655
Bahamas,1907,25.02425
Bahamas,1908,25.04275
Bahamas,1909,24.7995
Bahamas,1910,24.233500000000003
Bahamas,1911,25.168666666666667
Bahamas,1912,25.366500000000002
Bahamas,1913,24.9515
Bahamas,1914,24.865166666666667
Bahamas,1915,24.86491666666667
Bahamas,1916,24.631583333333335
Bahamas,1917,24.528166666666667
Bahamas,1918,24.791
Bahamas,1919,25.099999999999998
Bahamas,1920,24.88
Bahamas,1921,25.038750000000004
Bahamas,1922,24.709083333333336
Bahamas,1923,24.8385
Bahamas,1924,25.46141666666667
Bahamas,1925,25.437749999999998
Bahamas,1926,25.51966666666667
Bahamas,1927,25.187250000000002
Bahamas,1928,25.012833333333333
Bahamas,1929,25.427833333333336
Bahamas,1930,25.139166666666668
Bahamas,1931,25.014
Bahamas,1932,25.294083333333333
Bahamas,1933,25.353166666666667
Bahamas,1934,24.980416666666667
Bahamas,1935,24.926416666666668
Bahamas,1936,25.279083333333332
Bahamas,1937,25.427666666666667
Bahamas,1938,25.29858333333333
Bahamas,1939,25.386666666666667
Bahamas,1940,24.905083333333334
Bahamas,1941,25.32575
Bahamas,1942,25.345
Bahamas,1943,25.038166666666665
Bahamas,1944,25.14108333333333
Bahamas,1945,25.15733333333333
Bahamas,1946,25.678833333333333
Bahamas,1947,25.569583333333338
Bahamas,1948,26.047416666666667
Bahamas,1949,25.584666666666667
Bahamas,1950,25.00016666666667
Bahamas,1951,25.075166666666664
Bahamas,1952,25.252499999999998
Bahamas,1953,25.534666666666666
Bahamas,1954,25.135583333333333
Bahamas,1955,24.938166666666664
Bahamas,1956,24.9455
Bahamas,1957,25.504166666666666
Bahamas,1958,25.073333333333334
Bahamas,1959,25.65025
Bahamas,1960,25.16725
Bahamas,1961,25.383750000000003
Bahamas,1962,25.089583333333334
Bahamas,1963,25.151333333333337
Bahamas,1964,25.454166666666666
Bahamas,1965,25.1865
Bahamas,1966,24.950583333333338
Bahamas,1967,25.32041666666667
Bahamas,1968,24.885
Bahamas,1969,25.21258333333333
Bahamas,1970,25.038666666666668
Bahamas,1971,25.266333333333336
Bahamas,1972,25.597250000000003
Bahamas,1973,25.347916666666666
Bahamas,1974,25.377583333333334
Bahamas,1975,25.713250000000002
Bahamas,1976,25.159333333333336
Bahamas,1977,25.34
Bahamas,1978,25.4845
Bahamas,1979,25.481083333333334
Bahamas,1980,25.50825
Bahamas,1981,25.156499999999998
Bahamas,1982,25.870333333333335
Bahamas,1983,25.527583333333336
Bahamas,1984,25.31658333333333
Bahamas,1985,25.4735
Bahamas,1986,25.665333333333333
Bahamas,1987,25.600916666666667
Bahamas,1988,25.37183333333333
Bahamas,1989,25.651666666666667
Bahamas,1990,25.992333333333335
Bahamas,1991,25.926750000000002
Bahamas,1992,25.465500000000002
Bahamas,1993,25.549833333333336
Bahamas,1994,26.0245
Bahamas,1995,25.768666666666665
Bahamas,1996,25.385416666666668
Bahamas,1997,26.190833333333334
Bahamas,1998,26.2295
Bahamas,1999,25.622666666666664
Bahamas,2000,25.44916666666667
Bahamas,2001,25.58066666666667
Bahamas,2002,26.116249999999997
Bahamas,2003,26.180333333333337
Bahamas,2004,25.84975
Bahamas,2005,25.801666666666666
Bahamas,2006,25.71575
Bahamas,2007,26.034750000000003
Bahamas,2008,25.89975
Bahamas,2009,25.769166666666667
Bahamas,2010,25.229166666666668
Bahamas,2011,26.003249999999998
Bahamas,2012,25.81641666666667
Bahamas,2013,26.01166666666667
Bahrain,1900,25.89925
Bahrain,1901,26.209333333333333
Bahrain,1902,25.993750000000002
Bahrain,1903,25.274416666666667
Bahrain,1904,25.722166666666666
Bahrain,1905,25.622
Bahrain,1906,25.562916666666666
Bahrain,1907,25.2645
Bahrain,1908,25.71666666666667
Bahrain,1909,26.12875
Bahrain,1910,25.238416666666666
Bahrain,1911,24.717083333333335
Bahrain,1912,25.571416666666668
Bahrain,1913,25.549583333333334
Bahrain,1914,25.785666666666668
Bahrain,1915,26.088333333333335
Bahrain,1916,25.366500000000002
Bahrain,1917,25.647666666666666
Bahrain,1918,25.306833333333334
Bahrain,1919,25.914083333333334
Bahrain,1920,25.633583333333334
Bahrain,1921,25.608583333333332
Bahrain,1922,26.039583333333336
Bahrain,1923,25.634416666666667
Bahrain,1924,26.316666666666666
Bahrain,1925,25.629333333333335
Bahrain,1926,25.834083333333336
Bahrain,1927,25.74875
Bahrain,1928,25.80175
Bahrain,1929,25.883499999999998
Bahrain,1930,25.851000000000003
Bahrain,1931,25.833333333333332
Bahrain,1932,25.44841666666667
Bahrain,1933,25.261583333333334
Bahrain,1934,25.486666666666668
Bahrain,1935,26.112333333333336
Bahrain,1936,25.57525
Bahrain,1937,25.634416666666667
Bahrain,1938,25.84325
Bahrain,1939,25.705583333333333
Bahrain,1940,26.114083333333337
Bahrain,1941,26.060750000000002
Bahrain,1942,26.269166666666667
Bahrain,1943,25.64691666666667
Bahrain,1944,26.09675
Bahrain,1945,25.74491666666667
Bahrain,1946,26.564583333333335
Bahrain,1947,26.827916666666667
Bahrain,1948,25.521666666666665
Bahrain,1949,25.39675
Bahrain,1950,25.438000000000002
Bahrain,1951,26.263416666666668
Bahrain,1952,26.158916666666666
Bahrain,1953,26.068416666666668
Bahrain,1954,26.386333333333337
Bahrain,1955,26.065166666666666
Bahrain,1956,25.695000000000004
Bahrain,1957,25.707583333333332
Bahrain,1958,26.263583333333333
Bahrain,1959,25.3005
Bahrain,1960,26.266500000000004
Bahrain,1961,25.7175
Bahrain,1962,26.492166666666666
Bahrain,1963,26.2315
Bahrain,1964,25.431083333333333
Bahrain,1965,26.29416666666667
Bahrain,1966,26.599500000000003
Bahrain,1967,25.477833333333336
Bahrain,1968,25.921916666666664
Bahrain,1969,26.585916666666666
Bahrain,1970,26.33458333333333
Bahrain,1971,25.79116666666667
Bahrain,1972,25.410583333333335
Bahrain,1973,26.001166666666666
Bahrain,1974,25.921750000000003
Bahrain,1975,25.837833333333336
Bahrain,1976,25.71483333333333
Bahrain,1977,26.550666666666668
Bahrain,1978,26.269583333333333
Bahrain,1979,26.808083333333332
Bahrain,1980,26.557333333333332
Bahrain,1981,26.582333333333334
Bahrain,1982,25.516833333333334
Bahrain,1983,25.591166666666666
Bahrain,1984,25.96141666666667
Bahrain,1985,26.202166666666667
Bahrain,1986,26.325583333333338
Bahrain,1987,26.641750000000002
Bahrain,1988,26.628000000000004
Bahrain,1989,26.022500000000004
Bahrain,1990,26.344583333333333
Bahrain,1991,25.811916666666672
Bahrain,1992,25.177666666666667
Bahrain,1993,26.16591666666667
Bahrain,1994,26.73375
Bahrain,1995,26.257416666666668
Bahrain,1996,26.8275
Bahrain,1997,26.190916666666666
Bahrain,1998,27.612416666666665
Bahrain,1999,27.742416666666667
Bahrain,2000,27.07075
Bahrain,2001,27.431
Bahrain,2002,27.266416666666668
Bahrain,2003,27.370666666666665
Bahrain,2004,27.15025
Bahrain,2005,26.983166666666666
Bahrain,2006,27.22125
Bahrain,2007,27.216083333333334
Bahrain,2008,27.033083333333334
Bahrain,2009,27.310333333333332
Bahrain,2010,28.069666666666667
Bahrain,2011,27.103833333333338
Bahrain,2012,27.529333333333337
Bahrain,2013,27.925375000000003
Baker Island,1900,25.230500000000003
Baker Island,1901,25.010500000000004
Baker Island,1902,24.94116666666667
Baker Island,1903,25.144750000000002
Baker Island,1904,24.75775
Baker Island,1905,25.510500000000004
Baker Island,1906,25.423833333333334
Baker Island,1907,25.097583333333333
Baker Island,1908,25.05425
Baker Island,1909,25.018333333333334
Baker Island,1910,25.061833333333336
Baker Island,1911,25.123833333333334
Baker Island,1912,25.29125
Baker Island,1913,24.958583333333333
Baker Island,1914,25.302666666666667
Baker Island,1915,25.276333333333337
Baker Island,1916,24.508916666666668
Baker Island,1917,24.756666666666664
Baker Island,1918,24.8095
Baker Island,1919,25.306250000000002
Baker Island,1920,25.1855
Baker Island,1921,25.103333333333335
Baker Island,1922,25.112166666666667
Baker Island,1923,25.118916666666667
Baker Island,1924,25.160083333333333
Baker Island,1925,24.87816666666667
Baker Island,1926,25.42741666666667
Baker Island,1927,25.478083333333334
Baker Island,1928,25.27316666666667
Baker Island,1929,25.388333333333335
Baker Island,1930,25.486500000000003
Baker Island,1931,25.69366666666667
Baker Island,1932,25.293833333333335
Baker Island,1933,25.277083333333337
Baker Island,1934,25.068749999999998
Baker Island,1935,25.208833333333335
Baker Island,1936,25.28708333333333
Baker Island,1937,25.605333333333334
Baker Island,1938,25.402666666666665
Baker Island,1939,25.396083333333337
Baker Island,1940,25.53891666666667
Baker Island,1941,26.080916666666667
Baker Island,1942,25.72575
Baker Island,1943,25.1755
Baker Island,1944,25.26733333333333
Baker Island,1945,25.361833333333333
Baker Island,1946,25.931583333333336
Baker Island,1947,25.8655
Baker Island,1948,25.564000000000004
Baker Island,1949,25.557916666666667
Baker Island,1950,25.540583333333334
Baker Island,1951,25.861666666666668
Baker Island,1952,25.770583333333335
Baker Island,1953,25.8165
Baker Island,1954,25.612083333333334
Baker Island,1955,25.379416666666668
Baker Island,1956,25.293833333333335
Baker Island,1957,25.731166666666667
Baker Island,1958,25.883583333333334
Baker Island,1959,25.620666666666665
Baker Island,1960,25.83791666666667
Baker Island,1961,25.6065
Baker Island,1962,25.469083333333334
Baker Island,1963,25.495833333333334
Baker Island,1964,25.575916666666668
Baker Island,1965,25.44525
Baker Island,1966,25.765666666666664
Baker Island,1967,25.484083333333334
Baker Island,1968,25.633916666666668
Baker Island,1969,25.861583333333332
Baker Island,1970,25.732833333333335
Baker Island,1971,25.404916666666665
Baker Island,1972,25.93525
Baker Island,1973,25.980500000000003
Baker Island,1974,25.52891666666667
Baker Island,1975,25.68166666666667
Baker Island,1976,25.379333333333335
Baker Island,1977,25.547750000000004
Baker Island,1978,25.701833333333337
Baker Island,1979,25.716833333333337
Baker Island,1980,25.770333333333337
Baker Island,1981,25.739833333333337
Baker Island,1982,25.785416666666666
Baker Island,1983,26.114166666666666
Baker Island,1984,25.472916666666666
Baker Island,1985,25.661583333333336
Baker Island,1986,25.690833333333334
Baker Island,1987,26.03825
Baker Island,1988,25.903166666666667
Baker Island,1989,25.630333333333336
Baker Island,1990,25.913750000000004
Baker Island,1991,25.87566666666667
Baker Island,1992,25.810333333333332
Baker Island,1993,25.73566666666667
Baker Island,1994,25.877
Baker Island,1995,25.862250000000003
Baker Island,1996,25.726583333333334
Baker Island,1997,26.120583333333332
Baker Island,1998,26.645666666666667
Baker Island,1999,25.871166666666667
Baker Island,2000,25.912166666666668
Baker Island,2001,26.037583333333334
Baker Island,2002,26.248083333333337
Baker Island,2003,26.125583333333335
Baker Island,2004,26.07625
Baker Island,2005,26.109416666666664
Baker Island,2006,26.16025
Baker Island,2007,26.077583333333337
Baker Island,2008,25.765500000000003
Baker Island,2009,26.210416666666664
Baker Island,2010,26.205250000000003
Baker Island,2011,25.926000000000002
Baker Island,2012,26.181416666666667
Baker Island,2013,26.43175
Bangladesh,1900,25.219083333333334
Bangladesh,1901,25.0585
Bangladesh,1902,24.746333333333336
Bangladesh,1903,24.91125
Bangladesh,1904,24.670666666666666
Bangladesh,1905,24.107916666666668
Bangladesh,1906,24.843166666666665
Bangladesh,1907,24.6725
Bangladesh,1908,24.862583333333333
Bangladesh,1909,24.952416666666664
Bangladesh,1910,24.532833333333333
Bangladesh,1911,24.503500000000003
Bangladesh,1912,24.688666666666666
Bangladesh,1913,24.453916666666668
Bangladesh,1914,24.599666666666668
Bangladesh,1915,25.14675
Bangladesh,1916,24.903499999999998
Bangladesh,1917,24.57275
Bangladesh,1918,24.48
Bangladesh,1919,25.00016666666667
Bangladesh,1920,24.89091666666667
Bangladesh,1921,24.833166666666667
Bangladesh,1922,25.14325
Bangladesh,1923,24.91225
Bangladesh,1924,25.224333333333334
Bangladesh,1925,24.47066666666667
Bangladesh,1926,24.819999999999997
Bangladesh,1927,24.716166666666666
Bangladesh,1928,25.024083333333333
Bangladesh,1929,24.755916666666668
Bangladesh,1930,24.6845
Bangladesh,1931,25.13791666666667
Bangladesh,1932,25.154083333333332
Bangladesh,1933,24.772583333333333
Bangladesh,1934,24.757583333333333
Bangladesh,1935,24.988583333333334
Bangladesh,1936,24.857416666666666
Bangladesh,1937,24.744416666666666
Bangladesh,1938,25.053833333333333
Bangladesh,1939,25.264083333333332
Bangladesh,1940,24.973583333333334
Bangladesh,1941,25.239583333333332
Bangladesh,1942,25.197583333333338
Bangladesh,1943,24.970083333333335
Bangladesh,1944,24.970083333333335
Bangladesh,1945,24.818166666666666
Bangladesh,1946,25.03791666666667
Bangladesh,1947,25.226916666666668
Bangladesh,1948,24.9695
Bangladesh,1949,24.66016666666667
Bangladesh,1950,25.020333333333337
Bangladesh,1951,25.28216666666667
Bangladesh,1952,25.159166666666668
Bangladesh,1953,25.36975
Bangladesh,1954,25.20941666666667
Bangladesh,1955,25.100166666666667
Bangladesh,1956,24.99525
Bangladesh,1957,25.252
Bangladesh,1958,25.8075
Bangladesh,1959,24.988916666666668
Bangladesh,1960,25.484250000000003
Bangladesh,1961,25.06975
Bangladesh,1962,25.032916666666665
Bangladesh,1963,25.105583333333332
Bangladesh,1964,25.30458333333333
Bangladesh,1965,25.0385
Bangladesh,1966,25.484333333333336
Bangladesh,1967,24.992416666666667
Bangladesh,1968,24.9405
Bangladesh,1969,25.254333333333335
Bangladesh,1970,25.186583333333335
Bangladesh,1971,24.635166666666667
Bangladesh,1972,25.143833333333333
Bangladesh,1973,25.265583333333336
Bangladesh,1974,25.0395
Bangladesh,1975,25.143916666666666
Bangladesh,1976,25.202166666666667
Bangladesh,1977,25.04658333333333
Bangladesh,1978,25.039
Bangladesh,1979,25.711083333333335
Bangladesh,1980,25.340666666666667
Bangladesh,1981,24.951833333333337
Bangladesh,1982,25.14408333333333
Bangladesh,1983,25.069833333333335
Bangladesh,1984,25.065416666666668
Bangladesh,1985,25.42141666666667
Bangladesh,1986,25.29425
Bangladesh,1987,25.642416666666666
Bangladesh,1988,25.709666666666667
Bangladesh,1989,25.30475
Bangladesh,1990,25.281750000000002
Bangladesh,1991,25.135166666666667
Bangladesh,1992,25.122249999999998
Bangladesh,1993,25.00316666666667
Bangladesh,1994,25.261666666666667
Bangladesh,1995,25.415833333333335
Bangladesh,1996,25.440250000000002
Bangladesh,1997,24.859250000000003
Bangladesh,1998,25.52416666666667
Bangladesh,1999,25.714833333333335
Bangladesh,2000,25.150166666666667
Bangladesh,2001,25.337
Bangladesh,2002,25.380333333333336
Bangladesh,2003,25.280833333333334
Bangladesh,2004,25.386333333333337
Bangladesh,2005,25.532
Bangladesh,2006,25.765666666666664
Bangladesh,2007,25.34375
Bangladesh,2008,25.389499999999998
Bangladesh,2009,25.904916666666665
Bangladesh,2010,25.94033333333333
Bangladesh,2011,25.205083333333334
Bangladesh,2012,25.533583333333336
Bangladesh,2013,25.9675
Barbados,1900,26.27916666666667
Barbados,1901,26.46225
Barbados,1902,26.36666666666667
Barbados,1903,26.32675
Barbados,1904,25.8935
Barbados,1905,26.19575
Barbados,1906,26.170749999999998
Barbados,1907,26.066000000000003
Barbados,1908,26.06158333333333
Barbados,1909,25.967166666666667
Barbados,1910,25.893416666666667
Barbados,1911,26.136166666666668
Barbados,1912,26.174333333333337
Barbados,1913,25.8225
Barbados,1914,26.3085
Barbados,1915,26.560583333333337
Barbados,1916,26.123416666666667
Barbados,1917,25.812166666666666
Barbados,1918,25.99383333333333
Barbados,1919,26.423666666666666
Barbados,1920,26.040750000000003
Barbados,1921,26.079916666666666
Barbados,1922,26.04191666666667
Barbados,1923,26.130083333333335
Barbados,1924,26.51091666666667
Barbados,1925,26.12875
Barbados,1926,26.635500000000004
Barbados,1927,26.496750000000002
Barbados,1928,26.502666666666666
Barbados,1929,26.34475
Barbados,1930,26.480083333333337
Barbados,1931,26.85366666666667
Barbados,1932,26.66716666666667
Barbados,1933,26.31741666666667
Barbados,1934,26.303583333333336
Barbados,1935,26.136
Barbados,1936,26.304583333333337
Barbados,1937,26.55
Barbados,1938,26.274916666666666
Barbados,1939,26.388583333333333
Barbados,1940,26.902583333333336
Barbados,1941,27.058333333333334
Barbados,1942,26.883583333333334
Barbados,1943,26.41125
Barbados,1944,26.539916666666667
Barbados,1945,26.334666666666667
Barbados,1946,26.419583333333335
Barbados,1947,26.629166666666666
Barbados,1948,26.511083333333332
Barbados,1949,26.32541666666667
Barbados,1950,26.181250000000002
Barbados,1951,26.589833333333335
Barbados,1952,26.93075
Barbados,1953,26.8225
Barbados,1954,26.515666666666664
Barbados,1955,26.581083333333336
Barbados,1956,26.477166666666665
Barbados,1957,26.530083333333334
Barbados,1958,27.07841666666667
Barbados,1959,26.8295
Barbados,1960,26.926416666666668
Barbados,1961,26.809
Barbados,1962,26.849
Barbados,1963,26.96141666666667
Barbados,1964,26.673333333333336
Barbados,1965,26.636750000000003
Barbados,1966,26.729
Barbados,1967,26.48175
Barbados,1968,26.50191666666667
Barbados,1969,27.107416666666666
Barbados,1970,26.76991666666667
Barbados,1971,26.444916666666668
Barbados,1972,26.6925
Barbados,1973,26.79325
Barbados,1974,26.465000000000003
Barbados,1975,26.373250000000002
Barbados,1976,26.287333333333333
Barbados,1977,26.757333333333335
Barbados,1978,26.918833333333335
Barbados,1979,26.844166666666666
Barbados,1980,27.14725
Barbados,1981,27.11225
Barbados,1982,26.8155
Barbados,1983,26.983333333333334
Barbados,1984,26.625416666666666
Barbados,1985,26.552583333333335
Barbados,1986,26.659583333333334
Barbados,1987,27.335166666666666
Barbados,1988,27.01391666666667
Barbados,1989,26.752166666666668
Barbados,1990,26.94316666666667
Barbados,1991,26.89316666666667
Barbados,1992,26.904666666666667
Barbados,1993,27.056833333333334
Barbados,1994,26.960083333333333
Barbados,1995,27.326000000000004
Barbados,1996,27.01825
Barbados,1997,27.239333333333335
Barbados,1998,27.625083333333336
Barbados,1999,27.140833333333337
Barbados,2000,26.902083333333337
Barbados,2001,27.221833333333336
Barbados,2002,27.26608333333333
Barbados,2003,27.440083333333334
Barbados,2004,27.22541666666667
Barbados,2005,27.67716666666667
Barbados,2006,27.50225
Barbados,2007,27.366416666666666
Barbados,2008,27.003833333333333
Barbados,2009,27.320333333333334
Barbados,2010,27.84466666666667
Barbados,2011,27.39525
Barbados,2012,27.346666666666668
Barbados,2013,27.251125000000002
Belarus,1900,5.82
Belarus,1901,6.258083333333334
Belarus,1902,4.307666666666667
Belarus,1903,6.779916666666668
Belarus,1904,5.0745000000000005
Belarus,1905,5.921083333333333
Belarus,1906,6.498833333333334
Belarus,1907,4.59175
Belarus,1908,4.941416666666666
Belarus,1909,5.253
Belarus,1910,6.9031666666666665
Belarus,1911,5.6739999999999995
Belarus,1912,4.981416666666667
Belarus,1913,6.649916666666666
Belarus,1914,6.432833333333332
Belarus,1915,5.3300833333333335
Belarus,1916,6.118416666666666
Belarus,1917,5.024583333333333
Belarus,1918,6.188
Belarus,1919,5.040416666666666
Belarus,1920,6.400666666666667
Belarus,1921,6.2114166666666675
Belarus,1922,5.01375
Belarus,1923,5.7535
Belarus,1924,5.233666666666667
Belarus,1925,6.819333333333333
Belarus,1926,5.90575
Belarus,1927,5.494583333333334
Belarus,1928,5.266916666666667
Belarus,1929,4.637666666666667
Belarus,1930,6.563
Belarus,1931,5.0235
Belarus,1932,6.530166666666667
Belarus,1933,4.512833333333333
Belarus,1934,7.469
Belarus,1935,5.960916666666667
Belarus,1936,7.033666666666666
Belarus,1937,6.7268333333333326
Belarus,1938,7.197
Belarus,1939,6.8548333333333344
Belarus,1940,4.135
Belarus,1941,3.789583333333333
Belarus,1942,3.7781666666666673
Belarus,1943,6.406
Belarus,1944,6.478583333333333
Belarus,1945,5.428583333333333
Belarus,1946,6.084416666666667
Belarus,1947,5.499416666666668
Belarus,1948,6.665
Belarus,1949,7.164583333333334
Belarus,1950,6.231916666666667
Belarus,1951,6.356000000000001
Belarus,1952,5.658333333333332
Belarus,1953,6.0594166666666665
Belarus,1954,5.6540833333333325
Belarus,1955,5.825083333333333
Belarus,1956,4.4325833333333335
Belarus,1957,6.8685
Belarus,1958,6.001333333333332
Belarus,1959,6.546499999999999
Belarus,1960,6.464583333333334
Belarus,1961,7.032416666666666
Belarus,1962,5.814833333333333
Belarus,1963,5.173
Belarus,1964,5.8035000000000005
Belarus,1965,4.9555
Belarus,1966,6.612666666666667
Belarus,1967,6.682166666666666
Belarus,1968,5.678750000000001
Belarus,1969,4.566916666666667
Belarus,1970,5.764083333333333
Belarus,1971,6.38375
Belarus,1972,6.7580833333333326
Belarus,1973,6.164416666666667
Belarus,1974,6.79375
Belarus,1975,7.869
Belarus,1976,4.84675
Belarus,1977,6.040416666666666
Belarus,1978,5.150916666666666
Belarus,1979,5.8702499999999995
Belarus,1980,4.997166666666667
Belarus,1981,6.592
Belarus,1982,6.62125
Belarus,1983,7.448499999999999
Belarus,1984,6.294250000000001
Belarus,1985,4.70575
Belarus,1986,5.952750000000001
Belarus,1987,4.341666666666666
Belarus,1988,6.417416666666667
Belarus,1989,8.116166666666667
Belarus,1990,7.757416666666667
Belarus,1991,6.895416666666666
Belarus,1992,7.132000000000001
Belarus,1993,6.013833333333333
Belarus,1994,6.735916666666667
Belarus,1995,7.021249999999999
Belarus,1996,5.656583333333333
Belarus,1997,6.34375
Belarus,1998,6.528333333333333
Belarus,1999,7.71275
Belarus,2000,7.909833333333334
Belarus,2001,7.09225
Belarus,2002,7.7019166666666665
Belarus,2003,6.724916666666666
Belarus,2004,6.905833333333334
Belarus,2005,6.968083333333333
Belarus,2006,6.992083333333333
Belarus,2007,7.928166666666667
Belarus,2008,8.13075
Belarus,2009,7.196416666666667
Belarus,2010,7.037250000000001
Belarus,2011,7.5885
Belarus,2012,6.835166666666666
Belarus,2013,8.2665
Belgium,1900,9.787333333333335
Belgium,1901,9.049583333333333
Belgium,1902,8.818833333333334
Belgium,1903,9.560166666666666
Belgium,1904,9.529
Belgium,1905,9.176
Belgium,1906,9.570166666666667
Belgium,1907,9.125
Belgium,1908,8.871416666666667
Belgium,1909,8.653833333333333
Belgium,1910,9.599583333333333
Belgium,1911,10.255416666666667
Belgium,1912,9.468833333333333
Belgium,1913,9.894499999999999
Belgium,1914,9.716916666666666
Belgium,1915,9.267333333333333
Belgium,1916,9.59875
Belgium,1917,8.5255
Belgium,1918,9.720666666666666
Belgium,1919,8.617666666666667
Belgium,1920,9.8345
Belgium,1921,10.496166666666666
Belgium,1922,8.7045
Belgium,1923,9.39275
Belgium,1924,9.068166666666666
Belgium,1925,9.37225
Belgium,1926,9.945500000000001
Belgium,1927,9.410333333333332
Belgium,1928,9.882
Belgium,1929,9.00175
Belgium,1930,10.0985
Belgium,1931,9.041416666666667
Belgium,1932,9.627
Belgium,1933,9.311416666666666
Belgium,1934,10.445833333333333
Belgium,1935,9.847833333333332
Belgium,1936,9.67
Belgium,1937,9.965666666666666
Belgium,1938,9.956416666666668
Belgium,1939,9.810083333333333
Belgium,1940,8.521166666666668
Belgium,1941,8.9755
Belgium,1942,8.922083333333333
Belgium,1943,10.228083333333332
Belgium,1944,9.548
Belgium,1945,10.365333333333334
Belgium,1946,9.543166666666666
Belgium,1947,10.122166666666667
Belgium,1948,10.238666666666665
Belgium,1949,10.454583333333334
Belgium,1950,9.829166666666666
Belgium,1951,9.915083333333333
Belgium,1952,9.495083333333334
Belgium,1953,10.102333333333334
Belgium,1954,9.273583333333333
Belgium,1955,9.211166666666667
Belgium,1956,8.518416666666665
Belgium,1957,10.114749999999999
Belgium,1958,9.709333333333333
Belgium,1959,10.694083333333333
Belgium,1960,9.98875
Belgium,1961,10.435833333333333
Belgium,1962,8.541500000000001
Belgium,1963,8.259666666666666
Belgium,1964,9.594166666666666
Belgium,1965,9.040416666666667
Belgium,1966,9.901583333333333
Belgium,1967,10.056583333333334
Belgium,1968,9.412333333333335
Belgium,1969,9.5505
Belgium,1970,9.498999999999999
Belgium,1971,9.831166666666666
Belgium,1972,9.333333333333334
Belgium,1973,9.758833333333333
Belgium,1974,10.072916666666666
Belgium,1975,10.071916666666667
Belgium,1976,10.368
Belgium,1977,9.961083333333333
Belgium,1978,9.23225
Belgium,1979,9.058583333333333
Belgium,1980,9.297333333333333
Belgium,1981,9.627083333333333
Belgium,1982,10.33
Belgium,1983,10.294500000000001
Belgium,1984,9.6495
Belgium,1985,8.795499999999999
Belgium,1986,9.264000000000001
Belgium,1987,9.0685
Belgium,1988,10.456999999999999
Belgium,1989,10.921166666666666
Belgium,1990,10.935333333333332
Belgium,1991,9.709166666666667
Belgium,1992,10.48925
Belgium,1993,9.925833333333333
Belgium,1994,10.99675
Belgium,1995,10.69675
Belgium,1996,8.893166666666668
Belgium,1997,10.472416666666666
Belgium,1998,10.369166666666667
Belgium,1999,10.93425
Belgium,2000,11.03425
Belgium,2001,10.543333333333333
Belgium,2002,11.03575
Belgium,2003,10.870249999999999
Belgium,2004,10.452583333333333
Belgium,2005,10.727833333333331
Belgium,2006,11.09525
Belgium,2007,11.1455
Belgium,2008,10.504916666666665
Belgium,2009,10.6285
Belgium,2010,9.361749999999999
Belgium,2011,11.305333333333332
Belgium,2012,10.351833333333333
Belgium,2013,10.060125
Belize,1900,24.548416666666668
Belize,1901,23.934083333333334
Belize,1902,24.802666666666667
Belize,1903,24.642166666666668
Belize,1904,24.275499999999997
Belize,1905,24.42441666666667
Belize,1906,24.75475
Belize,1907,24.748583333333332
Belize,1908,24.7585
Belize,1909,25.031583333333334
Belize,1910,24.202833333333334
Belize,1911,25.014
Belize,1912,25.049000000000003
Belize,1913,24.727416666666667
Belize,1914,24.814833333333336
Belize,1915,25.1925
Belize,1916,24.721999999999998
Belize,1917,24.536416666666668
Belize,1918,25.0795
Belize,1919,25.18225
Belize,1920,24.884833333333333
Belize,1921,25.086416666666665
Belize,1922,25.26075
Belize,1923,25.172916666666666
Belize,1924,25.244416666666666
Belize,1925,25.12691666666667
Belize,1926,25.06641666666667
Belize,1927,25.032416666666666
Belize,1928,24.9545
Belize,1929,25.040916666666664
Belize,1930,25.251583333333333
Belize,1931,25.04133333333333
Belize,1932,25.452166666666667
Belize,1933,25.526833333333332
Belize,1934,25.418333333333333
Belize,1935,25.212333333333333
Belize,1936,25.19741666666667
Belize,1937,25.19875
Belize,1938,24.864166666666666
Belize,1939,25.075916666666668
Belize,1940,24.920666666666666
Belize,1941,25.532750000000004
Belize,1942,25.131083333333333
Belize,1943,24.961249999999996
Belize,1944,25.175416666666667
Belize,1945,25.397583333333333
Belize,1946,25.737416666666665
Belize,1947,25.950333333333333
Belize,1948,25.593666666666667
Belize,1949,25.221
Belize,1950,24.783
Belize,1951,25.34358333333334
Belize,1952,25.43375
Belize,1953,25.67141666666667
Belize,1954,24.928833333333333
Belize,1955,25.093416666666666
Belize,1956,24.858666666666668
Belize,1957,25.383416666666665
Belize,1958,25.486833333333333
Belize,1959,25.509416666666667
Belize,1960,25.351583333333334
Belize,1961,25.49175
Belize,1962,25.038750000000004
Belize,1963,25.101083333333335
Belize,1964,25.496
Belize,1965,25.3075
Belize,1966,25.013333333333335
Belize,1967,25.28141666666667
Belize,1968,25.0455
Belize,1969,25.617666666666665
Belize,1970,25.140833333333333
Belize,1971,25.25491666666667
Belize,1972,25.504166666666666
Belize,1973,25.545916666666667
Belize,1974,25.10166666666667
Belize,1975,25.494500000000002
Belize,1976,24.829416666666663
Belize,1977,25.207833333333337
Belize,1978,25.351166666666668
Belize,1979,25.493333333333336
Belize,1980,25.672916666666666
Belize,1981,25.268333333333334
Belize,1982,25.6825
Belize,1983,25.871166666666667
Belize,1984,25.253083333333333
Belize,1985,25.33383333333333
Belize,1986,25.38233333333333
Belize,1987,25.461583333333333
Belize,1988,25.506249999999998
Belize,1989,25.314916666666665
Belize,1990,25.550333333333338
Belize,1991,25.863333333333333
Belize,1992,25.647916666666664
Belize,1993,25.603083333333334
Belize,1994,25.908916666666666
Belize,1995,26.00475
Belize,1996,25.4505
Belize,1997,26.088250000000002
Belize,1998,26.228166666666667
Belize,1999,25.366666666666664
Belize,2000,25.285
Belize,2001,25.52391666666667
Belize,2002,25.787333333333333
Belize,2003,25.865333333333336
Belize,2004,25.744083333333336
Belize,2005,25.919
Belize,2006,25.7085
Belize,2007,25.85875
Belize,2008,25.524666666666665
Belize,2009,25.907750000000004
Belize,2010,25.502333333333336
Belize,2011,25.84275
Belize,2012,25.734416666666664
Belize,2013,26.213333333333335
Benin,1900,27.029750000000003
Benin,1901,26.932583333333337
Benin,1902,26.742333333333335
Benin,1903,26.309250000000002
Benin,1904,26.089083333333335
Benin,1905,26.452916666666667
Benin,1906,26.882083333333338
Benin,1907,26.429916666666667
Benin,1908,26.68341666666667
Benin,1909,26.574583333333337
Benin,1910,26.791916666666665
Benin,1911,26.26575
Benin,1912,26.672583333333336
Benin,1913,27.335083333333333
Benin,1914,27.524333333333335
Benin,1915,27.349666666666668
Benin,1916,26.98275
Benin,1917,27.589166666666667
Benin,1918,27.080416666666668
Benin,1919,27.367666666666665
Benin,1920,27.0745
Benin,1921,27.32166666666667
Benin,1922,27.328666666666667
Benin,1923,27.311000000000003
Benin,1924,27.453833333333336
Benin,1925,27.146916666666666
Benin,1926,27.68241666666667
Benin,1927,27.27725
Benin,1928,27.265666666666664
Benin,1929,26.988333333333333
Benin,1930,27.597333333333335
Benin,1931,27.705416666666668
Benin,1932,27.220083333333335
Benin,1933,27.510583333333333
Benin,1934,27.361083333333337
Benin,1935,27.412499999999998
Benin,1936,27.29975
Benin,1937,27.645416666666666
Benin,1938,27.644416666666668
Benin,1939,27.02808333333333
Benin,1940,27.613
Benin,1941,28.034750000000003
Benin,1942,27.724666666666668
Benin,1943,27.218083333333336
Benin,1944,27.5835
Benin,1945,27.49666666666667
Benin,1946,27.265
Benin,1947,27.6365
Benin,1948,27.098583333333334
Benin,1949,27.636166666666668
Benin,1950,27.16175
Benin,1951,27.41775
Benin,1952,27.271666666666665
Benin,1953,27.18616666666667
Benin,1954,26.94966666666667
Benin,1955,26.867083333333337
Benin,1956,26.95041666666667
Benin,1957,27.087833333333332
Benin,1958,27.350583333333333
Benin,1959,27.307166666666664
Benin,1960,27.203999999999997
Benin,1961,26.944083333333335
Benin,1962,27.028499999999998
Benin,1963,27.398750000000003
Benin,1964,27.046333333333333
Benin,1965,27.046666666666667
Benin,1966,27.2435
Benin,1967,26.976083333333335
Benin,1968,27.175666666666668
Benin,1969,27.574083333333334
Benin,1970,27.524916666666666
Benin,1971,27.158833333333334
Benin,1972,27.361333333333334
Benin,1973,27.887249999999998
Benin,1974,27.099333333333334
Benin,1975,26.95075
Benin,1976,26.961
Benin,1977,27.46175
Benin,1978,27.24383333333333
Benin,1979,27.560666666666666
Benin,1980,27.564333333333334
Benin,1981,27.463333333333335
Benin,1982,27.2955
Benin,1983,27.72975
Benin,1984,27.5455
Benin,1985,27.50425
Benin,1986,27.345916666666668
Benin,1987,28.207583333333332
Benin,1988,27.592333333333332
Benin,1989,27.160416666666666
Benin,1990,27.793833333333335
Benin,1991,27.380916666666668
Benin,1992,27.230583333333332
Benin,1993,27.597916666666666
Benin,1994,27.335583333333332
Benin,1995,27.61616666666667
Benin,1996,27.703916666666668
Benin,1997,27.542
Benin,1998,28.088583333333332
Benin,1999,27.68041666666667
Benin,2000,27.637666666666664
Benin,2001,27.675833333333333
Benin,2002,27.8195
Benin,2003,27.964583333333337
Benin,2004,27.872
Benin,2005,28.153333333333332
Benin,2006,28.144333333333336
Benin,2007,28.0705
Benin,2008,27.690916666666666
Benin,2009,28.15608333333333
Benin,2010,28.32558333333333
Benin,2011,28.061166666666665
Benin,2012,27.751833333333334
Benin,2013,28.160625
Bhutan,1900,12.016499999999999
Bhutan,1901,11.98375
Bhutan,1902,11.5685
Bhutan,1903,11.7515
Bhutan,1904,11.65125
Bhutan,1905,11.010583333333335
Bhutan,1906,11.796583333333333
Bhutan,1907,11.554749999999999
Bhutan,1908,11.929666666666668
Bhutan,1909,12.026333333333334
Bhutan,1910,11.606583333333333
Bhutan,1911,11.433916666666667
Bhutan,1912,11.535416666666665
Bhutan,1913,11.356583333333333
Bhutan,1914,11.590583333333333
Bhutan,1915,12.203666666666669
Bhutan,1916,11.871
Bhutan,1917,11.56
Bhutan,1918,11.510833333333332
Bhutan,1919,11.9975
Bhutan,1920,11.806416666666665
Bhutan,1921,11.76025
Bhutan,1922,12.136166666666666
Bhutan,1923,11.858666666666666
Bhutan,1924,12.079999999999998
Bhutan,1925,11.29875
Bhutan,1926,11.709249999999999
Bhutan,1927,11.543333333333331
Bhutan,1928,12.055916666666667
Bhutan,1929,11.64875
Bhutan,1930,11.65275
Bhutan,1931,12.062333333333333
Bhutan,1932,11.975166666666667
Bhutan,1933,11.831916666666666
Bhutan,1934,11.683833333333332
Bhutan,1935,11.8365
Bhutan,1936,11.787833333333333
Bhutan,1937,11.916083333333333
Bhutan,1938,12.019833333333333
Bhutan,1939,12.15675
Bhutan,1940,11.93275
Bhutan,1941,12.196416666666666
Bhutan,1942,12.229666666666667
Bhutan,1943,11.926083333333333
Bhutan,1944,11.975583333333333
Bhutan,1945,11.90125
Bhutan,1946,12.276833333333334
Bhutan,1947,12.261166666666666
Bhutan,1948,11.822249999999999
Bhutan,1949,11.776166666666667
Bhutan,1950,11.966416666666667
Bhutan,1951,12.278666666666666
Bhutan,1952,12.196666666666665
Bhutan,1953,12.240166666666667
Bhutan,1954,12.28025
Bhutan,1955,12.015166666666666
Bhutan,1956,12.066583333333334
Bhutan,1957,12.02675
Bhutan,1958,12.62
Bhutan,1959,12.1085
Bhutan,1960,12.42525
Bhutan,1961,12.00925
Bhutan,1962,11.834000000000001
Bhutan,1963,11.748249999999999
Bhutan,1964,12.237416666666666
Bhutan,1965,11.61125
Bhutan,1966,12.250333333333332
Bhutan,1967,11.717916666666667
Bhutan,1968,11.634333333333332
Bhutan,1969,12.289916666666665
Bhutan,1970,12.107166666666666
Bhutan,1971,11.768416666666667
Bhutan,1972,12.121249999999998
Bhutan,1973,12.380333333333333
Bhutan,1974,12.194416666666667
Bhutan,1975,12.248249999999999
Bhutan,1976,12.259333333333332
Bhutan,1977,12.00475
Bhutan,1978,11.875166666666667
Bhutan,1979,12.443416666666666
Bhutan,1980,12.231583333333333
Bhutan,1981,12.058750000000002
Bhutan,1982,12.045
Bhutan,1983,11.73975
Bhutan,1984,12.296333333333331
Bhutan,1985,12.404333333333334
Bhutan,1986,11.993666666666664
Bhutan,1987,12.320500000000001
Bhutan,1988,12.656166666666666
Bhutan,1989,12.250333333333336
Bhutan,1990,12.205583333333335
Bhutan,1991,11.994666666666667
Bhutan,1992,11.826833333333333
Bhutan,1993,12.08775
Bhutan,1994,12.299666666666667
Bhutan,1995,12.428416666666665
Bhutan,1996,12.374666666666664
Bhutan,1997,11.578833333333334
Bhutan,1998,12.589833333333333
Bhutan,1999,12.814916666666667
Bhutan,2000,11.998416666666666
Bhutan,2001,12.42575
Bhutan,2002,12.180333333333332
Bhutan,2003,12.232583333333332
Bhutan,2004,12.208083333333333
Bhutan,2005,12.445916666666667
Bhutan,2006,12.854
Bhutan,2007,12.6995
Bhutan,2008,12.456333333333333
Bhutan,2009,13.11475
Bhutan,2010,12.947249999999999
Bhutan,2011,12.40025
Bhutan,2012,12.27975
Bhutan,2013,13.331375
Bolivia,1900,21.11325
Bolivia,1901,20.994083333333332
Bolivia,1902,20.910833333333333
Bolivia,1903,20.4095
Bolivia,1904,20.6255
Bolivia,1905,21.041083333333333
Bolivia,1906,20.789333333333335
Bolivia,1907,20.435750000000002
Bolivia,1908,20.28225
Bolivia,1909,20.433583333333335
Bolivia,1910,20.4385
Bolivia,1911,20.394416666666668
Bolivia,1912,20.863083333333332
Bolivia,1913,20.99925
Bolivia,1914,21.224833333333333
Bolivia,1915,21.62991666666667
Bolivia,1916,20.602666666666668
Bolivia,1917,19.860916666666668
Bolivia,1918,20.461166666666667
Bolivia,1919,21.035666666666668
Bolivia,1920,20.52416666666667
Bolivia,1921,20.484166666666667
Bolivia,1922,20.489583333333336
Bolivia,1923,20.459833333333332
Bolivia,1924,20.717583333333334
Bolivia,1925,20.91975
Bolivia,1926,21.384666666666664
Bolivia,1927,20.84175
Bolivia,1928,21.048666666666666
Bolivia,1929,20.823416666666667
Bolivia,1930,21.13025
Bolivia,1931,20.795666666666666
Bolivia,1932,20.82125
Bolivia,1933,20.804750000000002
Bolivia,1934,20.716416666666664
Bolivia,1935,20.9955
Bolivia,1936,21.363500000000002
Bolivia,1937,21.328833333333332
Bolivia,1938,20.971583333333335
Bolivia,1939,21.009416666666667
Bolivia,1940,21.37875
Bolivia,1941,21.359416666666664
Bolivia,1942,20.793666666666667
Bolivia,1943,20.67725
Bolivia,1944,21.115083333333335
Bolivia,1945,21.144166666666667
Bolivia,1946,21.222250000000003
Bolivia,1947,20.745083333333334
Bolivia,1948,20.994833333333336
Bolivia,1949,20.777916666666666
Bolivia,1950,20.845166666666668
Bolivia,1951,20.93133333333333
Bolivia,1952,20.806500000000003
Bolivia,1953,21.2775
Bolivia,1954,20.91241666666667
Bolivia,1955,20.765416666666667
Bolivia,1956,20.275833333333335
Bolivia,1957,20.851333333333333
Bolivia,1958,21.033583333333336
Bolivia,1959,21.109083333333334
Bolivia,1960,20.5945
Bolivia,1961,21.368
Bolivia,1962,20.797333333333334
Bolivia,1963,21.510916666666663
Bolivia,1964,20.837083333333336
Bolivia,1965,21.23275
Bolivia,1966,21.206333333333333
Bolivia,1967,21.458083333333335
Bolivia,1968,21.131583333333335
Bolivia,1969,21.754166666666666
Bolivia,1970,21.51625
Bolivia,1971,20.73966666666667
Bolivia,1972,21.3355
Bolivia,1973,21.314083333333333
Bolivia,1974,20.789416666666668
Bolivia,1975,21.04225
Bolivia,1976,20.828916666666668
Bolivia,1977,21.246666666666666
Bolivia,1978,21.28475
Bolivia,1979,21.039166666666667
Bolivia,1980,21.03408333333333
Bolivia,1981,20.977999999999998
Bolivia,1982,21.300083333333333
Bolivia,1983,21.57166666666667
Bolivia,1984,21.291833333333333
Bolivia,1985,21.483166666666666
Bolivia,1986,21.482583333333334
Bolivia,1987,21.87291666666667
Bolivia,1988,21.46683333333333
Bolivia,1989,21.156916666666667
Bolivia,1990,21.326083333333333
Bolivia,1991,21.75408333333333
Bolivia,1992,21.205916666666667
Bolivia,1993,21.52491666666667
Bolivia,1994,21.984750000000002
Bolivia,1995,21.730583333333332
Bolivia,1996,21.05366666666667
Bolivia,1997,21.611333333333334
Bolivia,1998,21.467333333333332
Bolivia,1999,21.031750000000002
Bolivia,2000,21.077166666666667
Bolivia,2001,21.234083333333334
Bolivia,2002,21.60575
Bolivia,2003,21.26275
Bolivia,2004,21.571
Bolivia,2005,21.371750000000002
Bolivia,2006,21.470000000000002
Bolivia,2007,21.129333333333335
Bolivia,2008,21.189
Bolivia,2009,21.378333333333334
Bolivia,2010,21.446416666666668
Bolivia,2011,21.55541666666667
Bolivia,2012,21.607166666666668
Bolivia,2013,20.640875
"Bonaire, Saint Eustatius And Saba",1900,27.224
"Bonaire, Saint Eustatius And Saba",1901,27.094333333333335
"Bonaire, Saint Eustatius And Saba",1902,27.1945
"Bonaire, Saint Eustatius And Saba",1903,27.166583333333335
"Bonaire, Saint Eustatius And Saba",1904,26.636833333333332
"Bonaire, Saint Eustatius And Saba",1905,27.016833333333334
"Bonaire, Saint Eustatius And Saba",1906,26.94141666666667
"Bonaire, Saint Eustatius And Saba",1907,26.705916666666667
"Bonaire, Saint Eustatius And Saba",1908,26.824333333333332
"Bonaire, Saint Eustatius And Saba",1909,26.756083333333333
"Bonaire, Saint Eustatius And Saba",1910,26.790666666666667
"Bonaire, Saint Eustatius And Saba",1911,26.81216666666667
"Bonaire, Saint Eustatius And Saba",1912,26.913833333333333
"Bonaire, Saint Eustatius And Saba",1913,26.545666666666666
"Bonaire, Saint Eustatius And Saba",1914,27.014916666666668
"Bonaire, Saint Eustatius And Saba",1915,27.446
"Bonaire, Saint Eustatius And Saba",1916,26.815250000000002
"Bonaire, Saint Eustatius And Saba",1917,26.38875
"Bonaire, Saint Eustatius And Saba",1918,26.618416666666665
"Bonaire, Saint Eustatius And Saba",1919,27.108083333333337
"Bonaire, Saint Eustatius And Saba",1920,26.868583333333333
"Bonaire, Saint Eustatius And Saba",1921,26.667083333333334
"Bonaire, Saint Eustatius And Saba",1922,26.816166666666664
"Bonaire, Saint Eustatius And Saba",1923,26.825
"Bonaire, Saint Eustatius And Saba",1924,27.131666666666664
"Bonaire, Saint Eustatius And Saba",1925,26.91825
"Bonaire, Saint Eustatius And Saba",1926,27.515249999999998
"Bonaire, Saint Eustatius And Saba",1927,27.131
"Bonaire, Saint Eustatius And Saba",1928,27.248666666666665
"Bonaire, Saint Eustatius And Saba",1929,27.012249999999998
"Bonaire, Saint Eustatius And Saba",1930,26.990750000000002
"Bonaire, Saint Eustatius And Saba",1931,27.49791666666667
"Bonaire, Saint Eustatius And Saba",1932,27.338416666666664
"Bonaire, Saint Eustatius And Saba",1933,26.93575
"Bonaire, Saint Eustatius And Saba",1934,27.22425
"Bonaire, Saint Eustatius And Saba",1935,26.912166666666668
"Bonaire, Saint Eustatius And Saba",1936,27.0795
"Bonaire, Saint Eustatius And Saba",1937,27.29041666666667
"Bonaire, Saint Eustatius And Saba",1938,26.781833333333335
"Bonaire, Saint Eustatius And Saba",1939,27.006333333333334
"Bonaire, Saint Eustatius And Saba",1940,27.726083333333335
"Bonaire, Saint Eustatius And Saba",1941,27.835333333333335
"Bonaire, Saint Eustatius And Saba",1942,27.82558333333333
"Bonaire, Saint Eustatius And Saba",1943,27.221083333333336
"Bonaire, Saint Eustatius And Saba",1944,27.3515
"Bonaire, Saint Eustatius And Saba",1945,27.048833333333334
"Bonaire, Saint Eustatius And Saba",1946,26.876
"Bonaire, Saint Eustatius And Saba",1947,27.42958333333333
"Bonaire, Saint Eustatius And Saba",1948,27.378083333333333
"Bonaire, Saint Eustatius And Saba",1949,27.081916666666668
"Bonaire, Saint Eustatius And Saba",1950,26.759333333333334
"Bonaire, Saint Eustatius And Saba",1951,27.406666666666666
"Bonaire, Saint Eustatius And Saba",1952,27.713416666666664
"Bonaire, Saint Eustatius And Saba",1953,27.635833333333334
"Bonaire, Saint Eustatius And Saba",1954,27.25491666666667
"Bonaire, Saint Eustatius And Saba",1955,27.085916666666666
"Bonaire, Saint Eustatius And Saba",1956,27.129166666666666
"Bonaire, Saint Eustatius And Saba",1957,27.348333333333333
"Bonaire, Saint Eustatius And Saba",1958,28.0355
"Bonaire, Saint Eustatius And Saba",1959,27.511
"Bonaire, Saint Eustatius And Saba",1960,27.659916666666664
"Bonaire, Saint Eustatius And Saba",1961,27.386666666666667
"Bonaire, Saint Eustatius And Saba",1962,27.465833333333336
"Bonaire, Saint Eustatius And Saba",1963,27.572333333333333
"Bonaire, Saint Eustatius And Saba",1964,27.416666666666668
"Bonaire, Saint Eustatius And Saba",1965,27.230416666666667
"Bonaire, Saint Eustatius And Saba",1966,27.514833333333332
"Bonaire, Saint Eustatius And Saba",1967,27.18575
"Bonaire, Saint Eustatius And Saba",1968,27.343416666666666
"Bonaire, Saint Eustatius And Saba",1969,27.865
"Bonaire, Saint Eustatius And Saba",1970,27.590083333333336
"Bonaire, Saint Eustatius And Saba",1971,27.08375
"Bonaire, Saint Eustatius And Saba",1972,27.510416666666668
"Bonaire, Saint Eustatius And Saba",1973,27.608833333333333
"Bonaire, Saint Eustatius And Saba",1974,27.018083333333333
"Bonaire, Saint Eustatius And Saba",1975,27.172916666666666
"Bonaire, Saint Eustatius And Saba",1976,27.03025
"Bonaire, Saint Eustatius And Saba",1977,27.693749999999998
"Bonaire, Saint Eustatius And Saba",1978,27.645083333333332
"Bonaire, Saint Eustatius And Saba",1979,27.7115
"Bonaire, Saint Eustatius And Saba",1980,27.848416666666665
"Bonaire, Saint Eustatius And Saba",1981,27.803833333333333
"Bonaire, Saint Eustatius And Saba",1982,27.460833333333337
"Bonaire, Saint Eustatius And Saba",1983,27.88491666666667
"Bonaire, Saint Eustatius And Saba",1984,27.40225
"Bonaire, Saint Eustatius And Saba",1985,27.147833333333335
"Bonaire, Saint Eustatius And Saba",1986,27.362416666666665
"Bonaire, Saint Eustatius And Saba",1987,28.209500000000002
"Bonaire, Saint Eustatius And Saba",1988,27.58175
"Bonaire, Saint Eustatius And Saba",1989,27.382583333333333
"Bonaire, Saint Eustatius And Saba",1990,27.651750000000003
"Bonaire, Saint Eustatius And Saba",1991,27.52416666666667
"Bonaire, Saint Eustatius And Saba",1992,27.706
"Bonaire, Saint Eustatius And Saba",1993,27.763
"Bonaire, Saint Eustatius And Saba",1994,27.6945
"Bonaire, Saint Eustatius And Saba",1995,27.9905
"Bonaire, Saint Eustatius And Saba",1996,27.7375
"Bonaire, Saint Eustatius And Saba",1997,27.869666666666664
"Bonaire, Saint Eustatius And Saba",1998,28.281499999999998
"Bonaire, Saint Eustatius And Saba",1999,27.534916666666664
"Bonaire, Saint Eustatius And Saba",2000,27.412166666666668
"Bonaire, Saint Eustatius And Saba",2001,27.88116666666667
"Bonaire, Saint Eustatius And Saba",2002,28.074583333333337
"Bonaire, Saint Eustatius And Saba",2003,28.111666666666665
"Bonaire, Saint Eustatius And Saba",2004,27.69125
"Bonaire, Saint Eustatius And Saba",2005,28.085333333333335
"Bonaire, Saint Eustatius And Saba",2006,28.080166666666667
"Bonaire, Saint Eustatius And Saba",2007,28.13575
"Bonaire, Saint Eustatius And Saba",2008,27.780333333333335
"Bonaire, Saint Eustatius And Saba",2009,28.139166666666668
"Bonaire, Saint Eustatius And Saba",2010,28.370583333333332
"Bonaire, Saint Eustatius And Saba",2011,27.8515
"Bonaire, Saint Eustatius And Saba",2012,27.996416666666665
"Bonaire, Saint Eustatius And Saba",2013,27.919625
Bosnia And Herzegovina,1900,10.90975
Bosnia And Herzegovina,1901,9.981666666666667
Bosnia And Herzegovina,1902,10.097916666666668
Bosnia And Herzegovina,1903,10.459666666666667
Bosnia And Herzegovina,1904,10.610333333333335
Bosnia And Herzegovina,1905,10.057666666666668
Bosnia And Herzegovina,1906,9.969083333333332
Bosnia And Herzegovina,1907,10.158833333333334
Bosnia And Herzegovina,1908,9.690416666666668
Bosnia And Herzegovina,1909,9.998583333333334
Bosnia And Herzegovina,1910,10.61775
Bosnia And Herzegovina,1911,10.515666666666666
Bosnia And Herzegovina,1912,9.720083333333333
Bosnia And Herzegovina,1913,10.117
Bosnia And Herzegovina,1914,9.608666666666666
Bosnia And Herzegovina,1915,10.300666666666666
Bosnia And Herzegovina,1916,11.232333333333335
Bosnia And Herzegovina,1917,10.155416666666666
Bosnia And Herzegovina,1918,10.388916666666667
Bosnia And Herzegovina,1919,9.911583333333333
Bosnia And Herzegovina,1920,10.7665
Bosnia And Herzegovina,1921,10.528166666666666
Bosnia And Herzegovina,1922,9.971166666666667
Bosnia And Herzegovina,1923,11.130249999999998
Bosnia And Herzegovina,1924,9.9605
Bosnia And Herzegovina,1925,10.403333333333334
Bosnia And Herzegovina,1926,11.103499999999999
Bosnia And Herzegovina,1927,11.369666666666667
Bosnia And Herzegovina,1928,10.906999999999998
Bosnia And Herzegovina,1929,9.730916666666667
Bosnia And Herzegovina,1930,11.267833333333334
Bosnia And Herzegovina,1931,10.314750000000002
Bosnia And Herzegovina,1932,10.136333333333333
Bosnia And Herzegovina,1933,9.616249999999999
Bosnia And Herzegovina,1934,11.430583333333333
Bosnia And Herzegovina,1935,10.49675
Bosnia And Herzegovina,1936,11.000583333333333
Bosnia And Herzegovina,1937,11.022416666666667
Bosnia And Herzegovina,1938,10.292666666666667
Bosnia And Herzegovina,1939,10.828000000000001
Bosnia And Herzegovina,1940,8.9325
Bosnia And Herzegovina,1941,9.602666666666666
Bosnia And Herzegovina,1942,9.961916666666667
Bosnia And Herzegovina,1943,11.18875
Bosnia And Herzegovina,1944,10.250583333333333
Bosnia And Herzegovina,1945,10.879166666666668
Bosnia And Herzegovina,1946,11.301166666666667
Bosnia And Herzegovina,1947,11.10125
Bosnia And Herzegovina,1948,10.801499999999999
Bosnia And Herzegovina,1949,10.65075
Bosnia And Herzegovina,1950,11.704
Bosnia And Herzegovina,1951,11.706083333333334
Bosnia And Herzegovina,1952,11.240666666666668
Bosnia And Herzegovina,1953,10.666500000000001
Bosnia And Herzegovina,1954,9.949250000000001
Bosnia And Herzegovina,1955,10.585333333333333
Bosnia And Herzegovina,1956,9.545916666666667
Bosnia And Herzegovina,1957,10.811333333333335
Bosnia And Herzegovina,1958,11.030000000000001
Bosnia And Herzegovina,1959,10.53175
Bosnia And Herzegovina,1960,11.061333333333332
Bosnia And Herzegovina,1961,11.250333333333332
Bosnia And Herzegovina,1962,10.135583333333335
Bosnia And Herzegovina,1963,10.319083333333333
Bosnia And Herzegovina,1964,10.151083333333334
Bosnia And Herzegovina,1965,10.118083333333333
Bosnia And Herzegovina,1966,11.017916666666666
Bosnia And Herzegovina,1967,10.647166666666667
Bosnia And Herzegovina,1968,10.666666666666666
Bosnia And Herzegovina,1969,10.170083333333332
Bosnia And Herzegovina,1970,10.4055
Bosnia And Herzegovina,1971,10.4445
Bosnia And Herzegovina,1972,10.642833333333334
Bosnia And Herzegovina,1973,10.280166666666666
Bosnia And Herzegovina,1974,10.670833333333334
Bosnia And Herzegovina,1975,10.861749999999999
Bosnia And Herzegovina,1976,9.900916666666667
Bosnia And Herzegovina,1977,11.03175
Bosnia And Herzegovina,1978,9.909416666666667
Bosnia And Herzegovina,1979,10.908916666666668
Bosnia And Herzegovina,1980,9.789666666666667
Bosnia And Herzegovina,1981,10.439833333333334
Bosnia And Herzegovina,1982,11.009666666666668
Bosnia And Herzegovina,1983,10.84375
Bosnia And Herzegovina,1984,10.262833333333333
Bosnia And Herzegovina,1985,10.336916666666667
Bosnia And Herzegovina,1986,10.63775
Bosnia And Herzegovina,1987,10.61575
Bosnia And Herzegovina,1988,10.977083333333333
Bosnia And Herzegovina,1989,11.03025
Bosnia And Herzegovina,1990,11.564250000000001
Bosnia And Herzegovina,1991,10.34725
Bosnia And Herzegovina,1992,11.444416666666667
Bosnia And Herzegovina,1993,10.959666666666665
Bosnia And Herzegovina,1994,12.079083333333335
Bosnia And Herzegovina,1995,10.7585
Bosnia And Herzegovina,1996,10.252
Bosnia And Herzegovina,1997,10.7885
Bosnia And Herzegovina,1998,11.104583333333332
Bosnia And Herzegovina,1999,11.376416666666666
Bosnia And Herzegovina,2000,12.148083333333334
Bosnia And Herzegovina,2001,11.380666666666665
Bosnia And Herzegovina,2002,11.858333333333334
Bosnia And Herzegovina,2003,11.495166666666668
Bosnia And Herzegovina,2004,10.998333333333333
Bosnia And Herzegovina,2005,10.302083333333334
Bosnia And Herzegovina,2006,11.07125
Bosnia And Herzegovina,2007,12.001750000000001
Bosnia And Herzegovina,2008,12.056666666666667
Bosnia And Herzegovina,2009,11.860666666666667
Bosnia And Herzegovina,2010,11.271416666666667
Bosnia And Herzegovina,2011,11.73975
Bosnia And Herzegovina,2012,12.029000000000002
Bosnia And Herzegovina,2013,12.8795
Botswana,1900,22.021416666666667
Botswana,1901,21.522333333333336
Botswana,1902,21.426833333333335
Botswana,1903,21.450416666666666
Botswana,1904,20.911916666666666
Botswana,1905,21.45866666666667
Botswana,1906,21.204833333333333
Botswana,1907,20.97008333333333
Botswana,1908,21.566000000000003
Botswana,1909,21.508416666666665
Botswana,1910,21.347583333333333
Botswana,1911,21.390666666666664
Botswana,1912,21.8355
Botswana,1913,22.072083333333335
Botswana,1914,22.170833333333334
Botswana,1915,21.741
Botswana,1916,21.889750000000003
Botswana,1917,21.538666666666668
Botswana,1918,21.17075
Botswana,1919,21.718833333333336
Botswana,1920,21.943916666666667
Botswana,1921,21.58066666666667
Botswana,1922,22.45125
Botswana,1923,22.032750000000004
Botswana,1924,21.750583333333335
Botswana,1925,21.41133333333333
Botswana,1926,21.977333333333334
Botswana,1927,21.898833333333332
Botswana,1928,21.943583333333333
Botswana,1929,22.284499999999998
Botswana,1930,21.62816666666667
Botswana,1931,22.028000000000002
Botswana,1932,21.774083333333333
Botswana,1933,22.036583333333336
Botswana,1934,21.899083333333333
Botswana,1935,21.470833333333335
Botswana,1936,21.58341666666667
Botswana,1937,21.513333333333335
Botswana,1938,21.998833333333334
Botswana,1939,21.281916666666667
Botswana,1940,22.063000000000002
Botswana,1941,22.511416666666666
Botswana,1942,22.367333333333335
Botswana,1943,21.858249999999998
Botswana,1944,21.9385
Botswana,1945,21.814166666666665
Botswana,1946,22.118416666666665
Botswana,1947,22.435333333333332
Botswana,1948,21.757166666666667
Botswana,1949,22.274
Botswana,1950,22.124166666666667
Botswana,1951,21.784583333333334
Botswana,1952,22.47141666666667
Botswana,1953,21.620333333333335
Botswana,1954,21.814333333333334
Botswana,1955,21.437583333333333
Botswana,1956,21.848000000000003
Botswana,1957,22.463333333333335
Botswana,1958,22.119333333333334
Botswana,1959,22.262416666666667
Botswana,1960,22.15133333333333
Botswana,1961,22.15725
Botswana,1962,22.222416666666664
Botswana,1963,21.49325
Botswana,1964,22.027833333333334
Botswana,1965,22.242083333333337
Botswana,1966,22.409916666666664
Botswana,1967,21.632500000000004
Botswana,1968,21.930000000000003
Botswana,1969,22.312083333333334
Botswana,1970,22.855833333333333
Botswana,1971,22.080916666666667
Botswana,1972,22.05816666666667
Botswana,1973,22.373
Botswana,1974,21.223666666666666
Botswana,1975,21.67025
Botswana,1976,21.144250000000003
Botswana,1977,22.063916666666668
Botswana,1978,21.693833333333334
Botswana,1979,22.365750000000002
Botswana,1980,21.845916666666668
Botswana,1981,21.605666666666664
Botswana,1982,22.48783333333333
Botswana,1983,22.964416666666665
Botswana,1984,22.52591666666667
Botswana,1985,22.27266666666667
Botswana,1986,22.308333333333334
Botswana,1987,23.144333333333336
Botswana,1988,22.25316666666667
Botswana,1989,22.104166666666668
Botswana,1990,22.944833333333335
Botswana,1991,22.05966666666667
Botswana,1992,23.290833333333335
Botswana,1993,22.680750000000003
Botswana,1994,22.379166666666666
Botswana,1995,23.213833333333337
Botswana,1996,22.19966666666667
Botswana,1997,22.33683333333333
Botswana,1998,23.07058333333333
Botswana,1999,22.977999999999998
Botswana,2000,21.872333333333334
Botswana,2001,22.3505
Botswana,2002,22.98566666666667
Botswana,2003,23.395166666666668
Botswana,2004,22.346083333333336
Botswana,2005,23.36883333333333
Botswana,2006,21.804000000000002
Botswana,2007,22.400500000000005
Botswana,2008,22.311166666666665
Botswana,2009,22.139750000000003
Botswana,2010,22.730166666666666
Botswana,2011,21.955083333333334
Botswana,2012,22.40008333333333
Botswana,2013,21.82575
Brazil,1900,24.904833333333332
Brazil,1901,24.777583333333336
Brazil,1902,24.71083333333333
Brazil,1903,24.574583333333333
Brazil,1904,23.995500000000003
Brazil,1905,24.739666666666665
Brazil,1906,24.51575
Brazil,1907,24.340666666666667
Brazil,1908,24.518416666666667
Brazil,1909,24.405083333333334
Brazil,1910,24.418083333333332
Brazil,1911,24.289083333333334
Brazil,1912,24.477500000000003
Brazil,1913,24.59566666666667
Brazil,1914,24.89925
Brazil,1915,25.118583333333333
Brazil,1916,24.443
Brazil,1917,23.7975
Brazil,1918,24.3095
Brazil,1919,24.83675
Brazil,1920,24.409916666666664
Brazil,1921,24.27625
Brazil,1922,24.500333333333334
Brazil,1923,24.358
Brazil,1924,24.4315
Brazil,1925,24.537666666666667
Brazil,1926,25.008583333333334
Brazil,1927,24.701833333333337
Brazil,1928,24.938916666666668
Brazil,1929,24.644333333333336
Brazil,1930,24.843833333333336
Brazil,1931,24.79625
Brazil,1932,24.97266666666667
Brazil,1933,24.6125
Brazil,1934,24.648583333333335
Brazil,1935,24.853083333333334
Brazil,1936,25.06108333333334
Brazil,1937,25.050250000000002
Brazil,1938,24.874083333333335
Brazil,1939,24.929916666666667
Brazil,1940,25.114
Brazil,1941,25.196250000000003
Brazil,1942,24.879083333333337
Brazil,1943,24.55841666666667
Brazil,1944,24.904583333333335
Brazil,1945,24.724416666666666
Brazil,1946,24.97366666666667
Brazil,1947,24.69575
Brazil,1948,24.85341666666667
Brazil,1949,24.616833333333332
Brazil,1950,24.639
Brazil,1951,24.79733333333333
Brazil,1952,24.85166666666667
Brazil,1953,24.995583333333332
Brazil,1954,24.967
Brazil,1955,24.765500000000003
Brazil,1956,24.47966666666667
Brazil,1957,24.801916666666667
Brazil,1958,25.268083333333333
Brazil,1959,25.15725
Brazil,1960,24.75266666666667
Brazil,1961,25.146416666666667
Brazil,1962,24.842333333333332
Brazil,1963,25.171583333333334
Brazil,1964,24.734083333333334
Brazil,1965,24.983833333333333
Brazil,1966,25.08641666666667
Brazil,1967,25.013666666666666
Brazil,1968,24.631249999999998
Brazil,1969,25.282750000000004
Brazil,1970,25.191083333333335
Brazil,1971,24.608500000000003
Brazil,1972,25.097333333333335
Brazil,1973,25.169583333333335
Brazil,1974,24.581500000000002
Brazil,1975,24.67675
Brazil,1976,24.719000000000005
Brazil,1977,25.132333333333335
Brazil,1978,24.9275
Brazil,1979,24.944333333333333
Brazil,1980,25.148
Brazil,1981,24.983416666666667
Brazil,1982,25.230333333333334
Brazil,1983,25.35075
Brazil,1984,25.109916666666667
Brazil,1985,24.965666666666667
Brazil,1986,25.131
Brazil,1987,25.56341666666667
Brazil,1988,25.177333333333337
Brazil,1989,24.871416666666665
Brazil,1990,25.27491666666667
Brazil,1991,25.29216666666667
Brazil,1992,25.251333333333335
Brazil,1993,25.354916666666668
Brazil,1994,25.454666666666668
Brazil,1995,25.55441666666667
Brazil,1996,25.337833333333332
Brazil,1997,25.559416666666667
Brazil,1998,25.95875
Brazil,1999,25.286583333333336
Brazil,2000,25.1965
Brazil,2001,25.504416666666668
Brazil,2002,25.80033333333333
Brazil,2003,25.621
Brazil,2004,25.4965
Brazil,2005,25.806
Brazil,2006,25.517
Brazil,2007,25.668000000000003
Brazil,2008,25.41033333333333
Brazil,2009,25.600583333333333
Brazil,2010,25.812416666666667
Brazil,2011,25.428916666666666
Brazil,2012,25.717083333333335
Brazil,2013,25.348125
British Virgin Islands,1900,26.114166666666666
British Virgin Islands,1901,26.409499999999998
British Virgin Islands,1902,26.209583333333338
British Virgin Islands,1903,26.275916666666664
British Virgin Islands,1904,25.858666666666668
British Virgin Islands,1905,26.32975
British Virgin Islands,1906,26.103416666666664
British Virgin Islands,1907,25.823416666666663
British Virgin Islands,1908,26.037166666666668
British Virgin Islands,1909,25.872583333333335
British Virgin Islands,1910,25.77716666666667
British Virgin Islands,1911,26.051666666666666
British Virgin Islands,1912,26.27325
British Virgin Islands,1913,25.62408333333333
British Virgin Islands,1914,26.10375
British Virgin Islands,1915,26.392916666666668
British Virgin Islands,1916,25.9275
British Virgin Islands,1917,25.768583333333336
British Virgin Islands,1918,26.046750000000003
British Virgin Islands,1919,26.304916666666667
British Virgin Islands,1920,26.262333333333334
British Virgin Islands,1921,26.093416666666666
British Virgin Islands,1922,25.901083333333332
British Virgin Islands,1923,26.043333333333333
British Virgin Islands,1924,26.232
British Virgin Islands,1925,26.071416666666668
British Virgin Islands,1926,26.578083333333336
British Virgin Islands,1927,26.27508333333333
British Virgin Islands,1928,26.422833333333333
British Virgin Islands,1929,26.146416666666667
British Virgin Islands,1930,26.414749999999998
British Virgin Islands,1931,26.673750000000002
British Virgin Islands,1932,26.448833333333337
British Virgin Islands,1933,26.131249999999998
British Virgin Islands,1934,26.10675
British Virgin Islands,1935,26.130750000000003
British Virgin Islands,1936,26.313833333333335
British Virgin Islands,1937,26.444166666666664
British Virgin Islands,1938,26.006583333333335
British Virgin Islands,1939,26.2855
British Virgin Islands,1940,26.55725
British Virgin Islands,1941,26.859166666666667
British Virgin Islands,1942,26.76725
British Virgin Islands,1943,26.248333333333335
British Virgin Islands,1944,26.27825
British Virgin Islands,1945,26.13291666666667
British Virgin Islands,1946,26.327833333333334
British Virgin Islands,1947,26.593999999999998
British Virgin Islands,1948,26.615333333333336
British Virgin Islands,1949,26.17016666666667
British Virgin Islands,1950,25.997333333333334
British Virgin Islands,1951,26.432583333333337
British Virgin Islands,1952,26.609083333333334
British Virgin Islands,1953,26.72491666666667
British Virgin Islands,1954,26.316666666666666
British Virgin Islands,1955,26.384
British Virgin Islands,1956,26.28141666666667
British Virgin Islands,1957,26.626583333333333
British Virgin Islands,1958,26.96875
British Virgin Islands,1959,26.8595
British Virgin Islands,1960,26.917083333333334
British Virgin Islands,1961,26.674833333333336
British Virgin Islands,1962,26.583166666666667
British Virgin Islands,1963,26.80241666666667
British Virgin Islands,1964,26.67975
British Virgin Islands,1965,26.30333333333333
British Virgin Islands,1966,26.439833333333336
British Virgin Islands,1967,26.23
British Virgin Islands,1968,26.323333333333334
British Virgin Islands,1969,26.77525
British Virgin Islands,1970,26.606583333333333
British Virgin Islands,1971,26.292166666666663
British Virgin Islands,1972,26.40125
British Virgin Islands,1973,26.733583333333332
British Virgin Islands,1974,26.171666666666667
British Virgin Islands,1975,26.247500000000002
British Virgin Islands,1976,26.151833333333332
British Virgin Islands,1977,26.730833333333333
British Virgin Islands,1978,26.717583333333334
British Virgin Islands,1979,26.549333333333333
British Virgin Islands,1980,26.99
British Virgin Islands,1981,26.90325
British Virgin Islands,1982,26.553833333333333
British Virgin Islands,1983,26.958166666666667
British Virgin Islands,1984,26.599333333333334
British Virgin Islands,1985,26.593833333333336
British Virgin Islands,1986,26.6095
British Virgin Islands,1987,27.143583333333336
British Virgin Islands,1988,26.828500000000002
British Virgin Islands,1989,26.56041666666667
British Virgin Islands,1990,26.82166666666667
British Virgin Islands,1991,26.777583333333336
British Virgin Islands,1992,26.776416666666666
British Virgin Islands,1993,26.9305
British Virgin Islands,1994,27.040750000000003
British Virgin Islands,1995,27.228916666666667
British Virgin Islands,1996,26.743583333333333
British Virgin Islands,1997,27.114666666666665
British Virgin Islands,1998,27.452333333333332
British Virgin Islands,1999,26.99825
British Virgin Islands,2000,26.730583333333332
British Virgin Islands,2001,27.133166666666668
British Virgin Islands,2002,27.297833333333333
British Virgin Islands,2003,27.376583333333333
British Virgin Islands,2004,27.02925
British Virgin Islands,2005,27.424666666666667
British Virgin Islands,2006,27.37483333333333
British Virgin Islands,2007,27.47
British Virgin Islands,2008,26.924000000000003
British Virgin Islands,2009,27.238500000000002
British Virgin Islands,2010,27.593666666666667
British Virgin Islands,2011,27.15925
British Virgin Islands,2012,27.360166666666668
British Virgin Islands,2013,27.312333333333335
Bulgaria,1900,10.962833333333334
Bulgaria,1901,10.496
Bulgaria,1902,10.035666666666666
Bulgaria,1903,10.703916666666666
Bulgaria,1904,10.22325
Bulgaria,1905,10.174916666666666
Bulgaria,1906,10.361416666666667
Bulgaria,1907,9.704416666666667
Bulgaria,1908,10.043333333333333
Bulgaria,1909,10.434750000000001
Bulgaria,1910,10.877249999999998
Bulgaria,1911,10.329083333333333
Bulgaria,1912,9.976333333333333
Bulgaria,1913,10.057416666666667
Bulgaria,1914,9.790333333333333
Bulgaria,1915,10.812166666666668
Bulgaria,1916,11.580083333333333
Bulgaria,1917,10.688666666666668
Bulgaria,1918,11.050166666666668
Bulgaria,1919,10.471583333333333
Bulgaria,1920,10.083083333333333
Bulgaria,1921,10.34025
Bulgaria,1922,10.478916666666667
Bulgaria,1923,11.5725
Bulgaria,1924,10.243333333333334
Bulgaria,1925,10.90775
Bulgaria,1926,11.098833333333333
Bulgaria,1927,11.27425
Bulgaria,1928,10.337416666666668
Bulgaria,1929,9.753833333333333
Bulgaria,1930,11.19225
Bulgaria,1931,10.287916666666666
Bulgaria,1932,10.430166666666667
Bulgaria,1933,9.338
Bulgaria,1934,11.37475
Bulgaria,1935,10.688666666666668
Bulgaria,1936,11.285416666666668
Bulgaria,1937,11.35575
Bulgaria,1938,10.773333333333333
Bulgaria,1939,11.071583333333335
Bulgaria,1940,9.446
Bulgaria,1941,9.913166666666667
Bulgaria,1942,9.691
Bulgaria,1943,10.482916666666666
Bulgaria,1944,10.321833333333332
Bulgaria,1945,10.519333333333334
Bulgaria,1946,11.200833333333334
Bulgaria,1947,10.971833333333334
Bulgaria,1948,10.38625
Bulgaria,1949,10.300416666666665
Bulgaria,1950,11.46475
Bulgaria,1951,11.4855
Bulgaria,1952,11.518500000000001
Bulgaria,1953,10.334000000000001
Bulgaria,1954,10.111916666666668
Bulgaria,1955,10.878916666666667
Bulgaria,1956,9.719583333333334
Bulgaria,1957,10.924833333333334
Bulgaria,1958,11.360750000000001
Bulgaria,1959,10.149666666666667
Bulgaria,1960,11.248083333333334
Bulgaria,1961,11.140916666666667
Bulgaria,1962,11.052166666666666
Bulgaria,1963,10.57175
Bulgaria,1964,10.332083333333333
Bulgaria,1965,10.278916666666666
Bulgaria,1966,11.668
Bulgaria,1967,10.667833333333334
Bulgaria,1968,11.008249999999999
Bulgaria,1969,10.3645
Bulgaria,1970,10.934583333333334
Bulgaria,1971,10.562833333333334
Bulgaria,1972,10.697249999999999
Bulgaria,1973,10.263333333333334
Bulgaria,1974,10.5875
Bulgaria,1975,11.024833333333333
Bulgaria,1976,9.8835
Bulgaria,1977,11.049999999999999
Bulgaria,1978,10.255833333333333
Bulgaria,1979,11.011416666666667
Bulgaria,1980,10.03725
Bulgaria,1981,10.755083333333333
Bulgaria,1982,10.613999999999999
Bulgaria,1983,10.8185
Bulgaria,1984,10.746333333333334
Bulgaria,1985,10.270583333333335
Bulgaria,1986,10.697833333333334
Bulgaria,1987,10.421833333333334
Bulgaria,1988,10.758583333333334
Bulgaria,1989,11.101916666666666
Bulgaria,1990,11.597666666666667
Bulgaria,1991,10.180666666666665
Bulgaria,1992,11.021749999999999
Bulgaria,1993,10.713416666666667
Bulgaria,1994,12.200416666666667
Bulgaria,1995,10.809666666666667
Bulgaria,1996,10.4285
Bulgaria,1997,10.225333333333333
Bulgaria,1998,11.098916666666668
Bulgaria,1999,11.7885
Bulgaria,2000,11.906833333333333
Bulgaria,2001,11.623833333333332
Bulgaria,2002,11.680333333333335
Bulgaria,2003,10.953000000000001
Bulgaria,2004,11.241666666666667
Bulgaria,2005,10.781583333333332
Bulgaria,2006,11.117583333333334
Bulgaria,2007,12.314
Bulgaria,2008,11.98775
Bulgaria,2009,11.894
Bulgaria,2010,11.766333333333334
Bulgaria,2011,11.047833333333335
Bulgaria,2012,12.027583333333332
Bulgaria,2013,13.411875
Burkina Faso,1900,27.98075
Burkina Faso,1901,27.779083333333332
Burkina Faso,1902,27.863083333333336
Burkina Faso,1903,27.376833333333334
Burkina Faso,1904,27.0795
Burkina Faso,1905,27.477833333333336
Burkina Faso,1906,27.823666666666668
Burkina Faso,1907,27.230583333333332
Burkina Faso,1908,27.592583333333334
Burkina Faso,1909,27.34975
Burkina Faso,1910,28.09241666666667
Burkina Faso,1911,27.24175
Burkina Faso,1912,28.240416666666665
Burkina Faso,1913,28.436166666666665
Burkina Faso,1914,28.410750000000004
Burkina Faso,1915,28.248166666666666
Burkina Faso,1916,27.752583333333334
Burkina Faso,1917,28.045333333333332
Burkina Faso,1918,27.875
Burkina Faso,1919,28.30916666666667
Burkina Faso,1920,28.106666666666666
Burkina Faso,1921,28.120500000000003
Burkina Faso,1922,28.22675
Burkina Faso,1923,28.113333333333333
Burkina Faso,1924,28.281750000000002
Burkina Faso,1925,28.29416666666667
Burkina Faso,1926,28.539
Burkina Faso,1927,27.84975
Burkina Faso,1928,28.017
Burkina Faso,1929,28.089166666666667
Burkina Faso,1930,28.37875
Burkina Faso,1931,28.65716666666667
Burkina Faso,1932,28.3755
Burkina Faso,1933,28.18075
Burkina Faso,1934,28.0055
Burkina Faso,1935,28.144000000000002
Burkina Faso,1936,27.983500000000003
Burkina Faso,1937,28.612333333333336
Burkina Faso,1938,28.53216666666667
Burkina Faso,1939,28.0975
Burkina Faso,1940,28.6155
Burkina Faso,1941,28.771916666666666
Burkina Faso,1942,28.467416666666665
Burkina Faso,1943,28.06025
Burkina Faso,1944,28.551916666666667
Burkina Faso,1945,28.13491666666667
Burkina Faso,1946,28.084833333333336
Burkina Faso,1947,28.71525
Burkina Faso,1948,28.110166666666668
Burkina Faso,1949,28.59675
Burkina Faso,1950,27.77175
Burkina Faso,1951,28.24716666666667
Burkina Faso,1952,27.98
Burkina Faso,1953,27.999916666666667
Burkina Faso,1954,27.908
Burkina Faso,1955,27.81941666666667
Burkina Faso,1956,27.97758333333333
Burkina Faso,1957,27.950083333333335
Burkina Faso,1958,28.492083333333337
Burkina Faso,1959,28.380583333333334
Burkina Faso,1960,28.132083333333338
Burkina Faso,1961,27.8175
Burkina Faso,1962,27.97475
Burkina Faso,1963,28.361
Burkina Faso,1964,28.023833333333332
Burkina Faso,1965,27.891750000000002
Burkina Faso,1966,28.203000000000003
Burkina Faso,1967,27.91841666666667
Burkina Faso,1968,28.12291666666667
Burkina Faso,1969,28.732583333333334
Burkina Faso,1970,28.50091666666667
Burkina Faso,1971,28.2285
Burkina Faso,1972,28.332583333333332
Burkina Faso,1973,28.820166666666665
Burkina Faso,1974,28.016166666666667
Burkina Faso,1975,27.903166666666667
Burkina Faso,1976,27.770833333333332
Burkina Faso,1977,28.34958333333333
Burkina Faso,1978,28.445666666666668
Burkina Faso,1979,28.482333333333333
Burkina Faso,1980,28.766833333333334
Burkina Faso,1981,28.4055
Burkina Faso,1982,28.092833333333335
Burkina Faso,1983,28.715083333333336
Burkina Faso,1984,28.628666666666664
Burkina Faso,1985,28.436833333333336
Burkina Faso,1986,28.297833333333333
Burkina Faso,1987,29.163833333333333
Burkina Faso,1988,28.43575
Burkina Faso,1989,28.19825
Burkina Faso,1990,28.80633333333333
Burkina Faso,1991,28.459416666666666
Burkina Faso,1992,28.132
Burkina Faso,1993,28.621083333333335
Burkina Faso,1994,28.03933333333333
Burkina Faso,1995,28.469583333333333
Burkina Faso,1996,28.73908333333333
Burkina Faso,1997,28.569166666666664
Burkina Faso,1998,28.99291666666667
Burkina Faso,1999,28.451166666666666
Burkina Faso,2000,28.59141666666667
Burkina Faso,2001,28.732166666666668
Burkina Faso,2002,28.978166666666667
Burkina Faso,2003,28.883499999999998
Burkina Faso,2004,28.989166666666666
Burkina Faso,2005,29.238333333333333
Burkina Faso,2006,28.92025
Burkina Faso,2007,28.983249999999998
Burkina Faso,2008,28.489583333333332
Burkina Faso,2009,29.083
Burkina Faso,2010,29.288750000000004
Burkina Faso,2011,29.060666666666666
Burkina Faso,2012,28.63
Burkina Faso,2013,29.3855
Burma,1900,24.00191666666667
Burma,1901,23.92175
Burma,1902,23.652083333333334
Burma,1903,23.665666666666667
Burma,1904,23.240333333333336
Burma,1905,23.252916666666668
Burma,1906,23.754083333333337
Burma,1907,23.450666666666667
Burma,1908,23.527416666666667
Burma,1909,23.685000000000002
Burma,1910,23.459500000000002
Burma,1911,23.404416666666666
Burma,1912,23.56866666666667
Burma,1913,23.411916666666666
Burma,1914,23.453999999999997
Burma,1915,23.865666666666666
Burma,1916,23.595333333333333
Burma,1917,23.359416666666664
Burma,1918,23.288583333333335
Burma,1919,24.013833333333334
Burma,1920,23.8025
Burma,1921,23.682333333333332
Burma,1922,23.964833333333335
Burma,1923,23.810083333333335
Burma,1924,24.00375
Burma,1925,23.384083333333333
Burma,1926,23.880416666666665
Burma,1927,23.537333333333333
Burma,1928,23.846333333333334
Burma,1929,23.711250000000003
Burma,1930,23.6555
Burma,1931,24.191833333333335
Burma,1932,23.871750000000002
Burma,1933,23.831999999999997
Burma,1934,23.61208333333333
Burma,1935,23.841833333333337
Burma,1936,23.63191666666667
Burma,1937,23.879500000000004
Burma,1938,23.844333333333335
Burma,1939,23.859750000000002
Burma,1940,23.686916666666665
Burma,1941,24.070999999999998
Burma,1942,24.181083333333333
Burma,1943,23.840333333333334
Burma,1944,24.016583333333333
Burma,1945,23.89016666666667
Burma,1946,24.182916666666667
Burma,1947,24.19241666666667
Burma,1948,23.67475
Burma,1949,23.7055
Burma,1950,23.812083333333334
Burma,1951,23.931166666666666
Burma,1952,24.096833333333333
Burma,1953,24.20875
Burma,1954,24.092583333333334
Burma,1955,23.733500000000003
Burma,1956,23.764333333333337
Burma,1957,24.044833333333333
Burma,1958,24.223333333333333
Burma,1959,23.956500000000002
Burma,1960,24.383083333333335
Burma,1961,24.017916666666668
Burma,1962,23.953166666666664
Burma,1963,23.857833333333332
Burma,1964,24.054000000000002
Burma,1965,23.837
Burma,1966,24.3955
Burma,1967,23.80716666666667
Burma,1968,23.860249999999997
Burma,1969,24.135499999999997
Burma,1970,23.986083333333337
Burma,1971,23.515083333333333
Burma,1972,24.124166666666667
Burma,1973,24.131583333333335
Burma,1974,23.8545
Burma,1975,23.968083333333336
Burma,1976,23.767166666666668
Burma,1977,23.877166666666668
Burma,1978,24.037666666666667
Burma,1979,24.515666666666664
Burma,1980,24.319666666666667
Burma,1981,24.078000000000003
Burma,1982,23.93041666666667
Burma,1983,23.975583333333333
Burma,1984,24.051083333333334
Burma,1985,23.986500000000003
Burma,1986,24.018416666666667
Burma,1987,24.351250000000004
Burma,1988,24.373333333333335
Burma,1989,24.082916666666666
Burma,1990,24.062583333333336
Burma,1991,24.14375
Burma,1992,23.637
Burma,1993,23.856916666666667
Burma,1994,24.143333333333334
Burma,1995,24.25525
Burma,1996,24.108333333333334
Burma,1997,23.870583333333332
Burma,1998,24.78125
Burma,1999,24.380166666666668
Burma,2000,23.930833333333336
Burma,2001,24.327250000000003
Burma,2002,24.292416666666668
Burma,2003,24.288083333333333
Burma,2004,24.108249999999998
Burma,2005,24.581083333333336
Burma,2006,24.43216666666667
Burma,2007,24.159666666666666
Burma,2008,24.175916666666666
Burma,2009,24.701333333333334
Burma,2010,24.858666666666668
Burma,2011,24.109333333333336
Burma,2012,24.73441666666667
Burma,2013,25.252875
Burundi,1900,20.08075
Burundi,1901,20.57166666666667
Burundi,1902,20.209
Burundi,1903,20.187083333333334
Burundi,1904,19.18
Burundi,1905,19.853583333333333
Burundi,1906,19.689583333333335
Burundi,1907,19.619666666666667
Burundi,1908,19.517
Burundi,1909,19.270833333333332
Burundi,1910,19.482333333333333
Burundi,1911,20.106916666666667
Burundi,1912,20.490416666666665
Burundi,1913,20.09958333333333
Burundi,1914,19.962416666666666
Burundi,1915,20.036833333333334
Burundi,1916,19.693749999999998
Burundi,1917,19.517333333333333
Burundi,1918,19.68025
Burundi,1919,19.88475
Burundi,1920,19.7955
Burundi,1921,20.111916666666666
Burundi,1922,19.62075
Burundi,1923,19.57166666666667
Burundi,1924,20.122
Burundi,1925,19.84325
Burundi,1926,19.93841666666667
Burundi,1927,20.197416666666665
Burundi,1928,20.205166666666667
Burundi,1929,19.972833333333334
Burundi,1930,19.86941666666667
Burundi,1931,20.353666666666665
Burundi,1932,20.021916666666666
Burundi,1933,19.961583333333333
Burundi,1934,19.9985
Burundi,1935,20.167083333333334
Burundi,1936,20.172416666666667
Burundi,1937,19.864833333333333
Burundi,1938,20.05633333333333
Burundi,1939,20.012916666666666
Burundi,1940,20.241916666666665
Burundi,1941,20.646
Burundi,1942,20.110333333333333
Burundi,1943,20.10325
Burundi,1944,20.19666666666667
Burundi,1945,20.038083333333333
Burundi,1946,20.156499999999998
Burundi,1947,19.990666666666666
Burundi,1948,20.073916666666666
Burundi,1949,20.453166666666668
Burundi,1950,20.043
Burundi,1951,19.903583333333334
Burundi,1952,20.279166666666665
Burundi,1953,20.188083333333335
Burundi,1954,20.0605
Burundi,1955,19.961666666666666
Burundi,1956,19.71775
Burundi,1957,20.104333333333333
Burundi,1958,20.384666666666664
Burundi,1959,20.154
Burundi,1960,20.024833333333333
Burundi,1961,20.1335
Burundi,1962,19.813166666666667
Burundi,1963,19.778333333333332
Burundi,1964,19.995833333333334
Burundi,1965,20.07575
Burundi,1966,20.117166666666666
Burundi,1967,19.938416666666665
Burundi,1968,19.9255
Burundi,1969,20.363416666666666
Burundi,1970,20.054916666666667
Burundi,1971,19.65908333333333
Burundi,1972,20.260166666666667
Burundi,1973,20.334416666666666
Burundi,1974,19.94
Burundi,1975,19.928
Burundi,1976,20.092000000000002
Burundi,1977,20.419416666666667
Burundi,1978,20.314
Burundi,1979,20.37625
Burundi,1980,20.577
Burundi,1981,20.41125
Burundi,1982,20.370333333333335
Burundi,1983,20.84575
Burundi,1984,20.309416666666667
Burundi,1985,20.27958333333333
Burundi,1986,20.389583333333334
Burundi,1987,20.96975
Burundi,1988,20.638833333333334
Burundi,1989,20.010916666666667
Burundi,1990,20.409333333333333
Burundi,1991,20.238333333333333
Burundi,1992,20.56825
Burundi,1993,20.483333333333334
Burundi,1994,20.538999999999998
Burundi,1995,20.824333333333332
Burundi,1996,20.395750000000003
Burundi,1997,20.78425
Burundi,1998,20.8135
Burundi,1999,20.314
Burundi,2000,20.595833333333335
Burundi,2001,20.51033333333333
Burundi,2002,20.74983333333333
Burundi,2003,20.931333333333335
Burundi,2004,20.960416666666667
Burundi,2005,21.442166666666665
Burundi,2006,21.066333333333333
Burundi,2007,20.580916666666667
Burundi,2008,20.567916666666665
Burundi,2009,20.76425
Burundi,2010,21.06875
Burundi,2011,20.545916666666667
Burundi,2012,20.75425
Burundi,2013,20.86275
Cambodia,1900,26.631249999999998
Cambodia,1901,26.473666666666663
Cambodia,1902,26.59583333333333
Cambodia,1903,26.576833333333337
Cambodia,1904,26.07075
Cambodia,1905,26.650916666666664
Cambodia,1906,26.618333333333336
Cambodia,1907,26.29975
Cambodia,1908,26.343333333333334
Cambodia,1909,26.523333333333337
Cambodia,1910,26.505499999999998
Cambodia,1911,26.65391666666667
Cambodia,1912,26.709999999999997
Cambodia,1913,26.39091666666667
Cambodia,1914,26.806083333333333
Cambodia,1915,26.81441666666667
Cambodia,1916,26.077083333333334
Cambodia,1917,26.04875
Cambodia,1918,26.21258333333334
Cambodia,1919,26.868166666666667
Cambodia,1920,26.58641666666667
Cambodia,1921,26.316666666666666
Cambodia,1922,26.575000000000003
Cambodia,1923,26.45375
Cambodia,1924,26.563166666666664
Cambodia,1925,26.343666666666667
Cambodia,1926,26.844583333333333
Cambodia,1927,26.52241666666667
Cambodia,1928,26.425250000000002
Cambodia,1929,26.337083333333336
Cambodia,1930,26.51875
Cambodia,1931,26.981333333333335
Cambodia,1932,26.54525
Cambodia,1933,26.668333333333333
Cambodia,1934,26.396333333333335
Cambodia,1935,27.097250000000003
Cambodia,1936,26.83875
Cambodia,1937,27.083166666666667
Cambodia,1938,26.685916666666667
Cambodia,1939,26.58775
Cambodia,1940,26.972166666666666
Cambodia,1941,27.5945
Cambodia,1942,26.872583333333335
Cambodia,1943,26.361500000000003
Cambodia,1944,26.877666666666666
Cambodia,1945,26.66725
Cambodia,1946,27.202083333333334
Cambodia,1947,27.07641666666667
Cambodia,1948,26.769666666666666
Cambodia,1949,26.98391666666667
Cambodia,1950,26.78925
Cambodia,1951,26.83566666666667
Cambodia,1952,26.915333333333336
Cambodia,1953,27.100583333333333
Cambodia,1954,26.943749999999998
Cambodia,1955,26.671666666666667
Cambodia,1956,26.52416666666667
Cambodia,1957,26.970583333333334
Cambodia,1958,27.206416666666666
Cambodia,1959,27.304333333333332
Cambodia,1960,27.172416666666667
Cambodia,1961,26.9765
Cambodia,1962,26.699333333333332
Cambodia,1963,26.6825
Cambodia,1964,27.014166666666668
Cambodia,1965,26.92125
Cambodia,1966,27.38008333333333
Cambodia,1967,26.654750000000003
Cambodia,1968,27.008916666666668
Cambodia,1969,27.265416666666667
Cambodia,1970,27.008583333333334
Cambodia,1971,26.363916666666668
Cambodia,1972,26.99291666666667
Cambodia,1973,27.228916666666667
Cambodia,1974,26.732416666666666
Cambodia,1975,26.8015
Cambodia,1976,26.647666666666666
Cambodia,1977,26.919583333333332
Cambodia,1978,27.027
Cambodia,1979,27.247583333333335
Cambodia,1980,27.207083333333333
Cambodia,1981,27.065250000000002
Cambodia,1982,26.947833333333335
Cambodia,1983,27.194583333333338
Cambodia,1984,26.80175
Cambodia,1985,26.968666666666667
Cambodia,1986,26.806833333333334
Cambodia,1987,27.366666666666664
Cambodia,1988,27.11675
Cambodia,1989,26.962666666666667
Cambodia,1990,27.259333333333334
Cambodia,1991,27.20141666666667
Cambodia,1992,27.0705
Cambodia,1993,26.90825
Cambodia,1994,27.12308333333333
Cambodia,1995,27.080416666666668
Cambodia,1996,26.83883333333333
Cambodia,1997,27.219333333333335
Cambodia,1998,27.956833333333336
Cambodia,1999,26.83475
Cambodia,2000,27.05716666666667
Cambodia,2001,27.245833333333334
Cambodia,2002,27.55541666666667
Cambodia,2003,27.29941666666667
Cambodia,2004,27.17941666666667
Cambodia,2005,27.39
Cambodia,2006,27.413916666666665
Cambodia,2007,27.241833333333332
Cambodia,2008,26.89708333333333
Cambodia,2009,27.252750000000002
Cambodia,2010,27.875249999999998
Cambodia,2011,27.003500000000003
Cambodia,2012,27.806250000000002
Cambodia,2013,28.259625
Cameroon,1900,24.123333333333335
Cameroon,1901,24.449833333333334
Cameroon,1902,23.89725
Cameroon,1903,23.81266666666667
Cameroon,1904,23.156166666666667
Cameroon,1905,23.999666666666666
Cameroon,1906,23.86375
Cameroon,1907,23.803416666666667
Cameroon,1908,23.78625
Cameroon,1909,23.71175
Cameroon,1910,23.645
Cameroon,1911,23.71466666666667
Cameroon,1912,24.33158333333333
Cameroon,1913,24.50316666666667
Cameroon,1914,24.727083333333336
Cameroon,1915,24.543583333333334
Cameroon,1916,24.122333333333334
Cameroon,1917,24.447333333333333
Cameroon,1918,24.054833333333335
Cameroon,1919,24.620416666666667
Cameroon,1920,23.903000000000002
Cameroon,1921,24.381249999999998
Cameroon,1922,24.236583333333332
Cameroon,1923,24.175083333333333
Cameroon,1924,24.66125
Cameroon,1925,24.12325
Cameroon,1926,24.5865
Cameroon,1927,24.59583333333333
Cameroon,1928,24.400583333333334
Cameroon,1929,24.207666666666668
Cameroon,1930,24.430916666666665
Cameroon,1931,24.948083333333333
Cameroon,1932,24.481583333333333
Cameroon,1933,24.803083333333333
Cameroon,1934,24.39425
Cameroon,1935,24.65041666666667
Cameroon,1936,24.70775
Cameroon,1937,24.747500000000002
Cameroon,1938,24.899833333333333
Cameroon,1939,24.367166666666666
Cameroon,1940,24.5065
Cameroon,1941,25.105500000000003
Cameroon,1942,24.958833333333335
Cameroon,1943,24.3875
Cameroon,1944,24.69141666666667
Cameroon,1945,24.768
Cameroon,1946,24.585166666666666
Cameroon,1947,24.782
Cameroon,1948,24.440416666666668
Cameroon,1949,24.677083333333332
Cameroon,1950,24.43275
Cameroon,1951,24.407416666666666
Cameroon,1952,24.45566666666667
Cameroon,1953,24.41433333333333
Cameroon,1954,24.20125
Cameroon,1955,24.116666666666664
Cameroon,1956,24.13325
Cameroon,1957,24.4585
Cameroon,1958,24.59266666666667
Cameroon,1959,24.512666666666664
Cameroon,1960,24.50775
Cameroon,1961,24.25391666666667
Cameroon,1962,24.363166666666668
Cameroon,1963,24.553833333333333
Cameroon,1964,24.292083333333334
Cameroon,1965,24.33491666666667
Cameroon,1966,24.499166666666667
Cameroon,1967,24.3655
Cameroon,1968,24.355833333333333
Cameroon,1969,24.655
Cameroon,1970,24.610416666666666
Cameroon,1971,24.252166666666668
Cameroon,1972,24.532583333333335
Cameroon,1973,24.907583333333335
Cameroon,1974,24.231833333333338
Cameroon,1975,24.23025
Cameroon,1976,24.294083333333333
Cameroon,1977,24.681166666666666
Cameroon,1978,24.50725
Cameroon,1979,24.786916666666666
Cameroon,1980,24.76875
Cameroon,1981,24.300416666666667
Cameroon,1982,24.296083333333332
Cameroon,1983,24.676333333333332
Cameroon,1984,24.483333333333334
Cameroon,1985,24.375083333333333
Cameroon,1986,24.50691666666667
Cameroon,1987,25.019333333333332
Cameroon,1988,24.677000000000003
Cameroon,1989,24.21875
Cameroon,1990,24.889666666666667
Cameroon,1991,24.733833333333333
Cameroon,1992,24.29733333333333
Cameroon,1993,24.66225
Cameroon,1994,24.631666666666664
Cameroon,1995,24.817999999999998
Cameroon,1996,24.70075
Cameroon,1997,24.817333333333334
Cameroon,1998,25.323083333333333
Cameroon,1999,24.656166666666667
Cameroon,2000,24.613
Cameroon,2001,24.65191666666667
Cameroon,2002,24.95025
Cameroon,2003,25.012333333333334
Cameroon,2004,25.170833333333334
Cameroon,2005,25.267833333333332
Cameroon,2006,25.29341666666667
Cameroon,2007,25.209833333333336
Cameroon,2008,25.12108333333333
Cameroon,2009,25.40733333333333
Cameroon,2010,25.46475
Cameroon,2011,24.876583333333333
Cameroon,2012,24.877
Cameroon,2013,25.307625
Canada,1900,-5.01875
Canada,1901,-5.05225
Canada,1902,-5.170916666666667
Canada,1903,-5.302583333333334
Canada,1904,-5.905083333333333
Canada,1905,-5.106416666666667
Canada,1906,-5.049416666666667
Canada,1907,-6.563083333333334
Canada,1908,-5.241416666666667
Canada,1909,-5.9078333333333335
Canada,1910,-5.078416666666667
Canada,1911,-5.536833333333334
Canada,1912,-5.233083333333334
Canada,1913,-5.7746666666666675
Canada,1914,-5.7781666666666665
Canada,1915,-4.173166666666667
Canada,1916,-5.470166666666667
Canada,1917,-6.369583333333334
Canada,1918,-5.950749999999999
Canada,1919,-5.369583333333334
Canada,1920,-4.910583333333333
Canada,1921,-4.750416666666666
Canada,1922,-5.726
Canada,1923,-5.276916666666667
Canada,1924,-4.860166666666667
Canada,1925,-5.264166666666666
Canada,1926,-4.975083333333333
Canada,1927,-5.359583333333333
Canada,1928,-4.286416666666667
Canada,1929,-5.4615833333333335
Canada,1930,-4.3615
Canada,1931,-3.6489166666666666
Canada,1932,-5.1725
Canada,1933,-6.116166666666666
Canada,1934,-5.207166666666667
Canada,1935,-5.557250000000001
Canada,1936,-5.971916666666666
Canada,1937,-4.545833333333333
Canada,1938,-4.025333333333333
Canada,1939,-4.918166666666667
Canada,1940,-3.9787500000000002
Canada,1941,-4.417333333333334
Canada,1942,-4.302833333333333
Canada,1943,-4.576083333333332
Canada,1944,-3.8503333333333334
Canada,1945,-5.003666666666667
Canada,1946,-5.049333333333333
Canada,1947,-4.402916666666666
Canada,1948,-4.888
Canada,1949,-4.948583333333334
Canada,1950,-5.952916666666667
Canada,1951,-5.393166666666666
Canada,1952,-3.984666666666667
Canada,1953,-3.957666666666667
Canada,1954,-4.726166666666667
Canada,1955,-4.945
Canada,1956,-5.61775
Canada,1957,-5.007916666666667
Canada,1958,-4.262250000000001
Canada,1959,-5.228
Canada,1960,-4.406833333333334
Canada,1961,-5.0681666666666665
Canada,1962,-4.873833333333333
Canada,1963,-4.6120833333333335
Canada,1964,-5.457000000000001
Canada,1965,-5.516666666666666
Canada,1966,-5.141333333333333
Canada,1967,-5.2820833333333335
Canada,1968,-4.6457500000000005
Canada,1969,-4.5023333333333335
Canada,1970,-5.103166666666667
Canada,1971,-4.869583333333334
Canada,1972,-6.802916666666667
Canada,1973,-4.1795
Canada,1974,-5.6410833333333334
Canada,1975,-4.945666666666667
Canada,1976,-4.790416666666667
Canada,1977,-3.84075
Canada,1978,-5.3004999999999995
Canada,1979,-5.00575
Canada,1980,-4.416916666666666
Canada,1981,-2.86725
Canada,1982,-5.875166666666668
Canada,1983,-4.75175
Canada,1984,-4.634250000000001
Canada,1985,-4.901166666666666
Canada,1986,-4.843916666666666
Canada,1987,-3.3433333333333333
Canada,1988,-4.125166666666666
Canada,1989,-5.073333333333333
Canada,1990,-5.021916666666667
Canada,1991,-4.426666666666667
Canada,1992,-4.928916666666667
Canada,1993,-4.4014999999999995
Canada,1994,-4.433666666666666
Canada,1995,-4.314333333333333
Canada,1996,-4.941166666666667
Canada,1997,-4.2315000000000005
Canada,1998,-2.553916666666666
Canada,1999,-3.1863333333333332
Canada,2000,-4.025916666666666
Canada,2001,-3.1000833333333326
Canada,2002,-4.362833333333334
Canada,2003,-3.8595000000000006
Canada,2004,-4.9230833333333335
Canada,2005,-3.30875
Canada,2006,-2.4601666666666664
Canada,2007,-4.0609166666666665
Canada,2008,-4.29525
Canada,2009,-4.135083333333333
Canada,2010,-1.8879166666666667
Canada,2011,-3.5570833333333334
Canada,2012,-3.176833333333334
Canada,2013,-1.640666666666667
Cape Verde,1900,24.051083333333334
Cape Verde,1901,24.214166666666667
Cape Verde,1902,24.15125
Cape Verde,1903,23.869083333333336
Cape Verde,1904,23.542833333333334
Cape Verde,1905,23.79416666666667
Cape Verde,1906,23.99591666666667
Cape Verde,1907,23.261333333333337
Cape Verde,1908,23.53125
Cape Verde,1909,23.884249999999998
Cape Verde,1910,24.368083333333335
Cape Verde,1911,23.674083333333332
Cape Verde,1912,23.907
Cape Verde,1913,23.512249999999998
Cape Verde,1914,23.795833333333334
Cape Verde,1915,24.512833333333333
Cape Verde,1916,23.89725
Cape Verde,1917,23.890249999999998
Cape Verde,1918,23.793333333333333
Cape Verde,1919,24.369
Cape Verde,1920,23.5005
Cape Verde,1921,23.90575
Cape Verde,1922,23.9425
Cape Verde,1923,23.991583333333335
Cape Verde,1924,24.044083333333333
Cape Verde,1925,24.067916666666665
Cape Verde,1926,24.90041666666667
Cape Verde,1927,24.486500000000003
Cape Verde,1928,24.128500000000003
Cape Verde,1929,24.347333333333335
Cape Verde,1930,24.012249999999998
Cape Verde,1931,24.116416666666666
Cape Verde,1932,24.30825
Cape Verde,1933,23.684916666666666
Cape Verde,1934,23.493666666666666
Cape Verde,1935,23.781499999999998
Cape Verde,1936,24.939333333333337
Cape Verde,1937,24.926166666666663
Cape Verde,1938,24.208916666666667
Cape Verde,1939,24.093333333333334
Cape Verde,1940,24.654916666666665
Cape Verde,1941,24.13575
Cape Verde,1942,23.99891666666667
Cape Verde,1943,23.962500000000002
Cape Verde,1944,24.220166666666668
Cape Verde,1945,24.551833333333335
Cape Verde,1946,24.193916666666667
Cape Verde,1947,24.037666666666667
Cape Verde,1948,24.142083333333332
Cape Verde,1949,24.129166666666666
Cape Verde,1950,24.341333333333335
Cape Verde,1951,24.065916666666666
Cape Verde,1952,24.045
Cape Verde,1953,24.326666666666668
Cape Verde,1954,23.856166666666667
Cape Verde,1955,24.500333333333334
Cape Verde,1956,23.955416666666668
Cape Verde,1957,23.934833333333334
Cape Verde,1958,24.527333333333335
Cape Verde,1959,23.761916666666668
Cape Verde,1960,23.973166666666668
Cape Verde,1961,24.292833333333334
Cape Verde,1962,24.473833333333335
Cape Verde,1963,24.468416666666666
Cape Verde,1964,24.225166666666667
Cape Verde,1965,23.938166666666664
Cape Verde,1966,24.476416666666665
Cape Verde,1967,24.034666666666666
Cape Verde,1968,23.884416666666667
Cape Verde,1969,24.966250000000002
Cape Verde,1970,24.738416666666666
Cape Verde,1971,24.013833333333334
Cape Verde,1972,24.034166666666668
Cape Verde,1973,24.451583333333332
Cape Verde,1974,23.690583333333333
Cape Verde,1975,24.033416666666668
Cape Verde,1976,24.043833333333335
Cape Verde,1977,24.485250000000004
Cape Verde,1978,24.586833333333335
Cape Verde,1979,24.931833333333334
Cape Verde,1980,24.73325
Cape Verde,1981,24.634083333333333
Cape Verde,1982,24.19033333333333
Cape Verde,1983,24.748
Cape Verde,1984,24.37516666666667
Cape Verde,1985,24.343666666666667
Cape Verde,1986,24.190749999999998
Cape Verde,1987,24.926000000000002
Cape Verde,1988,24.618333333333336
Cape Verde,1989,24.567583333333335
Cape Verde,1990,24.745333333333335
Cape Verde,1991,24.631416666666667
Cape Verde,1992,24.68225
Cape Verde,1993,24.44966666666667
Cape Verde,1994,24.458833333333335
Cape Verde,1995,25.167333333333332
Cape Verde,1996,25.230666666666668
Cape Verde,1997,25.30616666666667
Cape Verde,1998,25.373666666666665
Cape Verde,1999,24.627
Cape Verde,2000,24.71591666666667
Cape Verde,2001,25.285583333333335
Cape Verde,2002,25.10466666666667
Cape Verde,2003,24.825666666666667
Cape Verde,2004,24.892916666666668
Cape Verde,2005,25.133
Cape Verde,2006,25.068416666666668
Cape Verde,2007,24.793666666666667
Cape Verde,2008,24.96975
Cape Verde,2009,24.599083333333336
Cape Verde,2010,25.83241666666667
Cape Verde,2011,25.308833333333336
Cape Verde,2012,25.1035
Cape Verde,2013,24.5305
Cayman Islands,1900,26.59175
Cayman Islands,1901,26.008583333333334
Cayman Islands,1902,26.52208333333333
Cayman Islands,1903,26.487333333333336
Cayman Islands,1904,26.150750000000002
Cayman Islands,1905,26.4935
Cayman Islands,1906,26.351416666666665
Cayman Islands,1907,26.451833333333337
Cayman Islands,1908,26.49275
Cayman Islands,1909,26.35075
Cayman Islands,1910,25.887249999999998
Cayman Islands,1911,26.741249999999997
Cayman Islands,1912,26.770833333333332
Cayman Islands,1913,26.392666666666667
Cayman Islands,1914,26.561083333333332
Cayman Islands,1915,26.752166666666668
Cayman Islands,1916,26.433833333333336
Cayman Islands,1917,26.081500000000002
Cayman Islands,1918,26.538833333333333
Cayman Islands,1919,26.768
Cayman Islands,1920,26.669583333333335
Cayman Islands,1921,26.827333333333332
Cayman Islands,1922,26.852500000000003
Cayman Islands,1923,26.739500000000003
Cayman Islands,1924,26.91616666666667
Cayman Islands,1925,26.902416666666667
Cayman Islands,1926,26.738
Cayman Islands,1927,26.902333333333335
Cayman Islands,1928,26.705
Cayman Islands,1929,26.849166666666665
Cayman Islands,1930,26.850916666666667
Cayman Islands,1931,26.702749999999998
Cayman Islands,1932,26.937833333333334
Cayman Islands,1933,26.894833333333334
Cayman Islands,1934,26.65908333333333
Cayman Islands,1935,26.621166666666667
Cayman Islands,1936,26.721500000000002
Cayman Islands,1937,26.931833333333334
Cayman Islands,1938,26.672583333333336
Cayman Islands,1939,26.76291666666667
Cayman Islands,1940,26.52733333333333
Cayman Islands,1941,27.13925
Cayman Islands,1942,26.992250000000002
Cayman Islands,1943,26.731083333333334
Cayman Islands,1944,26.872333333333334
Cayman Islands,1945,26.892333333333337
Cayman Islands,1946,27.263416666666668
Cayman Islands,1947,27.257500000000004
Cayman Islands,1948,27.351249999999997
Cayman Islands,1949,27.03108333333333
Cayman Islands,1950,26.473249999999997
Cayman Islands,1951,26.77541666666667
Cayman Islands,1952,26.78408333333333
Cayman Islands,1953,27.228416666666664
Cayman Islands,1954,26.777833333333334
Cayman Islands,1955,26.6865
Cayman Islands,1956,26.643666666666665
Cayman Islands,1957,26.889833333333332
Cayman Islands,1958,27.07016666666667
Cayman Islands,1959,27.207000000000004
Cayman Islands,1960,27.038916666666665
Cayman Islands,1961,27.104583333333334
Cayman Islands,1962,26.814666666666668
Cayman Islands,1963,26.822833333333335
Cayman Islands,1964,27.123666666666665
Cayman Islands,1965,26.88875
Cayman Islands,1966,26.60891666666667
Cayman Islands,1967,26.78033333333333
Cayman Islands,1968,26.47975
Cayman Islands,1969,26.96258333333333
Cayman Islands,1970,26.736500000000003
Cayman Islands,1971,26.786
Cayman Islands,1972,27.062
Cayman Islands,1973,27.044666666666668
Cayman Islands,1974,26.819833333333335
Cayman Islands,1975,27.035083333333333
Cayman Islands,1976,26.802916666666665
Cayman Islands,1977,27.081166666666665
Cayman Islands,1978,26.995666666666665
Cayman Islands,1979,27.002166666666668
Cayman Islands,1980,27.14525
Cayman Islands,1981,26.774083333333333
Cayman Islands,1982,27.35258333333333
Cayman Islands,1983,27.258166666666668
Cayman Islands,1984,27.017750000000003
Cayman Islands,1985,27.042916666666667
Cayman Islands,1986,27.128416666666666
Cayman Islands,1987,27.219583333333333
Cayman Islands,1988,27.261833333333332
Cayman Islands,1989,27.105666666666668
Cayman Islands,1990,27.361416666666667
Cayman Islands,1991,27.368916666666667
Cayman Islands,1992,27.132083333333338
Cayman Islands,1993,27.261666666666667
Cayman Islands,1994,27.636916666666668
Cayman Islands,1995,27.584
Cayman Islands,1996,27.129166666666666
Cayman Islands,1997,27.751666666666665
Cayman Islands,1998,27.701000000000004
Cayman Islands,1999,27.168666666666667
Cayman Islands,2000,27.10183333333333
Cayman Islands,2001,27.30916666666667
Cayman Islands,2002,27.72275
Cayman Islands,2003,27.651083333333332
Cayman Islands,2004,27.585916666666666
Cayman Islands,2005,27.551083333333334
Cayman Islands,2006,27.49475
Cayman Islands,2007,27.62391666666667
Cayman Islands,2008,27.377166666666668
Cayman Islands,2009,27.49275
Cayman Islands,2010,27.03441666666667
Cayman Islands,2011,27.44216666666667
Cayman Islands,2012,27.12125
Cayman Islands,2013,27.558222222222224
Central African Republic,1900,25.053833333333333
Central African Republic,1901,25.808083333333332
Central African Republic,1902,24.988583333333334
Central African Republic,1903,25.010333333333335
Central African Republic,1904,24.30441666666667
Central African Republic,1905,24.96766666666667
Central African Republic,1906,24.7105
Central African Republic,1907,24.974083333333336
Central African Republic,1908,24.729333333333333
Central African Republic,1909,24.626250000000002
Central African Republic,1910,24.37591666666667
Central African Republic,1911,24.69633333333333
Central African Republic,1912,25.194833333333335
Central African Republic,1913,25.178749999999997
Central African Republic,1914,25.884
Central African Republic,1915,25.479
Central African Republic,1916,24.84875
Central African Republic,1917,24.845916666666668
Central African Republic,1918,24.891833333333334
Central African Republic,1919,25.55116666666667
Central African Republic,1920,24.526750000000003
Central African Republic,1921,25.196083333333334
Central African Republic,1922,24.744583333333335
Central African Republic,1923,25.004416666666668
Central African Republic,1924,25.482166666666668
Central African Republic,1925,25.149500000000003
Central African Republic,1926,25.424833333333336
Central African Republic,1927,25.566666666666666
Central African Republic,1928,25.54375
Central African Republic,1929,25.00883333333333
Central African Republic,1930,25.220583333333334
Central African Republic,1931,25.894666666666666
Central African Republic,1932,25.365083333333335
Central African Republic,1933,25.730999999999998
Central African Republic,1934,25.278000000000002
Central African Republic,1935,25.56425
Central African Republic,1936,25.586166666666667
Central African Republic,1937,25.523416666666666
Central African Republic,1938,25.679833333333335
Central African Republic,1939,25.326666666666668
Central African Republic,1940,25.435666666666666
Central African Republic,1941,26.019500000000004
Central African Republic,1942,25.941083333333335
Central African Republic,1943,25.33366666666667
Central African Republic,1944,25.415583333333334
Central African Republic,1945,25.501666666666665
Central African Republic,1946,25.346500000000002
Central African Republic,1947,25.621916666666667
Central African Republic,1948,25.34358333333333
Central African Republic,1949,25.484333333333336
Central African Republic,1950,25.25191666666667
Central African Republic,1951,25.342333333333332
Central African Republic,1952,25.617416666666667
Central African Republic,1953,25.49683333333333
Central African Republic,1954,25.295083333333334
Central African Republic,1955,24.885500000000004
Central African Republic,1956,25.050833333333333
Central African Republic,1957,25.254500000000004
Central African Republic,1958,25.669
Central African Republic,1959,25.401916666666665
Central African Republic,1960,25.402500000000003
Central African Republic,1961,25.11175
Central African Republic,1962,25.129166666666666
Central African Republic,1963,25.34675
Central African Republic,1964,25.15275
Central African Republic,1965,25.27208333333333
Central African Republic,1966,25.361083333333337
Central African Republic,1967,25.114416666666667
Central African Republic,1968,25.143833333333333
Central African Republic,1969,25.48466666666667
Central African Republic,1970,25.42975
Central African Republic,1971,25.10066666666667
Central African Republic,1972,25.45141666666667
Central African Republic,1973,25.804666666666666
Central African Republic,1974,25.142083333333336
Central African Republic,1975,25.26325
Central African Republic,1976,25.28616666666667
Central African Republic,1977,25.477
Central African Republic,1978,25.399
Central African Republic,1979,25.676583333333337
Central African Republic,1980,25.7865
Central African Republic,1981,25.276
Central African Republic,1982,25.257166666666667
Central African Republic,1983,25.590166666666665
Central African Republic,1984,25.295416666666668
Central African Republic,1985,25.308833333333336
Central African Republic,1986,25.50566666666667
Central African Republic,1987,25.867500000000003
Central African Republic,1988,25.534000000000002
Central African Republic,1989,25.31833333333333
Central African Republic,1990,25.71591666666667
Central African Republic,1991,25.699833333333334
Central African Republic,1992,25.092083333333335
Central African Republic,1993,25.74875
Central African Republic,1994,25.68275
Central African Republic,1995,25.631833333333333
Central African Republic,1996,25.717250000000003
Central African Republic,1997,26.042666666666666
Central African Republic,1998,26.204333333333334
Central African Republic,1999,25.46941666666667
Central African Republic,2000,25.613333333333333
Central African Republic,2001,25.710166666666666
Central African Republic,2002,25.81941666666667
Central African Republic,2003,26.014833333333332
Central African Republic,2004,26.14
Central African Republic,2005,26.332166666666666
Central African Republic,2006,26.205083333333334
Central African Republic,2007,26.067833333333336
Central African Republic,2008,25.968666666666667
Central African Republic,2009,26.51091666666667
Central African Republic,2010,26.329833333333337
Central African Republic,2011,25.63875
Central African Republic,2012,25.6395
Central African Republic,2013,26.210875
Chad,1900,26.84783333333333
Chad,1901,27.386499999999998
Chad,1902,26.751833333333334
Chad,1903,26.552833333333336
Chad,1904,26.193749999999998
Chad,1905,26.74566666666667
Chad,1906,26.716166666666666
Chad,1907,26.50316666666667
Chad,1908,26.606333333333335
Chad,1909,26.77208333333333
Chad,1910,26.042666666666666
Chad,1911,26.51125
Chad,1912,26.517333333333337
Chad,1913,26.912499999999998
Chad,1914,27.869083333333336
Chad,1915,27.4935
Chad,1916,26.736416666666667
Chad,1917,26.778750000000002
Chad,1918,27.085083333333333
Chad,1919,27.57075
Chad,1920,26.17725
Chad,1921,26.920916666666667
Chad,1922,26.69175
Chad,1923,26.78391666666667
Chad,1924,27.32316666666667
Chad,1925,27.2205
Chad,1926,27.43958333333333
Chad,1927,27.148833333333332
Chad,1928,27.59575
Chad,1929,26.87275
Chad,1930,27.118750000000002
Chad,1931,27.96825
Chad,1932,27.508583333333334
Chad,1933,27.81566666666667
Chad,1934,27.107
Chad,1935,27.172916666666666
Chad,1936,27.26991666666667
Chad,1937,27.209999999999997
Chad,1938,27.383083333333335
Chad,1939,27.412916666666664
Chad,1940,27.464833333333335
Chad,1941,28.066333333333333
Chad,1942,27.8865
Chad,1943,27.14925
Chad,1944,27.11475
Chad,1945,26.93975
Chad,1946,27.07941666666667
Chad,1947,27.447083333333335
Chad,1948,26.89525
Chad,1949,26.930000000000003
Chad,1950,26.593083333333336
Chad,1951,27.030333333333335
Chad,1952,27.556
Chad,1953,27.22758333333333
Chad,1954,27.167749999999998
Chad,1955,26.994083333333336
Chad,1956,27.05116666666667
Chad,1957,27.174333333333333
Chad,1958,27.504500000000004
Chad,1959,26.968333333333334
Chad,1960,27.5235
Chad,1961,26.236583333333332
Chad,1962,27.104
Chad,1963,27.54791666666667
Chad,1964,26.979833333333335
Chad,1965,26.885500000000004
Chad,1966,27.007666666666665
Chad,1967,26.953333333333333
Chad,1968,27.059250000000002
Chad,1969,27.898
Chad,1970,27.020750000000003
Chad,1971,26.913083333333333
Chad,1972,27.451999999999998
Chad,1973,27.709583333333338
Chad,1974,26.89
Chad,1975,26.98783333333333
Chad,1976,27.487750000000002
Chad,1977,26.827333333333332
Chad,1978,27.110083333333336
Chad,1979,27.551333333333332
Chad,1980,27.480500000000003
Chad,1981,27.194833333333335
Chad,1982,27.259833333333333
Chad,1983,27.139499999999998
Chad,1984,27.563083333333335
Chad,1985,27.412000000000003
Chad,1986,27.55616666666667
Chad,1987,27.659666666666666
Chad,1988,27.32025
Chad,1989,26.84
Chad,1990,27.619250000000005
Chad,1991,27.5535
Chad,1992,26.919666666666668
Chad,1993,27.612416666666665
Chad,1994,27.261083333333332
Chad,1995,27.461833333333335
Chad,1996,27.7835
Chad,1997,27.797416666666667
Chad,1998,27.895833333333332
Chad,1999,27.779833333333332
Chad,2000,27.447833333333335
Chad,2001,27.63525
Chad,2002,27.772833333333335
Chad,2003,27.878083333333336
Chad,2004,28.017416666666666
Chad,2005,28.211250000000003
Chad,2006,28.048000000000002
Chad,2007,27.860166666666668
Chad,2008,27.7025
Chad,2009,28.324250000000003
Chad,2010,28.6965
Chad,2011,27.784833333333335
Chad,2012,27.701166666666666
Chad,2013,28.356
Chile,1900,9.305
Chile,1901,9.476
Chile,1902,9.18175
Chile,1903,8.99675
Chile,1904,9.392083333333334
Chile,1905,9.316916666666666
Chile,1906,9.210416666666667
Chile,1907,8.869750000000002
Chile,1908,9.165833333333333
Chile,1909,9.030666666666667
Chile,1910,8.906166666666666
Chile,1911,9.115499999999999
Chile,1912,9.37675
Chile,1913,9.600083333333332
Chile,1914,9.272833333333333
Chile,1915,9.363916666666666
Chile,1916,8.971416666666666
Chile,1917,9.32775
Chile,1918,9.067583333333333
Chile,1919,9.634583333333333
Chile,1920,9.3195
Chile,1921,9.048833333333333
Chile,1922,9.115666666666668
Chile,1923,8.884166666666667
Chile,1924,9.13225
Chile,1925,9.294
Chile,1926,9.498666666666667
Chile,1927,9.34075
Chile,1928,9.09575
Chile,1929,9.230666666666666
Chile,1930,9.646333333333333
Chile,1931,9.364083333333333
Chile,1932,9.525666666666666
Chile,1933,9.263499999999999
Chile,1934,9.292416666666666
Chile,1935,9.495916666666666
Chile,1936,9.53525
Chile,1937,9.376583333333334
Chile,1938,9.134
Chile,1939,9.5245
Chile,1940,9.626333333333333
Chile,1941,9.572833333333334
Chile,1942,9.350416666666666
Chile,1943,9.7385
Chile,1944,9.905833333333334
Chile,1945,10.0265
Chile,1946,9.490666666666666
Chile,1947,9.563666666666666
Chile,1948,9.388583333333333
Chile,1949,9.369166666666667
Chile,1950,9.292
Chile,1951,9.574833333333332
Chile,1952,9.83
Chile,1953,9.711666666666668
Chile,1954,9.25025
Chile,1955,9.028
Chile,1956,9.174
Chile,1957,9.636083333333334
Chile,1958,9.660666666666666
Chile,1959,9.356583333333333
Chile,1960,9.754166666666666
Chile,1961,9.495333333333333
Chile,1962,9.834083333333334
Chile,1963,9.629
Chile,1964,9.435833333333333
Chile,1965,9.706583333333333
Chile,1966,9.497916666666667
Chile,1967,9.568583333333335
Chile,1968,9.876916666666666
Chile,1969,9.863333333333335
Chile,1970,9.65375
Chile,1971,9.160166666666667
Chile,1972,9.586083333333333
Chile,1973,9.413333333333332
Chile,1974,9.291500000000001
Chile,1975,9.418333333333333
Chile,1976,9.34525
Chile,1977,10.014666666666667
Chile,1978,9.958083333333333
Chile,1979,9.79725
Chile,1980,9.90375
Chile,1981,9.955083333333333
Chile,1982,10.050333333333333
Chile,1983,10.310166666666666
Chile,1984,9.4425
Chile,1985,10.039916666666667
Chile,1986,9.8375
Chile,1987,10.271583333333334
Chile,1988,9.72525
Chile,1989,10.0245
Chile,1990,9.83125
Chile,1991,9.725416666666666
Chile,1992,9.73775
Chile,1993,9.944583333333332
Chile,1994,10.054333333333334
Chile,1995,9.784916666666666
Chile,1996,9.758000000000001
Chile,1997,10.337
Chile,1998,10.292416666666666
Chile,1999,9.829583333333334
Chile,2000,9.564083333333334
Chile,2001,9.819666666666667
Chile,2002,9.742416666666665
Chile,2003,10.078416666666667
Chile,2004,10.205833333333333
Chile,2005,9.891833333333333
Chile,2006,10.174
Chile,2007,9.489916666666668
Chile,2008,10.1625
Chile,2009,9.994416666666666
Chile,2010,9.712833333333334
Chile,2011,10.03225
Chile,2012,10.272583333333333
Chile,2013,9.877374999999999
China,1900,6.444166666666667
China,1901,6.5375000000000005
China,1902,6.744666666666666
China,1903,6.1745833333333335
China,1904,6.350833333333334
China,1905,5.7555000000000005
China,1906,6.2218333333333335
China,1907,6.308666666666666
China,1908,6.286583333333333
China,1909,6.3812500000000005
China,1910,6.0715
China,1911,6.297000000000001
China,1912,6.076083333333333
China,1913,6.138416666666667
China,1914,6.8187500000000005
China,1915,6.49275
China,1916,6.349833333333333
China,1917,6.161416666666667
China,1918,6.196833333333333
China,1919,6.607
China,1920,6.590333333333334
China,1921,6.50075
China,1922,6.677333333333333
China,1923,6.563666666666666
China,1924,6.704250000000001
China,1925,6.555666666666667
China,1926,6.754083333333334
China,1927,6.667749999999999
China,1928,6.7746666666666675
China,1929,6.424083333333333
China,1930,6.468666666666667
China,1931,6.3775
China,1932,6.9055833333333325
China,1933,6.6299166666666665
China,1934,6.362833333333334
China,1935,6.636166666666667
China,1936,6.111583333333333
China,1937,6.511083333333333
China,1938,6.87175
China,1939,7.0264999999999995
China,1940,6.961666666666666
China,1941,7.3455
China,1942,7.096
China,1943,7.050916666666667
China,1944,6.5305
China,1945,6.8388333333333335
China,1946,7.354083333333333
China,1947,6.773833333333333
China,1948,7.1003333333333325
China,1949,6.9755
China,1950,6.641166666666667
China,1951,6.8694999999999995
China,1952,6.640916666666667
China,1953,7.022333333333333
China,1954,6.3709999999999996
China,1955,6.701666666666667
China,1956,6.299333333333333
China,1957,6.388000000000001
China,1958,7.033583333333333
China,1959,7.039666666666666
China,1960,6.890916666666667
China,1961,7.050583333333333
China,1962,6.703666666666667
China,1963,7.052499999999999
China,1964,6.746083333333334
China,1965,6.799916666666667
China,1966,6.962
China,1967,6.402583333333333
China,1968,6.727
China,1969,6.4559999999999995
China,1970,6.5681666666666665
China,1971,6.84625
China,1972,6.814416666666667
China,1973,7.209583333333334
China,1974,6.659416666666666
China,1975,7.1009166666666665
China,1976,6.471166666666666
China,1977,6.851333333333334
China,1978,7.048166666666667
China,1979,7.074083333333333
China,1980,6.950083333333333
China,1981,6.926416666666667
China,1982,7.14975
China,1983,6.925083333333334
China,1984,6.5179166666666655
China,1985,6.7402500000000005
China,1986,6.870166666666666
China,1987,7.249
China,1988,7.220833333333332
China,1989,7.23975
China,1990,7.636
China,1991,7.097166666666666
China,1992,6.858416666666667
China,1993,6.919416666666667
China,1994,7.4959999999999996
China,1995,7.2115833333333335
China,1996,6.962666666666667
China,1997,7.367333333333334
China,1998,8.051833333333333
China,1999,7.84025
China,2000,7.238083333333333
China,2001,7.596416666666666
China,2002,7.7956666666666665
China,2003,7.521999999999999
China,2004,7.71275
China,2005,7.4135
China,2006,7.948
China,2007,8.12675
China,2008,7.566083333333334
China,2009,7.8095
China,2010,7.548416666666667
China,2011,7.357083333333333
China,2012,7.077083333333333
China,2013,9.295
Christmas Island,1900,25.608166666666666
Christmas Island,1901,25.53708333333333
Christmas Island,1902,25.44775
Christmas Island,1903,25.566583333333337
Christmas Island,1904,25.11191666666667
Christmas Island,1905,25.53825
Christmas Island,1906,25.665833333333335
Christmas Island,1907,25.47866666666667
Christmas Island,1908,25.172416666666667
Christmas Island,1909,25.281000000000002
Christmas Island,1910,25.258666666666667
Christmas Island,1911,25.377916666666668
Christmas Island,1912,25.73091666666667
Christmas Island,1913,25.453083333333336
Christmas Island,1914,25.799000000000003
Christmas Island,1915,25.903833333333335
Christmas Island,1916,25.668666666666667
Christmas Island,1917,25.25991666666667
Christmas Island,1918,25.42025
Christmas Island,1919,25.654916666666665
Christmas Island,1920,25.445999999999998
Christmas Island,1921,25.687083333333334
Christmas Island,1922,25.44558333333333
Christmas Island,1923,25.404750000000003
Christmas Island,1924,25.526750000000003
Christmas Island,1925,25.449
Christmas Island,1926,25.919750000000004
Christmas Island,1927,25.599666666666668
Christmas Island,1928,25.87216666666667
Christmas Island,1929,25.347083333333334
Christmas Island,1930,25.593999999999998
Christmas Island,1931,26.100416666666664
Christmas Island,1932,25.8165
Christmas Island,1933,25.713416666666664
Christmas Island,1934,25.477416666666667
Christmas Island,1935,25.525333333333336
Christmas Island,1936,25.962166666666665
Christmas Island,1937,25.871333333333336
Christmas Island,1938,25.9345
Christmas Island,1939,25.595
Christmas Island,1940,25.906500000000005
Christmas Island,1941,26.23966666666667
Christmas Island,1942,26.014166666666668
Christmas Island,1943,25.743416666666665
Christmas Island,1944,26.00225
Christmas Island,1945,25.928833333333333
Christmas Island,1946,26.050750000000004
Christmas Island,1947,25.963916666666666
Christmas Island,1948,26.08566666666667
Christmas Island,1949,25.796916666666664
Christmas Island,1950,25.824833333333334
Christmas Island,1951,25.777583333333336
Christmas Island,1952,25.982166666666668
Christmas Island,1953,26.073833333333337
Christmas Island,1954,26.025750000000002
Christmas Island,1955,25.73025
Christmas Island,1956,25.87291666666667
Christmas Island,1957,26.146
Christmas Island,1958,26.1905
Christmas Island,1959,26.29825
Christmas Island,1960,25.985916666666668
Christmas Island,1961,25.874416666666665
Christmas Island,1962,25.87375
Christmas Island,1963,25.87575
Christmas Island,1964,25.957666666666668
Christmas Island,1965,25.80516666666667
Christmas Island,1966,26.004416666666668
Christmas Island,1967,25.948583333333335
Christmas Island,1968,25.811583333333335
Christmas Island,1969,26.206916666666668
Christmas Island,1970,26.001416666666668
Christmas Island,1971,25.762
Christmas Island,1972,26.1495
Christmas Island,1973,26.372416666666666
Christmas Island,1974,25.944833333333335
Christmas Island,1975,25.913
Christmas Island,1976,25.876583333333333
Christmas Island,1977,26.12275
Christmas Island,1978,25.976583333333334
Christmas Island,1979,26.182833333333335
Christmas Island,1980,26.131833333333333
Christmas Island,1981,26.14091666666667
Christmas Island,1982,26.09541666666667
Christmas Island,1983,26.423083333333334
Christmas Island,1984,25.975083333333334
Christmas Island,1985,26.106083333333334
Christmas Island,1986,25.77508333333333
Christmas Island,1987,26.41541666666667
Christmas Island,1988,26.4165
Christmas Island,1989,26.289083333333334
Christmas Island,1990,26.449333333333332
Christmas Island,1991,26.272000000000002
Christmas Island,1992,26.30175
Christmas Island,1993,26.369250000000005
Christmas Island,1994,26.236583333333332
Christmas Island,1995,26.471
Christmas Island,1996,26.599
Christmas Island,1997,26.303250000000002
Christmas Island,1998,26.897000000000002
Christmas Island,1999,26.338333333333335
Christmas Island,2000,26.375249999999998
Christmas Island,2001,26.348583333333334
Christmas Island,2002,26.73375
Christmas Island,2003,26.693250000000003
Christmas Island,2004,26.589416666666665
Christmas Island,2005,26.67958333333333
Christmas Island,2006,26.526916666666665
Christmas Island,2007,26.555333333333333
Christmas Island,2008,26.280083333333334
Christmas Island,2009,26.544833333333333
Christmas Island,2010,26.83975
Christmas Island,2011,26.365
Christmas Island,2012,26.67016666666667
Christmas Island,2013,27.01075
Colombia,1900,24.873
Colombia,1901,24.559166666666666
Colombia,1902,24.66275
Colombia,1903,24.65116666666667
Colombia,1904,24.183166666666665
Colombia,1905,24.589333333333332
Colombia,1906,24.53375
Colombia,1907,24.2055
Colombia,1908,24.206666666666667
Colombia,1909,24.111416666666667
Colombia,1910,24.086250000000003
Colombia,1911,24.39891666666667
Colombia,1912,24.6725
Colombia,1913,24.282916666666665
Colombia,1914,24.754333333333335
Colombia,1915,25.018583333333336
Colombia,1916,24.363333333333333
Colombia,1917,23.895666666666667
Colombia,1918,24.134
Colombia,1919,24.67325
Colombia,1920,24.524666666666665
Colombia,1921,24.349833333333336
Colombia,1922,24.521
Colombia,1923,24.422916666666666
Colombia,1924,24.55516666666667
Colombia,1925,24.43825
Colombia,1926,25.078000000000003
Colombia,1927,24.544583333333335
Colombia,1928,24.674666666666667
Colombia,1929,24.611833333333333
Colombia,1930,24.697833333333335
Colombia,1931,25.012416666666667
Colombia,1932,24.647833333333335
Colombia,1933,24.462333333333333
Colombia,1934,24.444166666666664
Colombia,1935,24.54375
Colombia,1936,24.824
Colombia,1937,24.879
Colombia,1938,24.523833333333332
Colombia,1939,24.821416666666668
Colombia,1940,25.335250000000002
Colombia,1941,25.54525
Colombia,1942,25.15825
Colombia,1943,24.614416666666667
Colombia,1944,24.788749999999997
Colombia,1945,24.891000000000002
Colombia,1946,24.878249999999998
Colombia,1947,24.98766666666667
Colombia,1948,25.0735
Colombia,1949,24.753583333333335
Colombia,1950,24.425833333333333
Colombia,1951,24.811000000000003
Colombia,1952,25.066166666666664
Colombia,1953,25.113250000000004
Colombia,1954,24.740833333333338
Colombia,1955,24.544750000000004
Colombia,1956,24.452416666666668
Colombia,1957,25.07041666666667
Colombia,1958,25.533833333333334
Colombia,1959,25.01816666666667
Colombia,1960,24.946833333333334
Colombia,1961,25.05
Colombia,1962,25.000833333333333
Colombia,1963,25.050250000000002
Colombia,1964,24.979166666666668
Colombia,1965,25.05316666666667
Colombia,1966,25.206083333333336
Colombia,1967,24.84425
Colombia,1968,24.814833333333336
Colombia,1969,25.181083333333333
Colombia,1970,24.931250000000002
Colombia,1971,24.55741666666667
Colombia,1972,25.039583333333336
Colombia,1973,25.178750000000004
Colombia,1974,24.656833333333335
Colombia,1975,24.605583333333332
Colombia,1976,24.773666666666667
Colombia,1977,25.294833333333333
Colombia,1978,25.122249999999998
Colombia,1979,25.205333333333332
Colombia,1980,25.43275
Colombia,1981,25.144500000000004
Colombia,1982,25.191083333333335
Colombia,1983,25.63475
Colombia,1984,24.88366666666667
Colombia,1985,25.01266666666667
Colombia,1986,25.01308333333333
Colombia,1987,25.632499999999997
Colombia,1988,25.213416666666664
Colombia,1989,24.863583333333334
Colombia,1990,25.219166666666666
Colombia,1991,25.341833333333337
Colombia,1992,25.533583333333336
Colombia,1993,25.20641666666667
Colombia,1994,25.16241666666667
Colombia,1995,25.492833333333333
Colombia,1996,25.14991666666667
Colombia,1997,25.580000000000002
Colombia,1998,25.879166666666666
Colombia,1999,24.870666666666665
Colombia,2000,25.030166666666663
Colombia,2001,25.411916666666666
Colombia,2002,25.570750000000004
Colombia,2003,25.655333333333335
Colombia,2004,25.553916666666666
Colombia,2005,25.670833333333334
Colombia,2006,25.476583333333334
Colombia,2007,25.494
Colombia,2008,25.153916666666664
Colombia,2009,25.618333333333336
Colombia,2010,25.68766666666667
Colombia,2011,25.246916666666667
Colombia,2012,25.381333333333334
Colombia,2013,25.5795
Comoros,1900,25.852083333333336
Comoros,1901,25.40041666666667
Comoros,1902,25.78616666666667
Comoros,1903,25.673833333333334
Comoros,1904,24.82975
Comoros,1905,25.6525
Comoros,1906,25.34475
Comoros,1907,25.222916666666666
Comoros,1908,25.651583333333335
Comoros,1909,25.46641666666667
Comoros,1910,25.123
Comoros,1911,25.0645
Comoros,1912,25.59866666666667
Comoros,1913,25.426333333333332
Comoros,1914,25.701583333333332
Comoros,1915,25.683083333333332
Comoros,1916,25.45991666666667
Comoros,1917,25.36066666666667
Comoros,1918,25.31116666666667
Comoros,1919,25.730166666666666
Comoros,1920,25.301416666666668
Comoros,1921,25.33366666666667
Comoros,1922,25.423416666666668
Comoros,1923,25.58975
Comoros,1924,25.467916666666667
Comoros,1925,25.54008333333333
Comoros,1926,25.8255
Comoros,1927,25.28233333333333
Comoros,1928,25.604249999999997
Comoros,1929,25.62691666666667
Comoros,1930,25.323833333333337
Comoros,1931,25.82258333333333
Comoros,1932,25.629833333333334
Comoros,1933,25.46241666666667
Comoros,1934,25.511166666666668
Comoros,1935,25.52175
Comoros,1936,25.728166666666667
Comoros,1937,25.489416666666667
Comoros,1938,25.693
Comoros,1939,25.61491666666667
Comoros,1940,25.955250000000003
Comoros,1941,26.048333333333332
Comoros,1942,25.74383333333333
Comoros,1943,25.231333333333335
Comoros,1944,25.596083333333336
Comoros,1945,25.545416666666668
Comoros,1946,25.718999999999998
Comoros,1947,25.6495
Comoros,1948,25.858666666666664
Comoros,1949,25.79625
Comoros,1950,25.62566666666667
Comoros,1951,25.70058333333333
Comoros,1952,25.96675
Comoros,1953,25.956999999999997
Comoros,1954,25.953333333333333
Comoros,1955,25.651750000000003
Comoros,1956,25.460916666666666
Comoros,1957,25.801000000000002
Comoros,1958,26.113916666666668
Comoros,1959,25.734250000000003
Comoros,1960,25.66775
Comoros,1961,26.212
Comoros,1962,25.8355
Comoros,1963,25.466083333333334
Comoros,1964,25.469083333333334
Comoros,1965,25.390666666666664
Comoros,1966,25.90591666666667
Comoros,1967,25.892750000000003
Comoros,1968,25.4145
Comoros,1969,26.133499999999998
Comoros,1970,25.91
Comoros,1971,25.379166666666666
Comoros,1972,25.806833333333334
Comoros,1973,25.868083333333335
Comoros,1974,25.459500000000002
Comoros,1975,25.660666666666668
Comoros,1976,25.69475
Comoros,1977,26.207166666666666
Comoros,1978,25.885666666666665
Comoros,1979,25.922
Comoros,1980,25.927916666666665
Comoros,1981,25.944166666666664
Comoros,1982,26.251500000000004
Comoros,1983,26.17441666666667
Comoros,1984,25.57641666666667
Comoros,1985,25.75675
Comoros,1986,26.011499999999998
Comoros,1987,26.364250000000002
Comoros,1988,26.329083333333333
Comoros,1989,25.77775
Comoros,1990,26.15325
Comoros,1991,26.196833333333334
Comoros,1992,26.21783333333333
Comoros,1993,26.178166666666666
Comoros,1994,26.4525
Comoros,1995,26.385083333333338
Comoros,1996,25.953333333333333
Comoros,1997,26.30516666666667
Comoros,1998,26.64725
Comoros,1999,26.288083333333333
Comoros,2000,25.995500000000003
Comoros,2001,26.41425
Comoros,2002,26.657750000000004
Comoros,2003,26.6005
Comoros,2004,26.391916666666663
Comoros,2005,26.68216666666667
Comoros,2006,26.465833333333336
Comoros,2007,26.604583333333334
Comoros,2008,26.18825
Comoros,2009,26.59325
Comoros,2010,26.786833333333334
Comoros,2011,26.453999999999997
Comoros,2012,26.38325
Comoros,2013,26.542875000000002
Congo,1900,24.287833333333335
Congo,1901,24.675583333333336
Congo,1902,24.23691666666667
Congo,1903,24.174000000000003
Congo,1904,23.377916666666668
Congo,1905,24.093083333333336
Congo,1906,23.957666666666668
Congo,1907,24.035666666666668
Congo,1908,23.971083333333336
Congo,1909,23.983083333333337
Congo,1910,23.961083333333335
Congo,1911,23.831500000000002
Congo,1912,24.66116666666667
Congo,1913,24.51691666666667
Congo,1914,24.504166666666666
Congo,1915,24.458833333333335
Congo,1916,24.4175
Congo,1917,24.307333333333332
Congo,1918,23.947833333333335
Congo,1919,24.229083333333335
Congo,1920,24.187083333333334
Congo,1921,24.528499999999998
Congo,1922,24.080916666666667
Congo,1923,24.170583333333337
Congo,1924,24.848916666666668
Congo,1925,24.239666666666665
Congo,1926,24.621750000000002
Congo,1927,24.699583333333333
Congo,1928,24.61525
Congo,1929,24.22775
Congo,1930,24.3325
Congo,1931,24.809083333333334
Congo,1932,24.363833333333332
Congo,1933,24.61175
Congo,1934,24.75491666666667
Congo,1935,24.766666666666666
Congo,1936,24.66025
Congo,1937,24.860249999999997
Congo,1938,24.78516666666667
Congo,1939,24.396416666666667
Congo,1940,24.458583333333333
Congo,1941,25.025750000000002
Congo,1942,24.958083333333335
Congo,1943,24.436000000000003
Congo,1944,25.066166666666664
Congo,1945,25.067000000000004
Congo,1946,24.652583333333336
Congo,1947,24.88875
Congo,1948,24.581833333333336
Congo,1949,24.979666666666663
Congo,1950,24.69741666666667
Congo,1951,24.675583333333336
Congo,1952,24.678
Congo,1953,24.573083333333333
Congo,1954,24.258499999999998
Congo,1955,24.274083333333333
Congo,1956,24.327083333333334
Congo,1957,24.58175
Congo,1958,24.656666666666666
Congo,1959,24.643333333333334
Congo,1960,24.59025
Congo,1961,24.365333333333336
Congo,1962,24.56925
Congo,1963,24.6915
Congo,1964,24.45141666666667
Congo,1965,24.452166666666667
Congo,1966,24.69825
Congo,1967,24.437750000000005
Congo,1968,24.426166666666663
Congo,1969,24.6965
Congo,1970,24.741083333333332
Congo,1971,24.326333333333334
Congo,1972,24.55933333333333
Congo,1973,24.91325
Congo,1974,24.367333333333335
Congo,1975,24.39325
Congo,1976,24.259666666666664
Congo,1977,24.76125
Congo,1978,24.608999999999998
Congo,1979,24.89108333333333
Congo,1980,24.7565
Congo,1981,24.60025
Congo,1982,24.433333333333334
Congo,1983,24.88191666666667
Congo,1984,24.71375
Congo,1985,24.514
Congo,1986,24.5805
Congo,1987,25.13025
Congo,1988,24.917666666666666
Congo,1989,24.605500000000003
Congo,1990,24.766499999999997
Congo,1991,24.8215
Congo,1992,24.549833333333336
Congo,1993,24.679833333333335
Congo,1994,24.842916666666667
Congo,1995,25.09691666666667
Congo,1996,24.668000000000003
Congo,1997,25.0605
Congo,1998,25.540499999999998
Congo,1999,24.8125
Congo,2000,24.786
Congo,2001,24.732916666666668
Congo,2002,25.047666666666668
Congo,2003,25.056749999999997
Congo,2004,25.12816666666667
Congo,2005,25.268916666666666
Congo,2006,25.282666666666668
Congo,2007,25.22975
Congo,2008,25.292416666666668
Congo,2009,25.349249999999998
Congo,2010,25.559416666666667
Congo,2011,24.77508333333333
Congo,2012,24.873500000000003
Congo,2013,25.139375
Congo (Democratic Republic Of The),1900,23.696166666666667
Congo (Democratic Republic Of The),1901,24.17
Congo (Democratic Republic Of The),1902,23.74383333333333
Congo (Democratic Republic Of The),1903,23.745166666666666
Congo (Democratic Republic Of The),1904,22.777666666666665
Congo (Democratic Republic Of The),1905,23.526416666666666
Congo (Democratic Republic Of The),1906,23.328333333333333
Congo (Democratic Republic Of The),1907,23.30716666666667
Congo (Democratic Republic Of The),1908,23.247333333333334
Congo (Democratic Republic Of The),1909,23.140083333333333
Congo (Democratic Republic Of The),1910,23.18816666666667
Congo (Democratic Republic Of The),1911,23.42925
Congo (Democratic Republic Of The),1912,24.137
Congo (Democratic Republic Of The),1913,23.778000000000002
Congo (Democratic Republic Of The),1914,23.902666666666665
Congo (Democratic Republic Of The),1915,23.8125
Congo (Democratic Republic Of The),1916,23.542083333333334
Congo (Democratic Republic Of The),1917,23.358166666666666
Congo (Democratic Republic Of The),1918,23.196083333333334
Congo (Democratic Republic Of The),1919,23.588083333333334
Congo (Democratic Republic Of The),1920,23.50775
Congo (Democratic Republic Of The),1921,23.804916666666667
Congo (Democratic Republic Of The),1922,23.4325
Congo (Democratic Republic Of The),1923,23.41208333333333
Congo (Democratic Republic Of The),1924,23.963833333333337
Congo (Democratic Republic Of The),1925,23.558833333333336
Congo (Democratic Republic Of The),1926,23.67441666666667
Congo (Democratic Republic Of The),1927,23.915166666666668
Congo (Democratic Republic Of The),1928,23.984750000000002
Congo (Democratic Republic Of The),1929,23.619083333333332
Congo (Democratic Republic Of The),1930,23.635
Congo (Democratic Republic Of The),1931,24.139916666666664
Congo (Democratic Republic Of The),1932,23.715416666666666
Congo (Democratic Republic Of The),1933,23.749750000000002
Congo (Democratic Republic Of The),1934,23.865
Congo (Democratic Republic Of The),1935,23.967333333333332
Congo (Democratic Republic Of The),1936,23.840999999999998
Congo (Democratic Republic Of The),1937,23.76991666666667
Congo (Democratic Republic Of The),1938,23.864166666666666
Congo (Democratic Republic Of The),1939,23.63491666666667
Congo (Democratic Republic Of The),1940,23.808000000000003
Congo (Democratic Republic Of The),1941,24.26725
Congo (Democratic Republic Of The),1942,24.077083333333334
Congo (Democratic Republic Of The),1943,23.806
Congo (Democratic Republic Of The),1944,24.041666666666668
Congo (Democratic Republic Of The),1945,23.993166666666667
Congo (Democratic Republic Of The),1946,23.916083333333333
Congo (Democratic Republic Of The),1947,23.94033333333333
Congo (Democratic Republic Of The),1948,23.853916666666667
Congo (Democratic Republic Of The),1949,24.077583333333337
Congo (Democratic Republic Of The),1950,23.757583333333333
Congo (Democratic Republic Of The),1951,23.882583333333333
Congo (Democratic Republic Of The),1952,23.99591666666667
Congo (Democratic Republic Of The),1953,23.915499999999998
Congo (Democratic Republic Of The),1954,23.637583333333335
Congo (Democratic Republic Of The),1955,23.56375
Congo (Democratic Republic Of The),1956,23.455583333333333
Congo (Democratic Republic Of The),1957,23.786333333333335
Congo (Democratic Republic Of The),1958,24.070999999999998
Congo (Democratic Republic Of The),1959,23.9505
Congo (Democratic Republic Of The),1960,23.767333333333337
Congo (Democratic Republic Of The),1961,23.7915
Congo (Democratic Republic Of The),1962,23.730166666666666
Congo (Democratic Republic Of The),1963,23.75583333333333
Congo (Democratic Republic Of The),1964,23.671916666666664
Congo (Democratic Republic Of The),1965,23.691000000000003
Congo (Democratic Republic Of The),1966,23.876
Congo (Democratic Republic Of The),1967,23.64075
Congo (Democratic Republic Of The),1968,23.62483333333333
Congo (Democratic Republic Of The),1969,24.00491666666667
Congo (Democratic Republic Of The),1970,23.964583333333334
Congo (Democratic Republic Of The),1971,23.569583333333338
Congo (Democratic Republic Of The),1972,23.951583333333332
Congo (Democratic Republic Of The),1973,24.168916666666664
Congo (Democratic Republic Of The),1974,23.659583333333334
Congo (Democratic Republic Of The),1975,23.681
Congo (Democratic Republic Of The),1976,23.676166666666663
Congo (Democratic Republic Of The),1977,24.085166666666666
Congo (Democratic Republic Of The),1978,24.006583333333335
Congo (Democratic Republic Of The),1979,24.170083333333334
Congo (Democratic Republic Of The),1980,24.204083333333333
Congo (Democratic Republic Of The),1981,24.067833333333336
Congo (Democratic Republic Of The),1982,23.931166666666666
Congo (Democratic Republic Of The),1983,24.370166666666666
Congo (Democratic Republic Of The),1984,23.996583333333334
Congo (Democratic Republic Of The),1985,23.857833333333332
Congo (Democratic Republic Of The),1986,23.981333333333335
Congo (Democratic Republic Of The),1987,24.583250000000003
Congo (Democratic Republic Of The),1988,24.32241666666667
Congo (Democratic Republic Of The),1989,23.915166666666668
Congo (Democratic Republic Of The),1990,24.206999999999997
Congo (Democratic Republic Of The),1991,24.06325
Congo (Democratic Republic Of The),1992,24.132583333333333
Congo (Democratic Republic Of The),1993,24.086166666666667
Congo (Democratic Republic Of The),1994,24.225250000000003
Congo (Democratic Republic Of The),1995,24.469916666666666
Congo (Democratic Republic Of The),1996,24.19775
Congo (Democratic Republic Of The),1997,24.535666666666668
Congo (Democratic Republic Of The),1998,24.737333333333336
Congo (Democratic Republic Of The),1999,24.01275
Congo (Democratic Republic Of The),2000,24.206166666666665
Congo (Democratic Republic Of The),2001,24.256249999999998
Congo (Democratic Republic Of The),2002,24.562749999999998
Congo (Democratic Republic Of The),2003,24.567333333333334
Congo (Democratic Republic Of The),2004,24.547749999999997
Congo (Democratic Republic Of The),2005,24.982083333333335
Congo (Democratic Republic Of The),2006,24.526916666666665
Congo (Democratic Republic Of The),2007,24.38508333333333
Congo (Democratic Republic Of The),2008,24.341333333333335
Congo (Democratic Republic Of The),2009,24.541666666666668
Congo (Democratic Republic Of The),2010,24.758916666666664
Congo (Democratic Republic Of The),2011,24.16316666666667
Congo (Democratic Republic Of The),2012,24.206333333333333
Congo (Democratic Republic Of The),2013,24.560375
Costa Rica,1900,25.41625
Costa Rica,1901,24.89
Costa Rica,1902,25.264750000000003
Costa Rica,1903,25.378416666666666
Costa Rica,1904,24.927833333333336
Costa Rica,1905,25.20675
Costa Rica,1906,25.282
Costa Rica,1907,25.1335
Costa Rica,1908,25.07641666666667
Costa Rica,1909,25.19666666666667
Costa Rica,1910,24.635500000000004
Costa Rica,1911,25.48875
Costa Rica,1912,25.750083333333333
Costa Rica,1913,25.202333333333332
Costa Rica,1914,25.557166666666664
Costa Rica,1915,25.861833333333333
Costa Rica,1916,25.278916666666664
Costa Rica,1917,24.78316666666667
Costa Rica,1918,25.20775
Costa Rica,1919,25.640333333333334
Costa Rica,1920,25.585166666666666
Costa Rica,1921,25.614
Costa Rica,1922,25.657583333333335
Costa Rica,1923,25.542083333333334
Costa Rica,1924,25.545583333333337
Costa Rica,1925,25.461166666666667
Costa Rica,1926,25.889083333333332
Costa Rica,1927,25.556416666666667
Costa Rica,1928,25.60875
Costa Rica,1929,25.612083333333334
Costa Rica,1930,25.950833333333335
Costa Rica,1931,25.900750000000002
Costa Rica,1932,25.67925
Costa Rica,1933,25.518666666666665
Costa Rica,1934,25.7045
Costa Rica,1935,25.39975
Costa Rica,1936,25.698333333333334
Costa Rica,1937,25.55775
Costa Rica,1938,25.227333333333334
Costa Rica,1939,25.605999999999998
Costa Rica,1940,25.984750000000002
Costa Rica,1941,26.3395
Costa Rica,1942,25.816666666666666
Costa Rica,1943,25.539583333333336
Costa Rica,1944,25.455250000000003
Costa Rica,1945,25.645916666666665
Costa Rica,1946,25.954916666666666
Costa Rica,1947,26.002333333333336
Costa Rica,1948,25.963583333333332
Costa Rica,1949,25.237750000000002
Costa Rica,1950,25.368583333333333
Costa Rica,1951,25.949749999999998
Costa Rica,1952,25.802583333333335
Costa Rica,1953,25.920583333333337
Costa Rica,1954,25.64991666666667
Costa Rica,1955,25.525583333333334
Costa Rica,1956,25.511166666666668
Costa Rica,1957,26.242583333333332
Costa Rica,1958,26.316166666666664
Costa Rica,1959,25.994333333333334
Costa Rica,1960,25.896416666666667
Costa Rica,1961,25.80933333333333
Costa Rica,1962,25.637333333333334
Costa Rica,1963,25.7835
Costa Rica,1964,25.677083333333332
Costa Rica,1965,25.869583333333335
Costa Rica,1966,25.931250000000002
Costa Rica,1967,25.441000000000003
Costa Rica,1968,25.472083333333334
Costa Rica,1969,25.951000000000004
Costa Rica,1970,25.554000000000002
Costa Rica,1971,25.43133333333333
Costa Rica,1972,26.051583333333337
Costa Rica,1973,25.951333333333334
Costa Rica,1974,25.493666666666666
Costa Rica,1975,25.480583333333332
Costa Rica,1976,25.77925
Costa Rica,1977,26.115
Costa Rica,1978,25.89925
Costa Rica,1979,25.873500000000003
Costa Rica,1980,25.889499999999998
Costa Rica,1981,25.777500000000003
Costa Rica,1982,26.107916666666668
Costa Rica,1983,26.509333333333334
Costa Rica,1984,25.611833333333333
Costa Rica,1985,25.748500000000003
Costa Rica,1986,26.025666666666666
Costa Rica,1987,26.754666666666665
Costa Rica,1988,25.952583333333333
Costa Rica,1989,25.777749999999997
Costa Rica,1990,26.29025
Costa Rica,1991,26.289916666666667
Costa Rica,1992,26.36175
Costa Rica,1993,26.319333333333333
Costa Rica,1994,26.425833333333333
Costa Rica,1995,26.292833333333334
Costa Rica,1996,25.962500000000002
Costa Rica,1997,26.806250000000002
Costa Rica,1998,26.974083333333336
Costa Rica,1999,25.864416666666667
Costa Rica,2000,26.072166666666664
Costa Rica,2001,26.114333333333335
Costa Rica,2002,26.306749999999997
Costa Rica,2003,26.5775
Costa Rica,2004,26.528499999999998
Costa Rica,2005,26.40425
Costa Rica,2006,26.514916666666668
Costa Rica,2007,26.38291666666667
Costa Rica,2008,26.056083333333333
Costa Rica,2009,26.522916666666664
Costa Rica,2010,26.22675
Costa Rica,2011,26.113416666666666
Costa Rica,2012,26.282
Costa Rica,2013,26.457555555555555
Croatia,1900,11.826916666666667
Croatia,1901,10.83475
Croatia,1902,10.875333333333332
Croatia,1903,11.364333333333335
Croatia,1904,11.640083333333335
Croatia,1905,10.95875
Croatia,1906,10.936833333333333
Croatia,1907,11.052
Croatia,1908,10.531166666666666
Croatia,1909,10.825083333333334
Croatia,1910,11.5045
Croatia,1911,11.573916666666667
Croatia,1912,10.6545
Croatia,1913,11.072833333333334
Croatia,1914,10.554333333333334
Croatia,1915,11.120833333333335
Croatia,1916,12.062666666666665
Croatia,1917,10.943083333333334
Croatia,1918,11.281666666666666
Croatia,1919,10.78
Croatia,1920,11.81575
Croatia,1921,11.634583333333333
Croatia,1922,10.847166666666666
Croatia,1923,11.899166666666666
Croatia,1924,10.892000000000001
Croatia,1925,11.332499999999998
Croatia,1926,12.005166666666668
Croatia,1927,12.078833333333334
Croatia,1928,11.771666666666667
Croatia,1929,10.652666666666667
Croatia,1930,12.143
Croatia,1931,11.135916666666667
Croatia,1932,11.081916666666666
Croatia,1933,10.521583333333334
Croatia,1934,12.354583333333332
Croatia,1935,11.3815
Croatia,1936,11.90375
Croatia,1937,11.848916666666668
Croatia,1938,11.321166666666665
Croatia,1939,11.648166666666667
Croatia,1940,9.799666666666667
Croatia,1941,10.449666666666667
Croatia,1942,10.870416666666666
Croatia,1943,12.066916666666666
Croatia,1944,11.169916666666666
Croatia,1945,11.883249999999999
Croatia,1946,12.124083333333333
Croatia,1947,11.941333333333333
Croatia,1948,11.776416666666668
Croatia,1949,11.808583333333333
Croatia,1950,12.430083333333334
Croatia,1951,12.481
Croatia,1952,11.887583333333332
Croatia,1953,11.615166666666667
Croatia,1954,10.823333333333332
Croatia,1955,11.307833333333333
Croatia,1956,10.419333333333332
Croatia,1957,11.697583333333334
Croatia,1958,11.91675
Croatia,1959,11.656999999999998
Croatia,1960,11.842999999999998
Croatia,1961,12.191666666666668
Croatia,1962,10.838083333333332
Croatia,1963,11.05025
Croatia,1964,11.072416666666667
Croatia,1965,10.923083333333333
Croatia,1966,11.952166666666665
Croatia,1967,11.737916666666665
Croatia,1968,11.577333333333334
Croatia,1969,11.095083333333333
Croatia,1970,11.310666666666668
Croatia,1971,11.393333333333333
Croatia,1972,11.494166666666667
Croatia,1973,11.248333333333333
Croatia,1974,11.745166666666668
Croatia,1975,11.948583333333334
Croatia,1976,11.041583333333334
Croatia,1977,11.926416666666666
Croatia,1978,10.766666666666667
Croatia,1979,11.777666666666667
Croatia,1980,10.685250000000002
Croatia,1981,11.5085
Croatia,1982,11.921916666666666
Croatia,1983,11.934833333333335
Croatia,1984,11.194
Croatia,1985,11.151833333333334
Croatia,1986,11.404000000000002
Croatia,1987,11.398666666666665
Croatia,1988,11.989916666666666
Croatia,1989,12.096083333333333
Croatia,1990,12.434416666666666
Croatia,1991,11.33325
Croatia,1992,12.549083333333334
Croatia,1993,11.931583333333334
Croatia,1994,13.11
Croatia,1995,11.881749999999998
Croatia,1996,11.125750000000002
Croatia,1997,11.827416666666666
Croatia,1998,12.100916666666668
Croatia,1999,12.3165
Croatia,2000,13.226416666666665
Croatia,2001,12.411
Croatia,2002,12.898916666666667
Croatia,2003,12.567000000000002
Croatia,2004,11.919416666666665
Croatia,2005,11.376249999999999
Croatia,2006,12.241666666666667
Croatia,2007,13.0665
Croatia,2008,12.977083333333333
Croatia,2009,12.875083333333334
Croatia,2010,11.960833333333333
Croatia,2011,12.755166666666668
Croatia,2012,12.9735
Croatia,2013,13.588999999999999
Cuba,1900,25.343999999999998
Cuba,1901,24.755666666666666
Cuba,1902,25.152
Cuba,1903,25.178250000000002
Cuba,1904,24.92233333333333
Cuba,1905,25.334416666666666
Cuba,1906,25.024833333333333
Cuba,1907,25.236833333333333
Cuba,1908,25.226916666666668
Cuba,1909,24.997833333333332
Cuba,1910,24.555833333333336
Cuba,1911,25.40433333333333
Cuba,1912,25.522750000000002
Cuba,1913,25.12425
Cuba,1914,25.22066666666667
Cuba,1915,25.33341666666667
Cuba,1916,25.034000000000002
Cuba,1917,24.775499999999997
Cuba,1918,25.155083333333334
Cuba,1919,25.410083333333333
Cuba,1920,25.268416666666667
Cuba,1921,25.43275
Cuba,1922,25.351
Cuba,1923,25.359750000000002
Cuba,1924,25.657666666666668
Cuba,1925,25.598249999999997
Cuba,1926,25.529583333333335
Cuba,1927,25.558000000000003
Cuba,1928,25.363583333333334
Cuba,1929,25.574083333333334
Cuba,1930,25.4785
Cuba,1931,25.37291666666667
Cuba,1932,25.597166666666666
Cuba,1933,25.512916666666666
Cuba,1934,25.256083333333333
Cuba,1935,25.230666666666668
Cuba,1936,25.472583333333333
Cuba,1937,25.64725
Cuba,1938,25.450999999999997
Cuba,1939,25.494666666666664
Cuba,1940,25.28616666666667
Cuba,1941,25.7555
Cuba,1942,25.734166666666667
Cuba,1943,25.368083333333335
Cuba,1944,25.48675
Cuba,1945,25.482166666666668
Cuba,1946,25.85666666666667
Cuba,1947,25.851
Cuba,1948,26.1875
Cuba,1949,25.681833333333334
Cuba,1950,25.144000000000002
Cuba,1951,25.390416666666667
Cuba,1952,25.471999999999998
Cuba,1953,25.835333333333335
Cuba,1954,25.42441666666667
Cuba,1955,25.338583333333332
Cuba,1956,25.324416666666664
Cuba,1957,25.706999999999997
Cuba,1958,25.58
Cuba,1959,25.925916666666666
Cuba,1960,25.533833333333334
Cuba,1961,25.707833333333337
Cuba,1962,25.43466666666667
Cuba,1963,25.494583333333335
Cuba,1964,25.803166666666666
Cuba,1965,25.5625
Cuba,1966,25.265083333333337
Cuba,1967,25.57858333333333
Cuba,1968,25.237583333333333
Cuba,1969,25.657833333333333
Cuba,1970,25.412166666666668
Cuba,1971,25.479666666666663
Cuba,1972,25.771333333333335
Cuba,1973,25.684250000000002
Cuba,1974,25.54975
Cuba,1975,25.89075
Cuba,1976,25.502583333333334
Cuba,1977,25.65691666666667
Cuba,1978,25.626833333333334
Cuba,1979,25.678250000000002
Cuba,1980,25.848166666666668
Cuba,1981,25.486500000000003
Cuba,1982,26.08175
Cuba,1983,25.866333333333333
Cuba,1984,25.632583333333333
Cuba,1985,25.671833333333336
Cuba,1986,25.872583333333335
Cuba,1987,25.92475
Cuba,1988,25.824749999999998
Cuba,1989,25.90341666666667
Cuba,1990,26.133416666666665
Cuba,1991,26.165833333333335
Cuba,1992,25.859583333333333
Cuba,1993,25.874416666666665
Cuba,1994,26.264666666666667
Cuba,1995,26.1275
Cuba,1996,25.801333333333332
Cuba,1997,26.63825
Cuba,1998,26.407083333333333
Cuba,1999,25.7975
Cuba,2000,25.785
Cuba,2001,25.856416666666664
Cuba,2002,26.313000000000002
Cuba,2003,26.361583333333332
Cuba,2004,26.26891666666667
Cuba,2005,26.14408333333333
Cuba,2006,26.1545
Cuba,2007,26.279749999999996
Cuba,2008,26.05475
Cuba,2009,26.022333333333336
Cuba,2010,25.627333333333336
Cuba,2011,26.153000000000002
Cuba,2012,26.059
Cuba,2013,26.250444444444447
Curaçao,1900,27.455250000000003
Curaçao,1901,27.251166666666666
Curaçao,1902,27.366
Curaçao,1903,27.367500000000003
Curaçao,1904,26.81025
Curaçao,1905,27.197333333333333
Curaçao,1906,27.13025
Curaçao,1907,26.896
Curaçao,1908,27.001000000000005
Curaçao,1909,26.918000000000003
Curaçao,1910,26.958083333333335
Curaçao,1911,26.987333333333336
Curaçao,1912,27.1215
Curaçao,1913,26.757333333333335
Curaçao,1914,27.23275
Curaçao,1915,27.6995
Curaçao,1916,27.004166666666666
Curaçao,1917,26.540499999999998
Curaçao,1918,26.742
Curaçao,1919,27.281166666666667
Curaçao,1920,27.043333333333333
Curaçao,1921,26.80633333333334
Curaçao,1922,27.003416666666666
Curaçao,1923,27.026416666666666
Curaçao,1924,27.325000000000003
Curaçao,1925,27.110416666666666
Curaçao,1926,27.73975
Curaçao,1927,27.276666666666667
Curaçao,1928,27.413333333333338
Curaçao,1929,27.210416666666664
Curaçao,1930,27.161083333333334
Curaçao,1931,27.662833333333335
Curaçao,1932,27.506666666666664
Curaçao,1933,27.127750000000002
Curaçao,1934,27.4325
Curaçao,1935,27.093083333333336
Curaçao,1936,27.275000000000002
Curaçao,1937,27.447916666666668
Curaçao,1938,26.933916666666665
Curaçao,1939,27.158583333333336
Curaçao,1940,27.971333333333334
Curaçao,1941,28.050666666666668
Curaçao,1942,28.04625
Curaçao,1943,27.398833333333332
Curaçao,1944,27.508416666666665
Curaçao,1945,27.291666666666668
Curaçao,1946,27.043083333333332
Curaçao,1947,27.653583333333334
Curaçao,1948,27.61
Curaçao,1949,27.25808333333333
Curaçao,1950,26.920333333333335
Curaçao,1951,27.613250000000004
Curaçao,1952,27.9465
Curaçao,1953,27.857083333333335
Curaçao,1954,27.485833333333332
Curaçao,1955,27.21341666666667
Curaçao,1956,27.288916666666665
Curaçao,1957,27.454833333333337
Curaçao,1958,28.259583333333335
Curaçao,1959,27.637083333333333
Curaçao,1960,27.773750000000003
Curaçao,1961,27.516500000000004
Curaçao,1962,27.707916666666666
Curaçao,1963,27.758499999999998
Curaçao,1964,27.551083333333334
Curaçao,1965,27.45775
Curaçao,1966,27.690416666666668
Curaçao,1967,27.358166666666666
Curaçao,1968,27.562916666666666
Curaçao,1969,28.087500000000002
Curaçao,1970,27.80391666666667
Curaçao,1971,27.28291666666667
Curaçao,1972,27.72791666666667
Curaçao,1973,27.745333333333335
Curaçao,1974,27.142666666666667
Curaçao,1975,27.37308333333333
Curaçao,1976,27.211916666666667
Curaçao,1977,27.891083333333338
Curaçao,1978,27.85141666666667
Curaçao,1979,27.916500000000003
Curaçao,1980,28.031833333333335
Curaçao,1981,27.972083333333334
Curaçao,1982,27.683750000000003
Curaçao,1983,28.08366666666667
Curaçao,1984,27.635083333333338
Curaçao,1985,27.33175
Curaçao,1986,27.484083333333334
Curaçao,1987,28.374750000000002
Curaçao,1988,27.783583333333336
Curaçao,1989,27.555666666666667
Curaçao,1990,27.691916666666668
Curaçao,1991,27.70175
Curaçao,1992,27.90833333333333
Curaçao,1993,27.999583333333337
Curaçao,1994,27.920333333333335
Curaçao,1995,28.221833333333336
Curaçao,1996,27.953666666666667
Curaçao,1997,28.078166666666664
Curaçao,1998,28.402666666666665
Curaçao,1999,27.68316666666667
Curaçao,2000,27.564083333333333
Curaçao,2001,28.010416666666668
Curaçao,2002,28.24291666666667
Curaçao,2003,28.266083333333338
Curaçao,2004,27.890666666666664
Curaçao,2005,28.209583333333338
Curaçao,2006,28.26533333333333
Curaçao,2007,28.28466666666667
Curaçao,2008,27.918500000000005
Curaçao,2009,28.2525
Curaçao,2010,28.4735
Curaçao,2011,27.97975
Curaçao,2012,28.053
Curaçao,2013,28.1205
Cyprus,1900,19.02058333333333
Cyprus,1901,19.444333333333333
Cyprus,1902,19.013083333333334
Cyprus,1903,18.479499999999998
Cyprus,1904,18.395833333333332
Cyprus,1905,18.422666666666668
Cyprus,1906,18.5075
Cyprus,1907,17.902666666666665
Cyprus,1908,17.903833333333335
Cyprus,1909,19.09775
Cyprus,1910,18.235166666666668
Cyprus,1911,17.9315
Cyprus,1912,18.47941666666667
Cyprus,1913,18.123083333333334
Cyprus,1914,18.449083333333334
Cyprus,1915,19.140249999999998
Cyprus,1916,19.2445
Cyprus,1917,18.990166666666667
Cyprus,1918,18.72458333333333
Cyprus,1919,18.87816666666667
Cyprus,1920,18.030916666666666
Cyprus,1921,18.150833333333335
Cyprus,1922,19.148916666666665
Cyprus,1923,19.174583333333334
Cyprus,1924,19.04225
Cyprus,1925,18.86625
Cyprus,1926,19.108416666666667
Cyprus,1927,19.47375
Cyprus,1928,19.2775
Cyprus,1929,18.624916666666667
Cyprus,1930,19.249666666666666
Cyprus,1931,19.03025
Cyprus,1932,18.933583333333335
Cyprus,1933,18.219166666666666
Cyprus,1934,19.139
Cyprus,1935,19.426750000000002
Cyprus,1936,19.296166666666668
Cyprus,1937,19.45958333333333
Cyprus,1938,18.751416666666668
Cyprus,1939,19.329083333333333
Cyprus,1940,19.064916666666665
Cyprus,1941,19.317583333333335
Cyprus,1942,18.947333333333333
Cyprus,1943,18.832916666666666
Cyprus,1944,18.94966666666667
Cyprus,1945,18.71425
Cyprus,1946,19.304666666666666
Cyprus,1947,19.873166666666666
Cyprus,1948,18.478666666666665
Cyprus,1949,18.232583333333334
Cyprus,1950,18.796333333333333
Cyprus,1951,19.301
Cyprus,1952,19.290583333333334
Cyprus,1953,18.243583333333333
Cyprus,1954,19.151333333333334
Cyprus,1955,19.733083333333333
Cyprus,1956,18.8565
Cyprus,1957,19.10575
Cyprus,1958,19.402666666666665
Cyprus,1959,18.437083333333334
Cyprus,1960,19.93583333333333
Cyprus,1961,19.09475
Cyprus,1962,19.892666666666667
Cyprus,1963,19.5685
Cyprus,1964,18.613083333333332
Cyprus,1965,18.923
Cyprus,1966,19.653166666666667
Cyprus,1967,18.3745
Cyprus,1968,19.193083333333334
Cyprus,1969,19.213166666666666
Cyprus,1970,19.297916666666666
Cyprus,1971,18.90666666666667
Cyprus,1972,18.594333333333335
Cyprus,1973,18.989916666666666
Cyprus,1974,18.840333333333334
Cyprus,1975,18.835833333333333
Cyprus,1976,18.576083333333333
Cyprus,1977,19.0565
Cyprus,1978,19.237750000000002
Cyprus,1979,19.55575
Cyprus,1980,18.850083333333334
Cyprus,1981,19.231916666666667
Cyprus,1982,18.566416666666665
Cyprus,1983,18.424333333333333
Cyprus,1984,18.94333333333333
Cyprus,1985,19.19775
Cyprus,1986,19.28441666666667
Cyprus,1987,18.882916666666667
Cyprus,1988,19.0795
Cyprus,1989,19.080000000000002
Cyprus,1990,19.194416666666665
Cyprus,1991,19.08275
Cyprus,1992,18.04925
Cyprus,1993,18.949
Cyprus,1994,19.802
Cyprus,1995,19.079
Cyprus,1996,19.475583333333333
Cyprus,1997,18.87625
Cyprus,1998,19.964083333333335
Cyprus,1999,20.07375
Cyprus,2000,19.442
Cyprus,2001,20.01175
Cyprus,2002,19.729166666666668
Cyprus,2003,19.735083333333332
Cyprus,2004,19.59575
Cyprus,2005,19.587083333333336
Cyprus,2006,19.540166666666668
Cyprus,2007,19.945333333333334
Cyprus,2008,20.14475
Cyprus,2009,20.157333333333334
Cyprus,2010,20.952
Cyprus,2011,19.68191666666667
Cyprus,2012,20.012
Cyprus,2013,20.349875
Czech Republic,1900,7.9735000000000005
Czech Republic,1901,7.14675
Czech Republic,1902,6.615166666666667
Czech Republic,1903,7.893999999999999
Czech Republic,1904,7.875333333333334
Czech Republic,1905,7.555999999999998
Czech Republic,1906,7.746583333333333
Czech Republic,1907,7.356083333333333
Czech Republic,1908,6.9824166666666665
Czech Republic,1909,6.9430000000000005
Czech Republic,1910,7.914416666666667
Czech Republic,1911,8.353333333333333
Czech Republic,1912,6.9750000000000005
Czech Republic,1913,7.705916666666666
Czech Republic,1914,7.628583333333334
Czech Republic,1915,7.3965
Czech Republic,1916,8.253749999999998
Czech Republic,1917,7.1185
Czech Republic,1918,8.147499999999999
Czech Republic,1919,6.894416666666667
Czech Republic,1920,8.128749999999998
Czech Republic,1921,8.356583333333333
Czech Republic,1922,6.657333333333333
Czech Republic,1923,7.653416666666666
Czech Republic,1924,6.855583333333333
Czech Republic,1925,7.7763333333333335
Czech Republic,1926,8.279666666666666
Czech Republic,1927,7.687750000000001
Czech Republic,1928,7.907833333333333
Czech Republic,1929,6.690166666666666
Czech Republic,1930,8.259416666666667
Czech Republic,1931,7.0705
Czech Republic,1932,7.7684999999999995
Czech Republic,1933,6.7435
Czech Republic,1934,9.19125
Czech Republic,1935,7.791833333333334
Czech Republic,1936,7.972166666666666
Czech Republic,1937,8.1805
Czech Republic,1938,8.152666666666667
Czech Republic,1939,7.956583333333334
Czech Republic,1940,5.8269166666666665
Czech Republic,1941,6.50075
Czech Republic,1942,6.735
Czech Republic,1943,8.2905
Czech Republic,1944,7.63975
Czech Republic,1945,8.238083333333334
Czech Republic,1946,8.003416666666666
Czech Republic,1947,7.822916666666667
Czech Republic,1948,8.386083333333334
Czech Republic,1949,8.49775
Czech Republic,1950,8.297666666666666
Czech Republic,1951,8.566833333333333
Czech Republic,1952,7.4965
Czech Republic,1953,8.40825
Czech Republic,1954,7.10475
Czech Republic,1955,7.18575
Czech Republic,1956,6.427416666666667
Czech Republic,1957,8.15175
Czech Republic,1958,7.847333333333334
Czech Republic,1959,8.307083333333333
Czech Republic,1960,7.952916666666666
Czech Republic,1961,8.53775
Czech Republic,1962,6.9639999999999995
Czech Republic,1963,6.946000000000001
Czech Republic,1964,7.514583333333333
Czech Republic,1965,6.9870833333333335
Czech Republic,1966,8.392083333333334
Czech Republic,1967,8.548833333333333
Czech Republic,1968,7.903666666666666
Czech Republic,1969,7.366416666666667
Czech Republic,1970,7.318416666666667
Czech Republic,1971,7.926833333333334
Czech Republic,1972,7.709916666666667
Czech Republic,1973,7.82725
Czech Republic,1974,8.544416666666667
Czech Republic,1975,8.591666666666667
Czech Republic,1976,7.912416666666666
Czech Republic,1977,8.280666666666667
Czech Republic,1978,7.347916666666666
Czech Republic,1979,7.750666666666667
Czech Republic,1980,6.906166666666667
Czech Republic,1981,7.978666666666666
Czech Republic,1982,8.433583333333333
Czech Republic,1983,8.76375
Czech Republic,1984,7.618416666666666
Czech Republic,1985,7.048666666666667
Czech Republic,1986,7.6825833333333335
Czech Republic,1987,7.157916666666666
Czech Republic,1988,8.523249999999999
Czech Republic,1989,8.984
Czech Republic,1990,8.962666666666667
Czech Republic,1991,7.771999999999999
Czech Republic,1992,9.103833333333332
Czech Republic,1993,8.142
Czech Republic,1994,9.452416666666666
Czech Republic,1995,8.41175
Czech Republic,1996,6.850083333333333
Czech Republic,1997,8.139333333333333
Czech Republic,1998,8.696
Czech Republic,1999,8.89725
Czech Republic,2000,9.659
Czech Republic,2001,8.378833333333334
Czech Republic,2002,9.203666666666667
Czech Republic,2003,8.871333333333334
Czech Republic,2004,8.445916666666667
Czech Republic,2005,8.327916666666667
Czech Republic,2006,8.865333333333334
Czech Republic,2007,9.601333333333333
Czech Republic,2008,9.41475
Czech Republic,2009,8.965666666666667
Czech Republic,2010,7.75225
Czech Republic,2011,9.172166666666666
Czech Republic,2012,8.927583333333333
Czech Republic,2013,9.281
Côte D'Ivoire,1900,25.90025
Côte D'Ivoire,1901,25.75583333333333
Côte D'Ivoire,1902,25.544666666666668
Côte D'Ivoire,1903,25.37091666666667
Côte D'Ivoire,1904,25.076666666666668
Côte D'Ivoire,1905,25.597083333333334
Côte D'Ivoire,1906,25.842333333333332
Côte D'Ivoire,1907,25.392416666666666
Côte D'Ivoire,1908,25.54433333333333
Côte D'Ivoire,1909,25.314666666666668
Côte D'Ivoire,1910,25.807333333333332
Côte D'Ivoire,1911,25.249916666666667
Côte D'Ivoire,1912,26.21683333333333
Côte D'Ivoire,1913,26.17775
Côte D'Ivoire,1914,26.115666666666666
Côte D'Ivoire,1915,26.130333333333336
Côte D'Ivoire,1916,25.852666666666668
Côte D'Ivoire,1917,25.920583333333337
Côte D'Ivoire,1918,25.754916666666663
Côte D'Ivoire,1919,26.05416666666667
Côte D'Ivoire,1920,26.112666666666666
Côte D'Ivoire,1921,26.063833333333335
Côte D'Ivoire,1922,25.960416666666664
Côte D'Ivoire,1923,25.718416666666666
Côte D'Ivoire,1924,25.964583333333334
Côte D'Ivoire,1925,25.94241666666667
Côte D'Ivoire,1926,26.368750000000002
Côte D'Ivoire,1927,26.03225
Côte D'Ivoire,1928,25.835333333333335
Côte D'Ivoire,1929,26.074333333333332
Côte D'Ivoire,1930,26.16291666666667
Côte D'Ivoire,1931,26.128666666666664
Côte D'Ivoire,1932,25.691833333333335
Côte D'Ivoire,1933,26.119416666666666
Côte D'Ivoire,1934,26.136416666666666
Côte D'Ivoire,1935,25.919416666666667
Côte D'Ivoire,1936,25.773833333333332
Côte D'Ivoire,1937,26.28816666666667
Côte D'Ivoire,1938,26.22825
Côte D'Ivoire,1939,25.852833333333333
Côte D'Ivoire,1940,26.46825
Côte D'Ivoire,1941,26.53525
Côte D'Ivoire,1942,26.035916666666665
Côte D'Ivoire,1943,25.892500000000002
Côte D'Ivoire,1944,26.309
Côte D'Ivoire,1945,26.1765
Côte D'Ivoire,1946,26.0145
Côte D'Ivoire,1947,26.33875
Côte D'Ivoire,1948,25.951666666666668
Côte D'Ivoire,1949,26.175833333333333
Côte D'Ivoire,1950,25.881249999999998
Côte D'Ivoire,1951,26.0575
Côte D'Ivoire,1952,26.033416666666668
Côte D'Ivoire,1953,26.08458333333333
Côte D'Ivoire,1954,25.84075
Côte D'Ivoire,1955,25.823333333333334
Côte D'Ivoire,1956,25.76925
Côte D'Ivoire,1957,26.032583333333335
Côte D'Ivoire,1958,26.133416666666665
Côte D'Ivoire,1959,26.19141666666667
Côte D'Ivoire,1960,26.143
Côte D'Ivoire,1961,26.067583333333335
Côte D'Ivoire,1962,26.009416666666667
Côte D'Ivoire,1963,26.299083333333332
Côte D'Ivoire,1964,25.87075
Côte D'Ivoire,1965,25.862583333333333
Côte D'Ivoire,1966,26.187166666666666
Côte D'Ivoire,1967,25.8055
Côte D'Ivoire,1968,26.058916666666665
Côte D'Ivoire,1969,26.420416666666668
Côte D'Ivoire,1970,26.317916666666665
Côte D'Ivoire,1971,25.868
Côte D'Ivoire,1972,26.143083333333333
Côte D'Ivoire,1973,26.578000000000003
Côte D'Ivoire,1974,25.94541666666667
Côte D'Ivoire,1975,25.846416666666666
Côte D'Ivoire,1976,25.675749999999997
Côte D'Ivoire,1977,26.284333333333333
Côte D'Ivoire,1978,26.133750000000003
Côte D'Ivoire,1979,26.414083333333334
Côte D'Ivoire,1980,26.327749999999998
Côte D'Ivoire,1981,26.34175
Côte D'Ivoire,1982,26.02425
Côte D'Ivoire,1983,26.601249999999997
Côte D'Ivoire,1984,26.360166666666668
Côte D'Ivoire,1985,26.141000000000002
Côte D'Ivoire,1986,26.12183333333333
Côte D'Ivoire,1987,27.002416666666665
Côte D'Ivoire,1988,26.494333333333334
Côte D'Ivoire,1989,26.393333333333334
Côte D'Ivoire,1990,26.498500000000003
Côte D'Ivoire,1991,26.334666666666667
Côte D'Ivoire,1992,26.17725
Côte D'Ivoire,1993,26.322833333333335
Côte D'Ivoire,1994,26.24825
Côte D'Ivoire,1995,26.4645
Côte D'Ivoire,1996,26.423333333333332
Côte D'Ivoire,1997,26.460833333333337
Côte D'Ivoire,1998,27.040666666666667
Côte D'Ivoire,1999,26.414583333333336
Côte D'Ivoire,2000,26.402333333333335
Côte D'Ivoire,2001,26.673333333333332
Côte D'Ivoire,2002,26.769666666666666
Côte D'Ivoire,2003,26.939333333333334
Côte D'Ivoire,2004,26.82858333333333
Côte D'Ivoire,2005,26.914916666666667
Côte D'Ivoire,2006,26.7915
Côte D'Ivoire,2007,26.944583333333338
Côte D'Ivoire,2008,26.75825
Côte D'Ivoire,2009,26.93433333333333
Côte D'Ivoire,2010,27.146583333333336
Côte D'Ivoire,2011,26.83725
Côte D'Ivoire,2012,26.55241666666667
Côte D'Ivoire,2013,27.061125
Denmark,1900,-17.767416666666666
Denmark,1901,-18.00175
Denmark,1902,-18.399416666666667
Denmark,1903,-18.599833333333333
Denmark,1904,-18.87
Denmark,1905,-18.164083333333334
Denmark,1906,-19.252
Denmark,1907,-19.09391666666667
Denmark,1908,-17.77716666666667
Denmark,1909,-18.415916666666668
Denmark,1910,-19.493583333333333
Denmark,1911,-18.62725
Denmark,1912,-17.591166666666666
Denmark,1913,-18.473916666666668
Denmark,1914,-19.737666666666666
Denmark,1915,-18.42625
Denmark,1916,-17.749416666666665
Denmark,1917,-18.545833333333334
Denmark,1918,-19.531499999999998
Denmark,1919,-18.512333333333334
Denmark,1920,-19.119666666666667
Denmark,1921,-19.093666666666667
Denmark,1922,-18.578416666666666
Denmark,1923,-17.47191666666667
Denmark,1924,-17.919
Denmark,1925,-17.763916666666667
Denmark,1926,-17.328083333333336
Denmark,1927,-17.379416666666668
Denmark,1928,-16.358
Denmark,1929,-16.222083333333334
Denmark,1930,-16.497583333333335
Denmark,1931,-17.243
Denmark,1932,-16.363666666666667
Denmark,1933,-16.182166666666667
Denmark,1934,-17.037833333333335
Denmark,1935,-16.944583333333334
Denmark,1936,-16.692666666666668
Denmark,1937,-16.9455
Denmark,1938,-17.2775
Denmark,1939,-16.226583333333334
Denmark,1940,-16.517500000000002
Denmark,1941,-16.629083333333334
Denmark,1942,-17.117333333333335
Denmark,1943,-18.28975
Denmark,1944,-18.075083333333335
Denmark,1945,-17.051
Denmark,1946,-16.79925
Denmark,1947,-15.863416666666666
Denmark,1948,-18.360833333333336
Denmark,1949,-18.587416666666666
Denmark,1950,-17.593166666666665
Denmark,1951,-18.414083333333334
Denmark,1952,-17.365666666666666
Denmark,1953,-17.83375
Denmark,1954,-17.401833333333332
Denmark,1955,-17.818416666666668
Denmark,1956,-17.950750000000003
Denmark,1957,-17.240833333333335
Denmark,1958,-17.44033333333333
Denmark,1959,-17.864
Denmark,1960,-16.951083333333333
Denmark,1961,-18.430666666666667
Denmark,1962,-16.929416666666665
Denmark,1963,-17.228666666666665
Denmark,1964,-18.04225
Denmark,1965,-17.029416666666666
Denmark,1966,-18.311833333333336
Denmark,1967,-18.03291666666667
Denmark,1968,-18.275833333333335
Denmark,1969,-17.867416666666667
Denmark,1970,-18.2145
Denmark,1971,-19.14225
Denmark,1972,-18.274916666666666
Denmark,1973,-18.714000000000002
Denmark,1974,-17.661166666666666
Denmark,1975,-18.94575
Denmark,1976,-17.499750000000002
Denmark,1977,-17.61916666666667
Denmark,1978,-17.918166666666668
Denmark,1979,-18.07166666666667
Denmark,1980,-17.009249999999998
Denmark,1981,-17.817583333333335
Denmark,1982,-18.438083333333335
Denmark,1983,-19.85775
Denmark,1984,-18.769166666666667
Denmark,1985,-17.07641666666667
Denmark,1986,-17.616583333333335
Denmark,1987,-18.201666666666664
Denmark,1988,-17.325
Denmark,1989,-18.784583333333334
Denmark,1990,-17.870333333333335
Denmark,1991,-17.827916666666667
Denmark,1992,-19.00041666666667
Denmark,1993,-18.716166666666666
Denmark,1994,-18.085416666666667
Denmark,1995,-17.69783333333333
Denmark,1996,-16.805666666666667
Denmark,1997,-17.455333333333332
Denmark,1998,-16.62091666666667
Denmark,1999,-17.699083333333334
Denmark,2000,-16.8245
Denmark,2001,-17.06775
Denmark,2002,-16.291083333333336
Denmark,2003,-15.747083333333334
Denmark,2004,-16.77058333333333
Denmark,2005,-15.643
Denmark,2006,-16.574333333333332
Denmark,2007,-16.533083333333334
Denmark,2008,-16.843333333333334
Denmark,2009,-16.783166666666666
Denmark,2010,-15.085749999999999
Denmark,2011,-16.641416666666668
Denmark,2012,-16.260916666666667
Denmark,2013,-14.92725
Denmark (Europe),1900,7.744
Denmark (Europe),1901,7.876916666666666
Denmark (Europe),1902,6.690833333333334
Denmark (Europe),1903,7.978916666666667
Denmark (Europe),1904,7.826083333333334
Denmark (Europe),1905,7.862333333333333
Denmark (Europe),1906,8.241166666666667
Denmark (Europe),1907,7.34225
Denmark (Europe),1908,7.757583333333334
Denmark (Europe),1909,6.975333333333334
Denmark (Europe),1910,8.581416666666668
Denmark (Europe),1911,8.7835
Denmark (Europe),1912,7.642250000000001
Denmark (Europe),1913,8.513166666666667
Denmark (Europe),1914,8.889666666666667
Denmark (Europe),1915,7.016333333333333
Denmark (Europe),1916,7.854916666666667
Denmark (Europe),1917,7.4085
Denmark (Europe),1918,7.991250000000001
Denmark (Europe),1919,6.936416666666666
Denmark (Europe),1920,8.291749999999999
Denmark (Europe),1921,8.637166666666667
Denmark (Europe),1922,6.8518333333333326
Denmark (Europe),1923,7.152083333333334
Denmark (Europe),1924,7.308083333333333
Denmark (Europe),1925,8.2165
Denmark (Europe),1926,8.172333333333333
Denmark (Europe),1927,7.561416666666666
Denmark (Europe),1928,7.620666666666666
Denmark (Europe),1929,6.952583333333333
Denmark (Europe),1930,8.60825
Denmark (Europe),1931,7.3059166666666675
Denmark (Europe),1932,8.46125
Denmark (Europe),1933,8.225583333333335
Denmark (Europe),1934,9.439166666666667
Denmark (Europe),1935,8.37925
Denmark (Europe),1936,8.30075
Denmark (Europe),1937,8.27825
Denmark (Europe),1938,9.072666666666667
Denmark (Europe),1939,8.47775
Denmark (Europe),1940,6.49125
Denmark (Europe),1941,6.62775
Denmark (Europe),1942,6.3705
Denmark (Europe),1943,8.755833333333333
Denmark (Europe),1944,8.369833333333334
Denmark (Europe),1945,8.806416666666665
Denmark (Europe),1946,7.978166666666667
Denmark (Europe),1947,7.5874999999999995
Denmark (Europe),1948,8.695083333333335
Denmark (Europe),1949,9.236916666666668
Denmark (Europe),1950,8.335166666666668
Denmark (Europe),1951,8.296166666666666
Denmark (Europe),1952,7.3825
Denmark (Europe),1953,8.936
Denmark (Europe),1954,7.585
Denmark (Europe),1955,7.5605
Denmark (Europe),1956,6.953166666666667
Denmark (Europe),1957,8.299333333333335
Denmark (Europe),1958,7.5995
Denmark (Europe),1959,8.947249999999999
Denmark (Europe),1960,7.989583333333333
Denmark (Europe),1961,8.7565
Denmark (Europe),1962,7.295999999999999
Denmark (Europe),1963,6.93175
Denmark (Europe),1964,7.815166666666666
Denmark (Europe),1965,7.3139166666666675
Denmark (Europe),1966,7.4635
Denmark (Europe),1967,8.712333333333333
Denmark (Europe),1968,8.118
Denmark (Europe),1969,7.632000000000001
Denmark (Europe),1970,7.243333333333333
Denmark (Europe),1971,8.471416666666666
Denmark (Europe),1972,8.11125
Denmark (Europe),1973,8.477666666666668
Denmark (Europe),1974,8.795416666666666
Denmark (Europe),1975,9.199333333333334
Denmark (Europe),1976,8.04175
Denmark (Europe),1977,8.195666666666666
Denmark (Europe),1978,7.831166666666667
Denmark (Europe),1979,6.884083333333333
Denmark (Europe),1980,7.585583333333333
Denmark (Europe),1981,7.636
Denmark (Europe),1982,8.426333333333334
Denmark (Europe),1983,8.762333333333332
Denmark (Europe),1984,8.300416666666667
Denmark (Europe),1985,6.897583333333333
Denmark (Europe),1986,7.42025
Denmark (Europe),1987,6.9543333333333335
Denmark (Europe),1988,8.849583333333333
Denmark (Europe),1989,9.568166666666666
Denmark (Europe),1990,9.708833333333333
Denmark (Europe),1991,8.57775
Denmark (Europe),1992,9.38425
Denmark (Europe),1993,8.059083333333334
Denmark (Europe),1994,8.96725
Denmark (Europe),1995,8.623666666666667
Denmark (Europe),1996,7.234083333333333
Denmark (Europe),1997,8.894916666666667
Denmark (Europe),1998,8.563083333333333
Denmark (Europe),1999,9.283083333333334
Denmark (Europe),2000,9.582916666666668
Denmark (Europe),2001,8.62375
Denmark (Europe),2002,9.44325
Denmark (Europe),2003,8.998666666666667
Denmark (Europe),2004,9.021749999999999
Denmark (Europe),2005,9.054416666666667
Denmark (Europe),2006,9.683833333333332
Denmark (Europe),2007,9.7635
Denmark (Europe),2008,9.730083333333335
Denmark (Europe),2009,9.130416666666667
Denmark (Europe),2010,7.295333333333333
Denmark (Europe),2011,9.252833333333333
Denmark (Europe),2012,8.58825
Denmark (Europe),2013,8.516375
Djibouti,1900,28.543833333333335
Djibouti,1901,28.513416666666668
Djibouti,1902,28.52316666666667
Djibouti,1903,28.323666666666668
Djibouti,1904,28.586833333333335
Djibouti,1905,28.545916666666667
Djibouti,1906,28.43241666666667
Djibouti,1907,28.156166666666667
Djibouti,1908,28.189333333333334
Djibouti,1909,28.434749999999998
Djibouti,1910,28.893333333333334
Djibouti,1911,28.744250000000005
Djibouti,1912,28.30333333333333
Djibouti,1913,28.227833333333336
Djibouti,1914,28.87291666666667
Djibouti,1915,29.254666666666665
Djibouti,1916,28.092166666666667
Djibouti,1917,28.048750000000002
Djibouti,1918,27.97825
Djibouti,1919,28.993166666666667
Djibouti,1920,28.809749999999998
Djibouti,1921,28.39408333333333
Djibouti,1922,28.07075
Djibouti,1923,28.300083333333333
Djibouti,1924,28.67975
Djibouti,1925,28.503083333333336
Djibouti,1926,28.858
Djibouti,1927,28.559083333333334
Djibouti,1928,28.612416666666665
Djibouti,1929,28.632416666666668
Djibouti,1930,28.60275
Djibouti,1931,28.770166666666668
Djibouti,1932,28.270833333333332
Djibouti,1933,28.648833333333332
Djibouti,1934,28.421499999999998
Djibouti,1935,28.720916666666668
Djibouti,1936,28.497250000000005
Djibouti,1937,28.516416666666668
Djibouti,1938,28.651833333333332
Djibouti,1939,28.817000000000004
Djibouti,1940,28.991416666666666
Djibouti,1941,29.428833333333333
Djibouti,1942,29.222583333333333
Djibouti,1943,28.834166666666665
Djibouti,1944,29.08866666666667
Djibouti,1945,29.120583333333332
Djibouti,1946,28.84466666666667
Djibouti,1947,29.017083333333332
Djibouti,1948,28.879666666666665
Djibouti,1949,28.698833333333337
Djibouti,1950,28.35591666666667
Djibouti,1951,28.706666666666667
Djibouti,1952,28.56625
Djibouti,1953,28.7735
Djibouti,1954,28.72366666666667
Djibouti,1955,28.613
Djibouti,1956,28.343166666666665
Djibouti,1957,28.310916666666667
Djibouti,1958,29.011166666666668
Djibouti,1959,28.67025
Djibouti,1960,28.701166666666666
Djibouti,1961,28.869500000000002
Djibouti,1962,28.718333333333334
Djibouti,1963,29.097583333333333
Djibouti,1964,28.643833333333333
Djibouti,1965,28.422333333333338
Djibouti,1966,28.8195
Djibouti,1967,28.55541666666667
Djibouti,1968,28.543583333333334
Djibouti,1969,29.148333333333337
Djibouti,1970,28.989250000000002
Djibouti,1971,28.609333333333336
Djibouti,1972,29.089083333333335
Djibouti,1973,29.114583333333332
Djibouti,1974,28.467333333333332
Djibouti,1975,28.697833333333335
Djibouti,1976,28.716000000000005
Djibouti,1977,29.019416666666668
Djibouti,1978,29.06325
Djibouti,1979,29.035833333333333
Djibouti,1980,29.509416666666667
Djibouti,1981,28.879166666666666
Djibouti,1982,29.047083333333333
Djibouti,1983,29.176583333333337
Djibouti,1984,28.69066666666667
Djibouti,1985,28.689666666666668
Djibouti,1986,28.797916666666666
Djibouti,1987,29.11366666666667
Djibouti,1988,29.531833333333335
Djibouti,1989,28.797
Djibouti,1990,29.302999999999997
Djibouti,1991,29.289416666666668
Djibouti,1992,28.999
Djibouti,1993,28.74083333333333
Djibouti,1994,29.06233333333333
Djibouti,1995,29.25975
Djibouti,1996,29.16525
Djibouti,1997,29.269333333333336
Djibouti,1998,29.7805
Djibouti,1999,29.3715
Djibouti,2000,29.860000000000003
Djibouti,2001,29.476916666666668
Djibouti,2002,29.531583333333334
Djibouti,2003,29.757833333333334
Djibouti,2004,29.540916666666664
Djibouti,2005,29.80858333333333
Djibouti,2006,29.777416666666667
Djibouti,2007,29.786333333333335
Djibouti,2008,29.339250000000003
Djibouti,2009,29.89675
Djibouti,2010,29.837000000000003
Djibouti,2011,29.844333333333335
Djibouti,2012,29.923583333333337
Djibouti,2013,30.74475
Dominica,1900,25.904833333333332
Dominica,1901,26.11425
Dominica,1902,26.07858333333333
Dominica,1903,25.9385
Dominica,1904,25.597583333333333
Dominica,1905,25.878583333333335
Dominica,1906,25.840166666666665
Dominica,1907,25.723249999999997
Dominica,1908,25.734083333333334
Dominica,1909,25.599416666666666
Dominica,1910,25.553083333333333
Dominica,1911,25.793666666666667
Dominica,1912,25.84925
Dominica,1913,25.43858333333333
Dominica,1914,25.948083333333333
Dominica,1915,26.177833333333336
Dominica,1916,25.757
Dominica,1917,25.499333333333336
Dominica,1918,25.699250000000003
Dominica,1919,26.071
Dominica,1920,25.68433333333333
Dominica,1921,25.804583333333337
Dominica,1922,25.78916666666667
Dominica,1923,25.796333333333333
Dominica,1924,26.120333333333335
Dominica,1925,25.818749999999998
Dominica,1926,26.314166666666665
Dominica,1927,26.13416666666667
Dominica,1928,26.161583333333336
Dominica,1929,25.903583333333334
Dominica,1930,26.18133333333333
Dominica,1931,26.622083333333336
Dominica,1932,26.3995
Dominica,1933,26.02775
Dominica,1934,25.915000000000003
Dominica,1935,25.79516666666667
Dominica,1936,25.832416666666663
Dominica,1937,26.1905
Dominica,1938,25.849999999999998
Dominica,1939,26.04975
Dominica,1940,26.516000000000002
Dominica,1941,26.646916666666666
Dominica,1942,26.521333333333335
Dominica,1943,26.036583333333336
Dominica,1944,26.137666666666664
Dominica,1945,25.785833333333333
Dominica,1946,26.044666666666668
Dominica,1947,26.409666666666666
Dominica,1948,26.2195
Dominica,1949,25.973666666666663
Dominica,1950,25.798000000000002
Dominica,1951,26.202333333333332
Dominica,1952,26.543333333333333
Dominica,1953,26.508916666666668
Dominica,1954,26.077250000000003
Dominica,1955,26.33866666666667
Dominica,1956,26.10075
Dominica,1957,26.17975
Dominica,1958,26.758166666666668
Dominica,1959,26.490583333333333
Dominica,1960,26.603083333333334
Dominica,1961,26.34991666666667
Dominica,1962,26.473416666666665
Dominica,1963,26.603916666666667
Dominica,1964,26.394166666666667
Dominica,1965,26.21525
Dominica,1966,26.358583333333332
Dominica,1967,26.095
Dominica,1968,26.133499999999998
Dominica,1969,26.65516666666667
Dominica,1970,26.423083333333334
Dominica,1971,26.089333333333332
Dominica,1972,26.326999999999998
Dominica,1973,26.490166666666667
Dominica,1974,26.087500000000002
Dominica,1975,26.03708333333333
Dominica,1976,25.95125
Dominica,1977,26.426083333333334
Dominica,1978,26.51575
Dominica,1979,26.442666666666668
Dominica,1980,26.753333333333334
Dominica,1981,26.686333333333334
Dominica,1982,26.436000000000003
Dominica,1983,26.696749999999998
Dominica,1984,26.250833333333333
Dominica,1985,26.27475
Dominica,1986,26.358083333333337
Dominica,1987,26.94775
Dominica,1988,26.6615
Dominica,1989,26.378666666666664
Dominica,1990,26.629833333333334
Dominica,1991,26.544583333333335
Dominica,1992,26.619
Dominica,1993,26.647916666666664
Dominica,1994,26.6245
Dominica,1995,26.974333333333334
Dominica,1996,26.632499999999997
Dominica,1997,26.957166666666666
Dominica,1998,27.268
Dominica,1999,26.81325
Dominica,2000,26.5715
Dominica,2001,26.90216666666667
Dominica,2002,26.935666666666666
Dominica,2003,27.08
Dominica,2004,26.829666666666668
Dominica,2005,27.31925
Dominica,2006,27.148583333333335
Dominica,2007,27.094416666666664
Dominica,2008,26.664666666666665
Dominica,2009,26.9505
Dominica,2010,27.486833333333333
Dominica,2011,26.98783333333333
Dominica,2012,27.112333333333336
Dominica,2013,26.922125
Dominican Republic,1900,25.76008333333333
Dominican Republic,1901,25.55475
Dominican Republic,1902,25.35175
Dominican Republic,1903,25.48
Dominican Republic,1904,25.011
Dominican Republic,1905,25.563916666666668
Dominican Republic,1906,25.373
Dominican Republic,1907,25.169583333333335
Dominican Republic,1908,25.307333333333332
Dominican Republic,1909,25.131833333333333
Dominican Republic,1910,24.994416666666666
Dominican Republic,1911,25.3195
Dominican Republic,1912,25.49191666666667
Dominican Republic,1913,25.012250000000005
Dominican Republic,1914,25.483583333333332
Dominican Republic,1915,25.759500000000003
Dominican Republic,1916,25.112333333333336
Dominican Republic,1917,24.833916666666667
Dominican Republic,1918,25.063083333333335
Dominican Republic,1919,25.58475
Dominican Republic,1920,25.502333333333336
Dominican Republic,1921,25.201916666666666
Dominican Republic,1922,25.086166666666667
Dominican Republic,1923,25.30875
Dominican Republic,1924,25.64816666666667
Dominican Republic,1925,25.36675
Dominican Republic,1926,25.863666666666663
Dominican Republic,1927,25.644583333333333
Dominican Republic,1928,25.654833333333332
Dominican Republic,1929,25.46175
Dominican Republic,1930,25.59266666666667
Dominican Republic,1931,25.78725
Dominican Republic,1932,25.66508333333333
Dominican Republic,1933,25.505
Dominican Republic,1934,25.378583333333335
Dominican Republic,1935,25.298083333333334
Dominican Republic,1936,25.676416666666668
Dominican Republic,1937,25.712500000000002
Dominican Republic,1938,25.454583333333332
Dominican Republic,1939,25.492166666666666
Dominican Republic,1940,25.94333333333333
Dominican Republic,1941,26.09183333333333
Dominican Republic,1942,26.017833333333332
Dominican Republic,1943,25.600083333333334
Dominican Republic,1944,25.542333333333335
Dominican Republic,1945,25.366083333333336
Dominican Republic,1946,25.541833333333333
Dominican Republic,1947,25.95575
Dominican Republic,1948,26.031000000000002
Dominican Republic,1949,25.585083333333333
Dominican Republic,1950,25.238333333333333
Dominican Republic,1951,25.500083333333333
Dominican Republic,1952,25.920749999999998
Dominican Republic,1953,25.965333333333334
Dominican Republic,1954,25.573166666666665
Dominican Republic,1955,25.305833333333336
Dominican Republic,1956,25.454250000000002
Dominican Republic,1957,25.861416666666667
Dominican Republic,1958,26.013416666666668
Dominican Republic,1959,26.0675
Dominican Republic,1960,26.08375
Dominican Republic,1961,25.749416666666665
Dominican Republic,1962,25.740333333333336
Dominican Republic,1963,25.828166666666664
Dominican Republic,1964,25.808333333333334
Dominican Republic,1965,25.573583333333332
Dominican Republic,1966,25.797250000000002
Dominican Republic,1967,25.773
Dominican Republic,1968,25.769333333333336
Dominican Republic,1969,26.094916666666666
Dominican Republic,1970,25.67833333333333
Dominican Republic,1971,25.424000000000003
Dominican Republic,1972,25.648083333333332
Dominican Republic,1973,25.905
Dominican Republic,1974,25.425
Dominican Republic,1975,25.6035
Dominican Republic,1976,25.4905
Dominican Republic,1977,26.029083333333332
Dominican Republic,1978,25.958
Dominican Republic,1979,25.767750000000003
Dominican Republic,1980,26.36616666666667
Dominican Republic,1981,26.10225
Dominican Republic,1982,25.96375
Dominican Republic,1983,26.25616666666667
Dominican Republic,1984,25.758166666666668
Dominican Republic,1985,25.765
Dominican Republic,1986,25.932083333333335
Dominican Republic,1987,26.294916666666666
Dominican Republic,1988,26.11525
Dominican Republic,1989,25.900583333333334
Dominican Republic,1990,26.171166666666668
Dominican Republic,1991,26.053416666666667
Dominican Republic,1992,25.941333333333333
Dominican Republic,1993,25.9165
Dominican Republic,1994,26.280583333333336
Dominican Republic,1995,26.35775
Dominican Republic,1996,25.87075
Dominican Republic,1997,26.69725
Dominican Republic,1998,26.676333333333332
Dominican Republic,1999,26.172833333333333
Dominican Republic,2000,25.880416666666665
Dominican Republic,2001,26.340666666666667
Dominican Republic,2002,26.58125
Dominican Republic,2003,26.626333333333335
Dominican Republic,2004,26.35875
Dominican Republic,2005,26.52116666666667
Dominican Republic,2006,26.58566666666667
Dominican Republic,2007,26.626
Dominican Republic,2008,26.199250000000003
Dominican Republic,2009,26.423083333333334
Dominican Republic,2010,26.455583333333333
Dominican Republic,2011,26.25075
Dominican Republic,2012,26.340083333333336
Dominican Republic,2013,26.290333333333333
Ecuador,1900,21.906583333333334
Ecuador,1901,21.49
Ecuador,1902,21.57825
Ecuador,1903,21.534583333333334
Ecuador,1904,21.198333333333334
Ecuador,1905,21.714250000000003
Ecuador,1906,21.635500000000004
Ecuador,1907,21.22641666666667
Ecuador,1908,21.164
Ecuador,1909,21.091333333333335
Ecuador,1910,20.930666666666667
Ecuador,1911,21.438000000000002
Ecuador,1912,21.70958333333333
Ecuador,1913,21.32325
Ecuador,1914,21.85525
Ecuador,1915,21.88808333333333
Ecuador,1916,21.268916666666666
Ecuador,1917,21.012333333333334
Ecuador,1918,21.349833333333336
Ecuador,1919,21.8165
Ecuador,1920,21.7055
Ecuador,1921,21.532750000000004
Ecuador,1922,21.709333333333333
Ecuador,1923,21.705
Ecuador,1924,21.53775
Ecuador,1925,21.48691666666667
Ecuador,1926,22.051750000000002
Ecuador,1927,21.69033333333333
Ecuador,1928,21.82075
Ecuador,1929,21.56675
Ecuador,1930,21.837833333333336
Ecuador,1931,21.92925
Ecuador,1932,21.73375
Ecuador,1933,21.31233333333333
Ecuador,1934,21.570666666666668
Ecuador,1935,21.45941666666667
Ecuador,1936,21.773416666666666
Ecuador,1937,21.82041666666667
Ecuador,1938,21.545916666666667
Ecuador,1939,22.105999999999998
Ecuador,1940,22.259500000000003
Ecuador,1941,22.536416666666668
Ecuador,1942,21.985500000000002
Ecuador,1943,21.881833333333333
Ecuador,1944,21.943833333333334
Ecuador,1945,22.155083333333334
Ecuador,1946,21.971333333333334
Ecuador,1947,21.913
Ecuador,1948,21.996166666666667
Ecuador,1949,21.730333333333334
Ecuador,1950,21.334416666666666
Ecuador,1951,22.012833333333333
Ecuador,1952,21.894750000000002
Ecuador,1953,22.169
Ecuador,1954,21.52
Ecuador,1955,21.4165
Ecuador,1956,21.442083333333333
Ecuador,1957,22.4205
Ecuador,1958,22.294083333333333
Ecuador,1959,21.996333333333336
Ecuador,1960,21.8235
Ecuador,1961,21.864416666666667
Ecuador,1962,21.888583333333333
Ecuador,1963,22.01691666666667
Ecuador,1964,21.886166666666668
Ecuador,1965,22.207666666666668
Ecuador,1966,22.166416666666667
Ecuador,1967,21.80666666666667
Ecuador,1968,21.894166666666667
Ecuador,1969,22.422083333333333
Ecuador,1970,21.961250000000003
Ecuador,1971,21.57341666666667
Ecuador,1972,22.48566666666667
Ecuador,1973,22.082166666666666
Ecuador,1974,21.695916666666665
Ecuador,1975,21.571833333333334
Ecuador,1976,21.980249999999998
Ecuador,1977,22.193
Ecuador,1978,22.08675
Ecuador,1979,22.291416666666667
Ecuador,1980,22.336000000000002
Ecuador,1981,22.167666666666666
Ecuador,1982,22.477249999999998
Ecuador,1983,22.94666666666667
Ecuador,1984,21.886083333333335
Ecuador,1985,21.838250000000002
Ecuador,1986,22.0715
Ecuador,1987,22.847083333333334
Ecuador,1988,22.130916666666668
Ecuador,1989,21.876416666666668
Ecuador,1990,22.434749999999998
Ecuador,1991,22.529500000000002
Ecuador,1992,22.611500000000003
Ecuador,1993,22.421583333333334
Ecuador,1994,22.217083333333335
Ecuador,1995,22.574166666666667
Ecuador,1996,22.0325
Ecuador,1997,23.082916666666666
Ecuador,1998,23.121
Ecuador,1999,21.90216666666667
Ecuador,2000,22.026
Ecuador,2001,22.236083333333337
Ecuador,2002,22.763666666666666
Ecuador,2003,22.668333333333333
Ecuador,2004,22.64791666666667
Ecuador,2005,22.5295
Ecuador,2006,22.603166666666667
Ecuador,2007,22.359750000000002
Ecuador,2008,22.22425
Ecuador,2009,22.67716666666667
Ecuador,2010,22.639916666666668
Ecuador,2011,22.33666666666667
Ecuador,2012,22.445916666666665
Ecuador,2013,22.264125
Egypt,1900,22.797750000000004
Egypt,1901,23.181583333333332
Egypt,1902,22.624916666666667
Egypt,1903,22.05275
Egypt,1904,21.970333333333333
Egypt,1905,22.390500000000003
Egypt,1906,22.756333333333334
Egypt,1907,21.936916666666665
Egypt,1908,21.986
Egypt,1909,22.9115
Egypt,1910,22.03816666666667
Egypt,1911,22.184
Egypt,1912,22.0
Egypt,1913,21.787000000000003
Egypt,1914,22.509416666666667
Egypt,1915,23.144583333333333
Egypt,1916,23.095166666666668
Egypt,1917,22.391416666666668
Egypt,1918,22.72283333333333
Egypt,1919,22.830583333333333
Egypt,1920,22.089416666666665
Egypt,1921,22.351083333333335
Egypt,1922,22.700999999999997
Egypt,1923,22.67
Egypt,1924,22.945166666666665
Egypt,1925,22.809583333333336
Egypt,1926,22.517083333333336
Egypt,1927,22.97275
Egypt,1928,23.192916666666665
Egypt,1929,22.552666666666667
Egypt,1930,22.995166666666666
Egypt,1931,23.035833333333333
Egypt,1932,22.675
Egypt,1933,22.704916666666666
Egypt,1934,22.85983333333333
Egypt,1935,22.827250000000003
Egypt,1936,23.34691666666667
Egypt,1937,23.139166666666668
Egypt,1938,22.525000000000002
Egypt,1939,23.25391666666667
Egypt,1940,22.99575
Egypt,1941,23.228416666666664
Egypt,1942,23.02125
Egypt,1943,22.6125
Egypt,1944,22.785
Egypt,1945,22.263
Egypt,1946,23.053749999999997
Egypt,1947,23.3185
Egypt,1948,22.143833333333333
Egypt,1949,21.8925
Egypt,1950,22.681083333333333
Egypt,1951,23.071166666666667
Egypt,1952,23.263
Egypt,1953,22.6735
Egypt,1954,22.66425
Egypt,1955,23.402
Egypt,1956,22.97975
Egypt,1957,23.038083333333333
Egypt,1958,23.304750000000002
Egypt,1959,22.284583333333334
Egypt,1960,23.621166666666667
Egypt,1961,22.23375
Egypt,1962,23.49683333333333
Egypt,1963,23.652
Egypt,1964,22.473083333333335
Egypt,1965,22.76325
Egypt,1966,23.369833333333332
Egypt,1967,22.280916666666666
Egypt,1968,22.738833333333332
Egypt,1969,23.404416666666666
Egypt,1970,22.70841666666667
Egypt,1971,22.680000000000003
Egypt,1972,22.85475
Egypt,1973,22.740583333333333
Egypt,1974,22.690250000000002
Egypt,1975,22.578083333333336
Egypt,1976,22.860916666666668
Egypt,1977,22.667749999999998
Egypt,1978,22.953666666666667
Egypt,1979,23.560166666666664
Egypt,1980,23.065416666666668
Egypt,1981,22.85175
Egypt,1982,22.45375
Egypt,1983,22.09358333333333
Egypt,1984,22.881249999999998
Egypt,1985,23.209666666666667
Egypt,1986,22.901833333333332
Egypt,1987,22.848916666666668
Egypt,1988,23.236500000000003
Egypt,1989,22.790000000000003
Egypt,1990,23.09141666666667
Egypt,1991,23.0885
Egypt,1992,22.554916666666667
Egypt,1993,23.39225
Egypt,1994,23.235
Egypt,1995,23.169166666666666
Egypt,1996,23.426333333333332
Egypt,1997,22.939666666666668
Egypt,1998,23.68241666666667
Egypt,1999,23.77933333333333
Egypt,2000,22.881416666666667
Egypt,2001,23.616333333333333
Egypt,2002,23.716250000000002
Egypt,2003,23.496416666666665
Egypt,2004,23.511083333333332
Egypt,2005,23.52025
Egypt,2006,23.505666666666666
Egypt,2007,23.584333333333333
Egypt,2008,23.907916666666665
Egypt,2009,23.735
Egypt,2010,25.151916666666665
Egypt,2011,23.33141666666667
Egypt,2012,23.77091666666667
Egypt,2013,24.50525
El Salvador,1900,24.655333333333335
El Salvador,1901,24.134249999999998
El Salvador,1902,24.62783333333333
El Salvador,1903,24.477833333333336
El Salvador,1904,24.128500000000003
El Salvador,1905,24.424916666666665
El Salvador,1906,24.547416666666667
El Salvador,1907,24.557583333333337
El Salvador,1908,24.46666666666667
El Salvador,1909,24.81325
El Salvador,1910,23.958916666666667
El Salvador,1911,24.985333333333333
El Salvador,1912,24.95875
El Salvador,1913,24.410749999999997
El Salvador,1914,24.729083333333335
El Salvador,1915,25.177083333333332
El Salvador,1916,24.525000000000002
El Salvador,1917,24.284333333333336
El Salvador,1918,24.77475
El Salvador,1919,25.044083333333333
El Salvador,1920,24.77175
El Salvador,1921,25.015083333333333
El Salvador,1922,24.992500000000003
El Salvador,1923,24.925250000000002
El Salvador,1924,25.009
El Salvador,1925,24.79716666666667
El Salvador,1926,25.219583333333333
El Salvador,1927,24.94633333333333
El Salvador,1928,24.949916666666667
El Salvador,1929,24.96825
El Salvador,1930,25.37691666666667
El Salvador,1931,25.238500000000002
El Salvador,1932,24.993166666666667
El Salvador,1933,25.050583333333336
El Salvador,1934,25.218166666666665
El Salvador,1935,24.837333333333333
El Salvador,1936,25.05933333333333
El Salvador,1937,24.903833333333335
El Salvador,1938,24.574333333333332
El Salvador,1939,24.820166666666665
El Salvador,1940,24.90491666666667
El Salvador,1941,25.3225
El Salvador,1942,25.162666666666667
El Salvador,1943,24.959999999999997
El Salvador,1944,24.916666666666668
El Salvador,1945,24.99291666666667
El Salvador,1946,25.505666666666666
El Salvador,1947,25.649916666666666
El Salvador,1948,25.32675
El Salvador,1949,24.961583333333333
El Salvador,1950,24.643
El Salvador,1951,25.193749999999998
El Salvador,1952,25.256333333333334
El Salvador,1953,25.546083333333332
El Salvador,1954,24.959083333333336
El Salvador,1955,24.9165
El Salvador,1956,24.878833333333336
El Salvador,1957,25.278833333333335
El Salvador,1958,25.578000000000003
El Salvador,1959,25.319916666666668
El Salvador,1960,25.03616666666667
El Salvador,1961,25.12608333333333
El Salvador,1962,24.799583333333334
El Salvador,1963,25.065749999999998
El Salvador,1964,25.143833333333333
El Salvador,1965,25.32675
El Salvador,1966,25.058916666666665
El Salvador,1967,24.90791666666667
El Salvador,1968,24.76816666666667
El Salvador,1969,25.361083333333337
El Salvador,1970,25.056
El Salvador,1971,24.874166666666667
El Salvador,1972,25.566833333333335
El Salvador,1973,25.322999999999997
El Salvador,1974,24.88625
El Salvador,1975,24.992250000000002
El Salvador,1976,24.91125
El Salvador,1977,25.400166666666667
El Salvador,1978,25.325083333333335
El Salvador,1979,25.341333333333335
El Salvador,1980,25.427666666666667
El Salvador,1981,25.063166666666664
El Salvador,1982,25.41925
El Salvador,1983,25.797083333333333
El Salvador,1984,24.943083333333334
El Salvador,1985,25.137249999999998
El Salvador,1986,25.15325
El Salvador,1987,25.736833333333337
El Salvador,1988,25.47375
El Salvador,1989,25.204333333333334
El Salvador,1990,25.5665
El Salvador,1991,25.64075
El Salvador,1992,25.781916666666664
El Salvador,1993,25.663083333333333
El Salvador,1994,25.91316666666667
El Salvador,1995,25.73408333333333
El Salvador,1996,25.35441666666667
El Salvador,1997,26.035750000000004
El Salvador,1998,26.131083333333333
El Salvador,1999,25.279583333333335
El Salvador,2000,25.40716666666667
El Salvador,2001,25.49291666666667
El Salvador,2002,25.71041666666667
El Salvador,2003,25.724083333333336
El Salvador,2004,25.742583333333332
El Salvador,2005,25.622833333333332
El Salvador,2006,25.758499999999998
El Salvador,2007,25.475166666666667
El Salvador,2008,25.24825
El Salvador,2009,25.787583333333334
El Salvador,2010,25.45866666666667
El Salvador,2011,25.549666666666667
El Salvador,2012,25.560333333333332
El Salvador,2013,25.910777777777778
Equatorial Guinea,1900,24.711000000000002
Equatorial Guinea,1901,24.902
Equatorial Guinea,1902,24.444916666666668
Equatorial Guinea,1903,24.325333333333333
Equatorial Guinea,1904,23.73725
Equatorial Guinea,1905,24.536333333333335
Equatorial Guinea,1906,24.423083333333334
Equatorial Guinea,1907,24.477500000000003
Equatorial Guinea,1908,24.485333333333333
Equatorial Guinea,1909,24.373416666666667
Equatorial Guinea,1910,24.4785
Equatorial Guinea,1911,24.168583333333334
Equatorial Guinea,1912,24.93041666666667
Equatorial Guinea,1913,25.145833333333332
Equatorial Guinea,1914,25.03425
Equatorial Guinea,1915,24.999916666666667
Equatorial Guinea,1916,24.930083333333332
Equatorial Guinea,1917,24.956333333333333
Equatorial Guinea,1918,24.522916666666664
Equatorial Guinea,1919,25.053583333333336
Equatorial Guinea,1920,24.832333333333334
Equatorial Guinea,1921,25.009500000000003
Equatorial Guinea,1922,24.753249999999998
Equatorial Guinea,1923,24.699583333333333
Equatorial Guinea,1924,25.24683333333333
Equatorial Guinea,1925,24.605166666666666
Equatorial Guinea,1926,25.104083333333335
Equatorial Guinea,1927,25.271833333333333
Equatorial Guinea,1928,24.832250000000002
Equatorial Guinea,1929,24.83641666666667
Equatorial Guinea,1930,24.955166666666667
Equatorial Guinea,1931,25.136916666666668
Equatorial Guinea,1932,24.843666666666667
Equatorial Guinea,1933,25.19741666666667
Equatorial Guinea,1934,25.232
Equatorial Guinea,1935,25.219916666666666
Equatorial Guinea,1936,25.211833333333335
Equatorial Guinea,1937,25.486583333333332
Equatorial Guinea,1938,25.40425
Equatorial Guinea,1939,24.883333333333336
Equatorial Guinea,1940,25.008583333333334
Equatorial Guinea,1941,25.582583333333332
Equatorial Guinea,1942,25.357833333333332
Equatorial Guinea,1943,24.90575
Equatorial Guinea,1944,25.419500000000003
Equatorial Guinea,1945,25.52391666666667
Equatorial Guinea,1946,25.106166666666667
Equatorial Guinea,1947,25.37816666666667
Equatorial Guinea,1948,25.093
Equatorial Guinea,1949,25.486500000000003
Equatorial Guinea,1950,25.07575
Equatorial Guinea,1951,25.158916666666666
Equatorial Guinea,1952,25.08725
Equatorial Guinea,1953,25.05741666666667
Equatorial Guinea,1954,24.64108333333333
Equatorial Guinea,1955,24.87483333333333
Equatorial Guinea,1956,24.688583333333337
Equatorial Guinea,1957,25.08475
Equatorial Guinea,1958,24.99716666666667
Equatorial Guinea,1959,25.100083333333334
Equatorial Guinea,1960,25.14491666666667
Equatorial Guinea,1961,24.891000000000002
Equatorial Guinea,1962,25.01591666666667
Equatorial Guinea,1963,25.273833333333332
Equatorial Guinea,1964,24.885666666666665
Equatorial Guinea,1965,24.93958333333333
Equatorial Guinea,1966,25.2705
Equatorial Guinea,1967,25.03141666666667
Equatorial Guinea,1968,24.997416666666666
Equatorial Guinea,1969,25.19125
Equatorial Guinea,1970,25.19633333333333
Equatorial Guinea,1971,24.871499999999997
Equatorial Guinea,1972,25.002666666666666
Equatorial Guinea,1973,25.384
Equatorial Guinea,1974,24.843166666666665
Equatorial Guinea,1975,24.826833333333337
Equatorial Guinea,1976,24.650750000000002
Equatorial Guinea,1977,25.22683333333333
Equatorial Guinea,1978,25.021666666666665
Equatorial Guinea,1979,25.378249999999998
Equatorial Guinea,1980,25.366500000000002
Equatorial Guinea,1981,24.927000000000003
Equatorial Guinea,1982,24.855416666666667
Equatorial Guinea,1983,25.19333333333334
Equatorial Guinea,1984,25.204416666666663
Equatorial Guinea,1985,24.95775
Equatorial Guinea,1986,24.902416666666667
Equatorial Guinea,1987,25.490916666666667
Equatorial Guinea,1988,25.409499999999998
Equatorial Guinea,1989,25.13
Equatorial Guinea,1990,25.285
Equatorial Guinea,1991,25.235083333333336
Equatorial Guinea,1992,24.889166666666668
Equatorial Guinea,1993,25.189333333333334
Equatorial Guinea,1994,25.2865
Equatorial Guinea,1995,25.614583333333332
Equatorial Guinea,1996,25.238416666666666
Equatorial Guinea,1997,25.32525
Equatorial Guinea,1998,26.003500000000003
Equatorial Guinea,1999,25.323000000000004
Equatorial Guinea,2000,25.220583333333334
Equatorial Guinea,2001,25.207250000000002
Equatorial Guinea,2002,25.5265
Equatorial Guinea,2003,25.627416666666665
Equatorial Guinea,2004,25.594166666666666
Equatorial Guinea,2005,25.62391666666667
Equatorial Guinea,2006,25.785416666666666
Equatorial Guinea,2007,25.773666666666667
Equatorial Guinea,2008,25.76875
Equatorial Guinea,2009,25.832833333333337
Equatorial Guinea,2010,25.902500000000003
Equatorial Guinea,2011,25.545666666666666
Equatorial Guinea,2012,25.536833333333334
Equatorial Guinea,2013,25.5905
Eritrea,1900,26.431083333333333
Eritrea,1901,26.615333333333336
Eritrea,1902,26.37816666666667
Eritrea,1903,26.224666666666668
Eritrea,1904,26.680083333333332
Eritrea,1905,26.511083333333332
Eritrea,1906,26.359583333333333
Eritrea,1907,26.165750000000003
Eritrea,1908,26.26391666666667
Eritrea,1909,26.470166666666668
Eritrea,1910,26.422916666666666
Eritrea,1911,26.25125
Eritrea,1912,25.9765
Eritrea,1913,25.967166666666667
Eritrea,1914,26.82858333333333
Eritrea,1915,27.130916666666668
Eritrea,1916,25.919833333333333
Eritrea,1917,26.025333333333336
Eritrea,1918,26.27116666666667
Eritrea,1919,27.240499999999997
Eritrea,1920,26.501083333333337
Eritrea,1921,26.39391666666667
Eritrea,1922,26.40491666666667
Eritrea,1923,26.37108333333333
Eritrea,1924,26.776750000000003
Eritrea,1925,26.646
Eritrea,1926,26.852666666666664
Eritrea,1927,26.883583333333334
Eritrea,1928,27.197
Eritrea,1929,26.867083333333337
Eritrea,1930,26.623083333333337
Eritrea,1931,26.998416666666667
Eritrea,1932,26.636
Eritrea,1933,26.449749999999998
Eritrea,1934,26.656000000000002
Eritrea,1935,26.830916666666667
Eritrea,1936,26.740416666666665
Eritrea,1937,26.57375
Eritrea,1938,26.580166666666667
Eritrea,1939,26.89633333333333
Eritrea,1940,26.984166666666667
Eritrea,1941,27.313000000000002
Eritrea,1942,27.202
Eritrea,1943,26.424916666666665
Eritrea,1944,27.01816666666667
Eritrea,1945,26.86283333333333
Eritrea,1946,26.762833333333333
Eritrea,1947,27.08875
Eritrea,1948,26.72266666666667
Eritrea,1949,26.69141666666667
Eritrea,1950,26.665833333333335
Eritrea,1951,26.764666666666667
Eritrea,1952,27.101166666666668
Eritrea,1953,26.936916666666665
Eritrea,1954,26.892166666666668
Eritrea,1955,26.81441666666667
Eritrea,1956,26.495583333333332
Eritrea,1957,26.667
Eritrea,1958,27.297250000000002
Eritrea,1959,26.637083333333337
Eritrea,1960,27.010583333333333
Eritrea,1961,26.54416666666667
Eritrea,1962,26.8385
Eritrea,1963,27.107416666666666
Eritrea,1964,26.312833333333334
Eritrea,1965,26.664583333333336
Eritrea,1966,27.047416666666667
Eritrea,1967,26.371083333333335
Eritrea,1968,26.460250000000002
Eritrea,1969,27.021833333333333
Eritrea,1970,26.864500000000003
Eritrea,1971,26.376333333333335
Eritrea,1972,26.974083333333336
Eritrea,1973,27.162583333333334
Eritrea,1974,26.670583333333337
Eritrea,1975,26.576666666666668
Eritrea,1976,26.800666666666668
Eritrea,1977,26.823833333333337
Eritrea,1978,26.881833333333333
Eritrea,1979,27.169833333333333
Eritrea,1980,27.33983333333333
Eritrea,1981,26.96541666666667
Eritrea,1982,26.63525
Eritrea,1983,26.77625
Eritrea,1984,27.090833333333336
Eritrea,1985,26.693916666666667
Eritrea,1986,26.702083333333334
Eritrea,1987,27.132166666666667
Eritrea,1988,27.237583333333333
Eritrea,1989,26.6545
Eritrea,1990,27.448083333333333
Eritrea,1991,27.256833333333333
Eritrea,1992,26.428916666666666
Eritrea,1993,26.93025
Eritrea,1994,26.890583333333336
Eritrea,1995,27.136666666666667
Eritrea,1996,27.183916666666665
Eritrea,1997,27.146
Eritrea,1998,27.577833333333334
Eritrea,1999,27.514083333333332
Eritrea,2000,27.51725
Eritrea,2001,27.410583333333335
Eritrea,2002,27.639416666666666
Eritrea,2003,27.72975
Eritrea,2004,27.5775
Eritrea,2005,27.69
Eritrea,2006,27.492
Eritrea,2007,27.485416666666666
Eritrea,2008,27.594333333333335
Eritrea,2009,28.092583333333334
Eritrea,2010,28.054166666666664
Eritrea,2011,27.58575
Eritrea,2012,27.880083333333335
Eritrea,2013,28.5035
Estonia,1900,4.23525
Estonia,1901,5.230166666666666
Estonia,1902,2.9560833333333334
Estonia,1903,5.833916666666667
Estonia,1904,4.096333333333333
Estonia,1905,5.116666666666667
Estonia,1906,5.7124999999999995
Estonia,1907,3.7913333333333337
Estonia,1908,4.40825
Estonia,1909,4.376333333333333
Estonia,1910,6.103416666666667
Estonia,1911,5.09225
Estonia,1912,4.338416666666666
Estonia,1913,5.721166666666666
Estonia,1914,5.79375
Estonia,1915,3.2174166666666664
Estonia,1916,4.806333333333332
Estonia,1917,3.9477500000000005
Estonia,1918,4.941833333333333
Estonia,1919,4.182666666666667
Estonia,1920,6.065833333333333
Estonia,1921,5.187333333333333
Estonia,1922,4.151083333333333
Estonia,1923,4.2465
Estonia,1924,4.9955
Estonia,1925,5.687416666666667
Estonia,1926,4.342249999999999
Estonia,1927,4.644666666666667
Estonia,1928,4.6922500000000005
Estonia,1929,4.258916666666667
Estonia,1930,6.18925
Estonia,1931,4.110916666666667
Estonia,1932,5.738666666666667
Estonia,1933,4.431666666666666
Estonia,1934,6.967916666666667
Estonia,1935,5.4605
Estonia,1936,6.223583333333334
Estonia,1937,6.053666666666667
Estonia,1938,6.8084999999999996
Estonia,1939,5.690083333333334
Estonia,1940,3.43425
Estonia,1941,2.549583333333333
Estonia,1942,2.7725833333333334
Estonia,1943,6.327666666666666
Estonia,1944,5.801583333333333
Estonia,1945,4.856916666666667
Estonia,1946,5.002083333333333
Estonia,1947,4.33
Estonia,1948,5.771583333333333
Estonia,1949,6.746416666666666
Estonia,1950,5.236
Estonia,1951,5.086833333333334
Estonia,1952,4.454833333333333
Estonia,1953,5.65675
Estonia,1954,5.02775
Estonia,1955,4.273416666666667
Estonia,1956,3.5045
Estonia,1957,5.6643333333333326
Estonia,1958,4.3229999999999995
Estonia,1959,5.9117500000000005
Estonia,1960,4.910833333333334
Estonia,1961,6.580916666666666
Estonia,1962,4.694583333333333
Estonia,1963,4.21925
Estonia,1964,5.177499999999999
Estonia,1965,4.445083333333334
Estonia,1966,4.064416666666667
Estonia,1967,5.433916666666666
Estonia,1968,4.616916666666667
Estonia,1969,3.8089999999999997
Estonia,1970,4.349749999999999
Estonia,1971,5.395166666666667
Estonia,1972,5.966583333333333
Estonia,1973,5.5025
Estonia,1974,6.30725
Estonia,1975,6.911416666666667
Estonia,1976,3.81075
Estonia,1977,4.78075
Estonia,1978,3.9135833333333334
Estonia,1979,4.8045
Estonia,1980,4.502583333333333
Estonia,1981,5.183083333333333
Estonia,1982,5.4446666666666665
Estonia,1983,6.143833333333333
Estonia,1984,5.7465
Estonia,1985,3.56925
Estonia,1986,4.887083333333333
Estonia,1987,3.2840833333333332
Estonia,1988,5.7435833333333335
Estonia,1989,7.180583333333334
Estonia,1990,6.698583333333333
Estonia,1991,6.258083333333334
Estonia,1992,6.401833333333333
Estonia,1993,5.146249999999999
Estonia,1994,5.252250000000001
Estonia,1995,6.165833333333333
Estonia,1996,4.578499999999999
Estonia,1997,5.778333333333333
Estonia,1998,5.361416666666667
Estonia,1999,6.456833333333333
Estonia,2000,7.00875
Estonia,2001,5.973
Estonia,2002,6.2115833333333335
Estonia,2003,5.662166666666667
Estonia,2004,5.940833333333334
Estonia,2005,6.001416666666667
Estonia,2006,6.531833333333332
Estonia,2007,6.8308333333333335
Estonia,2008,7.267833333333333
Estonia,2009,6.061833333333333
Estonia,2010,5.043
Estonia,2011,6.865333333333333
Estonia,2012,5.486
Estonia,2013,6.961749999999999
Ethiopia,1900,22.793666666666667
Ethiopia,1901,22.980666666666668
Ethiopia,1902,22.723333333333333
Ethiopia,1903,22.620500000000003
Ethiopia,1904,22.718166666666665
Ethiopia,1905,22.7135
Ethiopia,1906,22.57575
Ethiopia,1907,22.353166666666667
Ethiopia,1908,22.497416666666666
Ethiopia,1909,22.407750000000004
Ethiopia,1910,23.116083333333336
Ethiopia,1911,22.909916666666664
Ethiopia,1912,22.50316666666667
Ethiopia,1913,22.407
Ethiopia,1914,23.201999999999998
Ethiopia,1915,23.339416666666665
Ethiopia,1916,22.475416666666664
Ethiopia,1917,22.277833333333334
Ethiopia,1918,22.4605
Ethiopia,1919,23.269416666666668
Ethiopia,1920,22.809833333333334
Ethiopia,1921,22.698333333333334
Ethiopia,1922,22.484333333333336
Ethiopia,1923,22.445333333333334
Ethiopia,1924,22.838250000000002
Ethiopia,1925,22.71666666666667
Ethiopia,1926,22.919583333333335
Ethiopia,1927,22.776583333333335
Ethiopia,1928,22.801333333333336
Ethiopia,1929,22.958333333333332
Ethiopia,1930,22.988416666666666
Ethiopia,1931,23.312250000000002
Ethiopia,1932,22.717166666666667
Ethiopia,1933,23.09283333333333
Ethiopia,1934,22.83758333333333
Ethiopia,1935,23.03625
Ethiopia,1936,22.843416666666666
Ethiopia,1937,22.85683333333333
Ethiopia,1938,22.876
Ethiopia,1939,23.06025
Ethiopia,1940,23.303416666666667
Ethiopia,1941,23.489833333333333
Ethiopia,1942,23.2865
Ethiopia,1943,22.985500000000002
Ethiopia,1944,23.169416666666667
Ethiopia,1945,23.2055
Ethiopia,1946,23.05333333333333
Ethiopia,1947,23.148583333333335
Ethiopia,1948,22.90941666666667
Ethiopia,1949,22.93675
Ethiopia,1950,22.658
Ethiopia,1951,22.899833333333333
Ethiopia,1952,23.174666666666667
Ethiopia,1953,23.20075
Ethiopia,1954,23.005083333333335
Ethiopia,1955,23.029333333333337
Ethiopia,1956,22.661
Ethiopia,1957,22.850583333333333
Ethiopia,1958,23.362916666666667
Ethiopia,1959,23.148833333333332
Ethiopia,1960,22.94241666666667
Ethiopia,1961,22.895666666666667
Ethiopia,1962,22.859583333333333
Ethiopia,1963,23.074333333333332
Ethiopia,1964,22.847583333333333
Ethiopia,1965,22.85075
Ethiopia,1966,22.956333333333333
Ethiopia,1967,22.717583333333334
Ethiopia,1968,22.635166666666667
Ethiopia,1969,23.187416666666667
Ethiopia,1970,23.135583333333333
Ethiopia,1971,22.752083333333335
Ethiopia,1972,23.251
Ethiopia,1973,23.446250000000003
Ethiopia,1974,22.79225
Ethiopia,1975,22.84766666666667
Ethiopia,1976,22.999916666666667
Ethiopia,1977,23.137249999999998
Ethiopia,1978,23.11725
Ethiopia,1979,23.32941666666667
Ethiopia,1980,23.642
Ethiopia,1981,23.154583333333335
Ethiopia,1982,23.2555
Ethiopia,1983,23.493333333333336
Ethiopia,1984,23.192000000000004
Ethiopia,1985,22.916583333333335
Ethiopia,1986,23.193250000000003
Ethiopia,1987,23.626583333333333
Ethiopia,1988,23.51908333333333
Ethiopia,1989,22.855999999999998
Ethiopia,1990,23.379583333333333
Ethiopia,1991,23.41241666666667
Ethiopia,1992,23.239500000000003
Ethiopia,1993,22.98875
Ethiopia,1994,23.20866666666667
Ethiopia,1995,23.3965
Ethiopia,1996,23.358583333333332
Ethiopia,1997,23.423833333333334
Ethiopia,1998,23.68941666666667
Ethiopia,1999,23.446833333333334
Ethiopia,2000,23.762583333333335
Ethiopia,2001,23.6615
Ethiopia,2002,23.82325
Ethiopia,2003,23.857166666666668
Ethiopia,2004,23.778666666666666
Ethiopia,2005,23.89691666666667
Ethiopia,2006,23.77808333333333
Ethiopia,2007,23.724
Ethiopia,2008,23.60258333333333
Ethiopia,2009,24.273583333333335
Ethiopia,2010,23.9275
Ethiopia,2011,24.074166666666667
Ethiopia,2012,23.976166666666668
Ethiopia,2013,24.6315
Europe,1900,7.797083333333333
Europe,1901,7.757083333333333
Europe,1902,6.916416666666667
Europe,1903,8.004916666666666
Europe,1904,7.655166666666666
Europe,1905,7.717416666666666
Europe,1906,7.991666666666666
Europe,1907,7.374416666666666
Europe,1908,7.459166666666666
Europe,1909,7.330916666666667
Europe,1910,8.113333333333333
Europe,1911,8.060916666666667
Europe,1912,7.30525
Europe,1913,8.051583333333333
Europe,1914,7.944583333333333
Europe,1915,7.328833333333333
Europe,1916,8.017833333333334
Europe,1917,7.18875
Europe,1918,8.000833333333334
Europe,1919,7.244833333333333
Europe,1920,8.285333333333332
Europe,1921,8.227083333333333
Europe,1922,7.368500000000001
Europe,1923,7.895083333333333
Europe,1924,7.640083333333333
Europe,1925,8.027416666666666
Europe,1926,8.138250000000001
Europe,1927,7.90275
Europe,1928,7.84325
Europe,1929,7.386916666666668
Europe,1930,8.586
Europe,1931,7.517083333333333
Europe,1932,8.058916666666667
Europe,1933,7.471
Europe,1934,8.963083333333332
Europe,1935,8.063
Europe,1936,8.396083333333333
Europe,1937,8.615166666666665
Europe,1938,8.7255
Europe,1939,8.326666666666666
Europe,1940,6.864333333333334
Europe,1941,6.867916666666667
Europe,1942,7.0064166666666665
Europe,1943,8.571583333333335
Europe,1944,8.148166666666667
Europe,1945,8.223666666666666
Europe,1946,8.246916666666666
Europe,1947,8.111333333333333
Europe,1948,8.477583333333333
Europe,1949,8.769166666666665
Europe,1950,8.4875
Europe,1951,8.2865
Europe,1952,7.9264166666666656
Europe,1953,8.418166666666666
Europe,1954,7.730916666666666
Europe,1955,7.81625
Europe,1956,6.9022499999999996
Europe,1957,8.38375
Europe,1958,8.013666666666667
Europe,1959,8.5325
Europe,1960,8.300583333333334
Europe,1961,8.853
Europe,1962,7.6546666666666665
Europe,1963,7.46
Europe,1964,7.9991666666666665
Europe,1965,7.402833333333334
Europe,1966,8.111083333333333
Europe,1967,8.33325
Europe,1968,7.886500000000001
Europe,1969,7.419666666666667
Europe,1970,7.7893333333333326
Europe,1971,8.011416666666667
Europe,1972,8.188333333333333
Europe,1973,7.998166666666666
Europe,1974,8.510833333333332
Europe,1975,8.72525
Europe,1976,7.636333333333333
Europe,1977,8.095833333333333
Europe,1978,7.4695
Europe,1979,7.841166666666666
Europe,1980,7.402083333333334
Europe,1981,8.023
Europe,1982,8.443
Europe,1983,8.64575
Europe,1984,8.160833333333334
Europe,1985,7.262416666666667
Europe,1986,7.889333333333333
Europe,1987,7.414666666666666
Europe,1988,8.40675
Europe,1989,9.27225
Europe,1990,9.320416666666667
Europe,1991,8.337166666666667
Europe,1992,8.787500000000001
Europe,1993,8.109916666666667
Europe,1994,8.987416666666666
Europe,1995,8.686416666666666
Europe,1996,7.802083333333333
Europe,1997,8.630583333333332
Europe,1998,8.546166666666666
Europe,1999,9.087833333333334
Europe,2000,9.440083333333334
Europe,2001,8.787083333333333
Europe,2002,9.22
Europe,2003,8.982333333333333
Europe,2004,8.83075
Europe,2005,8.801333333333334
Europe,2006,9.157416666666668
Europe,2007,9.470666666666668
Europe,2008,9.304666666666668
Europe,2009,9.150333333333334
Europe,2010,8.279833333333334
Europe,2011,9.384416666666667
Europe,2012,8.912916666666666
Europe,2013,9.67025
Falkland Islands (Islas Malvinas),1900,5.78175
Falkland Islands (Islas Malvinas),1901,6.291583333333333
Falkland Islands (Islas Malvinas),1902,5.207166666666667
Falkland Islands (Islas Malvinas),1903,5.6896666666666675
Falkland Islands (Islas Malvinas),1904,5.61525
Falkland Islands (Islas Malvinas),1905,5.434833333333334
Falkland Islands (Islas Malvinas),1906,5.530083333333334
Falkland Islands (Islas Malvinas),1907,5.53875
Falkland Islands (Islas Malvinas),1908,6.200916666666667
Falkland Islands (Islas Malvinas),1909,6.148666666666667
Falkland Islands (Islas Malvinas),1910,6.0633333333333335
Falkland Islands (Islas Malvinas),1911,5.993083333333334
Falkland Islands (Islas Malvinas),1912,5.695166666666666
Falkland Islands (Islas Malvinas),1913,5.877416666666666
Falkland Islands (Islas Malvinas),1914,5.902250000000001
Falkland Islands (Islas Malvinas),1915,5.775333333333333
Falkland Islands (Islas Malvinas),1916,5.970416666666666
Falkland Islands (Islas Malvinas),1917,6.792583333333333
Falkland Islands (Islas Malvinas),1918,5.984500000000001
Falkland Islands (Islas Malvinas),1919,5.977166666666666
Falkland Islands (Islas Malvinas),1920,6.026916666666668
Falkland Islands (Islas Malvinas),1921,5.725750000000001
Falkland Islands (Islas Malvinas),1922,6.1025
Falkland Islands (Islas Malvinas),1923,5.3821666666666665
Falkland Islands (Islas Malvinas),1924,5.889916666666667
Falkland Islands (Islas Malvinas),1925,5.708333333333333
Falkland Islands (Islas Malvinas),1926,5.699750000000001
Falkland Islands (Islas Malvinas),1927,5.827916666666667
Falkland Islands (Islas Malvinas),1928,5.735083333333333
Falkland Islands (Islas Malvinas),1929,5.888166666666667
Falkland Islands (Islas Malvinas),1930,5.454750000000001
Falkland Islands (Islas Malvinas),1931,5.8765
Falkland Islands (Islas Malvinas),1932,6.033
Falkland Islands (Islas Malvinas),1933,6.1345
Falkland Islands (Islas Malvinas),1934,6.102833333333334
Falkland Islands (Islas Malvinas),1935,5.501
Falkland Islands (Islas Malvinas),1936,6.124916666666667
Falkland Islands (Islas Malvinas),1937,5.846666666666668
Falkland Islands (Islas Malvinas),1938,5.807416666666668
Falkland Islands (Islas Malvinas),1939,5.464583333333334
Falkland Islands (Islas Malvinas),1940,6.609333333333333
Falkland Islands (Islas Malvinas),1941,6.4785
Falkland Islands (Islas Malvinas),1942,6.1855
Falkland Islands (Islas Malvinas),1943,6.948666666666667
Falkland Islands (Islas Malvinas),1944,6.4135
Falkland Islands (Islas Malvinas),1945,6.460583333333333
Falkland Islands (Islas Malvinas),1946,6.219916666666666
Falkland Islands (Islas Malvinas),1947,6.174333333333333
Falkland Islands (Islas Malvinas),1948,5.71875
Falkland Islands (Islas Malvinas),1949,5.973583333333334
Falkland Islands (Islas Malvinas),1950,5.699750000000001
Falkland Islands (Islas Malvinas),1951,6.100666666666666
Falkland Islands (Islas Malvinas),1952,6.403666666666666
Falkland Islands (Islas Malvinas),1953,6.410583333333332
Falkland Islands (Islas Malvinas),1954,5.982833333333333
Falkland Islands (Islas Malvinas),1955,6.257416666666667
Falkland Islands (Islas Malvinas),1956,6.6925
Falkland Islands (Islas Malvinas),1957,6.348833333333334
Falkland Islands (Islas Malvinas),1958,6.041583333333334
Falkland Islands (Islas Malvinas),1959,5.5049166666666665
Falkland Islands (Islas Malvinas),1960,6.59875
Falkland Islands (Islas Malvinas),1961,5.925833333333333
Falkland Islands (Islas Malvinas),1962,6.740166666666667
Falkland Islands (Islas Malvinas),1963,6.011916666666667
Falkland Islands (Islas Malvinas),1964,5.980166666666666
Falkland Islands (Islas Malvinas),1965,6.386833333333333
Falkland Islands (Islas Malvinas),1966,5.865666666666667
Falkland Islands (Islas Malvinas),1967,6.387666666666667
Falkland Islands (Islas Malvinas),1968,6.687916666666666
Falkland Islands (Islas Malvinas),1969,6.134666666666667
Falkland Islands (Islas Malvinas),1970,6.4435
Falkland Islands (Islas Malvinas),1971,6.001083333333334
Falkland Islands (Islas Malvinas),1972,5.952583333333334
Falkland Islands (Islas Malvinas),1973,6.263750000000001
Falkland Islands (Islas Malvinas),1974,6.360916666666667
Falkland Islands (Islas Malvinas),1975,6.268750000000001
Falkland Islands (Islas Malvinas),1976,5.92175
Falkland Islands (Islas Malvinas),1977,6.442833333333334
Falkland Islands (Islas Malvinas),1978,6.593833333333333
Falkland Islands (Islas Malvinas),1979,6.8535
Falkland Islands (Islas Malvinas),1980,6.260416666666667
Falkland Islands (Islas Malvinas),1981,6.4703333333333335
Falkland Islands (Islas Malvinas),1982,6.773416666666666
Falkland Islands (Islas Malvinas),1983,6.921083333333333
Falkland Islands (Islas Malvinas),1984,6.042083333333333
Falkland Islands (Islas Malvinas),1985,6.954583333333333
Falkland Islands (Islas Malvinas),1986,6.24625
Falkland Islands (Islas Malvinas),1987,6.632916666666667
Falkland Islands (Islas Malvinas),1988,6.429666666666667
Falkland Islands (Islas Malvinas),1989,7.331416666666667
Falkland Islands (Islas Malvinas),1990,6.801666666666667
Falkland Islands (Islas Malvinas),1991,6.1025
Falkland Islands (Islas Malvinas),1992,6.359500000000001
Falkland Islands (Islas Malvinas),1993,7.103750000000001
Falkland Islands (Islas Malvinas),1994,6.3855
Falkland Islands (Islas Malvinas),1995,6.0985000000000005
Falkland Islands (Islas Malvinas),1996,6.845166666666667
Falkland Islands (Islas Malvinas),1997,6.304583333333333
Falkland Islands (Islas Malvinas),1998,7.651666666666667
Falkland Islands (Islas Malvinas),1999,6.989666666666667
Falkland Islands (Islas Malvinas),2000,6.401166666666668
Falkland Islands (Islas Malvinas),2001,6.6475
Falkland Islands (Islas Malvinas),2002,6.044250000000001
Falkland Islands (Islas Malvinas),2003,6.533666666666666
Falkland Islands (Islas Malvinas),2004,7.391416666666667
Falkland Islands (Islas Malvinas),2005,6.601916666666667
Falkland Islands (Islas Malvinas),2006,7.062083333333334
Falkland Islands (Islas Malvinas),2007,6.3379166666666675
Falkland Islands (Islas Malvinas),2008,6.9190000000000005
Falkland Islands (Islas Malvinas),2009,6.559916666666666
Falkland Islands (Islas Malvinas),2010,6.868083333333334
Falkland Islands (Islas Malvinas),2011,7.131166666666666
Falkland Islands (Islas Malvinas),2012,6.706916666666667
Falkland Islands (Islas Malvinas),2013,7.346
Faroe Islands,1900,6.432416666666666
Faroe Islands,1901,6.771583333333333
Faroe Islands,1902,6.07825
Faroe Islands,1903,6.247583333333334
Faroe Islands,1904,6.639500000000001
Faroe Islands,1905,6.590083333333333
Faroe Islands,1906,6.1241666666666665
Faroe Islands,1907,6.057666666666666
Faroe Islands,1908,6.835
Faroe Islands,1909,6.07075
Faroe Islands,1910,6.3598333333333334
Faroe Islands,1911,6.838666666666666
Faroe Islands,1912,6.522333333333333
Faroe Islands,1913,6.9316666666666675
Faroe Islands,1914,6.787
Faroe Islands,1915,6.0015
Faroe Islands,1916,6.444333333333333
Faroe Islands,1917,5.852083333333333
Faroe Islands,1918,6.369
Faroe Islands,1919,5.716166666666667
Faroe Islands,1920,6.869916666666666
Faroe Islands,1921,6.5696666666666665
Faroe Islands,1922,6.257083333333334
Faroe Islands,1923,6.1385000000000005
Faroe Islands,1924,6.6545
Faroe Islands,1925,6.4446666666666665
Faroe Islands,1926,7.066166666666667
Faroe Islands,1927,6.428999999999999
Faroe Islands,1928,6.749083333333334
Faroe Islands,1929,6.875333333333334
Faroe Islands,1930,7.084416666666667
Faroe Islands,1931,6.640833333333333
Faroe Islands,1932,7.07875
Faroe Islands,1933,7.85175
Faroe Islands,1934,7.535833333333334
Faroe Islands,1935,7.080333333333333
Faroe Islands,1936,7.04225
Faroe Islands,1937,7.145666666666667
Faroe Islands,1938,7.49925
Faroe Islands,1939,7.463
Faroe Islands,1940,6.887333333333333
Faroe Islands,1941,7.084499999999999
Faroe Islands,1942,6.80575
Faroe Islands,1943,7.1825
Faroe Islands,1944,6.768583333333333
Faroe Islands,1945,7.667666666666666
Faroe Islands,1946,7.630583333333333
Faroe Islands,1947,6.871333333333333
Faroe Islands,1948,7.274583333333333
Faroe Islands,1949,7.138916666666667
Faroe Islands,1950,7.0065
Faroe Islands,1951,6.5305
Faroe Islands,1952,6.319083333333334
Faroe Islands,1953,7.709833333333333
Faroe Islands,1954,6.759916666666666
Faroe Islands,1955,6.587
Faroe Islands,1956,6.81425
Faroe Islands,1957,7.011833333333333
Faroe Islands,1958,6.765666666666667
Faroe Islands,1959,7.69325
Faroe Islands,1960,7.4985
Faroe Islands,1961,7.298749999999999
Faroe Islands,1962,6.461166666666667
Faroe Islands,1963,6.699666666666666
Faroe Islands,1964,7.203916666666667
Faroe Islands,1965,6.415333333333333
Faroe Islands,1966,6.433916666666668
Faroe Islands,1967,6.739083333333333
Faroe Islands,1968,6.476333333333334
Faroe Islands,1969,6.336333333333333
Faroe Islands,1970,6.4105
Faroe Islands,1971,7.116583333333334
Faroe Islands,1972,7.533916666666666
Faroe Islands,1973,6.609083333333333
Faroe Islands,1974,7.46825
Faroe Islands,1975,6.900666666666667
Faroe Islands,1976,7.202916666666667
Faroe Islands,1977,6.729
Faroe Islands,1978,6.610833333333333
Faroe Islands,1979,5.846166666666666
Faroe Islands,1980,6.842416666666666
Faroe Islands,1981,6.145666666666667
Faroe Islands,1982,7.062916666666666
Faroe Islands,1983,6.572
Faroe Islands,1984,7.342583333333334
Faroe Islands,1985,6.412166666666667
Faroe Islands,1986,6.628416666666666
Faroe Islands,1987,7.0977500000000004
Faroe Islands,1988,6.889
Faroe Islands,1989,7.12575
Faroe Islands,1990,7.401833333333333
Faroe Islands,1991,7.56575
Faroe Islands,1992,7.304333333333333
Faroe Islands,1993,6.709833333333333
Faroe Islands,1994,6.8505
Faroe Islands,1995,6.52525
Faroe Islands,1996,6.989666666666667
Faroe Islands,1997,7.5914166666666665
Faroe Islands,1998,7.047416666666667
Faroe Islands,1999,7.102333333333333
Faroe Islands,2000,7.19175
Faroe Islands,2001,7.125083333333333
Faroe Islands,2002,7.889749999999999
Faroe Islands,2003,8.21875
Faroe Islands,2004,7.850333333333334
Faroe Islands,2005,7.319166666666667
Faroe Islands,2006,7.8785
Faroe Islands,2007,7.55075
Faroe Islands,2008,7.5071666666666665
Faroe Islands,2009,7.995916666666666
Faroe Islands,2010,6.8267500000000005
Faroe Islands,2011,7.668583333333333
Faroe Islands,2012,6.981416666666667
Faroe Islands,2013,7.076625
Federated States Of Micronesia,1901,26.697
Federated States Of Micronesia,1902,26.3738
Federated States Of Micronesia,1903,26.339
Federated States Of Micronesia,1904,26.2615
Federated States Of Micronesia,1905,26.29341666666667
Federated States Of Micronesia,1906,26.47125
Federated States Of Micronesia,1907,26.12125
Federated States Of Micronesia,1908,26.412125
Federated States Of Micronesia,1909,26.63116666666667
Federated States Of Micronesia,1910,26.521833333333337
Federated States Of Micronesia,1911,26.531000000000002
Federated States Of Micronesia,1912,26.392166666666668
Federated States Of Micronesia,1913,26.58375
Federated States Of Micronesia,1914,26.6605
Federated States Of Micronesia,1915,26.76875
Federated States Of Micronesia,1916,26.560666666666666
Federated States Of Micronesia,1917,26.354333333333333
Federated States Of Micronesia,1918,26.27716666666667
Federated States Of Micronesia,1919,26.52508333333333
Federated States Of Micronesia,1920,26.533083333333334
Federated States Of Micronesia,1921,26.6135
Federated States Of Micronesia,1922,26.578500000000002
Federated States Of Micronesia,1923,26.499333333333336
Federated States Of Micronesia,1924,26.655583333333336
Federated States Of Micronesia,1925,26.683583333333335
Federated States Of Micronesia,1926,26.60383333333333
Federated States Of Micronesia,1927,27.168583333333334
Federated States Of Micronesia,1928,26.819916666666668
Federated States Of Micronesia,1929,26.666833333333333
Federated States Of Micronesia,1930,26.589916666666667
Federated States Of Micronesia,1931,26.86791666666667
Federated States Of Micronesia,1932,26.698000000000004
Federated States Of Micronesia,1933,26.552750000000003
Federated States Of Micronesia,1934,26.794833333333333
Federated States Of Micronesia,1935,26.727833333333336
Federated States Of Micronesia,1936,26.818916666666667
Federated States Of Micronesia,1937,27.0115
Federated States Of Micronesia,1938,27.02633333333333
Federated States Of Micronesia,1939,26.99983333333333
Federated States Of Micronesia,1940,26.80033333333333
Federated States Of Micronesia,1941,27.076666666666668
Federated States Of Micronesia,1942,26.95566666666667
Federated States Of Micronesia,1943,26.74083333333333
Federated States Of Micronesia,1944,27.007500000000004
Federated States Of Micronesia,1945,26.894333333333336
Federated States Of Micronesia,1946,26.761833333333332
Federated States Of Micronesia,1947,27.224833333333333
Federated States Of Micronesia,1948,26.982083333333335
Federated States Of Micronesia,1949,26.764166666666668
Federated States Of Micronesia,1950,27.028916666666664
Federated States Of Micronesia,1951,26.919500000000003
Federated States Of Micronesia,1952,27.116500000000002
Federated States Of Micronesia,1953,27.281500000000005
Federated States Of Micronesia,1954,26.842583333333334
Federated States Of Micronesia,1955,26.653583333333334
Federated States Of Micronesia,1956,26.696416666666668
Federated States Of Micronesia,1957,27.160833333333333
Federated States Of Micronesia,1958,26.96741666666667
Federated States Of Micronesia,1959,26.847083333333334
Federated States Of Micronesia,1960,26.950166666666664
Federated States Of Micronesia,1961,26.810833333333335
Federated States Of Micronesia,1962,26.837833333333332
Federated States Of Micronesia,1963,26.779833333333332
Federated States Of Micronesia,1964,26.614333333333335
Federated States Of Micronesia,1965,26.5775
Federated States Of Micronesia,1966,26.849416666666666
Federated States Of Micronesia,1967,26.694666666666667
Federated States Of Micronesia,1968,26.7055
Federated States Of Micronesia,1969,26.856833333333338
Federated States Of Micronesia,1970,26.937583333333336
Federated States Of Micronesia,1971,26.549750000000003
Federated States Of Micronesia,1972,26.658416666666668
Federated States Of Micronesia,1973,27.100833333333338
Federated States Of Micronesia,1974,26.83966666666667
Federated States Of Micronesia,1975,27.012333333333334
Federated States Of Micronesia,1976,26.95075
Federated States Of Micronesia,1977,27.301583333333337
Federated States Of Micronesia,1978,27.238833333333336
Federated States Of Micronesia,1979,27.180833333333336
Federated States Of Micronesia,1980,27.316833333333335
Federated States Of Micronesia,1981,27.404750000000003
Federated States Of Micronesia,1982,27.166083333333333
Federated States Of Micronesia,1983,27.514083333333332
Federated States Of Micronesia,1984,27.505499999999998
Federated States Of Micronesia,1985,27.234333333333336
Federated States Of Micronesia,1986,27.340333333333334
Federated States Of Micronesia,1987,27.39316666666667
Federated States Of Micronesia,1988,27.521666666666672
Federated States Of Micronesia,1989,27.109416666666664
Federated States Of Micronesia,1990,27.26825
Federated States Of Micronesia,1991,27.101333333333333
Federated States Of Micronesia,1992,27.216333333333335
Federated States Of Micronesia,1993,26.998166666666666
Federated States Of Micronesia,1994,27.298416666666668
Federated States Of Micronesia,1995,27.43641666666667
Federated States Of Micronesia,1996,27.28108333333333
Federated States Of Micronesia,1997,27.14075
Federated States Of Micronesia,1998,27.475583333333333
Federated States Of Micronesia,1999,27.068250000000003
Federated States Of Micronesia,2000,27.442833333333336
Federated States Of Micronesia,2001,27.508750000000003
Federated States Of Micronesia,2002,27.59266666666667
Federated States Of Micronesia,2003,27.639833333333332
Federated States Of Micronesia,2004,27.72366666666667
Federated States Of Micronesia,2005,27.59875
Federated States Of Micronesia,2006,27.389083333333332
Federated States Of Micronesia,2007,27.46291666666667
Federated States Of Micronesia,2008,27.32133333333333
Federated States Of Micronesia,2009,27.589
Federated States Of Micronesia,2010,27.732166666666668
Federated States Of Micronesia,2011,27.515
Federated States Of Micronesia,2012,27.685666666666666
Federated States Of Micronesia,2013,27.99725
Fiji,1900,24.419583333333335
Fiji,1901,24.43616666666667
Fiji,1902,24.131083333333333
Fiji,1903,24.789833333333334
Fiji,1904,24.37275
Fiji,1905,24.457416666666663
Fiji,1906,24.742500000000003
Fiji,1907,24.470250000000004
Fiji,1908,24.502916666666668
Fiji,1909,24.550416666666667
Fiji,1910,25.026
Fiji,1911,24.790916666666664
Fiji,1912,24.642166666666668
Fiji,1913,24.52416666666667
Fiji,1914,24.540916666666664
Fiji,1915,24.97125
Fiji,1916,24.985416666666666
Fiji,1917,24.726333333333333
Fiji,1918,24.73875
Fiji,1919,24.60291666666667
Fiji,1920,24.504833333333334
Fiji,1921,24.87816666666667
Fiji,1922,24.60175
Fiji,1923,24.329583333333336
Fiji,1924,24.875666666666664
Fiji,1925,24.602
Fiji,1926,24.6155
Fiji,1927,25.51608333333333
Fiji,1928,25.054333333333336
Fiji,1929,25.117333333333335
Fiji,1930,24.514
Fiji,1931,24.966083333333334
Fiji,1932,25.2775
Fiji,1933,25.14708333333333
Fiji,1934,25.026
Fiji,1935,25.228000000000005
Fiji,1936,25.251083333333337
Fiji,1937,25.353416666666664
Fiji,1938,25.373833333333334
Fiji,1939,24.663750000000004
Fiji,1940,24.82466666666667
Fiji,1941,25.241
Fiji,1942,24.977833333333336
Fiji,1943,25.13225
Fiji,1944,24.917583333333337
Fiji,1945,24.913916666666665
Fiji,1946,25.1495
Fiji,1947,25.41116666666667
Fiji,1948,25.15941666666667
Fiji,1949,25.214166666666667
Fiji,1950,25.294083333333333
Fiji,1951,24.944916666666668
Fiji,1952,25.415000000000003
Fiji,1953,25.246
Fiji,1954,25.350166666666667
Fiji,1955,25.27
Fiji,1956,25.152333333333335
Fiji,1957,25.016666666666666
Fiji,1958,25.072666666666667
Fiji,1959,25.3545
Fiji,1960,25.169916666666666
Fiji,1961,25.355166666666666
Fiji,1962,25.05875
Fiji,1963,25.087166666666665
Fiji,1964,25.31016666666667
Fiji,1965,24.5585
Fiji,1966,24.740499999999997
Fiji,1967,24.949916666666667
Fiji,1968,25.07225
Fiji,1969,25.028499999999998
Fiji,1970,25.276416666666666
Fiji,1971,25.425250000000002
Fiji,1972,25.15291666666667
Fiji,1973,25.679666666666666
Fiji,1974,25.550833333333333
Fiji,1975,25.667
Fiji,1976,25.423083333333334
Fiji,1977,25.113833333333332
Fiji,1978,25.000249999999998
Fiji,1979,25.25108333333333
Fiji,1980,25.281583333333334
Fiji,1981,25.4285
Fiji,1982,25.259416666666667
Fiji,1983,25.270416666666666
Fiji,1984,25.547833333333333
Fiji,1985,25.472833333333337
Fiji,1986,25.014750000000003
Fiji,1987,25.162666666666667
Fiji,1988,25.919916666666666
Fiji,1989,25.445333333333334
Fiji,1990,25.400499999999997
Fiji,1991,25.348
Fiji,1992,25.296333333333333
Fiji,1993,25.007166666666667
Fiji,1994,25.148750000000003
Fiji,1995,25.715999999999998
Fiji,1996,25.861083333333337
Fiji,1997,25.32341666666667
Fiji,1998,25.865333333333336
Fiji,1999,25.686666666666667
Fiji,2000,25.837166666666672
Fiji,2001,25.751416666666668
Fiji,2002,25.713333333333335
Fiji,2003,25.44666666666667
Fiji,2004,25.50775
Fiji,2005,25.643416666666667
Fiji,2006,25.6315
Fiji,2007,26.055333333333333
Fiji,2008,25.730166666666666
Fiji,2009,25.227416666666667
Fiji,2010,25.918499999999998
Fiji,2011,25.72283333333333
Fiji,2012,25.478250000000003
Fiji,2013,25.941375
Finland,1900,0.000500000000000019
Finland,1901,1.5940833333333335
Finland,1902,-0.9624166666666668
Finland,1903,1.8796666666666668
Finland,1904,0.5564166666666667
Finland,1905,1.4993333333333334
Finland,1906,1.8463333333333332
Finland,1907,1.0065000000000002
Finland,1908,1.1685
Finland,1909,1.0992500000000005
Finland,1910,2.1301666666666663
Finland,1911,1.7622499999999999
Finland,1912,0.2852500000000003
Finland,1913,1.689166666666667
Finland,1914,1.9040000000000001
Finland,1915,-0.8558333333333334
Finland,1916,1.0888333333333335
Finland,1917,0.291916666666667
Finland,1918,1.397333333333333
Finland,1919,0.6834166666666667
Finland,1920,3.0175
Finland,1921,1.64075
Finland,1922,1.0588333333333335
Finland,1923,0.8670000000000001
Finland,1924,1.8637500000000002
Finland,1925,1.8581666666666665
Finland,1926,0.5474166666666664
Finland,1927,0.875083333333334
Finland,1928,1.1727500000000002
Finland,1929,1.3025
Finland,1930,2.719416666666666
Finland,1931,1.1904166666666667
Finland,1932,2.4558333333333335
Finland,1933,1.3560000000000005
Finland,1934,3.4747500000000002
Finland,1935,2.0907500000000003
Finland,1936,2.298166666666667
Finland,1937,2.971
Finland,1938,3.83475
Finland,1939,1.9896666666666667
Finland,1940,0.38358333333333333
Finland,1941,-0.6980833333333338
Finland,1942,-0.09308333333333334
Finland,1943,3.0898333333333334
Finland,1944,2.501416666666667
Finland,1945,1.2601666666666667
Finland,1946,1.88575
Finland,1947,1.0715000000000001
Finland,1948,2.359833333333333
Finland,1949,3.045916666666667
Finland,1950,2.2062500000000003
Finland,1951,1.5998333333333334
Finland,1952,1.1404166666666666
Finland,1953,2.7343333333333333
Finland,1954,2.284
Finland,1955,-0.16433333333333344
Finland,1956,-0.01591666666666643
Finland,1957,2.0581666666666667
Finland,1958,0.5739166666666664
Finland,1959,2.5869166666666668
Finland,1960,1.7759166666666666
Finland,1961,3.028416666666667
Finland,1962,1.0015
Finland,1963,1.28875
Finland,1964,1.9111666666666667
Finland,1965,0.8898333333333333
Finland,1966,-0.2560833333333332
Finland,1967,2.0126666666666666
Finland,1968,0.4874166666666666
Finland,1969,0.5302500000000006
Finland,1970,1.1733333333333336
Finland,1971,0.8563333333333333
Finland,1972,2.8245833333333334
Finland,1973,1.7123333333333335
Finland,1974,3.3626666666666662
Finland,1975,2.9960833333333334
Finland,1976,0.41300000000000026
Finland,1977,1.1675833333333332
Finland,1978,0.11508333333333336
Finland,1979,1.4055833333333332
Finland,1980,0.8816666666666663
Finland,1981,0.8399999999999999
Finland,1982,1.8109166666666672
Finland,1983,2.0014166666666666
Finland,1984,2.4258333333333333
Finland,1985,-0.4875000000000001
Finland,1986,1.1774166666666668
Finland,1987,-0.15625000000000014
Finland,1988,1.8564999999999998
Finland,1989,3.6703333333333332
Finland,1990,2.9432500000000004
Finland,1991,2.32825
Finland,1992,2.6495833333333336
Finland,1993,1.7829166666666667
Finland,1994,1.7739166666666668
Finland,1995,2.3540833333333335
Finland,1996,1.6930833333333337
Finland,1997,2.227583333333333
Finland,1998,1.22675
Finland,1999,2.3225
Finland,2000,3.590666666666667
Finland,2001,2.09525
Finland,2002,2.230166666666667
Finland,2003,2.499833333333333
Finland,2004,2.6147500000000004
Finland,2005,3.2302500000000003
Finland,2006,2.8921666666666668
Finland,2007,3.092333333333334
Finland,2008,3.2009166666666666
Finland,2009,2.43925
Finland,2010,1.1437500000000003
Finland,2011,3.541166666666667
Finland,2012,1.9072500000000001
Finland,2013,4.064125000000001
France,1900,12.987333333333334
France,1901,12.328416666666667
France,1902,12.391916666666667
France,1903,12.592333333333334
France,1904,12.813250000000002
France,1905,12.419666666666666
France,1906,12.714500000000001
France,1907,12.508249999999999
France,1908,12.448416666666667
France,1909,12.10725
France,1910,12.492916666666668
France,1911,13.162916666666666
France,1912,12.540333333333335
France,1913,12.9135
France,1914,12.689749999999998
France,1915,12.618166666666667
France,1916,12.679
France,1917,11.916833333333335
France,1918,12.641416666666666
France,1919,12.254666666666667
France,1920,13.018333333333333
France,1921,13.387166666666667
France,1922,12.370833333333335
France,1923,12.830666666666666
France,1924,12.597666666666667
France,1925,12.460333333333333
France,1926,13.182833333333333
France,1927,12.819749999999999
France,1928,13.2965
France,1929,12.657916666666667
France,1930,13.168750000000001
France,1931,12.531583333333332
France,1932,12.698749999999999
France,1933,12.687
France,1934,13.13275
France,1935,12.79725
France,1936,12.892666666666665
France,1937,13.295166666666667
France,1938,12.948666666666668
France,1939,12.737666666666668
France,1940,12.390833333333333
France,1941,12.32625
France,1942,12.685166666666667
France,1943,13.522916666666667
France,1944,12.800666666666666
France,1945,13.397916666666667
France,1946,12.8345
France,1947,13.631666666666668
France,1948,13.331583333333334
France,1949,13.696
France,1950,13.23325
France,1951,12.947083333333333
France,1952,13.088916666666668
France,1953,13.143666666666666
France,1954,12.618416666666668
France,1955,13.038333333333334
France,1956,12.063749999999999
France,1957,13.101999999999999
France,1958,13.083166666666665
France,1959,13.67525
France,1960,13.027666666666667
France,1961,13.701833333333333
France,1962,12.414333333333333
France,1963,12.072833333333334
France,1964,12.990416666666667
France,1965,12.501833333333332
France,1966,13.215166666666667
France,1967,13.0875
France,1968,12.79775
France,1969,12.8335
France,1970,12.89925
France,1971,12.869166666666667
France,1972,12.594416666666667
France,1973,12.887166666666667
France,1974,13.040416666666667
France,1975,12.9625
France,1976,13.278333333333334
France,1977,13.016583333333335
France,1978,12.657000000000002
France,1979,12.836416666666667
France,1980,12.555833333333332
France,1981,13.080666666666666
France,1982,13.679416666666667
France,1983,13.487833333333334
France,1984,12.868250000000002
France,1985,12.628
France,1986,12.871666666666668
France,1987,12.955166666666665
France,1988,13.580916666666667
France,1989,13.930083333333334
France,1990,14.038833333333335
France,1991,13.1395
France,1992,13.462916666666667
France,1993,13.150166666666665
France,1994,14.156166666666666
France,1995,13.89975
France,1996,13.013916666666667
France,1997,14.095999999999998
France,1998,13.720666666666666
France,1999,13.904916666666667
France,2000,13.967333333333334
France,2001,13.6965
France,2002,14.048166666666667
France,2003,14.337916666666667
France,2004,13.664083333333332
France,2005,13.694250000000002
France,2006,14.143833333333333
France,2007,13.896583333333332
France,2008,13.5815
France,2009,13.941666666666668
France,2010,13.115416666666668
France,2011,14.479583333333332
France,2012,13.707166666666666
France,2013,13.584624999999999
France (Europe),1900,10.672583333333334
France (Europe),1901,9.817666666666668
France (Europe),1902,9.987499999999999
France (Europe),1903,10.200166666666666
France (Europe),1904,10.587833333333334
France (Europe),1905,10.014249999999999
France (Europe),1906,10.386166666666666
France (Europe),1907,10.152333333333333
France (Europe),1908,10.056083333333333
France (Europe),1909,9.624583333333332
France (Europe),1910,10.1365
France (Europe),1911,10.942166666666667
France (Europe),1912,10.139
France (Europe),1913,10.628083333333334
France (Europe),1914,10.289250000000001
France (Europe),1915,10.139666666666667
France (Europe),1916,10.3095
France (Europe),1917,9.467666666666668
France (Europe),1918,10.34675
France (Europe),1919,9.768916666666668
France (Europe),1920,10.747749999999998
France (Europe),1921,11.209583333333335
France (Europe),1922,9.96925
France (Europe),1923,10.516166666666667
France (Europe),1924,10.230666666666668
France (Europe),1925,10.051916666666667
France (Europe),1926,10.860916666666666
France (Europe),1927,10.463333333333333
France (Europe),1928,11.004333333333333
France (Europe),1929,10.296750000000001
France (Europe),1930,10.875666666666667
France (Europe),1931,10.020083333333334
France (Europe),1932,10.24
France (Europe),1933,10.305583333333333
France (Europe),1934,10.887
France (Europe),1935,10.418916666666666
France (Europe),1936,10.521749999999999
France (Europe),1937,10.977916666666667
France (Europe),1938,10.575833333333334
France (Europe),1939,10.3515
France (Europe),1940,9.852083333333335
France (Europe),1941,9.75775
France (Europe),1942,10.205583333333333
France (Europe),1943,11.313916666666666
France (Europe),1944,10.412583333333334
France (Europe),1945,11.150666666666666
France (Europe),1946,10.432083333333333
France (Europe),1947,11.389583333333334
France (Europe),1948,11.058083333333334
France (Europe),1949,11.525916666666667
France (Europe),1950,10.921833333333334
France (Europe),1951,10.534333333333334
France (Europe),1952,10.686666666666667
France (Europe),1953,10.767916666666666
France (Europe),1954,10.176083333333333
France (Europe),1955,10.673250000000001
France (Europe),1956,9.515749999999999
France (Europe),1957,10.733833333333335
France (Europe),1958,10.627583333333334
France (Europe),1959,11.436
France (Europe),1960,10.657583333333333
France (Europe),1961,11.469416666666667
France (Europe),1962,9.887333333333332
France (Europe),1963,9.489749999999999
France (Europe),1964,10.604916666666666
France (Europe),1965,10.043666666666667
France (Europe),1966,10.8675
France (Europe),1967,10.755916666666666
France (Europe),1968,10.409333333333334
France (Europe),1969,10.34
France (Europe),1970,10.465416666666666
France (Europe),1971,10.516083333333334
France (Europe),1972,10.147083333333333
France (Europe),1973,10.439416666666666
France (Europe),1974,10.720333333333334
France (Europe),1975,10.607166666666666
France (Europe),1976,10.97625
France (Europe),1977,10.630583333333334
France (Europe),1978,10.174666666666667
France (Europe),1979,10.360750000000001
France (Europe),1980,10.010833333333332
France (Europe),1981,10.669416666666669
France (Europe),1982,11.421416666666666
France (Europe),1983,11.130833333333333
France (Europe),1984,10.486416666666667
France (Europe),1985,10.181083333333333
France (Europe),1986,10.441583333333334
France (Europe),1987,10.4345
France (Europe),1988,11.244
France (Europe),1989,11.731500000000002
France (Europe),1990,11.806083333333333
France (Europe),1991,10.729750000000001
France (Europe),1992,11.111916666666668
France (Europe),1993,10.752666666666668
France (Europe),1994,11.98975
France (Europe),1995,11.578333333333333
France (Europe),1996,10.526166666666667
France (Europe),1997,11.8165
France (Europe),1998,11.26175
France (Europe),1999,11.619166666666667
France (Europe),2000,11.738083333333334
France (Europe),2001,11.361583333333334
France (Europe),2002,11.7675
France (Europe),2003,12.076916666666667
France (Europe),2004,11.266333333333334
France (Europe),2005,11.229083333333334
France (Europe),2006,11.871250000000002
France (Europe),2007,11.571833333333332
France (Europe),2008,11.20075
France (Europe),2009,11.607500000000002
France (Europe),2010,10.531583333333334
France (Europe),2011,12.27275
France (Europe),2012,11.33175
France (Europe),2013,11.19575
French Guiana,1900,25.6825
French Guiana,1901,25.85291666666667
French Guiana,1902,25.465166666666665
French Guiana,1903,25.546583333333334
French Guiana,1904,24.9905
French Guiana,1905,25.539416666666668
French Guiana,1906,25.354416666666665
French Guiana,1907,25.301750000000002
French Guiana,1908,25.466166666666666
French Guiana,1909,25.557916666666667
French Guiana,1910,25.238
French Guiana,1911,25.260583333333333
French Guiana,1912,25.575416666666666
French Guiana,1913,25.334000000000003
French Guiana,1914,25.720833333333335
French Guiana,1915,25.98466666666667
French Guiana,1916,25.491416666666666
French Guiana,1917,25.082166666666666
French Guiana,1918,25.06391666666667
French Guiana,1919,25.70575
French Guiana,1920,25.37216666666667
French Guiana,1921,25.22158333333333
French Guiana,1922,25.328166666666664
French Guiana,1923,25.427666666666667
French Guiana,1924,25.340833333333336
French Guiana,1925,25.525000000000002
French Guiana,1926,25.889
French Guiana,1927,25.623583333333332
French Guiana,1928,25.827833333333334
French Guiana,1929,25.442333333333334
French Guiana,1930,25.70625
French Guiana,1931,26.10475
French Guiana,1932,26.06158333333333
French Guiana,1933,25.596166666666665
French Guiana,1934,25.37566666666667
French Guiana,1935,25.729083333333335
French Guiana,1936,25.773833333333332
French Guiana,1937,25.951083333333333
French Guiana,1938,25.77508333333333
French Guiana,1939,25.655666666666665
French Guiana,1940,26.145333333333337
French Guiana,1941,26.2135
French Guiana,1942,26.045666666666666
French Guiana,1943,25.571250000000003
French Guiana,1944,25.806250000000002
French Guiana,1945,25.678250000000002
French Guiana,1946,25.83425
French Guiana,1947,25.854083333333335
French Guiana,1948,25.702416666666668
French Guiana,1949,25.542666666666666
French Guiana,1950,25.78075
French Guiana,1951,26.062250000000002
French Guiana,1952,26.091333333333335
French Guiana,1953,26.072916666666668
French Guiana,1954,25.785583333333335
French Guiana,1955,25.825083333333335
French Guiana,1956,25.718833333333336
French Guiana,1957,26.066083333333335
French Guiana,1958,26.457666666666668
French Guiana,1959,25.98675
French Guiana,1960,25.90716666666667
French Guiana,1961,25.93466666666667
French Guiana,1962,26.068250000000003
French Guiana,1963,26.03191666666667
French Guiana,1964,25.961083333333335
French Guiana,1965,25.921333333333333
French Guiana,1966,26.155416666666667
French Guiana,1967,25.747666666666664
French Guiana,1968,25.77425
French Guiana,1969,26.41508333333333
French Guiana,1970,26.036666666666665
French Guiana,1971,25.557666666666666
French Guiana,1972,25.84566666666667
French Guiana,1973,25.972583333333333
French Guiana,1974,25.577749999999998
French Guiana,1975,25.626583333333333
French Guiana,1976,25.775333333333336
French Guiana,1977,25.980416666666667
French Guiana,1978,26.04008333333333
French Guiana,1979,26.285
French Guiana,1980,26.294083333333333
French Guiana,1981,26.135250000000003
French Guiana,1982,26.048416666666668
French Guiana,1983,26.326916666666666
French Guiana,1984,25.675749999999997
French Guiana,1985,25.762500000000003
French Guiana,1986,26.019833333333334
French Guiana,1987,26.67
French Guiana,1988,26.219166666666666
French Guiana,1989,25.894000000000002
French Guiana,1990,26.229666666666663
French Guiana,1991,26.212416666666666
French Guiana,1992,26.287666666666667
French Guiana,1993,26.17325
French Guiana,1994,26.110083333333336
French Guiana,1995,26.506583333333335
French Guiana,1996,26.416083333333333
French Guiana,1997,26.60983333333333
French Guiana,1998,26.980500000000003
French Guiana,1999,26.32975
French Guiana,2000,26.112666666666666
French Guiana,2001,26.35875
French Guiana,2002,26.49175
French Guiana,2003,26.779333333333337
French Guiana,2004,26.734750000000002
French Guiana,2005,27.198916666666666
French Guiana,2006,26.617833333333333
French Guiana,2007,26.519499999999997
French Guiana,2008,26.462333333333333
French Guiana,2009,26.731250000000003
French Guiana,2010,27.018666666666665
French Guiana,2011,26.591333333333335
French Guiana,2012,26.656333333333333
French Guiana,2013,26.528875000000003
French Polynesia,1900,25.665166666666668
French Polynesia,1901,25.721833333333336
French Polynesia,1902,25.751416666666668
French Polynesia,1903,26.269333333333336
French Polynesia,1904,25.12575
French Polynesia,1905,25.608416666666667
French Polynesia,1906,25.68941666666667
French Polynesia,1907,25.495583333333332
French Polynesia,1908,25.730416666666667
French Polynesia,1909,25.707833333333337
French Polynesia,1910,25.67441666666667
French Polynesia,1911,25.702416666666668
French Polynesia,1912,25.702250000000003
French Polynesia,1913,25.694083333333335
French Polynesia,1914,25.912750000000003
French Polynesia,1915,25.974
French Polynesia,1916,25.63716666666667
French Polynesia,1917,25.399583333333336
French Polynesia,1918,25.50791666666667
French Polynesia,1919,25.826999999999998
French Polynesia,1920,25.259
French Polynesia,1921,26.027363636363635
French Polynesia,1922,25.85891666666667
French Polynesia,1923,25.767750000000003
French Polynesia,1924,26.0535
French Polynesia,1925,25.870833333333334
French Polynesia,1926,26.031499999999998
French Polynesia,1927,26.118
French Polynesia,1928,26.135833333333334
French Polynesia,1929,25.813833333333335
French Polynesia,1930,26.219636363636365
French Polynesia,1931,26.08566666666667
French Polynesia,1932,26.130083333333335
French Polynesia,1933,25.887249999999998
French Polynesia,1934,26.099833333333336
French Polynesia,1935,25.940166666666666
French Polynesia,1936,25.820666666666668
French Polynesia,1937,26.202916666666667
French Polynesia,1938,26.158583333333336
French Polynesia,1939,26.045916666666667
French Polynesia,1940,26.535083333333333
French Polynesia,1941,26.42475
French Polynesia,1942,26.230999999999998
French Polynesia,1943,26.178166666666666
French Polynesia,1944,26.00016666666667
French Polynesia,1945,26.367333333333335
French Polynesia,1946,26.231583333333333
French Polynesia,1947,26.41933333333333
French Polynesia,1948,26.345916666666668
French Polynesia,1949,26.262416666666667
French Polynesia,1950,25.91033333333333
French Polynesia,1951,26.389
French Polynesia,1952,26.47375
French Polynesia,1953,26.362333333333336
French Polynesia,1954,26.245583333333332
French Polynesia,1955,25.977416666666667
French Polynesia,1956,25.791833333333333
French Polynesia,1957,26.257500000000004
French Polynesia,1958,26.175250000000002
French Polynesia,1959,26.4135
French Polynesia,1960,26.151416666666666
French Polynesia,1961,26.049916666666665
French Polynesia,1962,26.044583333333335
French Polynesia,1963,26.166916666666665
French Polynesia,1964,25.96483333333333
French Polynesia,1965,26.212416666666666
French Polynesia,1966,26.414
French Polynesia,1967,25.990083333333335
French Polynesia,1968,25.920333333333332
French Polynesia,1969,26.717333333333332
French Polynesia,1970,26.487333333333336
French Polynesia,1971,25.80525
French Polynesia,1972,26.476333333333333
French Polynesia,1973,26.668166666666668
French Polynesia,1974,25.90225
French Polynesia,1975,26.052583333333335
French Polynesia,1976,26.070333333333334
French Polynesia,1977,26.39125
French Polynesia,1978,26.162333333333336
French Polynesia,1979,26.23408333333333
French Polynesia,1980,26.407
French Polynesia,1981,26.291916666666665
French Polynesia,1982,26.408083333333334
French Polynesia,1983,26.434083333333334
French Polynesia,1984,26.39391666666667
French Polynesia,1985,26.290000000000003
French Polynesia,1986,26.472583333333333
French Polynesia,1987,26.804083333333335
French Polynesia,1988,26.681416666666667
French Polynesia,1989,26.43025
French Polynesia,1990,26.849166666666665
French Polynesia,1991,26.680333333333333
French Polynesia,1992,26.56675
French Polynesia,1993,26.56641666666667
French Polynesia,1994,26.65716666666667
French Polynesia,1995,26.72191666666667
French Polynesia,1996,26.47458333333334
French Polynesia,1997,26.543083333333332
French Polynesia,1998,26.918166666666668
French Polynesia,1999,26.704333333333334
French Polynesia,2000,26.635833333333334
French Polynesia,2001,26.619333333333334
French Polynesia,2002,26.981916666666667
French Polynesia,2003,26.916416666666667
French Polynesia,2004,26.728916666666667
French Polynesia,2005,26.85291666666667
French Polynesia,2006,26.83475
French Polynesia,2007,26.812583333333336
French Polynesia,2008,26.484083333333334
French Polynesia,2009,27.032083333333333
French Polynesia,2010,26.94141666666667
French Polynesia,2011,26.396833333333333
French Polynesia,2012,26.919833333333333
French Polynesia,2013,26.907875
French Southern And Antarctic Lands,1948,3.4372
French Southern And Antarctic Lands,1949,3.6531
French Southern And Antarctic Lands,1950,3.963636363636364
French Southern And Antarctic Lands,1951,5.426083333333334
French Southern And Antarctic Lands,1952,4.846416666666666
French Southern And Antarctic Lands,1953,4.623833333333334
French Southern And Antarctic Lands,1954,4.837833333333333
French Southern And Antarctic Lands,1955,5.053083333333334
French Southern And Antarctic Lands,1956,4.898083333333333
French Southern And Antarctic Lands,1957,4.579583333333333
French Southern And Antarctic Lands,1958,4.825666666666667
French Southern And Antarctic Lands,1959,4.580916666666667
French Southern And Antarctic Lands,1960,5.114083333333333
French Southern And Antarctic Lands,1961,4.718
French Southern And Antarctic Lands,1962,4.6578333333333335
French Southern And Antarctic Lands,1963,4.396833333333333
French Southern And Antarctic Lands,1964,4.229666666666667
French Southern And Antarctic Lands,1965,4.666
French Southern And Antarctic Lands,1966,4.575333333333334
French Southern And Antarctic Lands,1967,4.3229999999999995
French Southern And Antarctic Lands,1968,5.274416666666667
French Southern And Antarctic Lands,1969,4.708333333333333
French Southern And Antarctic Lands,1970,4.770916666666667
French Southern And Antarctic Lands,1971,4.942333333333333
French Southern And Antarctic Lands,1972,4.619833333333333
French Southern And Antarctic Lands,1973,4.972666666666666
French Southern And Antarctic Lands,1974,4.8285833333333334
French Southern And Antarctic Lands,1975,5.063666666666667
French Southern And Antarctic Lands,1976,4.82925
French Southern And Antarctic Lands,1977,4.928916666666667
French Southern And Antarctic Lands,1978,5.204166666666667
French Southern And Antarctic Lands,1979,4.950333333333334
French Southern And Antarctic Lands,1980,5.179666666666667
French Southern And Antarctic Lands,1981,5.090333333333334
French Southern And Antarctic Lands,1982,5.297916666666667
French Southern And Antarctic Lands,1983,4.813083333333333
French Southern And Antarctic Lands,1984,4.865333333333333
French Southern And Antarctic Lands,1985,4.874666666666667
French Southern And Antarctic Lands,1986,4.9744166666666665
French Southern And Antarctic Lands,1987,5.29425
French Southern And Antarctic Lands,1988,4.5728333333333335
French Southern And Antarctic Lands,1989,5.42425
French Southern And Antarctic Lands,1990,5.008416666666666
French Southern And Antarctic Lands,1991,5.477916666666666
French Southern And Antarctic Lands,1992,5.181333333333334
French Southern And Antarctic Lands,1993,5.379833333333334
French Southern And Antarctic Lands,1994,5.048666666666667
French Southern And Antarctic Lands,1995,5.2555000000000005
French Southern And Antarctic Lands,1996,5.091583333333333
French Southern And Antarctic Lands,1997,5.470833333333334
French Southern And Antarctic Lands,1998,5.4550833333333335
French Southern And Antarctic Lands,1999,5.12075
French Southern And Antarctic Lands,2000,5.224
French Southern And Antarctic Lands,2001,5.164833333333333
French Southern And Antarctic Lands,2002,5.1985
French Southern And Antarctic Lands,2003,5.515416666666667
French Southern And Antarctic Lands,2004,5.442583333333334
French Southern And Antarctic Lands,2005,5.456083333333333
French Southern And Antarctic Lands,2006,5.3185
French Southern And Antarctic Lands,2007,5.0512500000000005
French Southern And Antarctic Lands,2008,5.447166666666667
French Southern And Antarctic Lands,2009,5.174916666666667
French Southern And Antarctic Lands,2010,5.63825
French Southern And Antarctic Lands,2011,5.330333333333333
French Southern And Antarctic Lands,2012,5.531583333333334
French Southern And Antarctic Lands,2013,5.6855
Gabon,1900,24.06233333333333
Gabon,1901,24.286583333333336
Gabon,1902,23.908666666666665
Gabon,1903,23.8085
Gabon,1904,23.129416666666668
Gabon,1905,23.799083333333332
Gabon,1906,23.74266666666667
Gabon,1907,23.840500000000002
Gabon,1908,23.83875
Gabon,1909,23.809833333333334
Gabon,1910,23.866083333333336
Gabon,1911,23.521583333333336
Gabon,1912,24.336
Gabon,1913,24.36791666666667
Gabon,1914,24.246416666666665
Gabon,1915,24.266416666666668
Gabon,1916,24.300083333333333
Gabon,1917,24.1895
Gabon,1918,23.77925
Gabon,1919,24.133166666666668
Gabon,1920,24.136166666666668
Gabon,1921,24.353833333333338
Gabon,1922,23.9735
Gabon,1923,23.973916666666668
Gabon,1924,24.61566666666667
Gabon,1925,23.99791666666667
Gabon,1926,24.44841666666667
Gabon,1927,24.550416666666667
Gabon,1928,24.29341666666667
Gabon,1929,24.099333333333334
Gabon,1930,24.1735
Gabon,1931,24.49525
Gabon,1932,24.11266666666667
Gabon,1933,24.430583333333335
Gabon,1934,24.593166666666665
Gabon,1935,24.535333333333337
Gabon,1936,24.475916666666667
Gabon,1937,24.771833333333333
Gabon,1938,24.631249999999998
Gabon,1939,24.200333333333333
Gabon,1940,24.28708333333334
Gabon,1941,24.828833333333336
Gabon,1942,24.68841666666667
Gabon,1943,24.201166666666666
Gabon,1944,24.876583333333333
Gabon,1945,24.9335
Gabon,1946,24.402
Gabon,1947,24.728166666666667
Gabon,1948,24.3995
Gabon,1949,24.838583333333332
Gabon,1950,24.434250000000002
Gabon,1951,24.494416666666666
Gabon,1952,24.43825
Gabon,1953,24.374166666666667
Gabon,1954,24.019833333333334
Gabon,1955,24.188833333333335
Gabon,1956,24.157333333333337
Gabon,1957,24.44016666666667
Gabon,1958,24.342166666666667
Gabon,1959,24.44441666666667
Gabon,1960,24.530833333333334
Gabon,1961,24.196416666666668
Gabon,1962,24.357833333333335
Gabon,1963,24.59625
Gabon,1964,24.26375
Gabon,1965,24.28291666666667
Gabon,1966,24.59566666666667
Gabon,1967,24.2895
Gabon,1968,24.25691666666667
Gabon,1969,24.503583333333335
Gabon,1970,24.49875
Gabon,1971,24.167333333333335
Gabon,1972,24.265
Gabon,1973,24.695833333333336
Gabon,1974,24.149666666666665
Gabon,1975,24.17325
Gabon,1976,23.909333333333336
Gabon,1977,24.5535
Gabon,1978,24.347333333333335
Gabon,1979,24.693749999999998
Gabon,1980,24.62375
Gabon,1981,24.295416666666668
Gabon,1982,24.127750000000002
Gabon,1983,24.613083333333336
Gabon,1984,24.62366666666667
Gabon,1985,24.303416666666667
Gabon,1986,24.296499999999998
Gabon,1987,24.847083333333334
Gabon,1988,24.773666666666667
Gabon,1989,24.508083333333335
Gabon,1990,24.570833333333336
Gabon,1991,24.566833333333335
Gabon,1992,24.24025
Gabon,1993,24.5445
Gabon,1994,24.64708333333333
Gabon,1995,24.936916666666665
Gabon,1996,24.46475
Gabon,1997,24.73041666666667
Gabon,1998,25.394833333333334
Gabon,1999,24.736833333333333
Gabon,2000,24.57241666666667
Gabon,2001,24.513583333333333
Gabon,2002,24.833916666666667
Gabon,2003,24.912000000000003
Gabon,2004,24.853250000000003
Gabon,2005,24.965416666666666
Gabon,2006,25.157750000000004
Gabon,2007,25.063583333333337
Gabon,2008,25.127916666666668
Gabon,2009,25.134666666666664
Gabon,2010,25.221
Gabon,2011,24.73091666666667
Gabon,2012,24.831666666666667
Gabon,2013,24.8385
Gambia,1900,27.462666666666667
Gambia,1901,27.550166666666666
Gambia,1902,27.629583333333333
Gambia,1903,27.303
Gambia,1904,26.732333333333333
Gambia,1905,27.11283333333333
Gambia,1906,27.29375
Gambia,1907,26.368333333333336
Gambia,1908,27.014
Gambia,1909,27.02775
Gambia,1910,27.539749999999998
Gambia,1911,27.171666666666667
Gambia,1912,27.311333333333334
Gambia,1913,27.718083333333336
Gambia,1914,27.414583333333336
Gambia,1915,27.68766666666667
Gambia,1916,27.277
Gambia,1917,26.926750000000002
Gambia,1918,27.15875
Gambia,1919,27.512083333333333
Gambia,1920,27.337166666666665
Gambia,1921,27.493083333333335
Gambia,1922,27.346333333333334
Gambia,1923,27.621
Gambia,1924,27.453999999999997
Gambia,1925,27.56125
Gambia,1926,28.08875
Gambia,1927,27.588083333333334
Gambia,1928,27.254416666666668
Gambia,1929,27.328083333333336
Gambia,1930,27.1735
Gambia,1931,27.814916666666665
Gambia,1932,27.465833333333336
Gambia,1933,27.50016666666667
Gambia,1934,27.15225
Gambia,1935,27.328416666666666
Gambia,1936,27.674083333333332
Gambia,1937,27.796583333333334
Gambia,1938,27.674166666666668
Gambia,1939,27.479333333333333
Gambia,1940,27.66933333333333
Gambia,1941,27.880166666666668
Gambia,1942,27.55966666666667
Gambia,1943,27.322
Gambia,1944,27.83566666666667
Gambia,1945,28.058999999999997
Gambia,1946,27.50208333333333
Gambia,1947,27.632666666666665
Gambia,1948,27.36866666666667
Gambia,1949,27.614666666666665
Gambia,1950,27.41825
Gambia,1951,27.351083333333335
Gambia,1952,27.263499999999997
Gambia,1953,27.43825
Gambia,1954,27.33983333333333
Gambia,1955,27.575583333333338
Gambia,1956,27.252083333333335
Gambia,1957,27.329333333333334
Gambia,1958,27.8195
Gambia,1959,27.472333333333335
Gambia,1960,27.573166666666665
Gambia,1961,27.585333333333335
Gambia,1962,27.757
Gambia,1963,27.855166666666666
Gambia,1964,27.607
Gambia,1965,27.1735
Gambia,1966,27.71641666666667
Gambia,1967,27.167833333333334
Gambia,1968,27.322166666666664
Gambia,1969,28.33966666666667
Gambia,1970,28.13875
Gambia,1971,27.358083333333337
Gambia,1972,27.701416666666663
Gambia,1973,28.00125
Gambia,1974,27.170666666666666
Gambia,1975,27.285666666666668
Gambia,1976,27.259249999999998
Gambia,1977,28.070083333333333
Gambia,1978,27.65816666666667
Gambia,1979,28.09925
Gambia,1980,28.093500000000002
Gambia,1981,28.0795
Gambia,1982,27.586833333333335
Gambia,1983,28.63933333333333
Gambia,1984,27.89816666666667
Gambia,1985,27.812749999999998
Gambia,1986,27.744833333333332
Gambia,1987,28.39125
Gambia,1988,28.055583333333335
Gambia,1989,27.827416666666668
Gambia,1990,28.135666666666665
Gambia,1991,28.04525
Gambia,1992,28.034333333333333
Gambia,1993,28.24066666666667
Gambia,1994,27.904083333333332
Gambia,1995,28.190083333333334
Gambia,1996,28.29875
Gambia,1997,28.350166666666667
Gambia,1998,28.826083333333333
Gambia,1999,27.757500000000004
Gambia,2000,28.06375
Gambia,2001,28.48975
Gambia,2002,28.547916666666666
Gambia,2003,28.228583333333333
Gambia,2004,28.372500000000002
Gambia,2005,28.605
Gambia,2006,28.177333333333333
Gambia,2007,28.36491666666667
Gambia,2008,28.346083333333336
Gambia,2009,27.959000000000003
Gambia,2010,28.802916666666665
Gambia,2011,28.2825
Gambia,2012,28.301666666666666
Gambia,2013,28.724375000000002
Gaza Strip,1900,19.440749999999998
Gaza Strip,1901,19.9305
Gaza Strip,1902,19.527833333333334
Gaza Strip,1903,18.726
Gaza Strip,1904,18.723
Gaza Strip,1905,18.769583333333333
Gaza Strip,1906,19.044083333333333
Gaza Strip,1907,18.351666666666667
Gaza Strip,1908,18.500416666666666
Gaza Strip,1909,19.561416666666666
Gaza Strip,1910,18.637
Gaza Strip,1911,18.318166666666666
Gaza Strip,1912,18.94333333333333
Gaza Strip,1913,18.452583333333333
Gaza Strip,1914,18.66625
Gaza Strip,1915,19.299666666666667
Gaza Strip,1916,19.479916666666668
Gaza Strip,1917,19.265249999999998
Gaza Strip,1918,18.953083333333336
Gaza Strip,1919,19.267583333333334
Gaza Strip,1920,18.551583333333333
Gaza Strip,1921,18.55625
Gaza Strip,1922,19.487083333333334
Gaza Strip,1923,19.562333333333335
Gaza Strip,1924,19.412
Gaza Strip,1925,19.341666666666665
Gaza Strip,1926,19.291333333333334
Gaza Strip,1927,19.550583333333332
Gaza Strip,1928,19.76825
Gaza Strip,1929,19.276333333333334
Gaza Strip,1930,19.799666666666667
Gaza Strip,1931,19.500583333333335
Gaza Strip,1932,19.38225
Gaza Strip,1933,18.925416666666667
Gaza Strip,1934,19.49141666666667
Gaza Strip,1935,19.955583333333333
Gaza Strip,1936,19.826
Gaza Strip,1937,19.971
Gaza Strip,1938,19.078166666666668
Gaza Strip,1939,19.757166666666667
Gaza Strip,1940,19.61225
Gaza Strip,1941,19.824166666666667
Gaza Strip,1942,19.462833333333332
Gaza Strip,1943,19.040916666666668
Gaza Strip,1944,19.304750000000002
Gaza Strip,1945,18.865
Gaza Strip,1946,19.550250000000002
Gaza Strip,1947,20.248
Gaza Strip,1948,18.793
Gaza Strip,1949,18.467000000000002
Gaza Strip,1950,19.296583333333334
Gaza Strip,1951,19.831416666666666
Gaza Strip,1952,19.943749999999998
Gaza Strip,1953,18.90875
Gaza Strip,1954,19.6705
Gaza Strip,1955,20.18616666666667
Gaza Strip,1956,19.35475
Gaza Strip,1957,19.389166666666664
Gaza Strip,1958,19.826583333333332
Gaza Strip,1959,18.77875
Gaza Strip,1960,20.365
Gaza Strip,1961,19.190166666666666
Gaza Strip,1962,20.389916666666668
Gaza Strip,1963,20.177666666666667
Gaza Strip,1964,18.866666666666667
Gaza Strip,1965,19.523166666666665
Gaza Strip,1966,20.101666666666667
Gaza Strip,1967,18.62216666666667
Gaza Strip,1968,19.6005
Gaza Strip,1969,19.883583333333334
Gaza Strip,1970,19.6725
Gaza Strip,1971,19.19216666666667
Gaza Strip,1972,19.041083333333333
Gaza Strip,1973,19.349416666666666
Gaza Strip,1974,19.26216666666667
Gaza Strip,1975,19.224916666666665
Gaza Strip,1976,19.128333333333334
Gaza Strip,1977,19.490333333333332
Gaza Strip,1978,19.77025
Gaza Strip,1979,20.213
Gaza Strip,1980,19.5705
Gaza Strip,1981,19.621333333333332
Gaza Strip,1982,18.890833333333333
Gaza Strip,1983,18.79625
Gaza Strip,1984,19.304
Gaza Strip,1985,19.800583333333336
Gaza Strip,1986,19.56675
Gaza Strip,1987,19.52575
Gaza Strip,1988,19.629583333333333
Gaza Strip,1989,19.538166666666665
Gaza Strip,1990,19.71441666666667
Gaza Strip,1991,19.630333333333333
Gaza Strip,1992,18.551916666666667
Gaza Strip,1993,19.544083333333333
Gaza Strip,1994,20.14525
Gaza Strip,1995,19.622666666666667
Gaza Strip,1996,20.10675
Gaza Strip,1997,19.381333333333334
Gaza Strip,1998,20.566916666666668
Gaza Strip,1999,20.516416666666668
Gaza Strip,2000,19.880916666666668
Gaza Strip,2001,20.560083333333335
Gaza Strip,2002,20.284166666666668
Gaza Strip,2003,20.148833333333332
Gaza Strip,2004,20.07725
Gaza Strip,2005,19.98025
Gaza Strip,2006,19.938666666666666
Gaza Strip,2007,20.284583333333334
Gaza Strip,2008,20.525833333333335
Gaza Strip,2009,20.418083333333332
Gaza Strip,2010,21.90425
Gaza Strip,2011,19.848416666666665
Gaza Strip,2012,20.580083333333334
Gaza Strip,2013,20.78225
Georgia,1900,7.865166666666667
Georgia,1901,8.928749999999999
Georgia,1902,7.887583333333333
Georgia,1903,7.877916666666667
Georgia,1904,7.432166666666667
Georgia,1905,8.020833333333334
Georgia,1906,8.159166666666666
Georgia,1907,7.170333333333333
Georgia,1908,7.252
Georgia,1909,8.321916666666667
Georgia,1910,8.235
Georgia,1911,6.58475
Georgia,1912,8.136333333333333
Georgia,1913,7.695916666666668
Georgia,1914,8.072750000000001
Georgia,1915,8.489833333333333
Georgia,1916,8.633166666666668
Georgia,1917,8.809333333333333
Georgia,1918,8.534833333333333
Georgia,1919,8.480833333333333
Georgia,1920,6.639583333333333
Georgia,1921,7.28075
Georgia,1922,8.609166666666667
Georgia,1923,8.634583333333333
Georgia,1924,8.377916666666666
Georgia,1925,8.492083333333333
Georgia,1926,8.178416666666667
Georgia,1927,8.09925
Georgia,1928,7.10625
Georgia,1929,7.320250000000001
Georgia,1930,8.623833333333334
Georgia,1931,7.510166666666667
Georgia,1932,7.5835
Georgia,1933,7.163916666666666
Georgia,1934,7.784083333333334
Georgia,1935,8.566583333333334
Georgia,1936,8.400916666666667
Georgia,1937,8.962166666666667
Georgia,1938,8.68975
Georgia,1939,8.562916666666668
Georgia,1940,8.688916666666666
Georgia,1941,8.22625
Georgia,1942,7.83625
Georgia,1943,8.056583333333334
Georgia,1944,8.690083333333334
Georgia,1945,7.2746666666666675
Georgia,1946,8.104083333333334
Georgia,1947,8.94225
Georgia,1948,8.142583333333333
Georgia,1949,7.64725
Georgia,1950,7.9575
Georgia,1951,8.437666666666667
Georgia,1952,8.909
Georgia,1953,7.822916666666667
Georgia,1954,8.470666666666666
Georgia,1955,9.511000000000001
Georgia,1956,7.083583333333333
Georgia,1957,9.015833333333333
Georgia,1958,8.528666666666666
Georgia,1959,7.477833333333334
Georgia,1960,8.76125
Georgia,1961,8.890166666666667
Georgia,1962,9.664166666666667
Georgia,1963,8.641416666666666
Georgia,1964,7.681333333333334
Georgia,1965,8.177166666666666
Georgia,1966,10.488083333333334
Georgia,1967,7.829
Georgia,1968,8.682916666666667
Georgia,1969,7.924916666666667
Georgia,1970,9.183583333333333
Georgia,1971,8.830916666666667
Georgia,1972,7.990416666666667
Georgia,1973,7.8518333333333326
Georgia,1974,8.251
Georgia,1975,8.736916666666668
Georgia,1976,7.7195
Georgia,1977,8.305416666666666
Georgia,1978,8.409916666666666
Georgia,1979,9.565083333333334
Georgia,1980,8.783083333333334
Georgia,1981,9.44175
Georgia,1982,7.979666666666667
Georgia,1983,8.613083333333334
Georgia,1984,8.51825
Georgia,1985,8.372166666666667
Georgia,1986,8.797166666666667
Georgia,1987,8.169916666666667
Georgia,1988,8.206333333333333
Georgia,1989,8.936583333333333
Georgia,1990,8.84425
Georgia,1991,8.857083333333334
Georgia,1992,7.390916666666666
Georgia,1993,7.397833333333334
Georgia,1994,8.718333333333334
Georgia,1995,9.427583333333333
Georgia,1996,9.117916666666668
Georgia,1997,8.550666666666666
Georgia,1998,9.85875
Georgia,1999,9.769166666666667
Georgia,2000,9.311166666666667
Georgia,2001,9.861749999999999
Georgia,2002,9.206
Georgia,2003,8.804583333333333
Georgia,2004,9.218583333333333
Georgia,2005,9.4135
Georgia,2006,9.40375
Georgia,2007,9.525916666666667
Georgia,2008,9.308583333333333
Georgia,2009,9.552083333333334
Georgia,2010,11.102416666666668
Georgia,2011,8.52375
Georgia,2012,9.787333333333335
Georgia,2013,10.686625
Germany,1900,8.452083333333333
Germany,1901,7.6810833333333335
Germany,1902,7.256666666666667
Germany,1903,8.402416666666667
Germany,1904,8.400333333333334
Germany,1905,8.027416666666666
Germany,1906,8.354000000000001
Germany,1907,7.852583333333333
Germany,1908,7.521333333333334
Germany,1909,7.336833333333334
Germany,1910,8.418750000000001
Germany,1911,9.026
Germany,1912,7.837416666666666
Germany,1913,8.50675
Germany,1914,8.486916666666668
Germany,1915,7.875333333333334
Germany,1916,8.426916666666667
Germany,1917,7.4995
Germany,1918,8.493583333333333
Germany,1919,7.300750000000001
Germany,1920,8.615666666666668
Germany,1921,9.014666666666667
Germany,1922,7.175916666666667
Germany,1923,7.980916666666666
Germany,1924,7.520499999999999
Germany,1925,8.289166666666667
Germany,1926,8.7205
Germany,1927,8.080166666666667
Germany,1928,8.371583333333334
Germany,1929,7.406583333333334
Germany,1930,8.78275
Germany,1931,7.59575
Germany,1932,8.353166666666667
Germany,1933,7.70375
Germany,1934,9.569666666666667
Germany,1935,8.471666666666668
Germany,1936,8.476416666666667
Germany,1937,8.711916666666667
Germany,1938,8.808333333333334
Germany,1939,8.452166666666667
Germany,1940,6.625083333333333
Germany,1941,7.139583333333333
Germany,1942,7.238499999999999
Germany,1943,8.9215
Germany,1944,8.317583333333333
Germany,1945,8.9005
Germany,1946,8.383333333333335
Germany,1947,8.458416666666666
Germany,1948,9.042416666666666
Germany,1949,9.176499999999999
Germany,1950,8.653416666666667
Germany,1951,8.816416666666667
Germany,1952,8.006833333333333
Germany,1953,9.067
Germany,1954,7.788833333333334
Germany,1955,7.684083333333334
Germany,1956,6.9695
Germany,1957,8.686083333333334
Germany,1958,8.325833333333334
Germany,1959,9.18275
Germany,1960,8.514166666666666
Germany,1961,9.124166666666666
Germany,1962,7.324916666666667
Germany,1963,7.2205
Germany,1964,8.236333333333333
Germany,1965,7.633
Germany,1966,8.645666666666667
Germany,1967,9.041666666666666
Germany,1968,8.323583333333334
Germany,1969,7.913
Germany,1970,7.856083333333334
Germany,1971,8.600166666666667
Germany,1972,8.054833333333333
Germany,1973,8.402833333333334
Germany,1974,8.970416666666667
Germany,1975,9.093666666666667
Germany,1976,8.6505
Germany,1977,8.804833333333333
Germany,1978,7.9327499999999995
Germany,1979,7.901666666666666
Germany,1980,7.727250000000001
Germany,1981,8.320500000000001
Germany,1982,9.073333333333334
Germany,1983,9.185666666666668
Germany,1984,8.123
Germany,1985,7.613333333333333
Germany,1986,8.085083333333333
Germany,1987,7.58925
Germany,1988,9.195583333333333
Germany,1989,9.679833333333333
Germany,1990,9.6895
Germany,1991,8.523083333333334
Germany,1992,9.505833333333333
Germany,1993,8.6335
Germany,1994,9.847
Germany,1995,9.0335
Germany,1996,7.374416666666666
Germany,1997,9.048666666666668
Germany,1998,9.17175
Germany,1999,9.62075
Germany,2000,10.020416666666666
Germany,2001,9.090416666666666
Germany,2002,9.637333333333334
Germany,2003,9.494250000000001
Germany,2004,9.053416666666667
Germany,2005,9.128416666666666
Germany,2006,9.706000000000001
Germany,2007,9.9975
Germany,2008,9.642166666666666
Germany,2009,9.359166666666667
Germany,2010,8.009
Germany,2011,9.819583333333334
Germany,2012,9.227166666666667
Germany,2013,9.23525
Ghana,1900,26.633333333333336
Ghana,1901,26.43316666666667
Ghana,1902,26.21475
Ghana,1903,25.86675
Ghana,1904,25.726333333333333
Ghana,1905,26.24266666666667
Ghana,1906,26.526833333333332
Ghana,1907,26.109916666666667
Ghana,1908,26.366
Ghana,1909,26.07675
Ghana,1910,26.199333333333332
Ghana,1911,25.861583333333332
Ghana,1912,26.73966666666667
Ghana,1913,26.92741666666667
Ghana,1914,26.967250000000003
Ghana,1915,26.903000000000002
Ghana,1916,26.597250000000003
Ghana,1917,27.03975
Ghana,1918,26.59766666666667
Ghana,1919,26.796916666666664
Ghana,1920,26.83566666666667
Ghana,1921,26.940916666666666
Ghana,1922,26.851
Ghana,1923,26.689666666666668
Ghana,1924,26.818916666666667
Ghana,1925,26.716250000000002
Ghana,1926,27.17475
Ghana,1927,26.66625
Ghana,1928,26.719083333333334
Ghana,1929,26.863
Ghana,1930,27.05966666666667
Ghana,1931,27.075916666666668
Ghana,1932,26.5595
Ghana,1933,26.943
Ghana,1934,26.90125
Ghana,1935,26.79025
Ghana,1936,26.607083333333335
Ghana,1937,27.125333333333334
Ghana,1938,27.089250000000003
Ghana,1939,26.516083333333338
Ghana,1940,27.149083333333333
Ghana,1941,27.390249999999998
Ghana,1942,27.01125
Ghana,1943,26.71041666666667
Ghana,1944,27.166583333333335
Ghana,1945,27.061916666666665
Ghana,1946,26.866333333333333
Ghana,1947,27.12375
Ghana,1948,26.743916666666667
Ghana,1949,27.092
Ghana,1950,26.692000000000004
Ghana,1951,26.929666666666666
Ghana,1952,26.784000000000002
Ghana,1953,26.75475
Ghana,1954,26.502166666666668
Ghana,1955,26.4515
Ghana,1956,26.43325
Ghana,1957,26.722083333333334
Ghana,1958,26.84575
Ghana,1959,26.884583333333335
Ghana,1960,26.825416666666666
Ghana,1961,26.683083333333332
Ghana,1962,26.663583333333335
Ghana,1963,26.9145
Ghana,1964,26.53408333333333
Ghana,1965,26.607
Ghana,1966,26.909833333333335
Ghana,1967,26.583416666666665
Ghana,1968,26.73175
Ghana,1969,27.125416666666666
Ghana,1970,27.142916666666668
Ghana,1971,26.60983333333333
Ghana,1972,26.85666666666667
Ghana,1973,27.372
Ghana,1974,26.699166666666667
Ghana,1975,26.57025
Ghana,1976,26.380333333333336
Ghana,1977,27.019666666666666
Ghana,1978,26.81416666666667
Ghana,1979,27.144666666666666
Ghana,1980,27.07941666666667
Ghana,1981,27.01816666666667
Ghana,1982,26.801000000000002
Ghana,1983,27.317666666666668
Ghana,1984,27.17716666666667
Ghana,1985,26.938916666666668
Ghana,1986,26.891916666666663
Ghana,1987,27.782750000000004
Ghana,1988,27.244250000000005
Ghana,1989,27.001
Ghana,1990,27.24475
Ghana,1991,26.96941666666667
Ghana,1992,26.833250000000003
Ghana,1993,27.088916666666666
Ghana,1994,26.966083333333334
Ghana,1995,27.21225
Ghana,1996,27.13083333333333
Ghana,1997,27.072916666666668
Ghana,1998,27.6635
Ghana,1999,27.11991666666667
Ghana,2000,27.24591666666667
Ghana,2001,27.278750000000002
Ghana,2002,27.401083333333332
Ghana,2003,27.533500000000004
Ghana,2004,27.415833333333335
Ghana,2005,27.601166666666668
Ghana,2006,27.58158333333333
Ghana,2007,27.627666666666666
Ghana,2008,27.367833333333333
Ghana,2009,27.55758333333333
Ghana,2010,27.935000000000002
Ghana,2011,27.59975
Ghana,2012,27.2795
Ghana,2013,27.7175
Greece,1900,15.107583333333332
Greece,1901,14.829416666666667
Greece,1902,14.699
Greece,1903,14.599166666666667
Greece,1904,14.572333333333333
Greece,1905,14.397166666666669
Greece,1906,14.426499999999999
Greece,1907,14.142666666666669
Greece,1908,14.341916666666668
Greece,1909,14.89025
Greece,1910,14.731
Greece,1911,14.43425
Greece,1912,14.422916666666666
Greece,1913,14.4015
Greece,1914,14.28275
Greece,1915,15.023833333333334
Greece,1916,15.759750000000002
Greece,1917,15.011333333333333
Greece,1918,15.011833333333334
Greece,1919,14.681333333333333
Greece,1920,14.447583333333334
Greece,1921,14.479416666666667
Greece,1922,15.1085
Greece,1923,15.40625
Greece,1924,14.922916666666667
Greece,1925,15.0105
Greece,1926,15.433333333333335
Greece,1927,15.77075
Greece,1928,15.002583333333334
Greece,1929,14.347583333333333
Greece,1930,15.248916666666668
Greece,1931,14.902833333333334
Greece,1932,14.938
Greece,1933,14.145250000000003
Greece,1934,15.552666666666667
Greece,1935,15.305833333333334
Greece,1936,15.266583333333335
Greece,1937,15.582833333333333
Greece,1938,14.88725
Greece,1939,15.305166666666667
Greece,1940,14.1425
Greece,1941,14.60825
Greece,1942,14.548666666666668
Greece,1943,15.075916666666666
Greece,1944,14.734833333333333
Greece,1945,15.066249999999998
Greece,1946,15.616000000000001
Greece,1947,15.6365
Greece,1948,14.637500000000001
Greece,1949,14.381749999999998
Greece,1950,15.639000000000001
Greece,1951,15.572250000000002
Greece,1952,15.86425
Greece,1953,14.530666666666667
Greece,1954,14.775416666666667
Greece,1955,15.4425
Greece,1956,14.42225
Greece,1957,15.042583333333333
Greece,1958,15.37025
Greece,1959,14.407416666666668
Greece,1960,15.506083333333335
Greece,1961,15.348333333333334
Greece,1962,15.454416666666667
Greece,1963,15.323083333333335
Greece,1964,14.645249999999999
Greece,1965,14.616166666666667
Greece,1966,15.657666666666666
Greece,1967,14.858833333333335
Greece,1968,15.1145
Greece,1969,15.03875
Greece,1970,15.164916666666668
Greece,1971,14.664000000000001
Greece,1972,14.70375
Greece,1973,14.696416666666666
Greece,1974,14.686416666666668
Greece,1975,14.728583333333333
Greece,1976,14.2085
Greece,1977,15.298
Greece,1978,14.62
Greece,1979,15.156500000000001
Greece,1980,14.556916666666666
Greece,1981,14.9465
Greece,1982,14.762416666666667
Greece,1983,14.610333333333335
Greece,1984,14.878916666666667
Greece,1985,15.218000000000002
Greece,1986,15.1365
Greece,1987,14.906833333333333
Greece,1988,15.091833333333334
Greece,1989,14.878916666666667
Greece,1990,15.499333333333334
Greece,1991,14.412833333333333
Greece,1992,14.785333333333334
Greece,1993,15.040583333333332
Greece,1994,16.044666666666668
Greece,1995,15.10225
Greece,1996,14.84675
Greece,1997,14.76325
Greece,1998,15.506083333333335
Greece,1999,15.992166666666668
Greece,2000,15.673333333333334
Greece,2001,15.931583333333334
Greece,2002,15.622333333333332
Greece,2003,15.472583333333334
Greece,2004,15.455666666666668
Greece,2005,15.175333333333334
Greece,2006,15.212666666666665
Greece,2007,16.08325
Greece,2008,16.054916666666667
Greece,2009,15.956166666666666
Greece,2010,16.37125
Greece,2011,15.261333333333335
Greece,2012,16.0395
Greece,2013,17.1535
Greenland,1900,-18.292333333333332
Greenland,1901,-18.53441666666667
Greenland,1902,-18.91566666666667
Greenland,1903,-19.146916666666666
Greenland,1904,-19.419416666666667
Greenland,1905,-18.699749999999998
Greenland,1906,-19.818083333333334
Greenland,1907,-19.638
Greenland,1908,-18.30225
Greenland,1909,-18.938416666666665
Greenland,1910,-20.07125
Greenland,1911,-19.191416666666665
Greenland,1912,-18.110416666666666
Greenland,1913,-19.029083333333332
Greenland,1914,-20.32675
Greenland,1915,-18.949916666666667
Greenland,1916,-18.27616666666667
Greenland,1917,-19.079833333333333
Greenland,1918,-20.097916666666666
Greenland,1919,-19.03575
Greenland,1920,-19.68375
Greenland,1921,-19.66425
Greenland,1922,-19.101833333333335
Greenland,1923,-17.978583333333333
Greenland,1924,-18.438
Greenland,1925,-18.298333333333336
Greenland,1926,-17.852666666666668
Greenland,1927,-17.892666666666667
Greenland,1928,-16.851166666666668
Greenland,1929,-16.698666666666668
Greenland,1930,-17.01425
Greenland,1931,-17.748083333333334
Greenland,1932,-16.874333333333333
Greenland,1933,-16.684416666666667
Greenland,1934,-17.582666666666665
Greenland,1935,-17.465666666666667
Greenland,1936,-17.206833333333332
Greenland,1937,-17.4645
Greenland,1938,-17.81975
Greenland,1939,-16.734916666666667
Greenland,1940,-16.990750000000002
Greenland,1941,-17.10775
Greenland,1942,-17.60075
Greenland,1943,-18.846333333333334
Greenland,1944,-18.619333333333334
Greenland,1945,-17.583000000000002
Greenland,1946,-17.309083333333334
Greenland,1947,-16.345833333333335
Greenland,1948,-18.917583333333333
Greenland,1949,-19.159833333333335
Greenland,1950,-18.12675
Greenland,1951,-18.963916666666666
Greenland,1952,-17.874750000000002
Greenland,1953,-18.38475
Greenland,1954,-17.915916666666668
Greenland,1955,-18.340500000000002
Greenland,1956,-18.463
Greenland,1957,-17.766333333333332
Greenland,1958,-17.955666666666666
Greenland,1959,-18.415666666666667
Greenland,1960,-17.46425
Greenland,1961,-18.990333333333336
Greenland,1962,-17.427833333333332
Greenland,1963,-17.72575
Greenland,1964,-18.574416666666668
Greenland,1965,-17.530583333333336
Greenland,1966,-18.84241666666667
Greenland,1967,-18.5835
Greenland,1968,-18.818916666666667
Greenland,1969,-18.392083333333336
Greenland,1970,-18.738166666666668
Greenland,1971,-19.7105
Greenland,1972,-18.818
Greenland,1973,-19.273583333333335
Greenland,1974,-18.205666666666666
Greenland,1975,-19.524916666666666
Greenland,1976,-18.025333333333332
Greenland,1977,-18.15025
Greenland,1978,-18.448083333333333
Greenland,1979,-18.584999999999997
Greenland,1980,-17.515416666666667
Greenland,1981,-18.341083333333334
Greenland,1982,-18.990666666666666
Greenland,1983,-20.446833333333334
Greenland,1984,-19.326
Greenland,1985,-17.56983333333333
Greenland,1986,-18.131666666666668
Greenland,1987,-18.71925
Greenland,1988,-17.8635
Greenland,1989,-19.368
Greenland,1990,-18.437916666666666
Greenland,1991,-18.371333333333336
Greenland,1992,-19.5845
Greenland,1993,-19.267166666666668
Greenland,1994,-18.641916666666667
Greenland,1995,-18.2395
Greenland,1996,-17.30033333333333
Greenland,1997,-17.997833333333332
Greenland,1998,-17.139
Greenland,1999,-18.25425
Greenland,2000,-17.367916666666666
Greenland,2001,-17.596416666666666
Greenland,2002,-16.820416666666667
Greenland,2003,-16.256249999999998
Greenland,2004,-17.301166666666667
Greenland,2005,-16.15125
Greenland,2006,-17.114333333333335
Greenland,2007,-17.074166666666667
Greenland,2008,-17.389916666666668
Greenland,2009,-17.316416666666665
Greenland,2010,-15.546333333333331
Greenland,2011,-17.174333333333333
Greenland,2012,-16.77225
Greenland,2013,-15.40975
Grenada,1900,26.616249999999997
Grenada,1901,26.67191666666667
Grenada,1902,26.636333333333337
Grenada,1903,26.71591666666667
Grenada,1904,26.146
Grenada,1905,26.45775
Grenada,1906,26.434583333333336
Grenada,1907,26.32541666666667
Grenada,1908,26.305833333333336
Grenada,1909,26.270583333333335
Grenada,1910,26.197083333333335
Grenada,1911,26.4285
Grenada,1912,26.477083333333336
Grenada,1913,26.15908333333333
Grenada,1914,26.59
Grenada,1915,26.794416666666667
Grenada,1916,26.386916666666668
Grenada,1917,26.074916666666667
Grenada,1918,26.27525
Grenada,1919,26.709416666666666
Grenada,1920,26.346666666666668
Grenada,1921,26.34991666666667
Grenada,1922,26.27
Grenada,1923,26.318916666666667
Grenada,1924,26.69366666666667
Grenada,1925,26.37391666666667
Grenada,1926,26.886916666666668
Grenada,1927,26.89075
Grenada,1928,26.794749999999997
Grenada,1929,26.627750000000002
Grenada,1930,26.802583333333335
Grenada,1931,27.08441666666667
Grenada,1932,26.889750000000003
Grenada,1933,26.552083333333332
Grenada,1934,26.613083333333336
Grenada,1935,26.327916666666667
Grenada,1936,26.631250000000005
Grenada,1937,26.83066666666667
Grenada,1938,26.635083333333338
Grenada,1939,26.69316666666667
Grenada,1940,27.240166666666667
Grenada,1941,27.31941666666667
Grenada,1942,27.231166666666667
Grenada,1943,26.786083333333334
Grenada,1944,26.87075
Grenada,1945,26.63575
Grenada,1946,26.70125
Grenada,1947,26.835833333333337
Grenada,1948,26.752416666666665
Grenada,1949,26.642416666666666
Grenada,1950,26.46075
Grenada,1951,26.86466666666667
Grenada,1952,27.199916666666667
Grenada,1953,27.085333333333335
Grenada,1954,26.82225
Grenada,1955,26.87091666666667
Grenada,1956,26.783833333333334
Grenada,1957,26.873083333333337
Grenada,1958,27.385583333333333
Grenada,1959,27.12783333333333
Grenada,1960,27.208916666666667
Grenada,1961,27.157083333333333
Grenada,1962,27.15675
Grenada,1963,27.220916666666668
Grenada,1964,26.891666666666666
Grenada,1965,26.9435
Grenada,1966,27.060916666666667
Grenada,1967,26.759333333333334
Grenada,1968,26.74625
Grenada,1969,27.423416666666668
Grenada,1970,27.089583333333334
Grenada,1971,26.665666666666667
Grenada,1972,26.955166666666667
Grenada,1973,27.053416666666667
Grenada,1974,26.706333333333333
Grenada,1975,26.663583333333335
Grenada,1976,26.681250000000002
Grenada,1977,27.095416666666665
Grenada,1978,27.256249999999998
Grenada,1979,27.191166666666664
Grenada,1980,27.410750000000004
Grenada,1981,27.4365
Grenada,1982,27.0755
Grenada,1983,27.34
Grenada,1984,26.94
Grenada,1985,26.742833333333333
Grenada,1986,26.888916666666663
Grenada,1987,27.652
Grenada,1988,27.33125
Grenada,1989,27.00066666666667
Grenada,1990,27.20566666666667
Grenada,1991,27.141666666666666
Grenada,1992,27.157083333333333
Grenada,1993,27.34841666666667
Grenada,1994,27.251
Grenada,1995,27.635333333333335
Grenada,1996,27.28625
Grenada,1997,27.452333333333332
Grenada,1998,27.946
Grenada,1999,27.463916666666666
Grenada,2000,27.190916666666666
Grenada,2001,27.507166666666667
Grenada,2002,27.531166666666667
Grenada,2003,27.7165
Grenada,2004,27.47475
Grenada,2005,27.908
Grenada,2006,27.743666666666666
Grenada,2007,27.590999999999998
Grenada,2008,27.363666666666663
Grenada,2009,27.62675
Grenada,2010,28.10891666666667
Grenada,2011,27.66208333333333
Grenada,2012,27.636416666666666
Grenada,2013,27.612875000000003
Guadeloupe,1900,26.121
Guadeloupe,1901,26.338833333333337
Guadeloupe,1902,26.270416666666666
Guadeloupe,1903,26.19775
Guadeloupe,1904,25.84166666666667
Guadeloupe,1905,26.169083333333333
Guadeloupe,1906,26.08141666666667
Guadeloupe,1907,25.896
Guadeloupe,1908,25.96575
Guadeloupe,1909,25.841833333333337
Guadeloupe,1910,25.81041666666667
Guadeloupe,1911,26.020416666666666
Guadeloupe,1912,26.112166666666667
Guadeloupe,1913,25.650750000000002
Guadeloupe,1914,26.132833333333334
Guadeloupe,1915,26.38275
Guadeloupe,1916,25.948083333333333
Guadeloupe,1917,25.72425
Guadeloupe,1918,25.974083333333336
Guadeloupe,1919,26.291750000000004
Guadeloupe,1920,25.980333333333334
Guadeloupe,1921,26.136083333333335
Guadeloupe,1922,26.070333333333334
Guadeloupe,1923,26.04825
Guadeloupe,1924,26.260416666666668
Guadeloupe,1925,26.05716666666667
Guadeloupe,1926,26.4905
Guadeloupe,1927,26.285083333333333
Guadeloupe,1928,26.390333333333334
Guadeloupe,1929,26.054833333333335
Guadeloupe,1930,26.456833333333336
Guadeloupe,1931,26.766916666666663
Guadeloupe,1932,26.483500000000003
Guadeloupe,1933,26.124333333333336
Guadeloupe,1934,26.087
Guadeloupe,1935,26.18558333333333
Guadeloupe,1936,26.19458333333333
Guadeloupe,1937,26.475583333333333
Guadeloupe,1938,26.070083333333333
Guadeloupe,1939,26.324166666666667
Guadeloupe,1940,26.66
Guadeloupe,1941,26.821
Guadeloupe,1942,26.729416666666665
Guadeloupe,1943,26.242
Guadeloupe,1944,26.325083333333335
Guadeloupe,1945,26.035666666666668
Guadeloupe,1946,26.303583333333336
Guadeloupe,1947,26.671583333333334
Guadeloupe,1948,26.470083333333335
Guadeloupe,1949,26.135166666666667
Guadeloupe,1950,25.948166666666665
Guadeloupe,1951,26.431583333333332
Guadeloupe,1952,26.642
Guadeloupe,1953,26.7495
Guadeloupe,1954,26.3355
Guadeloupe,1955,26.516916666666663
Guadeloupe,1956,26.312
Guadeloupe,1957,26.526750000000003
Guadeloupe,1958,26.989500000000003
Guadeloupe,1959,26.773416666666666
Guadeloupe,1960,26.846666666666668
Guadeloupe,1961,26.603916666666667
Guadeloupe,1962,26.656750000000002
Guadeloupe,1963,26.794416666666667
Guadeloupe,1964,26.602999999999998
Guadeloupe,1965,26.346666666666668
Guadeloupe,1966,26.520166666666668
Guadeloupe,1967,26.258
Guadeloupe,1968,26.312583333333336
Guadeloupe,1969,26.795
Guadeloupe,1970,26.631416666666667
Guadeloupe,1971,26.290833333333335
Guadeloupe,1972,26.475583333333333
Guadeloupe,1973,26.762249999999998
Guadeloupe,1974,26.251833333333334
Guadeloupe,1975,26.23725
Guadeloupe,1976,26.157833333333333
Guadeloupe,1977,26.71825
Guadeloupe,1978,26.748
Guadeloupe,1979,26.57541666666667
Guadeloupe,1980,27.012333333333334
Guadeloupe,1981,26.9525
Guadeloupe,1982,26.5945
Guadeloupe,1983,26.957083333333333
Guadeloupe,1984,26.485583333333334
Guadeloupe,1985,26.49383333333333
Guadeloupe,1986,26.595583333333334
Guadeloupe,1987,27.126416666666668
Guadeloupe,1988,26.84875
Guadeloupe,1989,26.585166666666666
Guadeloupe,1990,26.832916666666666
Guadeloupe,1991,26.77541666666667
Guadeloupe,1992,26.800833333333333
Guadeloupe,1993,26.842833333333335
Guadeloupe,1994,26.826083333333333
Guadeloupe,1995,27.25725
Guadeloupe,1996,26.851916666666668
Guadeloupe,1997,27.19725
Guadeloupe,1998,27.500500000000002
Guadeloupe,1999,27.015
Guadeloupe,2000,26.788333333333338
Guadeloupe,2001,27.14525
Guadeloupe,2002,27.232916666666668
Guadeloupe,2003,27.386750000000003
Guadeloupe,2004,27.0415
Guadeloupe,2005,27.509083333333333
Guadeloupe,2006,27.360583333333334
Guadeloupe,2007,27.382416666666668
Guadeloupe,2008,26.861666666666668
Guadeloupe,2009,27.164666666666665
Guadeloupe,2010,27.655666666666665
Guadeloupe,2011,27.1765
Guadeloupe,2012,27.318250000000003
Guadeloupe,2013,27.156750000000002
Guam,1903,26.402
Guam,1904,26.194833333333335
Guam,1905,26.428749999999997
Guam,1906,26.617833333333337
Guam,1907,26.14408333333333
Guam,1908,26.3455
Guam,1909,26.473333333333333
Guam,1910,26.588166666666666
Guam,1911,26.596166666666665
Guam,1912,26.530083333333334
Guam,1913,26.75166666666667
Guam,1914,26.68675
Guam,1915,26.777916666666666
Guam,1916,26.688000000000002
Guam,1917,26.26275
Guam,1918,26.330333333333332
Guam,1919,26.745583333333332
Guam,1920,26.565916666666666
Guam,1921,26.4725
Guam,1922,26.408916666666666
Guam,1923,26.46891666666667
Guam,1924,26.440583333333333
Guam,1925,26.474500000000003
Guam,1926,26.843083333333336
Guam,1927,26.894416666666668
Guam,1928,26.852249999999998
Guam,1929,26.515416666666667
Guam,1930,26.667083333333334
Guam,1931,26.897499999999997
Guam,1932,26.807083333333335
Guam,1933,26.822666666666667
Guam,1934,26.82041666666667
Guam,1935,26.748500000000003
Guam,1936,26.903166666666667
Guam,1937,26.93525
Guam,1938,26.93941666666667
Guam,1939,26.90608333333333
Guam,1940,26.858500000000003
Guam,1941,27.098250000000004
Guam,1942,27.03675
Guam,1943,26.69575
Guam,1944,26.85666666666667
Guam,1945,26.95058333333333
Guam,1946,26.903333333333336
Guam,1947,27.17625
Guam,1948,26.94825
Guam,1949,26.934
Guam,1950,26.87275
Guam,1951,27.226
Guam,1952,27.05175
Guam,1953,27.253333333333334
Guam,1954,27.274416666666667
Guam,1955,26.897166666666667
Guam,1956,26.90425
Guam,1957,27.159750000000003
Guam,1958,27.112166666666667
Guam,1959,27.329916666666666
Guam,1960,26.975833333333338
Guam,1961,26.858166666666666
Guam,1962,27.032333333333337
Guam,1963,26.787000000000003
Guam,1964,26.787000000000003
Guam,1965,26.862916666666667
Guam,1966,26.99225
Guam,1967,26.822
Guam,1968,26.702416666666668
Guam,1969,26.957916666666666
Guam,1970,26.99208333333333
Guam,1971,26.9335
Guam,1972,26.762916666666666
Guam,1973,27.252499999999998
Guam,1974,27.210916666666666
Guam,1975,27.086583333333333
Guam,1976,26.968416666666666
Guam,1977,27.207166666666666
Guam,1978,27.077250000000003
Guam,1979,27.195333333333334
Guam,1980,27.302083333333332
Guam,1981,27.520083333333332
Guam,1982,27.05725
Guam,1983,27.5605
Guam,1984,27.77841666666667
Guam,1985,27.467833333333335
Guam,1986,27.320166666666665
Guam,1987,27.392083333333332
Guam,1988,27.593999999999998
Guam,1989,27.427083333333332
Guam,1990,27.273833333333332
Guam,1991,27.226333333333333
Guam,1992,27.115416666666665
Guam,1993,27.24275
Guam,1994,27.360083333333336
Guam,1995,27.22725
Guam,1996,27.383333333333336
Guam,1997,27.411583333333336
Guam,1998,27.659666666666666
Guam,1999,27.586333333333332
Guam,2000,27.481666666666666
Guam,2001,27.595
Guam,2002,27.4055
Guam,2003,27.265333333333334
Guam,2004,27.54641666666667
Guam,2005,27.465666666666667
Guam,2006,27.428833333333333
Guam,2007,27.402083333333334
Guam,2008,27.48391666666667
Guam,2009,27.387249999999998
Guam,2010,27.250416666666666
Guam,2011,27.24891666666667
Guam,2012,27.391583333333333
Guam,2013,27.658875000000002
Guatemala,1900,22.861333333333334
Guatemala,1901,22.326666666666668
Guatemala,1902,22.867416666666667
Guatemala,1903,22.64
Guatemala,1904,22.30933333333333
Guatemala,1905,22.632583333333333
Guatemala,1906,22.770083333333332
Guatemala,1907,22.7975
Guatemala,1908,22.746333333333336
Guatemala,1909,23.122500000000002
Guatemala,1910,22.23325
Guatemala,1911,23.101166666666668
Guatemala,1912,23.127499999999998
Guatemala,1913,22.70041666666667
Guatemala,1914,22.886583333333334
Guatemala,1915,23.28916666666667
Guatemala,1916,22.779833333333332
Guatemala,1917,22.60291666666667
Guatemala,1918,23.071916666666667
Guatemala,1919,23.26008333333333
Guatemala,1920,23.00775
Guatemala,1921,23.182833333333335
Guatemala,1922,23.292333333333332
Guatemala,1923,23.19633333333333
Guatemala,1924,23.241
Guatemala,1925,23.039916666666667
Guatemala,1926,23.282333333333337
Guatemala,1927,23.133583333333334
Guatemala,1928,23.11225
Guatemala,1929,23.3035
Guatemala,1930,23.487583333333333
Guatemala,1931,23.200000000000003
Guatemala,1932,23.331833333333332
Guatemala,1933,23.418083333333332
Guatemala,1934,23.401
Guatemala,1935,23.1745
Guatemala,1936,23.389083333333332
Guatemala,1937,23.257
Guatemala,1938,22.889166666666668
Guatemala,1939,23.021
Guatemala,1940,23.074
Guatemala,1941,23.50475
Guatemala,1942,23.404749999999996
Guatemala,1943,23.050083333333333
Guatemala,1944,23.235249999999997
Guatemala,1945,23.463416666666664
Guatemala,1946,23.768416666666667
Guatemala,1947,23.805666666666667
Guatemala,1948,23.597916666666666
Guatemala,1949,23.374166666666667
Guatemala,1950,22.901749999999996
Guatemala,1951,23.493
Guatemala,1952,23.527
Guatemala,1953,23.835083333333333
Guatemala,1954,23.07825
Guatemala,1955,23.18875
Guatemala,1956,23.007500000000004
Guatemala,1957,23.460583333333332
Guatemala,1958,23.682833333333335
Guatemala,1959,23.47275
Guatemala,1960,23.355833333333333
Guatemala,1961,23.439916666666665
Guatemala,1962,23.14225
Guatemala,1963,23.211333333333332
Guatemala,1964,23.449916666666667
Guatemala,1965,23.38491666666667
Guatemala,1966,23.149500000000003
Guatemala,1967,23.1495
Guatemala,1968,23.01816666666667
Guatemala,1969,23.73725
Guatemala,1970,23.306250000000002
Guatemala,1971,23.322833333333335
Guatemala,1972,23.721666666666668
Guatemala,1973,23.636333333333337
Guatemala,1974,23.115166666666667
Guatemala,1975,23.41875
Guatemala,1976,22.982916666666668
Guatemala,1977,23.509583333333335
Guatemala,1978,23.50825
Guatemala,1979,23.565250000000002
Guatemala,1980,23.678833333333333
Guatemala,1981,23.375666666666664
Guatemala,1982,23.776666666666667
Guatemala,1983,23.889
Guatemala,1984,23.28975
Guatemala,1985,23.323166666666665
Guatemala,1986,23.397000000000002
Guatemala,1987,23.681083333333333
Guatemala,1988,23.64725
Guatemala,1989,23.310083333333335
Guatemala,1990,23.599500000000003
Guatemala,1991,23.877583333333334
Guatemala,1992,23.790750000000003
Guatemala,1993,23.776333333333337
Guatemala,1994,24.021666666666665
Guatemala,1995,23.96066666666667
Guatemala,1996,23.450083333333335
Guatemala,1997,24.076833333333337
Guatemala,1998,24.3065
Guatemala,1999,23.41841666666667
Guatemala,2000,23.428833333333333
Guatemala,2001,23.58441666666667
Guatemala,2002,23.833583333333333
Guatemala,2003,23.99383333333334
Guatemala,2004,23.797916666666666
Guatemala,2005,23.94825
Guatemala,2006,23.80825
Guatemala,2007,23.8185
Guatemala,2008,23.482083333333335
Guatemala,2009,23.939916666666665
Guatemala,2010,23.687583333333333
Guatemala,2011,23.820833333333336
Guatemala,2012,23.848166666666668
Guatemala,2013,24.291333333333334
Guernsey,1900,11.083416666666666
Guernsey,1901,10.509916666666667
Guernsey,1902,10.407166666666667
Guernsey,1903,10.826749999999999
Guernsey,1904,10.824666666666667
Guernsey,1905,10.618333333333334
Guernsey,1906,11.013916666666667
Guernsey,1907,10.581249999999999
Guernsey,1908,10.804583333333333
Guernsey,1909,10.27575
Guernsey,1910,10.797916666666666
Guernsey,1911,11.522333333333334
Guernsey,1912,10.873583333333334
Guernsey,1913,11.3065
Guernsey,1914,11.19225
Guernsey,1915,10.666916666666665
Guernsey,1916,10.755583333333334
Guernsey,1917,9.997
Guernsey,1918,11.043666666666667
Guernsey,1919,10.267999999999999
Guernsey,1920,11.198583333333334
Guernsey,1921,12.027333333333333
Guernsey,1922,10.463666666666667
Guernsey,1923,10.856
Guernsey,1924,10.775166666666665
Guernsey,1925,10.638499999999999
Guernsey,1926,11.297916666666666
Guernsey,1927,10.80175
Guernsey,1928,11.369083333333334
Guernsey,1929,10.747166666666667
Guernsey,1930,11.170333333333334
Guernsey,1931,10.665666666666667
Guernsey,1932,10.86425
Guernsey,1933,11.160916666666667
Guernsey,1934,11.250749999999998
Guernsey,1935,11.004083333333334
Guernsey,1936,10.943583333333335
Guernsey,1937,11.308166666666667
Guernsey,1938,11.266583333333335
Guernsey,1939,11.012
Guernsey,1940,10.698749999999999
Guernsey,1941,10.40925
Guernsey,1942,10.596
Guernsey,1943,11.660583333333333
Guernsey,1944,11.0645
Guernsey,1945,11.673
Guernsey,1946,10.852333333333334
Guernsey,1947,11.510166666666668
Guernsey,1948,11.606250000000001
Guernsey,1949,12.126833333333332
Guernsey,1950,11.209333333333333
Guernsey,1951,10.95125
Guernsey,1952,10.951500000000001
Guernsey,1953,11.210166666666666
Guernsey,1954,10.804583333333333
Guernsey,1955,11.147583333333332
Guernsey,1956,10.292
Guernsey,1957,11.506916666666667
Guernsey,1958,11.047833333333335
Guernsey,1959,12.02075
Guernsey,1960,11.313833333333333
Guernsey,1961,11.70575
Guernsey,1962,10.3605
Guernsey,1963,9.803500000000001
Guernsey,1964,10.916916666666665
Guernsey,1965,10.56775
Guernsey,1966,11.476666666666667
Guernsey,1967,11.145916666666666
Guernsey,1968,10.990166666666667
Guernsey,1969,11.1775
Guernsey,1970,11.051083333333333
Guernsey,1971,11.21825
Guernsey,1972,10.71875
Guernsey,1973,11.115833333333333
Guernsey,1974,11.129
Guernsey,1975,11.415166666666666
Guernsey,1976,11.5645
Guernsey,1977,11.074166666666665
Guernsey,1978,10.935
Guernsey,1979,10.58775
Guernsey,1980,10.825166666666666
Guernsey,1981,11.18125
Guernsey,1982,11.661416666666668
Guernsey,1983,11.568666666666667
Guernsey,1984,11.368916666666665
Guernsey,1985,10.698416666666667
Guernsey,1986,10.396833333333333
Guernsey,1987,10.688
Guernsey,1988,11.60225
Guernsey,1989,12.359416666666666
Guernsey,1990,12.3365
Guernsey,1991,10.890583333333334
Guernsey,1992,11.448916666666667
Guernsey,1993,11.187666666666667
Guernsey,1994,12.080666666666666
Guernsey,1995,12.187083333333334
Guernsey,1996,11.016916666666667
Guernsey,1997,12.098666666666666
Guernsey,1998,11.846166666666667
Guernsey,1999,12.34525
Guernsey,2000,11.918999999999999
Guernsey,2001,11.876416666666666
Guernsey,2002,12.245083333333334
Guernsey,2003,12.2355
Guernsey,2004,11.950333333333333
Guernsey,2005,12.050083333333333
Guernsey,2006,12.187249999999999
Guernsey,2007,12.227666666666666
Guernsey,2008,11.761583333333332
Guernsey,2009,11.732583333333332
Guernsey,2010,10.960833333333333
Guernsey,2011,12.495750000000001
Guernsey,2012,11.644333333333334
Guernsey,2013,10.803624999999998
Guinea,1900,25.38025
Guinea,1901,25.392333333333337
Guinea,1902,25.29641666666667
Guinea,1903,25.126500000000004
Guinea,1904,24.675833333333333
Guinea,1905,25.173333333333332
Guinea,1906,25.282750000000004
Guinea,1907,24.741666666666664
Guinea,1908,24.973333333333333
Guinea,1909,24.844083333333334
Guinea,1910,25.499
Guinea,1911,24.970333333333333
Guinea,1912,25.6095
Guinea,1913,25.70875
Guinea,1914,25.488
Guinea,1915,25.598333333333333
Guinea,1916,25.33366666666667
Guinea,1917,25.192583333333335
Guinea,1918,25.127750000000002
Guinea,1919,25.372
Guinea,1920,25.381250000000005
Guinea,1921,25.375833333333333
Guinea,1922,25.306833333333334
Guinea,1923,25.41841666666667
Guinea,1924,25.234416666666664
Guinea,1925,25.372083333333336
Guinea,1926,25.707916666666666
Guinea,1927,25.38591666666667
Guinea,1928,25.297333333333338
Guinea,1929,25.400000000000002
Guinea,1930,25.458333333333332
Guinea,1931,25.654916666666665
Guinea,1932,25.29125
Guinea,1933,25.479833333333332
Guinea,1934,25.464
Guinea,1935,25.313
Guinea,1936,25.323666666666668
Guinea,1937,25.6815
Guinea,1938,25.526750000000003
Guinea,1939,25.464833333333335
Guinea,1940,25.801000000000002
Guinea,1941,25.898666666666667
Guinea,1942,25.6005
Guinea,1943,25.274583333333336
Guinea,1944,25.71666666666667
Guinea,1945,25.66208333333333
Guinea,1946,25.470333333333333
Guinea,1947,25.8055
Guinea,1948,25.40725
Guinea,1949,25.60875
Guinea,1950,25.32558333333333
Guinea,1951,25.470166666666668
Guinea,1952,25.4695
Guinea,1953,25.648583333333335
Guinea,1954,25.209166666666665
Guinea,1955,25.33758333333333
Guinea,1956,25.339583333333334
Guinea,1957,25.528833333333335
Guinea,1958,25.72583333333333
Guinea,1959,25.65833333333333
Guinea,1960,25.634666666666664
Guinea,1961,25.4315
Guinea,1962,25.44666666666667
Guinea,1963,25.774333333333335
Guinea,1964,25.497833333333332
Guinea,1965,25.373583333333332
Guinea,1966,25.6155
Guinea,1967,25.29008333333333
Guinea,1968,25.573833333333337
Guinea,1969,26.010583333333333
Guinea,1970,25.817583333333335
Guinea,1971,25.439916666666665
Guinea,1972,25.743583333333333
Guinea,1973,26.03675
Guinea,1974,25.467250000000003
Guinea,1975,25.338583333333332
Guinea,1976,25.244333333333334
Guinea,1977,25.799750000000003
Guinea,1978,25.662833333333335
Guinea,1979,25.9315
Guinea,1980,26.082250000000002
Guinea,1981,25.862
Guinea,1982,25.581666666666667
Guinea,1983,26.18858333333333
Guinea,1984,25.82541666666667
Guinea,1985,25.819083333333335
Guinea,1986,25.5275
Guinea,1987,26.306583333333336
Guinea,1988,25.932333333333332
Guinea,1989,25.735
Guinea,1990,26.011166666666668
Guinea,1991,26.050666666666668
Guinea,1992,25.78408333333333
Guinea,1993,26.027833333333334
Guinea,1994,25.755416666666665
Guinea,1995,25.946083333333334
Guinea,1996,26.10075
Guinea,1997,25.985666666666663
Guinea,1998,26.519666666666666
Guinea,1999,25.841916666666666
Guinea,2000,25.969166666666666
Guinea,2001,26.2885
Guinea,2002,26.514833333333332
Guinea,2003,26.409750000000003
Guinea,2004,26.40416666666667
Guinea,2005,26.50725
Guinea,2006,26.120583333333332
Guinea,2007,26.317333333333334
Guinea,2008,26.28775
Guinea,2009,26.325666666666667
Guinea,2010,26.597250000000003
Guinea,2011,26.343000000000004
Guinea,2012,26.063166666666664
Guinea,2013,26.68675
Guinea Bissau,1900,26.68625
Guinea Bissau,1901,26.77725
Guinea Bissau,1902,26.781166666666667
Guinea Bissau,1903,26.5295
Guinea Bissau,1904,25.991333333333333
Guinea Bissau,1905,26.390666666666664
Guinea Bissau,1906,26.529583333333335
Guinea Bissau,1907,25.838833333333337
Guinea Bissau,1908,26.205916666666667
Guinea Bissau,1909,26.244083333333332
Guinea Bissau,1910,26.791416666666667
Guinea Bissau,1911,26.367
Guinea Bissau,1912,26.66333333333333
Guinea Bissau,1913,26.964166666666667
Guinea Bissau,1914,26.596999999999998
Guinea Bissau,1915,26.85591666666667
Guinea Bissau,1916,26.5975
Guinea Bissau,1917,26.363666666666663
Guinea Bissau,1918,26.37875
Guinea Bissau,1919,26.623083333333337
Guinea Bissau,1920,26.56758333333333
Guinea Bissau,1921,26.711583333333333
Guinea Bissau,1922,26.47125
Guinea Bissau,1923,26.8545
Guinea Bissau,1924,26.546499999999998
Guinea Bissau,1925,26.707333333333334
Guinea Bissau,1926,27.145416666666666
Guinea Bissau,1927,26.735249999999997
Guinea Bissau,1928,26.593500000000002
Guinea Bissau,1929,26.540916666666664
Guinea Bissau,1930,26.511666666666667
Guinea Bissau,1931,27.088333333333335
Guinea Bissau,1932,26.74775
Guinea Bissau,1933,26.854416666666665
Guinea Bissau,1934,26.60875
Guinea Bissau,1935,26.60675
Guinea Bissau,1936,26.77916666666667
Guinea Bissau,1937,27.017083333333332
Guinea Bissau,1938,26.805000000000003
Guinea Bissau,1939,26.695583333333335
Guinea Bissau,1940,26.913916666666665
Guinea Bissau,1941,27.1065
Guinea Bissau,1942,26.808583333333335
Guinea Bissau,1943,26.563833333333335
Guinea Bissau,1944,27.025666666666666
Guinea Bissau,1945,27.1885
Guinea Bissau,1946,26.724500000000003
Guinea Bissau,1947,26.9325
Guinea Bissau,1948,26.600833333333338
Guinea Bissau,1949,26.86775
Guinea Bissau,1950,26.633583333333334
Guinea Bissau,1951,26.6905
Guinea Bissau,1952,26.704916666666666
Guinea Bissau,1953,26.882416666666668
Guinea Bissau,1954,26.573333333333334
Guinea Bissau,1955,26.80316666666667
Guinea Bissau,1956,26.568833333333334
Guinea Bissau,1957,26.674666666666667
Guinea Bissau,1958,26.97266666666667
Guinea Bissau,1959,26.75175
Guinea Bissau,1960,26.8355
Guinea Bissau,1961,26.799583333333334
Guinea Bissau,1962,26.840083333333336
Guinea Bissau,1963,27.078500000000002
Guinea Bissau,1964,26.770333333333337
Guinea Bissau,1965,26.505666666666666
Guinea Bissau,1966,26.926583333333337
Guinea Bissau,1967,26.493250000000003
Guinea Bissau,1968,26.654333333333337
Guinea Bissau,1969,27.4335
Guinea Bissau,1970,27.224999999999998
Guinea Bissau,1971,26.6865
Guinea Bissau,1972,26.98566666666667
Guinea Bissau,1973,27.194833333333335
Guinea Bissau,1974,26.5975
Guinea Bissau,1975,26.568416666666668
Guinea Bissau,1976,26.490083333333335
Guinea Bissau,1977,27.157666666666668
Guinea Bissau,1978,26.887416666666667
Guinea Bissau,1979,27.211250000000003
Guinea Bissau,1980,27.3105
Guinea Bissau,1981,27.208583333333333
Guinea Bissau,1982,26.956833333333336
Guinea Bissau,1983,27.7
Guinea Bissau,1984,27.143416666666667
Guinea Bissau,1985,27.137583333333335
Guinea Bissau,1986,27.014583333333334
Guinea Bissau,1987,27.545833333333334
Guinea Bissau,1988,27.28216666666667
Guinea Bissau,1989,27.034166666666668
Guinea Bissau,1990,27.363500000000002
Guinea Bissau,1991,27.354333333333333
Guinea Bissau,1992,27.245500000000003
Guinea Bissau,1993,27.4525
Guinea Bissau,1994,27.182666666666666
Guinea Bissau,1995,27.373333333333335
Guinea Bissau,1996,27.493
Guinea Bissau,1997,27.436000000000003
Guinea Bissau,1998,27.972333333333335
Guinea Bissau,1999,27.149916666666666
Guinea Bissau,2000,27.288833333333333
Guinea Bissau,2001,27.663583333333335
Guinea Bissau,2002,27.79516666666667
Guinea Bissau,2003,27.463583333333332
Guinea Bissau,2004,27.633333333333336
Guinea Bissau,2005,27.959000000000003
Guinea Bissau,2006,27.352166666666665
Guinea Bissau,2007,27.51825
Guinea Bissau,2008,27.58366666666667
Guinea Bissau,2009,27.31041666666667
Guinea Bissau,2010,27.91891666666667
Guinea Bissau,2011,27.491083333333336
Guinea Bissau,2012,27.4815
Guinea Bissau,2013,27.90675
Guyana,1900,25.926666666666666
Guyana,1901,26.0645
Guyana,1902,25.82133333333333
Guyana,1903,25.799333333333333
Guyana,1904,25.282
Guyana,1905,25.738
Guyana,1906,25.643583333333336
Guyana,1907,25.417833333333334
Guyana,1908,25.468500000000002
Guyana,1909,25.578083333333336
Guyana,1910,25.510333333333335
Guyana,1911,25.563166666666664
Guyana,1912,25.8195
Guyana,1913,25.47141666666667
Guyana,1914,25.8455
Guyana,1915,26.071833333333334
Guyana,1916,25.662916666666664
Guyana,1917,25.18925
Guyana,1918,25.40025
Guyana,1919,25.85766666666667
Guyana,1920,25.62608333333333
Guyana,1921,25.514583333333334
Guyana,1922,25.53216666666667
Guyana,1923,25.50425
Guyana,1924,25.663750000000004
Guyana,1925,25.671833333333336
Guyana,1926,26.187833333333334
Guyana,1927,25.838333333333335
Guyana,1928,25.944666666666667
Guyana,1929,25.675
Guyana,1930,25.8305
Guyana,1931,26.295666666666666
Guyana,1932,26.121750000000002
Guyana,1933,25.794583333333335
Guyana,1934,25.678833333333333
Guyana,1935,25.9345
Guyana,1936,25.98991666666667
Guyana,1937,26.13191666666667
Guyana,1938,25.916666666666668
Guyana,1939,25.888166666666667
Guyana,1940,26.479833333333335
Guyana,1941,26.415583333333334
Guyana,1942,26.361166666666666
Guyana,1943,25.895750000000003
Guyana,1944,26.069583333333338
Guyana,1945,25.99575
Guyana,1946,25.916666666666668
Guyana,1947,26.089916666666667
Guyana,1948,25.927916666666665
Guyana,1949,25.770333333333337
Guyana,1950,26.023750000000003
Guyana,1951,26.22575
Guyana,1952,26.412000000000003
Guyana,1953,26.347083333333334
Guyana,1954,25.96975
Guyana,1955,25.987333333333336
Guyana,1956,25.870500000000003
Guyana,1957,26.30316666666667
Guyana,1958,26.727166666666665
Guyana,1959,26.249
Guyana,1960,26.158333333333335
Guyana,1961,26.18016666666667
Guyana,1962,26.275750000000002
Guyana,1963,26.281000000000002
Guyana,1964,26.395666666666667
Guyana,1965,26.267833333333332
Guyana,1966,26.446749999999998
Guyana,1967,26.013416666666668
Guyana,1968,25.907583333333335
Guyana,1969,26.70866666666667
Guyana,1970,26.261166666666668
Guyana,1971,25.628666666666664
Guyana,1972,26.092166666666667
Guyana,1973,26.137833333333333
Guyana,1974,25.84091666666667
Guyana,1975,25.876166666666666
Guyana,1976,26.00408333333333
Guyana,1977,26.293499999999998
Guyana,1978,26.306166666666666
Guyana,1979,26.4025
Guyana,1980,26.45575
Guyana,1981,26.2045
Guyana,1982,26.353083333333334
Guyana,1983,26.653750000000002
Guyana,1984,25.887249999999998
Guyana,1985,25.973666666666663
Guyana,1986,26.291833333333333
Guyana,1987,26.912833333333335
Guyana,1988,26.40925
Guyana,1989,26.11366666666667
Guyana,1990,26.565750000000005
Guyana,1991,26.44175
Guyana,1992,26.503583333333335
Guyana,1993,26.31041666666667
Guyana,1994,26.43025
Guyana,1995,26.888
Guyana,1996,26.487583333333333
Guyana,1997,26.736166666666666
Guyana,1998,27.138499999999997
Guyana,1999,26.423750000000002
Guyana,2000,26.393583333333336
Guyana,2001,26.576999999999998
Guyana,2002,26.608083333333337
Guyana,2003,27.003666666666664
Guyana,2004,26.8715
Guyana,2005,27.06833333333333
Guyana,2006,26.821083333333334
Guyana,2007,26.70875
Guyana,2008,26.619
Guyana,2009,27.101583333333334
Guyana,2010,27.116083333333336
Guyana,2011,26.68341666666667
Guyana,2012,26.80016666666667
Guyana,2013,26.6875
Haiti,1900,26.52116666666667
Haiti,1901,26.187166666666666
Haiti,1902,26.065583333333336
Haiti,1903,26.253083333333333
Haiti,1904,25.829333333333334
Haiti,1905,26.280583333333336
Haiti,1906,26.050416666666667
Haiti,1907,26.019750000000002
Haiti,1908,26.101583333333334
Haiti,1909,25.845250000000004
Haiti,1910,25.659499999999998
Haiti,1911,26.083333333333332
Haiti,1912,26.27625
Haiti,1913,25.818416666666668
Haiti,1914,26.227166666666665
Haiti,1915,26.46775
Haiti,1916,25.771916666666666
Haiti,1917,25.529
Haiti,1918,25.79075
Haiti,1919,26.35475
Haiti,1920,26.282666666666668
Haiti,1921,26.013416666666668
Haiti,1922,25.988166666666668
Haiti,1923,26.157583333333335
Haiti,1924,26.422750000000004
Haiti,1925,26.174833333333336
Haiti,1926,26.652916666666666
Haiti,1927,26.36883333333333
Haiti,1928,26.38525
Haiti,1929,26.244250000000005
Haiti,1930,26.384083333333336
Haiti,1931,26.456500000000002
Haiti,1932,26.36725
Haiti,1933,26.238500000000002
Haiti,1934,26.104083333333335
Haiti,1935,26.07675
Haiti,1936,26.491666666666664
Haiti,1937,26.495666666666665
Haiti,1938,26.261750000000003
Haiti,1939,26.285333333333337
Haiti,1940,26.715833333333336
Haiti,1941,26.87375
Haiti,1942,26.730166666666666
Haiti,1943,26.342833333333335
Haiti,1944,26.2835
Haiti,1945,26.152
Haiti,1946,26.351916666666668
Haiti,1947,26.654
Haiti,1948,26.859083333333334
Haiti,1949,26.341833333333337
Haiti,1950,25.9605
Haiti,1951,26.196
Haiti,1952,26.539916666666667
Haiti,1953,26.7205
Haiti,1954,26.380666666666666
Haiti,1955,26.009583333333335
Haiti,1956,26.168916666666664
Haiti,1957,26.56375
Haiti,1958,26.685000000000002
Haiti,1959,26.840666666666667
Haiti,1960,26.781583333333334
Haiti,1961,26.530083333333334
Haiti,1962,26.471333333333334
Haiti,1963,26.513583333333333
Haiti,1964,26.5485
Haiti,1965,26.335250000000002
Haiti,1966,26.51325
Haiti,1967,26.5675
Haiti,1968,26.5325
Haiti,1969,26.791750000000004
Haiti,1970,26.448333333333334
Haiti,1971,26.21366666666667
Haiti,1972,26.443
Haiti,1973,26.58125
Haiti,1974,26.19816666666667
Haiti,1975,26.405
Haiti,1976,26.32225
Haiti,1977,26.758666666666667
Haiti,1978,26.707333333333334
Haiti,1979,26.5265
Haiti,1980,27.030833333333334
Haiti,1981,26.75583333333333
Haiti,1982,26.762666666666664
Haiti,1983,27.052083333333332
Haiti,1984,26.51216666666667
Haiti,1985,26.51875
Haiti,1986,26.663416666666667
Haiti,1987,26.952416666666668
Haiti,1988,26.885416666666668
Haiti,1989,26.656666666666666
Haiti,1990,26.942916666666665
Haiti,1991,26.854
Haiti,1992,26.671833333333336
Haiti,1993,26.619583333333335
Haiti,1994,27.105249999999998
Haiti,1995,27.104249999999997
Haiti,1996,26.65608333333333
Haiti,1997,27.545833333333334
Haiti,1998,27.395416666666666
Haiti,1999,26.850166666666667
Haiti,2000,26.598583333333334
Haiti,2001,27.01375
Haiti,2002,27.249666666666666
Haiti,2003,27.334333333333333
Haiti,2004,27.177666666666667
Haiti,2005,27.180583333333335
Haiti,2006,27.222250000000003
Haiti,2007,27.28825
Haiti,2008,26.92716666666667
Haiti,2009,27.145166666666668
Haiti,2010,27.002333333333336
Haiti,2011,26.943583333333333
Haiti,2012,27.045083333333334
Haiti,2013,27.031555555555556
Heard Island And Mcdonald Islands,1948,1.0299
Heard Island And Mcdonald Islands,1949,1.3102
Heard Island And Mcdonald Islands,1950,1.5833636363636365
Heard Island And Mcdonald Islands,1951,3.0080833333333334
Heard Island And Mcdonald Islands,1952,2.4945
Heard Island And Mcdonald Islands,1953,2.2360833333333336
Heard Island And Mcdonald Islands,1954,2.4960833333333334
Heard Island And Mcdonald Islands,1955,2.65075
Heard Island And Mcdonald Islands,1956,2.529666666666667
Heard Island And Mcdonald Islands,1957,2.162
Heard Island And Mcdonald Islands,1958,2.4205
Heard Island And Mcdonald Islands,1959,2.2039166666666667
Heard Island And Mcdonald Islands,1960,2.7587500000000005
Heard Island And Mcdonald Islands,1961,2.551083333333333
Heard Island And Mcdonald Islands,1962,2.0661666666666667
Heard Island And Mcdonald Islands,1963,1.9605833333333333
Heard Island And Mcdonald Islands,1964,1.8358333333333334
Heard Island And Mcdonald Islands,1965,2.0481666666666665
Heard Island And Mcdonald Islands,1966,2.3725
Heard Island And Mcdonald Islands,1967,2.0420833333333333
Heard Island And Mcdonald Islands,1968,2.781166666666666
Heard Island And Mcdonald Islands,1969,2.226
Heard Island And Mcdonald Islands,1970,2.470833333333333
Heard Island And Mcdonald Islands,1971,2.6136666666666666
Heard Island And Mcdonald Islands,1972,2.3135
Heard Island And Mcdonald Islands,1973,2.661
Heard Island And Mcdonald Islands,1974,2.60275
Heard Island And Mcdonald Islands,1975,2.6739166666666665
Heard Island And Mcdonald Islands,1976,2.3214166666666665
Heard Island And Mcdonald Islands,1977,2.468666666666667
Heard Island And Mcdonald Islands,1978,2.68675
Heard Island And Mcdonald Islands,1979,2.460416666666667
Heard Island And Mcdonald Islands,1980,2.7835
Heard Island And Mcdonald Islands,1981,2.6320833333333336
Heard Island And Mcdonald Islands,1982,2.4455
Heard Island And Mcdonald Islands,1983,2.3915
Heard Island And Mcdonald Islands,1984,2.4281666666666664
Heard Island And Mcdonald Islands,1985,2.326
Heard Island And Mcdonald Islands,1986,2.5803333333333334
Heard Island And Mcdonald Islands,1987,2.7329166666666667
Heard Island And Mcdonald Islands,1988,2.519
Heard Island And Mcdonald Islands,1989,2.9166666666666665
Heard Island And Mcdonald Islands,1990,2.7554166666666666
Heard Island And Mcdonald Islands,1991,3.2314166666666666
Heard Island And Mcdonald Islands,1992,2.5665833333333334
Heard Island And Mcdonald Islands,1993,2.5933333333333333
Heard Island And Mcdonald Islands,1994,2.622166666666667
Heard Island And Mcdonald Islands,1995,2.8247500000000003
Heard Island And Mcdonald Islands,1996,2.766166666666667
Heard Island And Mcdonald Islands,1997,2.9775833333333335
Heard Island And Mcdonald Islands,1998,3.006083333333333
Heard Island And Mcdonald Islands,1999,2.655583333333333
Heard Island And Mcdonald Islands,2000,2.885
Heard Island And Mcdonald Islands,2001,2.8485
Heard Island And Mcdonald Islands,2002,2.8509166666666665
Heard Island And Mcdonald Islands,2003,3.250833333333334
Heard Island And Mcdonald Islands,2004,3.017916666666667
Heard Island And Mcdonald Islands,2005,2.9121666666666663
Heard Island And Mcdonald Islands,2006,2.8084166666666666
Heard Island And Mcdonald Islands,2007,2.6049166666666665
Heard Island And Mcdonald Islands,2008,3.08025
Heard Island And Mcdonald Islands,2009,2.6015833333333336
Heard Island And Mcdonald Islands,2010,3.110583333333333
Heard Island And Mcdonald Islands,2011,2.7475833333333335
Heard Island And Mcdonald Islands,2012,3.0570833333333334
Heard Island And Mcdonald Islands,2013,3.19375
Honduras,1900,24.383583333333334
Honduras,1901,23.805583333333335
Honduras,1902,24.43433333333333
Honduras,1903,24.363583333333334
Honduras,1904,23.984166666666667
Honduras,1905,24.203999999999997
Honduras,1906,24.366
Honduras,1907,24.401083333333332
Honduras,1908,24.311916666666665
Honduras,1909,24.536083333333334
Honduras,1910,23.774833333333333
Honduras,1911,24.725083333333334
Honduras,1912,24.771416666666667
Honduras,1913,24.310583333333337
Honduras,1914,24.563333333333336
Honduras,1915,24.937250000000002
Honduras,1916,24.372333333333334
Honduras,1917,24.071833333333334
Honduras,1918,24.548416666666668
Honduras,1919,24.84266666666667
Honduras,1920,24.617
Honduras,1921,24.785916666666665
Honduras,1922,24.826916666666666
Honduras,1923,24.738583333333334
Honduras,1924,24.821583333333333
Honduras,1925,24.687916666666666
Honduras,1926,24.94275
Honduras,1927,24.726583333333334
Honduras,1928,24.6835
Honduras,1929,24.67975
Honduras,1930,25.034499999999998
Honduras,1931,24.92925
Honduras,1932,24.915916666666664
Honduras,1933,24.931583333333336
Honduras,1934,24.974666666666668
Honduras,1935,24.6825
Honduras,1936,24.789666666666665
Honduras,1937,24.736333333333334
Honduras,1938,24.39675
Honduras,1939,24.69966666666667
Honduras,1940,24.718166666666665
Honduras,1941,25.252166666666668
Honduras,1942,24.902749999999997
Honduras,1943,24.782
Honduras,1944,24.712416666666666
Honduras,1945,24.747333333333334
Honduras,1946,25.274
Honduras,1947,25.463166666666666
Honduras,1948,25.145833333333332
Honduras,1949,24.6725
Honduras,1950,24.371166666666667
Honduras,1951,24.979833333333335
Honduras,1952,24.935000000000002
Honduras,1953,25.276416666666666
Honduras,1954,24.795083333333334
Honduras,1955,24.858666666666668
Honduras,1956,24.512416666666667
Honduras,1957,25.057166666666664
Honduras,1958,25.37608333333333
Honduras,1959,25.142416666666666
Honduras,1960,24.902
Honduras,1961,24.972083333333334
Honduras,1962,24.708
Honduras,1963,24.794916666666666
Honduras,1964,24.98275
Honduras,1965,25.04075
Honduras,1966,24.79008333333333
Honduras,1967,24.762666666666664
Honduras,1968,24.5855
Honduras,1969,25.186916666666665
Honduras,1970,24.788416666666667
Honduras,1971,24.752
Honduras,1972,25.198666666666668
Honduras,1973,25.11175
Honduras,1974,24.646
Honduras,1975,24.870666666666665
Honduras,1976,24.67425
Honduras,1977,25.1945
Honduras,1978,25.126666666666665
Honduras,1979,25.18466666666667
Honduras,1980,25.16875
Honduras,1981,24.896333333333335
Honduras,1982,25.177083333333332
Honduras,1983,25.624666666666666
Honduras,1984,24.881500000000003
Honduras,1985,25.022166666666667
Honduras,1986,24.9495
Honduras,1987,25.314000000000004
Honduras,1988,25.27116666666667
Honduras,1989,24.91633333333333
Honduras,1990,25.209500000000002
Honduras,1991,25.337500000000002
Honduras,1992,25.461583333333333
Honduras,1993,25.292
Honduras,1994,25.675833333333333
Honduras,1995,25.832166666666666
Honduras,1996,25.179333333333332
Honduras,1997,25.83966666666667
Honduras,1998,26.09925
Honduras,1999,25.218833333333336
Honduras,2000,25.153666666666666
Honduras,2001,25.154750000000003
Honduras,2002,25.432583333333337
Honduras,2003,25.54875
Honduras,2004,25.463916666666666
Honduras,2005,25.626416666666668
Honduras,2006,25.589916666666667
Honduras,2007,25.383416666666665
Honduras,2008,25.107833333333332
Honduras,2009,25.518583333333336
Honduras,2010,25.24566666666667
Honduras,2011,25.47425
Honduras,2012,25.260583333333333
Honduras,2013,25.732333333333333
Hong Kong,1900,22.285083333333333
Hong Kong,1901,22.36991666666667
Hong Kong,1902,23.016583333333333
Hong Kong,1903,22.212333333333333
Hong Kong,1904,22.222166666666666
Hong Kong,1905,22.224500000000003
Hong Kong,1906,22.452416666666668
Hong Kong,1907,22.466416666666664
Hong Kong,1908,22.35775
Hong Kong,1909,22.742
Hong Kong,1910,22.427333333333333
Hong Kong,1911,22.460166666666666
Hong Kong,1912,22.431749999999997
Hong Kong,1913,22.345416666666665
Hong Kong,1914,23.081833333333336
Hong Kong,1915,23.036833333333334
Hong Kong,1916,22.3265
Hong Kong,1917,21.914083333333334
Hong Kong,1918,22.141499999999997
Hong Kong,1919,22.654583333333335
Hong Kong,1920,22.498500000000003
Hong Kong,1921,22.640083333333333
Hong Kong,1922,22.7295
Hong Kong,1923,22.809250000000002
Hong Kong,1924,22.662499999999998
Hong Kong,1925,22.25408333333333
Hong Kong,1926,22.5005
Hong Kong,1927,22.387249999999998
Hong Kong,1928,23.004333333333335
Hong Kong,1929,22.895333333333337
Hong Kong,1930,22.612166666666667
Hong Kong,1931,22.635333333333335
Hong Kong,1932,22.397499999999997
Hong Kong,1933,22.674833333333336
Hong Kong,1934,22.08475
Hong Kong,1935,22.8105
Hong Kong,1936,22.36825
Hong Kong,1937,23.089916666666667
Hong Kong,1938,22.91633333333333
Hong Kong,1939,22.68375
Hong Kong,1940,23.122833333333332
Hong Kong,1941,23.26375
Hong Kong,1942,23.089416666666665
Hong Kong,1943,23.122500000000002
Hong Kong,1944,22.955333333333332
Hong Kong,1945,22.549583333333334
Hong Kong,1946,23.584666666666667
Hong Kong,1947,22.57133333333333
Hong Kong,1948,23.107
Hong Kong,1949,23.273083333333332
Hong Kong,1950,23.04941666666667
Hong Kong,1951,22.716416666666664
Hong Kong,1952,23.3475
Hong Kong,1953,23.150833333333335
Hong Kong,1954,23.076833333333337
Hong Kong,1955,22.894666666666666
Hong Kong,1956,22.8025
Hong Kong,1957,22.70375
Hong Kong,1958,23.02508333333333
Hong Kong,1959,23.214
Hong Kong,1960,23.20341666666667
Hong Kong,1961,23.023833333333332
Hong Kong,1962,22.77916666666667
Hong Kong,1963,23.135
Hong Kong,1964,22.901
Hong Kong,1965,23.023750000000003
Hong Kong,1966,23.550083333333333
Hong Kong,1967,22.653000000000002
Hong Kong,1968,22.820083333333333
Hong Kong,1969,22.609416666666664
Hong Kong,1970,22.71291666666667
Hong Kong,1971,22.654583333333335
Hong Kong,1972,22.87216666666667
Hong Kong,1973,23.361
Hong Kong,1974,22.77125
Hong Kong,1975,22.957250000000002
Hong Kong,1976,22.52191666666667
Hong Kong,1977,23.31641666666667
Hong Kong,1978,22.936916666666665
Hong Kong,1979,23.073416666666663
Hong Kong,1980,23.141499999999997
Hong Kong,1981,23.162750000000003
Hong Kong,1982,22.970166666666668
Hong Kong,1983,22.857083333333335
Hong Kong,1984,22.443916666666667
Hong Kong,1985,22.705166666666667
Hong Kong,1986,22.912000000000003
Hong Kong,1987,23.58458333333333
Hong Kong,1988,22.842916666666667
Hong Kong,1989,23.07625
Hong Kong,1990,23.260583333333333
Hong Kong,1991,23.33475
Hong Kong,1992,22.63225
Hong Kong,1993,22.82825
Hong Kong,1994,23.23875
Hong Kong,1995,22.548916666666667
Hong Kong,1996,22.866833333333332
Hong Kong,1997,23.00175
Hong Kong,1998,23.73783333333333
Hong Kong,1999,23.3985
Hong Kong,2000,23.2015
Hong Kong,2001,23.36791666666667
Hong Kong,2002,23.598583333333334
Hong Kong,2003,23.417
Hong Kong,2004,23.247416666666666
Hong Kong,2005,23.056916666666666
Hong Kong,2006,23.536
Hong Kong,2007,23.57166666666667
Hong Kong,2008,22.901583333333335
Hong Kong,2009,23.351166666666668
Hong Kong,2010,23.143833333333333
Hong Kong,2011,22.76816666666667
Hong Kong,2012,23.217
Hong Kong,2013,23.690375
Hungary,1900,10.30625
Hungary,1901,9.386583333333334
Hungary,1902,8.82375
Hungary,1903,9.950666666666667
Hungary,1904,9.82175
Hungary,1905,9.573333333333332
Hungary,1906,9.655833333333334
Hungary,1907,9.259083333333335
Hungary,1908,8.905333333333333
Hungary,1909,9.317
Hungary,1910,10.195416666666667
Hungary,1911,10.122916666666667
Hungary,1912,8.884333333333332
Hungary,1913,9.409416666666667
Hungary,1914,9.009583333333333
Hungary,1915,9.520999999999999
Hungary,1916,10.476083333333333
Hungary,1917,9.397083333333333
Hungary,1918,10.004666666666667
Hungary,1919,9.168166666666666
Hungary,1920,9.965333333333334
Hungary,1921,10.077666666666667
Hungary,1922,8.930083333333334
Hungary,1923,10.28225
Hungary,1924,9.040750000000001
Hungary,1925,9.854000000000001
Hungary,1926,10.4885
Hungary,1927,10.219416666666667
Hungary,1928,9.854166666666666
Hungary,1929,8.810666666666668
Hungary,1930,10.524166666666668
Hungary,1931,9.376333333333333
Hungary,1932,9.454500000000001
Hungary,1933,8.631916666666667
Hungary,1934,11.050916666666666
Hungary,1935,9.800416666666667
Hungary,1936,10.37775
Hungary,1937,10.418833333333334
Hungary,1938,9.98875
Hungary,1939,10.26925
Hungary,1940,7.7878333333333325
Hungary,1941,8.700416666666667
Hungary,1942,8.912166666666666
Hungary,1943,10.239416666666667
Hungary,1944,9.713083333333334
Hungary,1945,10.116083333333334
Hungary,1946,10.483500000000001
Hungary,1947,10.126166666666666
Hungary,1948,10.140666666666666
Hungary,1949,10.288833333333335
Hungary,1950,10.680166666666667
Hungary,1951,10.997166666666667
Hungary,1952,10.117416666666667
Hungary,1953,10.081583333333333
Hungary,1954,9.110416666666667
Hungary,1955,9.56225
Hungary,1956,8.701916666666667
Hungary,1957,10.217083333333333
Hungary,1958,10.266250000000001
Hungary,1959,10.131416666666667
Hungary,1960,10.240916666666667
Hungary,1961,10.625166666666667
Hungary,1962,9.327250000000001
Hungary,1963,9.36825
Hungary,1964,9.310500000000001
Hungary,1965,9.089333333333334
Hungary,1966,10.550749999999999
Hungary,1967,10.322416666666667
Hungary,1968,10.220583333333334
Hungary,1969,9.548833333333333
Hungary,1970,9.646916666666668
Hungary,1971,9.991833333333334
Hungary,1972,10.18975
Hungary,1973,9.753666666666666
Hungary,1974,10.388916666666667
Hungary,1975,10.522416666666667
Hungary,1976,9.574083333333332
Hungary,1977,10.298166666666667
Hungary,1978,9.176499999999999
Hungary,1979,10.27125
Hungary,1980,8.896916666666668
Hungary,1981,10.058666666666667
Hungary,1982,10.186583333333333
Hungary,1983,10.6155
Hungary,1984,9.837166666666667
Hungary,1985,9.092333333333334
Hungary,1986,9.776666666666667
Hungary,1987,9.53775
Hungary,1988,10.224
Hungary,1989,10.633750000000001
Hungary,1990,10.920333333333334
Hungary,1991,9.680166666666667
Hungary,1992,10.996333333333334
Hungary,1993,10.120916666666668
Hungary,1994,11.545416666666668
Hungary,1995,10.30275
Hungary,1996,9.357
Hungary,1997,9.871916666666666
Hungary,1998,10.361833333333333
Hungary,1999,10.655
Hungary,2000,11.700333333333333
Hungary,2001,10.52375
Hungary,2002,11.432083333333333
Hungary,2003,10.597916666666666
Hungary,2004,10.3115
Hungary,2005,9.942583333333333
Hungary,2006,10.629083333333334
Hungary,2007,11.707250000000002
Hungary,2008,11.531083333333335
Hungary,2009,11.381083333333335
Hungary,2010,10.347833333333334
Hungary,2011,10.877
Hungary,2012,11.293666666666667
Hungary,2013,12.3015
Iceland,1900,1.3640833333333333
Iceland,1901,1.7332500000000002
Iceland,1902,0.7196666666666666
Iceland,1903,0.6740833333333334
Iceland,1904,1.4333333333333336
Iceland,1905,1.3966666666666667
Iceland,1906,0.8055000000000002
Iceland,1907,0.6509166666666665
Iceland,1908,2.0140833333333332
Iceland,1909,1.4232500000000001
Iceland,1910,0.9402499999999998
Iceland,1911,1.633333333333333
Iceland,1912,1.6314166666666667
Iceland,1913,1.7054166666666666
Iceland,1914,0.9295833333333338
Iceland,1915,1.3195833333333333
Iceland,1916,1.405833333333333
Iceland,1917,0.5820833333333332
Iceland,1918,0.712166666666667
Iceland,1919,0.6151666666666666
Iceland,1920,1.3275000000000003
Iceland,1921,0.93975
Iceland,1922,1.4294999999999998
Iceland,1923,1.3251666666666666
Iceland,1924,1.42
Iceland,1925,1.5489166666666667
Iceland,1926,2.1206666666666667
Iceland,1927,1.92075
Iceland,1928,2.5070833333333327
Iceland,1929,2.4924166666666667
Iceland,1930,1.8782499999999998
Iceland,1931,1.7771666666666668
Iceland,1932,2.5206666666666666
Iceland,1933,3.1395
Iceland,1934,2.501
Iceland,1935,2.0348333333333333
Iceland,1936,1.9336666666666666
Iceland,1937,2.1272499999999996
Iceland,1938,2.358833333333333
Iceland,1939,2.9970833333333338
Iceland,1940,2.0292499999999998
Iceland,1941,2.8835
Iceland,1942,2.1903333333333332
Iceland,1943,1.4136666666666666
Iceland,1944,1.5847500000000005
Iceland,1945,2.7228333333333334
Iceland,1946,2.766583333333333
Iceland,1947,1.9719166666666668
Iceland,1948,1.9395
Iceland,1949,1.248333333333333
Iceland,1950,1.8535000000000004
Iceland,1951,1.1846666666666668
Iceland,1952,1.4396666666666667
Iceland,1953,2.4113333333333333
Iceland,1954,1.7818333333333334
Iceland,1955,1.4442500000000003
Iceland,1956,2.187583333333333
Iceland,1957,1.88025
Iceland,1958,1.7425
Iceland,1959,2.1508333333333334
Iceland,1960,2.571333333333333
Iceland,1961,2.003833333333333
Iceland,1962,1.5171666666666663
Iceland,1963,1.5729166666666667
Iceland,1964,2.449666666666667
Iceland,1965,1.4381666666666668
Iceland,1966,1.0913333333333333
Iceland,1967,1.0142499999999999
Iceland,1968,0.8940000000000001
Iceland,1969,0.646833333333333
Iceland,1970,1.0832499999999998
Iceland,1971,1.3544166666666666
Iceland,1972,2.5978333333333334
Iceland,1973,1.1006666666666665
Iceland,1974,2.3700833333333335
Iceland,1975,1.3686666666666667
Iceland,1976,2.1191666666666666
Iceland,1977,1.5915833333333333
Iceland,1978,1.7345833333333331
Iceland,1979,0.2740833333333336
Iceland,1980,1.8332500000000003
Iceland,1981,0.6415000000000001
Iceland,1982,1.34425
Iceland,1983,0.8177499999999999
Iceland,1984,2.05925
Iceland,1985,1.4100833333333334
Iceland,1986,1.545
Iceland,1987,2.547
Iceland,1988,1.2264166666666665
Iceland,1989,1.3808333333333334
Iceland,1990,1.7747500000000003
Iceland,1991,2.540083333333333
Iceland,1992,1.7690833333333333
Iceland,1993,1.70325
Iceland,1994,1.5843333333333334
Iceland,1995,1.06825
Iceland,1996,2.3195
Iceland,1997,2.223666666666667
Iceland,1998,1.6077500000000002
Iceland,1999,1.84225
Iceland,2000,2.1032499999999996
Iceland,2001,2.3649166666666663
Iceland,2002,2.665833333333333
Iceland,2003,3.3408333333333338
Iceland,2004,2.9484166666666667
Iceland,2005,2.2003333333333335
Iceland,2006,2.6824999999999997
Iceland,2007,2.5614166666666667
Iceland,2008,2.3129166666666667
Iceland,2009,2.464
Iceland,2010,2.6764166666666664
Iceland,2011,2.315416666666667
Iceland,2012,2.463416666666667
Iceland,2013,2.9202500000000002
India,1900,24.367833333333333
India,1901,24.08425
India,1902,24.31866666666667
India,1903,23.767416666666666
India,1904,23.7585
India,1905,23.515
India,1906,23.88808333333333
India,1907,23.677083333333332
India,1908,23.74191666666667
India,1909,23.661
India,1910,23.544166666666666
India,1911,23.869333333333334
India,1912,24.007083333333338
India,1913,23.700833333333335
India,1914,23.8255
India,1915,24.29008333333333
India,1916,23.8255
India,1917,23.081083333333336
India,1918,23.77175
India,1919,23.825166666666664
India,1920,23.955416666666668
India,1921,24.249250000000004
India,1922,23.904416666666666
India,1923,23.90925
India,1924,24.046000000000003
India,1925,23.662583333333334
India,1926,23.847333333333335
India,1927,23.773750000000003
India,1928,24.139
India,1929,23.97141666666667
India,1930,23.837
India,1931,24.249333333333336
India,1932,24.07858333333333
India,1933,23.560333333333332
India,1934,23.767416666666666
India,1935,23.761833333333332
India,1936,23.834833333333336
India,1937,23.707916666666666
India,1938,23.891916666666663
India,1939,23.99325
India,1940,23.90225
India,1941,24.67425
India,1942,24.2105
India,1943,23.90516666666667
India,1944,23.847916666666666
India,1945,23.671583333333334
India,1946,24.134416666666667
India,1947,24.2795
India,1948,24.19
India,1949,24.047250000000002
India,1950,23.659333333333336
India,1951,24.22066666666667
India,1952,24.3655
India,1953,24.561583333333335
India,1954,24.167166666666663
India,1955,23.952166666666667
India,1956,23.899666666666665
India,1957,24.026416666666666
India,1958,24.676333333333332
India,1959,24.266833333333334
India,1960,24.287166666666668
India,1961,23.815250000000002
India,1962,23.88475
India,1963,24.09575
India,1964,24.0705
India,1965,24.09091666666667
India,1966,24.438583333333337
India,1967,23.992083333333337
India,1968,23.86475
India,1969,24.501166666666666
India,1970,24.074083333333334
India,1971,23.634
India,1972,24.272166666666667
India,1973,24.386583333333334
India,1974,24.175749999999997
India,1975,23.862166666666667
India,1976,24.199583333333333
India,1977,24.28891666666667
India,1978,24.007333333333335
India,1979,24.553583333333336
India,1980,24.593083333333336
India,1981,24.228416666666664
India,1982,24.21825
India,1983,23.938000000000002
India,1984,24.185083333333335
India,1985,24.486333333333334
India,1986,24.2945
India,1987,24.789083333333334
India,1988,24.72775
India,1989,24.162333333333333
India,1990,24.17816666666667
India,1991,24.311750000000004
India,1992,24.222916666666666
India,1993,24.408666666666665
India,1994,24.29641666666667
India,1995,24.42975
India,1996,24.436916666666665
India,1997,24.04733333333333
India,1998,24.755416666666665
India,1999,24.659833333333335
India,2000,24.498
India,2001,24.581916666666668
India,2002,24.913
India,2003,24.649916666666666
India,2004,24.634583333333335
India,2005,24.495416666666667
India,2006,24.732083333333335
India,2007,24.649916666666666
India,2008,24.406000000000002
India,2009,25.146666666666665
India,2010,25.050833333333333
India,2011,24.415583333333334
India,2012,24.640833333333333
India,2013,25.413249999999998
Indonesia,1900,25.734583333333333
Indonesia,1901,25.392416666666666
Indonesia,1902,25.205416666666668
Indonesia,1903,25.423000000000002
Indonesia,1904,25.029333333333337
Indonesia,1905,25.682333333333332
Indonesia,1906,25.654
Indonesia,1907,25.247583333333335
Indonesia,1908,25.34875
Indonesia,1909,25.438583333333337
Indonesia,1910,25.40575
Indonesia,1911,25.35966666666667
Indonesia,1912,25.499
Indonesia,1913,25.24325
Indonesia,1914,25.453083333333336
Indonesia,1915,25.723250000000004
Indonesia,1916,25.37
Indonesia,1917,25.267416666666666
Indonesia,1918,25.070333333333334
Indonesia,1919,25.436666666666667
Indonesia,1920,25.521833333333333
Indonesia,1921,25.386666666666667
Indonesia,1922,25.349999999999998
Indonesia,1923,25.311833333333336
Indonesia,1924,25.528666666666666
Indonesia,1925,25.346416666666666
Indonesia,1926,25.793916666666664
Indonesia,1927,25.632666666666665
Indonesia,1928,25.702250000000003
Indonesia,1929,25.48166666666667
Indonesia,1930,25.66508333333333
Indonesia,1931,25.936666666666667
Indonesia,1932,25.680583333333335
Indonesia,1933,25.636666666666667
Indonesia,1934,25.566833333333335
Indonesia,1935,25.627916666666668
Indonesia,1936,25.725083333333334
Indonesia,1937,25.784583333333334
Indonesia,1938,25.687
Indonesia,1939,25.618
Indonesia,1940,25.65625
Indonesia,1941,26.021333333333335
Indonesia,1942,26.169916666666666
Indonesia,1943,25.5665
Indonesia,1944,25.680666666666667
Indonesia,1945,25.705416666666668
Indonesia,1946,25.913750000000004
Indonesia,1947,26.12325
Indonesia,1948,25.90941666666667
Indonesia,1949,25.757583333333333
Indonesia,1950,25.65425
Indonesia,1951,26.08125
Indonesia,1952,26.078333333333337
Indonesia,1953,26.02891666666667
Indonesia,1954,25.816000000000003
Indonesia,1955,25.660666666666668
Indonesia,1956,25.672250000000002
Indonesia,1957,25.952333333333332
Indonesia,1958,26.16925
Indonesia,1959,25.991
Indonesia,1960,26.02916666666667
Indonesia,1961,25.771666666666665
Indonesia,1962,25.789416666666668
Indonesia,1963,25.838583333333332
Indonesia,1964,25.8355
Indonesia,1965,25.70175
Indonesia,1966,25.943916666666667
Indonesia,1967,25.835083333333333
Indonesia,1968,25.951083333333333
Indonesia,1969,26.113083333333336
Indonesia,1970,26.060166666666664
Indonesia,1971,25.79291666666667
Indonesia,1972,26.061916666666665
Indonesia,1973,26.221833333333336
Indonesia,1974,25.89708333333333
Indonesia,1975,25.898500000000002
Indonesia,1976,25.780833333333334
Indonesia,1977,25.9025
Indonesia,1978,25.985083333333336
Indonesia,1979,26.060000000000002
Indonesia,1980,26.03025
Indonesia,1981,26.030916666666666
Indonesia,1982,25.94175
Indonesia,1983,26.238333333333333
Indonesia,1984,25.77325
Indonesia,1985,25.994083333333336
Indonesia,1986,26.05716666666667
Indonesia,1987,26.368333333333336
Indonesia,1988,26.250666666666664
Indonesia,1989,26.054000000000002
Indonesia,1990,26.23783333333333
Indonesia,1991,26.075166666666664
Indonesia,1992,26.17016666666667
Indonesia,1993,26.138833333333334
Indonesia,1994,26.08425
Indonesia,1995,26.22966666666667
Indonesia,1996,26.215
Indonesia,1997,26.371916666666667
Indonesia,1998,26.75475
Indonesia,1999,26.1335
Indonesia,2000,26.190250000000002
Indonesia,2001,26.32975
Indonesia,2002,26.529
Indonesia,2003,26.4455
Indonesia,2004,26.434833333333334
Indonesia,2005,26.45375
Indonesia,2006,26.38175
Indonesia,2007,26.293083333333332
Indonesia,2008,26.065250000000002
Indonesia,2009,26.455000000000002
Indonesia,2010,26.537000000000003
Indonesia,2011,26.202250000000003
Indonesia,2012,26.322083333333335
Indonesia,2013,26.467
Iran,1900,17.121666666666666
Iran,1901,17.893583333333336
Iran,1902,17.993333333333332
Iran,1903,16.85925
Iran,1904,17.2895
Iran,1905,17.09
Iran,1906,17.22625
Iran,1907,16.83725
Iran,1908,17.364
Iran,1909,17.760416666666668
Iran,1910,17.008
Iran,1911,16.20358333333333
Iran,1912,17.540166666666668
Iran,1913,17.332916666666666
Iran,1914,17.749583333333334
Iran,1915,18.186083333333332
Iran,1916,16.990333333333332
Iran,1917,17.69183333333333
Iran,1918,16.99425
Iran,1919,17.735166666666668
Iran,1920,16.474666666666668
Iran,1921,17.261416666666666
Iran,1922,17.992583333333332
Iran,1923,17.156
Iran,1924,17.702583333333333
Iran,1925,17.61475
Iran,1926,17.597416666666668
Iran,1927,17.584166666666665
Iran,1928,17.18875
Iran,1929,17.17866666666667
Iran,1930,17.18225
Iran,1931,17.136083333333335
Iran,1932,17.073916666666666
Iran,1933,17.220833333333335
Iran,1934,16.91275
Iran,1935,17.59225
Iran,1936,17.517583333333334
Iran,1937,17.501333333333335
Iran,1938,17.711916666666667
Iran,1939,17.64766666666667
Iran,1940,18.205916666666667
Iran,1941,18.41241666666667
Iran,1942,18.025666666666666
Iran,1943,17.262333333333334
Iran,1944,17.963916666666666
Iran,1945,17.29158333333333
Iran,1946,17.604666666666667
Iran,1947,18.31175
Iran,1948,17.552666666666667
Iran,1949,16.7755
Iran,1950,16.908833333333334
Iran,1951,17.576166666666666
Iran,1952,17.55225
Iran,1953,17.729833333333335
Iran,1954,17.665583333333334
Iran,1955,18.2235
Iran,1956,17.567583333333335
Iran,1957,16.864166666666666
Iran,1958,18.20525
Iran,1959,17.493083333333335
Iran,1960,17.89375
Iran,1961,17.739333333333335
Iran,1962,17.798
Iran,1963,18.258916666666668
Iran,1964,16.906333333333333
Iran,1965,17.752583333333334
Iran,1966,18.403166666666667
Iran,1967,17.280083333333334
Iran,1968,17.54825
Iran,1969,17.522916666666667
Iran,1970,18.452
Iran,1971,17.901416666666666
Iran,1972,16.423833333333334
Iran,1973,17.786583333333336
Iran,1974,16.989250000000002
Iran,1975,17.44183333333333
Iran,1976,17.35291666666667
Iran,1977,18.28291666666667
Iran,1978,18.15125
Iran,1979,18.208666666666666
Iran,1980,18.328833333333332
Iran,1981,18.41825
Iran,1982,17.32675
Iran,1983,17.95991666666667
Iran,1984,17.627916666666668
Iran,1985,18.111333333333334
Iran,1986,17.700666666666667
Iran,1987,18.39625
Iran,1988,18.51216666666667
Iran,1989,17.993083333333335
Iran,1990,18.426416666666665
Iran,1991,18.02925
Iran,1992,16.949749999999998
Iran,1993,17.741083333333332
Iran,1994,18.386
Iran,1995,18.40791666666667
Iran,1996,18.206416666666666
Iran,1997,18.303250000000002
Iran,1998,19.16991666666667
Iran,1999,19.15791666666667
Iran,2000,18.892083333333336
Iran,2001,19.473833333333335
Iran,2002,19.142416666666666
Iran,2003,18.915166666666668
Iran,2004,19.149916666666666
Iran,2005,18.80666666666667
Iran,2006,19.211916666666667
Iran,2007,18.740416666666665
Iran,2008,18.90491666666667
Iran,2009,19.1095
Iran,2010,20.09016666666667
Iran,2011,18.91541666666667
Iran,2012,18.959666666666667
Iran,2013,20.541
Iraq,1900,21.705166666666667
Iraq,1901,22.73966666666667
Iraq,1902,22.210833333333337
Iraq,1903,21.282500000000002
Iraq,1904,21.41425
Iraq,1905,21.247916666666665
Iraq,1906,21.35683333333333
Iraq,1907,20.748833333333334
Iraq,1908,21.369249999999997
Iraq,1909,22.220916666666668
Iraq,1910,21.351250000000004
Iraq,1911,20.295666666666666
Iraq,1912,21.829333333333334
Iraq,1913,21.151583333333335
Iraq,1914,21.32975
Iraq,1915,22.05575
Iraq,1916,21.862083333333334
Iraq,1917,22.044
Iraq,1918,21.405833333333334
Iraq,1919,22.014750000000003
Iraq,1920,20.769916666666667
Iraq,1921,21.275583333333334
Iraq,1922,22.101416666666665
Iraq,1923,21.812166666666666
Iraq,1924,22.0515
Iraq,1925,21.575666666666667
Iraq,1926,21.72366666666667
Iraq,1927,21.886916666666668
Iraq,1928,21.7915
Iraq,1929,21.95075
Iraq,1930,22.258333333333336
Iraq,1931,21.81516666666667
Iraq,1932,21.551750000000002
Iraq,1933,21.07575
Iraq,1934,21.497583333333335
Iraq,1935,22.45866666666667
Iraq,1936,21.907
Iraq,1937,22.281833333333335
Iraq,1938,21.71541666666667
Iraq,1939,21.78016666666667
Iraq,1940,22.332083333333333
Iraq,1941,22.0975
Iraq,1942,22.117083333333337
Iraq,1943,21.59358333333333
Iraq,1944,22.063000000000002
Iraq,1945,21.324833333333334
Iraq,1946,21.72491666666667
Iraq,1947,22.806749999999997
Iraq,1948,21.32625
Iraq,1949,21.055
Iraq,1950,21.31175
Iraq,1951,22.277666666666665
Iraq,1952,22.300750000000004
Iraq,1953,21.429333333333332
Iraq,1954,22.282749999999997
Iraq,1955,22.50075
Iraq,1956,21.47975
Iraq,1957,21.55508333333334
Iraq,1958,22.27633333333333
Iraq,1959,21.290166666666668
Iraq,1960,22.727500000000003
Iraq,1961,21.939333333333334
Iraq,1962,23.15225
Iraq,1963,22.331000000000003
Iraq,1964,21.37325
Iraq,1965,22.181583333333336
Iraq,1966,23.078166666666664
Iraq,1967,21.077583333333333
Iraq,1968,22.015583333333336
Iraq,1969,22.39125
Iraq,1970,22.602666666666668
Iraq,1971,21.819916666666668
Iraq,1972,21.17716666666667
Iraq,1973,22.04008333333333
Iraq,1974,21.653750000000002
Iraq,1975,21.81341666666667
Iraq,1976,21.57025
Iraq,1977,22.21841666666667
Iraq,1978,22.406750000000002
Iraq,1979,23.285666666666668
Iraq,1980,22.377583333333334
Iraq,1981,22.419
Iraq,1982,21.185166666666667
Iraq,1983,21.534833333333335
Iraq,1984,21.842000000000002
Iraq,1985,22.203000000000003
Iraq,1986,22.324333333333332
Iraq,1987,22.607666666666663
Iraq,1988,22.058583333333335
Iraq,1989,22.338416666666664
Iraq,1990,22.5415
Iraq,1991,22.28033333333333
Iraq,1992,20.68583333333333
Iraq,1993,21.90308333333333
Iraq,1994,22.642416666666666
Iraq,1995,22.431
Iraq,1996,23.01375
Iraq,1997,21.921166666666668
Iraq,1998,23.455416666666665
Iraq,1999,23.493333333333336
Iraq,2000,22.988833333333332
Iraq,2001,23.517083333333332
Iraq,2002,22.895583333333335
Iraq,2003,22.95941666666667
Iraq,2004,22.77891666666667
Iraq,2005,22.696083333333334
Iraq,2006,22.904333333333337
Iraq,2007,23.015
Iraq,2008,23.118166666666667
Iraq,2009,22.998083333333337
Iraq,2010,24.650333333333336
Iraq,2011,22.59325
Iraq,2012,23.428916666666666
Iraq,2013,24.2405
Ireland,1900,9.327166666666667
Ireland,1901,9.119166666666667
Ireland,1902,9.110166666666666
Ireland,1903,9.150416666666667
Ireland,1904,9.14775
Ireland,1905,9.32375
Ireland,1906,9.30325
Ireland,1907,8.975666666666667
Ireland,1908,9.627083333333333
Ireland,1909,8.929333333333334
Ireland,1910,9.213416666666665
Ireland,1911,9.72125
Ireland,1912,9.27275
Ireland,1913,9.548416666666666
Ireland,1914,9.721916666666667
Ireland,1915,9.047500000000001
Ireland,1916,9.379833333333332
Ireland,1917,8.759583333333333
Ireland,1918,9.574250000000001
Ireland,1919,8.806916666666668
Ireland,1920,9.630666666666666
Ireland,1921,10.517000000000001
Ireland,1922,9.049916666666666
Ireland,1923,9.250166666666667
Ireland,1924,9.42175
Ireland,1925,9.185083333333333
Ireland,1926,9.8275
Ireland,1927,9.414833333333334
Ireland,1928,9.619416666666668
Ireland,1929,9.475333333333333
Ireland,1930,9.318583333333333
Ireland,1931,9.53625
Ireland,1932,9.757083333333332
Ireland,1933,10.042250000000001
Ireland,1934,10.001083333333334
Ireland,1935,9.670333333333334
Ireland,1936,9.648166666666667
Ireland,1937,9.539083333333332
Ireland,1938,10.011750000000001
Ireland,1939,9.874916666666666
Ireland,1940,9.681333333333333
Ireland,1941,9.313833333333333
Ireland,1942,9.483416666666667
Ireland,1943,10.05675
Ireland,1944,9.798
Ireland,1945,10.444083333333333
Ireland,1946,9.598
Ireland,1947,9.50275
Ireland,1948,10.074250000000001
Ireland,1949,10.576583333333334
Ireland,1950,9.461833333333333
Ireland,1951,9.229750000000001
Ireland,1952,9.37725
Ireland,1953,10.019583333333333
Ireland,1954,9.438
Ireland,1955,9.629583333333334
Ireland,1956,9.405166666666666
Ireland,1957,10.062083333333334
Ireland,1958,9.699833333333332
Ireland,1959,10.412916666666666
Ireland,1960,9.673416666666666
Ireland,1961,9.811083333333334
Ireland,1962,9.064416666666668
Ireland,1963,8.78825
Ireland,1964,9.751
Ireland,1965,9.068916666666667
Ireland,1966,9.631333333333332
Ireland,1967,9.491416666666668
Ireland,1968,9.588833333333334
Ireland,1969,9.33275
Ireland,1970,9.603583333333333
Ireland,1971,10.086583333333333
Ireland,1972,9.239583333333334
Ireland,1973,9.816666666666666
Ireland,1974,9.478666666666667
Ireland,1975,10.063666666666666
Ireland,1976,9.861583333333334
Ireland,1977,9.61225
Ireland,1978,9.648583333333333
Ireland,1979,8.8925
Ireland,1980,9.545333333333334
Ireland,1981,9.590916666666667
Ireland,1982,9.84675
Ireland,1983,10.079500000000001
Ireland,1984,9.784583333333334
Ireland,1985,9.110666666666667
Ireland,1986,8.733333333333333
Ireland,1987,9.438666666666666
Ireland,1988,9.865333333333334
Ireland,1989,10.29575
Ireland,1990,10.312666666666667
Ireland,1991,9.825166666666666
Ireland,1992,9.789
Ireland,1993,9.641583333333333
Ireland,1994,9.884833333333333
Ireland,1995,10.518916666666668
Ireland,1996,9.591166666666668
Ireland,1997,10.6835
Ireland,1998,10.4595
Ireland,1999,10.458166666666665
Ireland,2000,10.13075
Ireland,2001,10.023083333333334
Ireland,2002,10.420666666666667
Ireland,2003,10.522416666666667
Ireland,2004,10.439083333333334
Ireland,2005,10.575750000000001
Ireland,2006,10.654166666666667
Ireland,2007,10.842666666666666
Ireland,2008,10.15875
Ireland,2009,10.15725
Ireland,2010,9.258166666666666
Ireland,2011,10.345416666666667
Ireland,2012,10.035833333333334
Ireland,2013,9.97475
Isle Of Man,1900,9.418333333333333
Isle Of Man,1901,9.248333333333333
Isle Of Man,1902,8.952833333333333
Isle Of Man,1903,9.201583333333334
Isle Of Man,1904,9.135
Isle Of Man,1905,9.328583333333333
Isle Of Man,1906,9.391666666666667
Isle Of Man,1907,8.949416666666666
Isle Of Man,1908,9.517583333333333
Isle Of Man,1909,8.78275
Isle Of Man,1910,9.208666666666668
Isle Of Man,1911,9.903916666666667
Isle Of Man,1912,9.279083333333332
Isle Of Man,1913,9.671000000000001
Isle Of Man,1914,9.87575
Isle Of Man,1915,8.905666666666667
Isle Of Man,1916,9.29325
Isle Of Man,1917,8.704833333333333
Isle Of Man,1918,9.52425
Isle Of Man,1919,8.628833333333334
Isle Of Man,1920,9.6285
Isle Of Man,1921,10.446583333333333
Isle Of Man,1922,8.788083333333333
Isle Of Man,1923,9.106499999999999
Isle Of Man,1924,9.31875
Isle Of Man,1925,9.147916666666667
Isle Of Man,1926,9.74425
Isle Of Man,1927,9.207166666666668
Isle Of Man,1928,9.474916666666667
Isle Of Man,1929,9.16225
Isle Of Man,1930,9.364583333333334
Isle Of Man,1931,9.204916666666668
Isle Of Man,1932,9.618333333333334
Isle Of Man,1933,10.042499999999999
Isle Of Man,1934,10.098916666666666
Isle Of Man,1935,9.69975
Isle Of Man,1936,9.456
Isle Of Man,1937,9.511166666666666
Isle Of Man,1938,10.12275
Isle Of Man,1939,9.828750000000001
Isle Of Man,1940,9.28275
Isle Of Man,1941,9.155916666666668
Isle Of Man,1942,9.221416666666666
Isle Of Man,1943,9.998916666666666
Isle Of Man,1944,9.6595
Isle Of Man,1945,10.311833333333334
Isle Of Man,1946,9.487333333333334
Isle Of Man,1947,9.47875
Isle Of Man,1948,9.964416666666667
Isle Of Man,1949,10.564833333333333
Isle Of Man,1950,9.429916666666665
Isle Of Man,1951,9.213333333333333
Isle Of Man,1952,9.178666666666667
Isle Of Man,1953,10.097916666666666
Isle Of Man,1954,9.311416666666666
Isle Of Man,1955,9.42925
Isle Of Man,1956,9.163916666666667
Isle Of Man,1957,10.06425
Isle Of Man,1958,9.463833333333334
Isle Of Man,1959,10.531833333333333
Isle Of Man,1960,9.784
Isle Of Man,1961,9.84125
Isle Of Man,1962,8.773333333333333
Isle Of Man,1963,8.594333333333333
Isle Of Man,1964,9.561833333333333
Isle Of Man,1965,9.006333333333334
Isle Of Man,1966,9.476583333333332
Isle Of Man,1967,9.624916666666666
Isle Of Man,1968,9.450583333333332
Isle Of Man,1969,9.256833333333333
Isle Of Man,1970,9.6285
Isle Of Man,1971,10.029916666666667
Isle Of Man,1972,9.348333333333334
Isle Of Man,1973,9.69375
Isle Of Man,1974,9.56525
Isle Of Man,1975,9.993916666666667
Isle Of Man,1976,9.916916666666667
Isle Of Man,1977,9.5535
Isle Of Man,1978,9.429916666666667
Isle Of Man,1979,8.789666666666667
Isle Of Man,1980,9.525666666666668
Isle Of Man,1981,9.291916666666667
Isle Of Man,1982,9.837583333333333
Isle Of Man,1983,9.961583333333333
Isle Of Man,1984,9.87175
Isle Of Man,1985,8.969083333333334
Isle Of Man,1986,8.780166666666666
Isle Of Man,1987,9.12675
Isle Of Man,1988,9.894916666666667
Isle Of Man,1989,10.4115
Isle Of Man,1990,10.519333333333334
Isle Of Man,1991,9.727
Isle Of Man,1992,9.905583333333334
Isle Of Man,1993,9.428416666666667
Isle Of Man,1994,9.876916666666666
Isle Of Man,1995,10.436583333333333
Isle Of Man,1996,9.332666666666666
Isle Of Man,1997,10.53775
Isle Of Man,1998,10.368666666666666
Isle Of Man,1999,10.52225
Isle Of Man,2000,10.257583333333333
Isle Of Man,2001,9.971333333333334
Isle Of Man,2002,10.524166666666668
Isle Of Man,2003,10.574666666666667
Isle Of Man,2004,10.596083333333334
Isle Of Man,2005,10.576333333333332
Isle Of Man,2006,10.823666666666668
Isle Of Man,2007,10.809083333333334
Isle Of Man,2008,10.236666666666666
Isle Of Man,2009,10.294833333333333
Isle Of Man,2010,9.103250000000001
Isle Of Man,2011,10.708666666666666
Isle Of Man,2012,9.909916666666666
Isle Of Man,2013,9.230375
Israel,1900,19.860333333333333
Israel,1901,20.34391666666667
Israel,1902,19.916
Israel,1903,19.119333333333334
Israel,1904,19.124333333333333
Israel,1905,19.233083333333333
Israel,1906,19.510416666666668
Israel,1907,18.812416666666667
Israel,1908,18.934250000000002
Israel,1909,19.983666666666668
Israel,1910,19.06175
Israel,1911,18.85225
Israel,1912,19.353333333333335
Israel,1913,18.844416666666667
Israel,1914,19.1405
Israel,1915,19.757833333333334
Israel,1916,19.912166666666668
Israel,1917,19.61625
Israel,1918,19.430083333333332
Israel,1919,19.700833333333332
Israel,1920,19.01925
Israel,1921,18.97791666666667
Israel,1922,19.903333333333332
Israel,1923,19.957833333333333
Israel,1924,19.870250000000002
Israel,1925,19.741583333333335
Israel,1926,19.690833333333334
Israel,1927,20.011666666666667
Israel,1928,20.184833333333334
Israel,1929,19.682
Israel,1930,20.21
Israel,1931,19.934583333333332
Israel,1932,19.793916666666668
Israel,1933,19.403666666666666
Israel,1934,19.923916666666667
Israel,1935,20.328083333333336
Israel,1936,20.318083333333334
Israel,1937,20.382583333333333
Israel,1938,19.494083333333332
Israel,1939,20.18733333333333
Israel,1940,20.015083333333333
Israel,1941,20.186
Israel,1942,19.90525
Israel,1943,19.485666666666667
Israel,1944,19.7555
Israel,1945,19.24925
Israel,1946,19.978666666666665
Israel,1947,20.60625
Israel,1948,19.201083333333333
Israel,1949,18.877083333333335
Israel,1950,19.70975
Israel,1951,20.277166666666666
Israel,1952,20.390666666666664
Israel,1953,19.451416666666667
Israel,1954,20.083083333333335
Israel,1955,20.56425
Israel,1956,19.778333333333332
Israel,1957,19.809
Israel,1958,20.235166666666668
Israel,1959,19.20525
Israel,1960,20.723166666666668
Israel,1961,19.616833333333332
Israel,1962,20.791083333333333
Israel,1963,20.604666666666667
Israel,1964,19.325083333333335
Israel,1965,19.935333333333332
Israel,1966,20.509083333333333
Israel,1967,19.080916666666667
Israel,1968,19.983416666666667
Israel,1969,20.335583333333336
Israel,1970,20.06866666666667
Israel,1971,19.649333333333335
Israel,1972,19.529666666666667
Israel,1973,19.7835
Israel,1974,19.69333333333333
Israel,1975,19.666333333333334
Israel,1976,19.608583333333332
Israel,1977,19.935666666666666
Israel,1978,20.19225
Israel,1979,20.65775
Israel,1980,20.04075
Israel,1981,20.019416666666668
Israel,1982,19.318250000000003
Israel,1983,19.200583333333334
Israel,1984,19.730416666666667
Israel,1985,20.216166666666666
Israel,1986,19.998166666666666
Israel,1987,19.951833333333333
Israel,1988,20.06025
Israel,1989,19.901999999999997
Israel,1990,20.129833333333334
Israel,1991,20.021916666666666
Israel,1992,19.028666666666666
Israel,1993,19.975416666666664
Israel,1994,20.500333333333334
Israel,1995,20.043333333333333
Israel,1996,20.52808333333333
Israel,1997,19.823166666666665
Israel,1998,20.966416666666667
Israel,1999,20.892166666666668
Israel,2000,20.230416666666667
Israel,2001,20.929750000000002
Israel,2002,20.728333333333335
Israel,2003,20.614
Israel,2004,20.4905
Israel,2005,20.43775
Israel,2006,20.409166666666668
Israel,2007,20.701583333333335
Israel,2008,20.930083333333332
Israel,2009,20.831416666666666
Israel,2010,22.311166666666665
Israel,2011,20.33125
Israel,2012,21.006083333333333
Israel,2013,21.222375
Italy,1900,12.998
Italy,1901,12.205583333333331
Italy,1902,12.516750000000002
Italy,1903,12.47375
Italy,1904,12.932166666666665
Italy,1905,12.243083333333333
Italy,1906,12.330166666666665
Italy,1907,12.420833333333334
Italy,1908,12.338499999999998
Italy,1909,12.146
Italy,1910,12.374416666666667
Italy,1911,12.903833333333333
Italy,1912,12.214416666666667
Italy,1913,12.662583333333332
Italy,1914,12.3405
Italy,1915,12.427583333333333
Italy,1916,13.011750000000001
Italy,1917,12.292916666666665
Italy,1918,12.399833333333333
Italy,1919,12.169583333333334
Italy,1920,13.341416666666667
Italy,1921,13.044916666666666
Italy,1922,12.585916666666668
Italy,1923,13.003
Italy,1924,12.761249999999999
Italy,1925,12.570083333333331
Italy,1926,13.156500000000001
Italy,1927,13.439333333333332
Italy,1928,13.221166666666667
Italy,1929,12.424166666666666
Italy,1930,13.224166666666667
Italy,1931,12.718416666666664
Italy,1932,12.669416666666665
Italy,1933,12.39925
Italy,1934,13.323416666666667
Italy,1935,12.827583333333331
Italy,1936,12.973500000000001
Italy,1937,13.184916666666666
Italy,1938,12.69375
Italy,1939,12.696083333333334
Italy,1940,11.888416666666666
Italy,1941,12.045666666666667
Italy,1942,12.798083333333333
Italy,1943,13.693916666666667
Italy,1944,12.550083333333333
Italy,1945,13.35225
Italy,1946,13.3225
Italy,1947,13.600916666666668
Italy,1948,13.203916666666666
Italy,1949,13.354666666666667
Italy,1950,13.712583333333335
Italy,1951,13.344499999999998
Italy,1952,13.261249999999999
Italy,1953,13.041333333333332
Italy,1954,12.447916666666666
Italy,1955,13.030916666666668
Italy,1956,12.060833333333333
Italy,1957,13.048250000000001
Italy,1958,13.152000000000001
Italy,1959,13.089416666666667
Italy,1960,13.072833333333334
Italy,1961,13.570583333333333
Italy,1962,12.658000000000001
Italy,1963,12.604583333333332
Italy,1964,12.991333333333332
Italy,1965,12.455583333333331
Italy,1966,13.040583333333332
Italy,1967,13.13725
Italy,1968,12.84525
Italy,1969,12.629583333333334
Italy,1970,12.840583333333333
Italy,1971,12.788916666666665
Italy,1972,12.716833333333334
Italy,1973,12.798499999999999
Italy,1974,12.807583333333334
Italy,1975,12.937166666666668
Italy,1976,12.503166666666667
Italy,1977,13.03875
Italy,1978,12.373666666666667
Italy,1979,12.898166666666667
Italy,1980,12.239583333333334
Italy,1981,12.77675
Italy,1982,13.439916666666667
Italy,1983,13.188333333333333
Italy,1984,12.486333333333333
Italy,1985,13.058333333333332
Italy,1986,13.132833333333332
Italy,1987,13.176499999999999
Italy,1988,13.507666666666667
Italy,1989,13.329166666666667
Italy,1990,13.716916666666668
Italy,1991,12.853499999999999
Italy,1992,13.58175
Italy,1993,13.409666666666666
Italy,1994,14.284833333333333
Italy,1995,13.234083333333333
Italy,1996,13.007
Italy,1997,13.838833333333334
Italy,1998,13.662333333333335
Italy,1999,13.763
Italy,2000,14.1255
Italy,2001,13.95425
Italy,2002,13.934
Italy,2003,14.296916666666666
Italy,2004,13.559833333333332
Italy,2005,13.028583333333332
Italy,2006,13.787333333333335
Italy,2007,14.073333333333332
Italy,2008,13.88125
Italy,2009,14.052916666666667
Italy,2010,13.324916666666667
Italy,2011,14.173166666666667
Italy,2012,14.079
Italy,2013,14.165
Jamaica,1900,26.199916666666667
Jamaica,1901,25.60241666666667
Jamaica,1902,25.85891666666667
Jamaica,1903,26.089083333333335
Jamaica,1904,25.732583333333338
Jamaica,1905,26.03225
Jamaica,1906,25.862750000000002
Jamaica,1907,25.89675
Jamaica,1908,25.943749999999998
Jamaica,1909,25.647583333333333
Jamaica,1910,25.387249999999998
Jamaica,1911,26.070000000000004
Jamaica,1912,26.11175
Jamaica,1913,25.727500000000003
Jamaica,1914,26.02091666666667
Jamaica,1915,26.204666666666668
Jamaica,1916,25.78125
Jamaica,1917,25.477833333333336
Jamaica,1918,25.729333333333333
Jamaica,1919,26.17125
Jamaica,1920,26.055666666666667
Jamaica,1921,26.014
Jamaica,1922,26.032833333333333
Jamaica,1923,26.140333333333334
Jamaica,1924,26.32375
Jamaica,1925,26.05525
Jamaica,1926,26.38291666666667
Jamaica,1927,26.269333333333336
Jamaica,1928,26.227833333333336
Jamaica,1929,26.147166666666667
Jamaica,1930,26.310750000000002
Jamaica,1931,26.343083333333336
Jamaica,1932,26.25975
Jamaica,1933,25.952083333333334
Jamaica,1934,25.9045
Jamaica,1935,25.794833333333333
Jamaica,1936,26.17941666666667
Jamaica,1937,26.21375
Jamaica,1938,25.99116666666667
Jamaica,1939,26.058750000000003
Jamaica,1940,26.47475
Jamaica,1941,26.64691666666667
Jamaica,1942,26.579583333333332
Jamaica,1943,26.25225
Jamaica,1944,26.158833333333334
Jamaica,1945,26.066166666666664
Jamaica,1946,26.259583333333335
Jamaica,1947,26.405833333333334
Jamaica,1948,26.470833333333335
Jamaica,1949,26.037499999999998
Jamaica,1950,25.723
Jamaica,1951,26.142083333333332
Jamaica,1952,26.360833333333332
Jamaica,1953,26.516666666666666
Jamaica,1954,26.143333333333334
Jamaica,1955,26.042583333333337
Jamaica,1956,26.034666666666666
Jamaica,1957,26.246333333333336
Jamaica,1958,26.50225
Jamaica,1959,26.33241666666667
Jamaica,1960,26.463916666666666
Jamaica,1961,26.484333333333336
Jamaica,1962,26.117416666666667
Jamaica,1963,26.117833333333337
Jamaica,1964,26.405916666666666
Jamaica,1965,26.266666666666666
Jamaica,1966,26.1825
Jamaica,1967,26.18641666666667
Jamaica,1968,26.1945
Jamaica,1969,26.542583333333337
Jamaica,1970,26.150666666666666
Jamaica,1971,26.099083333333336
Jamaica,1972,26.406333333333333
Jamaica,1973,26.51025
Jamaica,1974,26.033749999999998
Jamaica,1975,26.264750000000003
Jamaica,1976,26.297083333333333
Jamaica,1977,26.558000000000003
Jamaica,1978,26.393916666666666
Jamaica,1979,26.340333333333334
Jamaica,1980,26.662833333333335
Jamaica,1981,26.379583333333333
Jamaica,1982,26.660333333333337
Jamaica,1983,26.84641666666667
Jamaica,1984,26.355333333333334
Jamaica,1985,26.23783333333333
Jamaica,1986,26.320916666666665
Jamaica,1987,26.86283333333333
Jamaica,1988,26.736
Jamaica,1989,26.43841666666667
Jamaica,1990,26.740250000000003
Jamaica,1991,26.687833333333334
Jamaica,1992,26.720416666666665
Jamaica,1993,26.523
Jamaica,1994,26.911
Jamaica,1995,26.89391666666667
Jamaica,1996,26.474833333333333
Jamaica,1997,27.199166666666667
Jamaica,1998,27.235583333333334
Jamaica,1999,26.535666666666668
Jamaica,2000,26.469416666666664
Jamaica,2001,26.703083333333336
Jamaica,2002,27.00075
Jamaica,2003,27.065833333333334
Jamaica,2004,26.903833333333335
Jamaica,2005,26.834999999999997
Jamaica,2006,27.034166666666668
Jamaica,2007,27.01391666666667
Jamaica,2008,26.6215
Jamaica,2009,26.860166666666668
Jamaica,2010,26.52125
Jamaica,2011,26.640583333333336
Jamaica,2012,26.88508333333333
Jamaica,2013,27.125333333333334
Japan,1900,11.473666666666666
Japan,1901,11.680166666666667
Japan,1902,11.52375
Japan,1903,11.843333333333334
Japan,1904,11.770166666666666
Japan,1905,11.597416666666668
Japan,1906,11.183916666666667
Japan,1907,11.403166666666666
Japan,1908,11.095999999999998
Japan,1909,11.38875
Japan,1910,11.378916666666667
Japan,1911,11.980083333333333
Japan,1912,11.453249999999999
Japan,1913,10.986833333333331
Japan,1914,12.487166666666667
Japan,1915,12.061083333333334
Japan,1916,12.545333333333334
Japan,1917,11.412916666666668
Japan,1918,11.609166666666667
Japan,1919,11.951333333333332
Japan,1920,12.213500000000002
Japan,1921,11.57175
Japan,1922,12.078416666666667
Japan,1923,11.908499999999998
Japan,1924,11.642416666666668
Japan,1925,11.758583333333334
Japan,1926,11.302416666666666
Japan,1927,11.7355
Japan,1928,12.057916666666666
Japan,1929,11.774916666666668
Japan,1930,12.29275
Japan,1931,11.489083333333333
Japan,1932,11.982750000000001
Japan,1933,11.953166666666666
Japan,1934,11.49875
Japan,1935,11.893083333333331
Japan,1936,11.5475
Japan,1937,12.211166666666665
Japan,1938,12.081166666666666
Japan,1939,12.084083333333334
Japan,1940,11.987249999999998
Japan,1941,11.9185
Japan,1942,12.002166666666668
Japan,1943,11.994833333333334
Japan,1944,11.692166666666667
Japan,1945,11.138833333333332
Japan,1946,12.360666666666667
Japan,1947,11.333583333333332
Japan,1948,12.795916666666665
Japan,1949,12.102583333333333
Japan,1950,12.589500000000001
Japan,1951,12.146666666666668
Japan,1952,11.939666666666668
Japan,1953,11.964666666666666
Japan,1954,12.223999999999998
Japan,1955,12.729
Japan,1956,12.019416666666666
Japan,1957,12.055333333333332
Japan,1958,12.57
Japan,1959,12.958166666666665
Japan,1960,12.599833333333335
Japan,1961,13.045499999999999
Japan,1962,12.466166666666666
Japan,1963,12.29325
Japan,1964,12.34975
Japan,1965,11.687916666666666
Japan,1966,12.134416666666667
Japan,1967,12.266333333333334
Japan,1968,12.190416666666666
Japan,1969,11.848999999999998
Japan,1970,11.929
Japan,1971,11.983416666666665
Japan,1972,12.592166666666666
Japan,1973,12.41475
Japan,1974,11.7905
Japan,1975,12.336999999999998
Japan,1976,11.7475
Japan,1977,12.19825
Japan,1978,12.505333333333333
Japan,1979,12.842583333333332
Japan,1980,11.795083333333332
Japan,1981,11.629416666666666
Japan,1982,12.336333333333334
Japan,1983,12.121916666666666
Japan,1984,11.659916666666666
Japan,1985,12.281333333333334
Japan,1986,11.691416666666667
Japan,1987,12.543833333333332
Japan,1988,11.967666666666666
Japan,1989,12.91175
Japan,1990,13.590583333333333
Japan,1991,12.783166666666666
Japan,1992,12.484250000000001
Japan,1993,12.055166666666667
Japan,1994,13.229750000000001
Japan,1995,12.475416666666666
Japan,1996,12.082833333333333
Japan,1997,12.752416666666667
Japan,1998,13.244750000000002
Japan,1999,13.080083333333334
Japan,2000,12.833833333333333
Japan,2001,12.450000000000001
Japan,2002,12.837333333333333
Japan,2003,12.507
Japan,2004,13.435666666666668
Japan,2005,12.555916666666667
Japan,2006,12.757083333333334
Japan,2007,13.192166666666667
Japan,2008,12.874916666666666
Japan,2009,12.933833333333332
Japan,2010,13.215583333333333
Japan,2011,12.73775
Japan,2012,12.565666666666667
Japan,2013,12.96475
Jersey,1900,11.083416666666666
Jersey,1901,10.509916666666667
Jersey,1902,10.407166666666667
Jersey,1903,10.826749999999999
Jersey,1904,10.824666666666667
Jersey,1905,10.618333333333334
Jersey,1906,11.013916666666667
Jersey,1907,10.581249999999999
Jersey,1908,10.804583333333333
Jersey,1909,10.27575
Jersey,1910,10.797916666666666
Jersey,1911,11.522333333333334
Jersey,1912,10.873583333333334
Jersey,1913,11.3065
Jersey,1914,11.19225
Jersey,1915,10.666916666666665
Jersey,1916,10.755583333333334
Jersey,1917,9.997
Jersey,1918,11.043666666666667
Jersey,1919,10.267999999999999
Jersey,1920,11.198583333333334
Jersey,1921,12.027333333333333
Jersey,1922,10.463666666666667
Jersey,1923,10.856
Jersey,1924,10.775166666666665
Jersey,1925,10.638499999999999
Jersey,1926,11.297916666666666
Jersey,1927,10.80175
Jersey,1928,11.369083333333334
Jersey,1929,10.747166666666667
Jersey,1930,11.170333333333334
Jersey,1931,10.665666666666667
Jersey,1932,10.86425
Jersey,1933,11.160916666666667
Jersey,1934,11.250749999999998
Jersey,1935,11.004083333333334
Jersey,1936,10.943583333333335
Jersey,1937,11.308166666666667
Jersey,1938,11.266583333333335
Jersey,1939,11.012
Jersey,1940,10.698749999999999
Jersey,1941,10.40925
Jersey,1942,10.596
Jersey,1943,11.660583333333333
Jersey,1944,11.0645
Jersey,1945,11.673
Jersey,1946,10.852333333333334
Jersey,1947,11.510166666666668
Jersey,1948,11.606250000000001
Jersey,1949,12.126833333333332
Jersey,1950,11.209333333333333
Jersey,1951,10.95125
Jersey,1952,10.951500000000001
Jersey,1953,11.210166666666666
Jersey,1954,10.804583333333333
Jersey,1955,11.147583333333332
Jersey,1956,10.292
Jersey,1957,11.506916666666667
Jersey,1958,11.047833333333335
Jersey,1959,12.02075
Jersey,1960,11.313833333333333
Jersey,1961,11.70575
Jersey,1962,10.3605
Jersey,1963,9.803500000000001
Jersey,1964,10.916916666666665
Jersey,1965,10.56775
Jersey,1966,11.476666666666667
Jersey,1967,11.145916666666666
Jersey,1968,10.990166666666667
Jersey,1969,11.1775
Jersey,1970,11.051083333333333
Jersey,1971,11.21825
Jersey,1972,10.71875
Jersey,1973,11.115833333333333
Jersey,1974,11.129
Jersey,1975,11.415166666666666
Jersey,1976,11.5645
Jersey,1977,11.074166666666665
Jersey,1978,10.935
Jersey,1979,10.58775
Jersey,1980,10.825166666666666
Jersey,1981,11.18125
Jersey,1982,11.661416666666668
Jersey,1983,11.568666666666667
Jersey,1984,11.368916666666665
Jersey,1985,10.698416666666667
Jersey,1986,10.396833333333333
Jersey,1987,10.688
Jersey,1988,11.60225
Jersey,1989,12.359416666666666
Jersey,1990,12.3365
Jersey,1991,10.890583333333334
Jersey,1992,11.448916666666667
Jersey,1993,11.187666666666667
Jersey,1994,12.080666666666666
Jersey,1995,12.187083333333334
Jersey,1996,11.016916666666667
Jersey,1997,12.098666666666666
Jersey,1998,11.846166666666667
Jersey,1999,12.34525
Jersey,2000,11.918999999999999
Jersey,2001,11.876416666666666
Jersey,2002,12.245083333333334
Jersey,2003,12.2355
Jersey,2004,11.950333333333333
Jersey,2005,12.050083333333333
Jersey,2006,12.187249999999999
Jersey,2007,12.227666666666666
Jersey,2008,11.761583333333332
Jersey,2009,11.732583333333332
Jersey,2010,10.960833333333333
Jersey,2011,12.495750000000001
Jersey,2012,11.644333333333334
Jersey,2013,10.803624999999998
Jordan,1900,19.5585
Jordan,1901,20.113583333333334
Jordan,1902,19.60925
Jordan,1903,18.895083333333332
Jordan,1904,18.888333333333332
Jordan,1905,18.935583333333334
Jordan,1906,19.24116666666667
Jordan,1907,18.522750000000002
Jordan,1908,18.747083333333332
Jordan,1909,19.75375
Jordan,1910,18.834333333333333
Jordan,1911,18.511916666666668
Jordan,1912,19.107166666666668
Jordan,1913,18.572750000000003
Jordan,1914,18.832
Jordan,1915,19.480583333333332
Jordan,1916,19.6015
Jordan,1917,19.3745
Jordan,1918,19.085333333333335
Jordan,1919,19.463916666666666
Jordan,1920,18.668583333333334
Jordan,1921,18.751166666666666
Jordan,1922,19.621916666666667
Jordan,1923,19.648583333333335
Jordan,1924,19.58075
Jordan,1925,19.405833333333334
Jordan,1926,19.352166666666665
Jordan,1927,19.675833333333333
Jordan,1928,19.863916666666665
Jordan,1929,19.478583333333333
Jordan,1930,19.970333333333333
Jordan,1931,19.6335
Jordan,1932,19.447416666666665
Jordan,1933,19.029166666666665
Jordan,1934,19.536416666666668
Jordan,1935,20.07766666666667
Jordan,1936,19.961166666666667
Jordan,1937,20.13275
Jordan,1938,19.27425
Jordan,1939,19.773083333333336
Jordan,1940,19.739333333333335
Jordan,1941,19.8275
Jordan,1942,19.612750000000002
Jordan,1943,19.165333333333333
Jordan,1944,19.545666666666666
Jordan,1945,18.997416666666666
Jordan,1946,19.612666666666666
Jordan,1947,20.371750000000002
Jordan,1948,18.903666666666666
Jordan,1949,18.582583333333336
Jordan,1950,19.401166666666665
Jordan,1951,20.028666666666666
Jordan,1952,20.145
Jordan,1953,19.160583333333335
Jordan,1954,19.8945
Jordan,1955,20.327583333333333
Jordan,1956,19.413833333333333
Jordan,1957,19.48675
Jordan,1958,19.90641666666667
Jordan,1959,18.861083333333337
Jordan,1960,20.470583333333334
Jordan,1961,19.335083333333333
Jordan,1962,20.7025
Jordan,1963,20.344666666666665
Jordan,1964,19.022333333333332
Jordan,1965,19.752
Jordan,1966,20.32075
Jordan,1967,18.6445
Jordan,1968,19.691166666666668
Jordan,1969,20.136416666666666
Jordan,1970,19.844333333333335
Jordan,1971,19.331666666666667
Jordan,1972,19.116
Jordan,1973,19.49775
Jordan,1974,19.3785
Jordan,1975,19.271583333333332
Jordan,1976,19.229833333333335
Jordan,1977,19.71125
Jordan,1978,19.99683333333333
Jordan,1979,20.50825
Jordan,1980,19.845000000000002
Jordan,1981,19.769916666666667
Jordan,1982,18.850916666666667
Jordan,1983,18.918
Jordan,1984,19.35741666666667
Jordan,1985,19.916
Jordan,1986,19.74175
Jordan,1987,19.896583333333336
Jordan,1988,19.811
Jordan,1989,19.753666666666668
Jordan,1990,19.921583333333334
Jordan,1991,19.79175
Jordan,1992,18.604916666666668
Jordan,1993,19.679916666666667
Jordan,1994,20.265583333333336
Jordan,1995,19.847916666666666
Jordan,1996,20.422
Jordan,1997,19.484583333333337
Jordan,1998,20.773583333333335
Jordan,1999,20.621166666666667
Jordan,2000,20.04525
Jordan,2001,20.730833333333333
Jordan,2002,20.322833333333335
Jordan,2003,20.331416666666666
Jordan,2004,20.25525
Jordan,2005,20.137416666666667
Jordan,2006,20.173333333333336
Jordan,2007,20.43975
Jordan,2008,20.572750000000003
Jordan,2009,20.4985
Jordan,2010,22.228000000000005
Jordan,2011,20.1145
Jordan,2012,20.82025
Jordan,2013,21.319125
Kazakhstan,1900,4.476500000000001
Kazakhstan,1901,5.188666666666666
Kazakhstan,1902,5.325583333333333
Kazakhstan,1903,4.3012500000000005
Kazakhstan,1904,4.95775
Kazakhstan,1905,4.501666666666666
Kazakhstan,1906,5.182250000000001
Kazakhstan,1907,4.1987499999999995
Kazakhstan,1908,3.9476666666666667
Kazakhstan,1909,5.444333333333333
Kazakhstan,1910,4.9301666666666675
Kazakhstan,1911,4.711166666666667
Kazakhstan,1912,4.93475
Kazakhstan,1913,5.523416666666666
Kazakhstan,1914,5.774916666666667
Kazakhstan,1915,6.314166666666668
Kazakhstan,1916,4.7956666666666665
Kazakhstan,1917,5.50125
Kazakhstan,1918,4.489166666666667
Kazakhstan,1919,4.624083333333333
Kazakhstan,1920,4.082833333333334
Kazakhstan,1921,5.21
Kazakhstan,1922,5.990749999999999
Kazakhstan,1923,5.67125
Kazakhstan,1924,5.191583333333334
Kazakhstan,1925,6.341083333333334
Kazakhstan,1926,5.3066666666666675
Kazakhstan,1927,5.049250000000001
Kazakhstan,1928,4.1578333333333335
Kazakhstan,1929,3.920083333333334
Kazakhstan,1930,4.8125
Kazakhstan,1931,4.392333333333333
Kazakhstan,1932,5.610916666666667
Kazakhstan,1933,4.6194999999999995
Kazakhstan,1934,3.822333333333333
Kazakhstan,1935,4.9630833333333335
Kazakhstan,1936,5.2251666666666665
Kazakhstan,1937,4.622416666666667
Kazakhstan,1938,5.446000000000001
Kazakhstan,1939,5.6155
Kazakhstan,1940,6.10775
Kazakhstan,1941,5.4675
Kazakhstan,1942,4.974083333333334
Kazakhstan,1943,4.694416666666667
Kazakhstan,1944,6.0646666666666675
Kazakhstan,1945,4.392
Kazakhstan,1946,5.17275
Kazakhstan,1947,5.476416666666666
Kazakhstan,1948,6.0895
Kazakhstan,1949,4.57825
Kazakhstan,1950,4.267416666666666
Kazakhstan,1951,5.319583333333333
Kazakhstan,1952,4.88525
Kazakhstan,1953,5.552499999999999
Kazakhstan,1954,3.9738333333333338
Kazakhstan,1955,6.056583333333335
Kazakhstan,1956,4.84325
Kazakhstan,1957,5.381749999999999
Kazakhstan,1958,5.339083333333334
Kazakhstan,1959,4.494583333333333
Kazakhstan,1960,4.318833333333334
Kazakhstan,1961,6.357583333333333
Kazakhstan,1962,6.529583333333334
Kazakhstan,1963,6.677416666666667
Kazakhstan,1964,4.974583333333333
Kazakhstan,1965,6.236166666666667
Kazakhstan,1966,5.78025
Kazakhstan,1967,5.923583333333333
Kazakhstan,1968,5.3919999999999995
Kazakhstan,1969,3.7237500000000003
Kazakhstan,1970,5.547000000000001
Kazakhstan,1971,6.325166666666667
Kazakhstan,1972,4.3566666666666665
Kazakhstan,1973,6.086083333333334
Kazakhstan,1974,5.25625
Kazakhstan,1975,6.527583333333333
Kazakhstan,1976,4.447166666666667
Kazakhstan,1977,6.0776666666666666
Kazakhstan,1978,6.040166666666667
Kazakhstan,1979,6.119583333333334
Kazakhstan,1980,5.7067499999999995
Kazakhstan,1981,6.71525
Kazakhstan,1982,6.257583333333334
Kazakhstan,1983,7.660083333333334
Kazakhstan,1984,4.852333333333333
Kazakhstan,1985,5.49775
Kazakhstan,1986,5.68725
Kazakhstan,1987,5.526083333333333
Kazakhstan,1988,6.377666666666667
Kazakhstan,1989,6.517
Kazakhstan,1990,6.55575
Kazakhstan,1991,6.470999999999999
Kazakhstan,1992,5.809666666666668
Kazakhstan,1993,4.70225
Kazakhstan,1994,5.5365
Kazakhstan,1995,7.335333333333334
Kazakhstan,1996,5.100833333333334
Kazakhstan,1997,7.065333333333334
Kazakhstan,1998,6.248916666666667
Kazakhstan,1999,6.9755
Kazakhstan,2000,6.761416666666666
Kazakhstan,2001,6.813083333333334
Kazakhstan,2002,7.301583333333334
Kazakhstan,2003,6.131416666666667
Kazakhstan,2004,7.393
Kazakhstan,2005,6.998833333333334
Kazakhstan,2006,6.869833333333333
Kazakhstan,2007,7.155166666666666
Kazakhstan,2008,7.028916666666667
Kazakhstan,2009,6.382083333333333
Kazakhstan,2010,6.710000000000001
Kazakhstan,2011,5.69625
Kazakhstan,2012,6.0754166666666665
Kazakhstan,2013,8.937249999999999
Kenya,1900,24.129833333333334
Kenya,1901,24.294
Kenya,1902,24.088333333333335
Kenya,1903,24.03425
Kenya,1904,23.63308333333333
Kenya,1905,23.725916666666667
Kenya,1906,23.382166666666667
Kenya,1907,23.467583333333334
Kenya,1908,23.876833333333334
Kenya,1909,23.566666666666666
Kenya,1910,23.796083333333332
Kenya,1911,23.82875
Kenya,1912,23.72875
Kenya,1913,23.883
Kenya,1914,24.295916666666667
Kenya,1915,24.26516666666667
Kenya,1916,23.7555
Kenya,1917,23.501833333333334
Kenya,1918,23.77208333333333
Kenya,1919,24.088083333333334
Kenya,1920,23.54433333333333
Kenya,1921,23.718083333333336
Kenya,1922,23.55858333333333
Kenya,1923,23.53625
Kenya,1924,23.819333333333333
Kenya,1925,23.819
Kenya,1926,23.926666666666666
Kenya,1927,23.905333333333335
Kenya,1928,23.982416666666666
Kenya,1929,24.1035
Kenya,1930,24.034166666666668
Kenya,1931,24.45775
Kenya,1932,23.98925
Kenya,1933,24.232166666666668
Kenya,1934,24.207833333333337
Kenya,1935,24.150583333333334
Kenya,1936,24.003333333333334
Kenya,1937,23.979833333333332
Kenya,1938,23.900166666666667
Kenya,1939,24.15816666666667
Kenya,1940,24.331
Kenya,1941,24.446250000000003
Kenya,1942,24.0715
Kenya,1943,24.130416666666665
Kenya,1944,24.165833333333335
Kenya,1945,24.255166666666668
Kenya,1946,24.139916666666664
Kenya,1947,23.96925
Kenya,1948,24.070166666666665
Kenya,1949,24.37375
Kenya,1950,23.94541666666667
Kenya,1951,23.989666666666665
Kenya,1952,24.389666666666667
Kenya,1953,24.366
Kenya,1954,24.10775
Kenya,1955,24.128833333333333
Kenya,1956,23.7835
Kenya,1957,24.047416666666667
Kenya,1958,24.34541666666667
Kenya,1959,24.297416666666667
Kenya,1960,24.09575
Kenya,1961,24.219583333333333
Kenya,1962,24.002083333333335
Kenya,1963,23.945083333333333
Kenya,1964,23.764833333333332
Kenya,1965,23.977249999999998
Kenya,1966,24.2165
Kenya,1967,24.136416666666666
Kenya,1968,23.579666666666668
Kenya,1969,24.278666666666666
Kenya,1970,24.230249999999998
Kenya,1971,23.8565
Kenya,1972,24.397166666666667
Kenya,1973,24.483416666666667
Kenya,1974,24.028666666666666
Kenya,1975,24.149416666666667
Kenya,1976,24.313333333333333
Kenya,1977,24.330416666666668
Kenya,1978,24.075833333333335
Kenya,1979,24.24116666666667
Kenya,1980,24.722416666666664
Kenya,1981,24.320916666666665
Kenya,1982,24.359416666666664
Kenya,1983,24.776
Kenya,1984,24.292083333333334
Kenya,1985,24.169583333333335
Kenya,1986,24.419583333333335
Kenya,1987,25.01575
Kenya,1988,24.66025
Kenya,1989,24.021666666666665
Kenya,1990,24.132416666666668
Kenya,1991,24.371583333333334
Kenya,1992,24.408916666666666
Kenya,1993,24.281583333333334
Kenya,1994,24.524916666666666
Kenya,1995,24.475333333333335
Kenya,1996,24.453000000000003
Kenya,1997,24.56475
Kenya,1998,24.590999999999998
Kenya,1999,24.57058333333333
Kenya,2000,24.71666666666667
Kenya,2001,24.458333333333332
Kenya,2002,24.66175
Kenya,2003,24.858333333333334
Kenya,2004,24.86708333333333
Kenya,2005,25.133666666666667
Kenya,2006,24.820083333333333
Kenya,2007,24.788750000000004
Kenya,2008,24.64975
Kenya,2009,25.228083333333334
Kenya,2010,24.961250000000003
Kenya,2011,24.96575
Kenya,2012,24.925416666666667
Kenya,2013,24.93525
Kingman Reef,1900,26.999916666666667
Kingman Reef,1901,26.915666666666667
Kingman Reef,1902,26.711000000000002
Kingman Reef,1903,26.501666666666665
Kingman Reef,1904,26.60275
Kingman Reef,1905,26.81375
Kingman Reef,1906,26.966916666666666
Kingman Reef,1907,26.62241666666667
Kingman Reef,1908,26.574333333333332
Kingman Reef,1909,26.491833333333332
Kingman Reef,1910,26.295916666666667
Kingman Reef,1911,26.673833333333334
Kingman Reef,1912,26.808083333333332
Kingman Reef,1913,26.7915
Kingman Reef,1914,27.040499999999998
Kingman Reef,1915,27.048750000000002
Kingman Reef,1916,26.565250000000002
Kingman Reef,1917,26.254583333333333
Kingman Reef,1918,26.649416666666667
Kingman Reef,1919,26.874416666666665
Kingman Reef,1920,26.646833333333333
Kingman Reef,1921,26.9345
Kingman Reef,1922,26.65341666666667
Kingman Reef,1923,27.114833333333333
Kingman Reef,1924,26.90116666666667
Kingman Reef,1925,27.06125
Kingman Reef,1926,27.180083333333332
Kingman Reef,1927,26.993083333333335
Kingman Reef,1928,27.015333333333334
Kingman Reef,1929,26.873250000000002
Kingman Reef,1930,27.366500000000002
Kingman Reef,1931,27.092333333333332
Kingman Reef,1932,26.860083333333336
Kingman Reef,1933,26.540333333333336
Kingman Reef,1934,26.96075
Kingman Reef,1935,27.054666666666666
Kingman Reef,1936,27.0455
Kingman Reef,1937,27.34766666666667
Kingman Reef,1938,27.17741666666667
Kingman Reef,1939,27.051833333333335
Kingman Reef,1940,27.61
Kingman Reef,1941,27.787583333333334
Kingman Reef,1942,26.347416666666664
Kingman Reef,1943,27.23075
Kingman Reef,1944,27.500583333333335
Kingman Reef,1945,27.167583333333337
Kingman Reef,1946,27.474666666666668
Kingman Reef,1947,27.320416666666663
Kingman Reef,1948,27.383916666666668
Kingman Reef,1949,26.759416666666667
Kingman Reef,1950,26.67616666666667
Kingman Reef,1951,27.756833333333336
Kingman Reef,1952,27.381333333333334
Kingman Reef,1953,27.057666666666666
Kingman Reef,1954,26.864500000000003
Kingman Reef,1955,26.57816666666667
Kingman Reef,1956,26.665666666666667
Kingman Reef,1957,27.30125
Kingman Reef,1958,27.38766666666667
Kingman Reef,1959,27.339583333333334
Kingman Reef,1960,27.158833333333334
Kingman Reef,1961,27.214833333333335
Kingman Reef,1962,27.080333333333332
Kingman Reef,1963,27.4235
Kingman Reef,1964,26.857083333333335
Kingman Reef,1965,27.030666666666665
Kingman Reef,1966,27.394500000000004
Kingman Reef,1967,27.343083333333336
Kingman Reef,1968,27.442916666666665
Kingman Reef,1969,27.54816666666667
Kingman Reef,1970,27.130916666666668
Kingman Reef,1971,26.681583333333336
Kingman Reef,1972,27.251166666666666
Kingman Reef,1973,26.848833333333335
Kingman Reef,1974,27.048833333333334
Kingman Reef,1975,26.672833333333333
Kingman Reef,1976,26.886166666666668
Kingman Reef,1977,27.761833333333332
Kingman Reef,1978,27.443916666666667
Kingman Reef,1979,27.406333333333336
Kingman Reef,1980,27.691666666666666
Kingman Reef,1981,27.407
Kingman Reef,1982,27.598166666666668
Kingman Reef,1983,27.476
Kingman Reef,1984,27.29225
Kingman Reef,1985,27.245583333333332
Kingman Reef,1986,27.6905
Kingman Reef,1987,27.79825
Kingman Reef,1988,27.409750000000003
Kingman Reef,1989,27.12541666666667
Kingman Reef,1990,27.535333333333337
Kingman Reef,1991,27.76866666666667
Kingman Reef,1992,27.641416666666668
Kingman Reef,1993,27.505166666666668
Kingman Reef,1994,27.708333333333332
Kingman Reef,1995,27.895583333333335
Kingman Reef,1996,27.819999999999997
Kingman Reef,1997,27.905583333333336
Kingman Reef,1998,27.765500000000003
Kingman Reef,1999,27.306750000000005
Kingman Reef,2000,27.453916666666668
Kingman Reef,2001,27.822916666666668
Kingman Reef,2002,28.007416666666668
Kingman Reef,2003,28.136416666666666
Kingman Reef,2004,28.03741666666667
Kingman Reef,2005,28.164083333333334
Kingman Reef,2006,28.081500000000002
Kingman Reef,2007,27.78991666666667
Kingman Reef,2008,27.495
Kingman Reef,2009,27.989
Kingman Reef,2010,27.84866666666667
Kingman Reef,2011,27.672833333333333
Kingman Reef,2012,27.67941666666667
Kingman Reef,2013,27.843875
Kiribati,1900,26.55841666666667
Kiribati,1901,26.458083333333335
Kiribati,1902,26.35175
Kiribati,1903,26.1725
Kiribati,1904,26.1515
Kiribati,1905,26.459000000000003
Kiribati,1906,26.506416666666667
Kiribati,1907,26.255166666666668
Kiribati,1908,26.213250000000002
Kiribati,1909,26.13925
Kiribati,1910,25.897583333333333
Kiribati,1911,26.33
Kiribati,1912,26.474
Kiribati,1913,26.389583333333334
Kiribati,1914,26.66291666666667
Kiribati,1915,26.69458333333333
Kiribati,1916,26.055083333333332
Kiribati,1917,25.6825
Kiribati,1918,26.31325
Kiribati,1919,26.480999999999998
Kiribati,1920,26.21258333333333
Kiribati,1921,26.554833333333335
Kiribati,1922,26.235500000000002
Kiribati,1923,26.682833333333335
Kiribati,1924,26.589333333333332
Kiribati,1925,26.643583333333336
Kiribati,1926,26.749416666666665
Kiribati,1927,26.60966666666667
Kiribati,1928,26.632666666666665
Kiribati,1929,26.450666666666667
Kiribati,1930,26.958583333333333
Kiribati,1931,26.726083333333335
Kiribati,1932,26.510500000000004
Kiribati,1933,26.164
Kiribati,1934,26.551916666666667
Kiribati,1935,26.67833333333333
Kiribati,1936,26.640416666666667
Kiribati,1937,26.92866666666667
Kiribati,1938,26.696583333333333
Kiribati,1939,26.72383333333333
Kiribati,1940,27.312749999999998
Kiribati,1941,27.435083333333335
Kiribati,1942,25.88416666666667
Kiribati,1943,26.85966666666667
Kiribati,1944,27.05425
Kiribati,1945,27.003249999999998
Kiribati,1946,27.033666666666665
Kiribati,1947,26.769750000000002
Kiribati,1948,26.948333333333334
Kiribati,1949,26.45341666666667
Kiribati,1950,26.316166666666664
Kiribati,1951,27.313333333333333
Kiribati,1952,27.08175
Kiribati,1953,26.750333333333334
Kiribati,1954,26.40641666666667
Kiribati,1955,26.22425
Kiribati,1956,26.21166666666667
Kiribati,1957,26.964
Kiribati,1958,27.104333333333333
Kiribati,1959,26.98183333333333
Kiribati,1960,26.734750000000002
Kiribati,1961,26.785666666666668
Kiribati,1962,26.658083333333334
Kiribati,1963,27.058833333333336
Kiribati,1964,26.427666666666667
Kiribati,1965,26.685916666666667
Kiribati,1966,27.055750000000003
Kiribati,1967,26.90925
Kiribati,1968,26.856333333333335
Kiribati,1969,27.221333333333334
Kiribati,1970,26.750333333333334
Kiribati,1971,26.18166666666667
Kiribati,1972,26.85375
Kiribati,1973,26.62216666666667
Kiribati,1974,26.608166666666666
Kiribati,1975,26.39425
Kiribati,1976,26.55225
Kiribati,1977,27.341333333333335
Kiribati,1978,26.971666666666668
Kiribati,1979,27.061000000000003
Kiribati,1980,27.257
Kiribati,1981,26.935833333333335
Kiribati,1982,27.28991666666667
Kiribati,1983,27.2045
Kiribati,1984,26.82675
Kiribati,1985,26.807666666666666
Kiribati,1986,27.17175
Kiribati,1987,27.596333333333334
Kiribati,1988,26.931083333333333
Kiribati,1989,26.684416666666667
Kiribati,1990,27.075666666666667
Kiribati,1991,27.363083333333336
Kiribati,1992,27.287333333333333
Kiribati,1993,27.138583333333333
Kiribati,1994,27.247083333333336
Kiribati,1995,27.46591666666667
Kiribati,1996,27.3535
Kiribati,1997,27.496333333333336
Kiribati,1998,27.465999999999998
Kiribati,1999,26.93541666666667
Kiribati,2000,27.079250000000002
Kiribati,2001,27.39225
Kiribati,2002,27.657916666666665
Kiribati,2003,27.767083333333332
Kiribati,2004,27.683666666666667
Kiribati,2005,27.814083333333333
Kiribati,2006,27.756
Kiribati,2007,27.295416666666668
Kiribati,2008,26.961000000000002
Kiribati,2009,27.66616666666667
Kiribati,2010,27.531666666666666
Kiribati,2011,27.160666666666668
Kiribati,2012,27.3385
Kiribati,2013,27.551375
Kuwait,1900,25.096999999999998
Kuwait,1901,25.79116666666667
Kuwait,1902,25.47475
Kuwait,1903,24.331666666666667
Kuwait,1904,24.846500000000002
Kuwait,1905,24.495833333333337
Kuwait,1906,24.43625
Kuwait,1907,23.91508333333333
Kuwait,1908,24.766833333333334
Kuwait,1909,25.359750000000002
Kuwait,1910,24.457333333333334
Kuwait,1911,23.69583333333333
Kuwait,1912,25.10675
Kuwait,1913,24.669083333333333
Kuwait,1914,24.7995
Kuwait,1915,25.372
Kuwait,1916,24.67925
Kuwait,1917,25.169083333333333
Kuwait,1918,24.50475
Kuwait,1919,25.20925
Kuwait,1920,24.437
Kuwait,1921,24.74175
Kuwait,1922,25.269916666666663
Kuwait,1923,24.7825
Kuwait,1924,25.482333333333333
Kuwait,1925,24.842
Kuwait,1926,24.92716666666667
Kuwait,1927,25.055333333333333
Kuwait,1928,25.02416666666667
Kuwait,1929,25.085333333333335
Kuwait,1930,25.267666666666667
Kuwait,1931,25.05275
Kuwait,1932,24.7135
Kuwait,1933,24.450000000000003
Kuwait,1934,24.58366666666667
Kuwait,1935,25.484583333333333
Kuwait,1936,24.864166666666666
Kuwait,1937,25.086833333333335
Kuwait,1938,25.003833333333333
Kuwait,1939,24.958416666666665
Kuwait,1940,25.497
Kuwait,1941,25.244
Kuwait,1942,25.529666666666667
Kuwait,1943,24.83575
Kuwait,1944,25.259249999999998
Kuwait,1945,24.77133333333333
Kuwait,1946,25.125416666666666
Kuwait,1947,26.016416666666668
Kuwait,1948,24.5085
Kuwait,1949,24.63525
Kuwait,1950,24.617833333333333
Kuwait,1951,25.565916666666666
Kuwait,1952,25.49291666666667
Kuwait,1953,24.896416666666667
Kuwait,1954,25.460833333333337
Kuwait,1955,25.442333333333334
Kuwait,1956,24.725916666666667
Kuwait,1957,24.71241666666667
Kuwait,1958,25.378500000000003
Kuwait,1959,24.554833333333335
Kuwait,1960,25.696749999999998
Kuwait,1961,24.980499999999996
Kuwait,1962,26.154083333333332
Kuwait,1963,25.459833333333336
Kuwait,1964,24.548000000000002
Kuwait,1965,25.540916666666664
Kuwait,1966,26.150583333333334
Kuwait,1967,24.44633333333333
Kuwait,1968,25.329833333333337
Kuwait,1969,25.68241666666667
Kuwait,1970,25.65725
Kuwait,1971,25.0655
Kuwait,1972,24.3685
Kuwait,1973,25.40641666666667
Kuwait,1974,24.997249999999998
Kuwait,1975,25.008916666666668
Kuwait,1976,24.96466666666667
Kuwait,1977,25.572000000000003
Kuwait,1978,25.472916666666666
Kuwait,1979,26.17125
Kuwait,1980,25.670833333333334
Kuwait,1981,25.69275
Kuwait,1982,24.723000000000003
Kuwait,1983,24.795833333333334
Kuwait,1984,25.123333333333335
Kuwait,1985,25.358083333333337
Kuwait,1986,25.4425
Kuwait,1987,26.020083333333336
Kuwait,1988,25.596333333333334
Kuwait,1989,25.300166666666666
Kuwait,1990,25.758583333333334
Kuwait,1991,25.348583333333334
Kuwait,1992,24.30033333333333
Kuwait,1993,25.361833333333333
Kuwait,1994,25.842333333333332
Kuwait,1995,25.49175
Kuwait,1996,26.327916666666667
Kuwait,1997,25.315833333333334
Kuwait,1998,26.670749999999998
Kuwait,1999,26.83683333333333
Kuwait,2000,26.376083333333337
Kuwait,2001,26.654750000000003
Kuwait,2002,26.386750000000003
Kuwait,2003,26.496583333333334
Kuwait,2004,26.155416666666667
Kuwait,2005,25.987916666666667
Kuwait,2006,26.314666666666668
Kuwait,2007,26.330916666666667
Kuwait,2008,26.266583333333333
Kuwait,2009,26.453166666666664
Kuwait,2010,27.63866666666667
Kuwait,2011,26.087500000000002
Kuwait,2012,26.675583333333336
Kuwait,2013,27.273375
Kyrgyzstan,1900,2.7620000000000005
Kyrgyzstan,1901,2.8009166666666663
Kyrgyzstan,1902,3.229333333333333
Kyrgyzstan,1903,1.4500833333333336
Kyrgyzstan,1904,2.8491666666666666
Kyrgyzstan,1905,1.933
Kyrgyzstan,1906,2.8615
Kyrgyzstan,1907,2.1846666666666663
Kyrgyzstan,1908,2.6750833333333333
Kyrgyzstan,1909,3.6316666666666664
Kyrgyzstan,1910,2.900166666666667
Kyrgyzstan,1911,3.2474166666666675
Kyrgyzstan,1912,3.7763333333333335
Kyrgyzstan,1913,2.9716666666666662
Kyrgyzstan,1914,3.8185000000000002
Kyrgyzstan,1915,4.398416666666667
Kyrgyzstan,1916,3.0456666666666656
Kyrgyzstan,1917,3.766166666666667
Kyrgyzstan,1918,2.8356666666666666
Kyrgyzstan,1919,2.724083333333333
Kyrgyzstan,1920,1.605833333333333
Kyrgyzstan,1921,2.4622500000000005
Kyrgyzstan,1922,3.862083333333334
Kyrgyzstan,1923,2.8993333333333333
Kyrgyzstan,1924,3.2159166666666668
Kyrgyzstan,1925,3.6924999999999994
Kyrgyzstan,1926,3.4585833333333333
Kyrgyzstan,1927,3.448166666666667
Kyrgyzstan,1928,2.5195833333333333
Kyrgyzstan,1929,2.0331666666666663
Kyrgyzstan,1930,2.332333333333333
Kyrgyzstan,1931,2.345166666666667
Kyrgyzstan,1932,2.96875
Kyrgyzstan,1933,3.1281666666666665
Kyrgyzstan,1934,1.8077499999999997
Kyrgyzstan,1935,2.2725833333333334
Kyrgyzstan,1936,2.89225
Kyrgyzstan,1937,2.3073333333333332
Kyrgyzstan,1938,3.59825
Kyrgyzstan,1939,3.831416666666667
Kyrgyzstan,1940,4.518166666666667
Kyrgyzstan,1941,4.892916666666667
Kyrgyzstan,1942,3.578416666666667
Kyrgyzstan,1943,3.1011666666666664
Kyrgyzstan,1944,3.5468333333333333
Kyrgyzstan,1945,2.78575
Kyrgyzstan,1946,3.61575
Kyrgyzstan,1947,4.086333333333333
Kyrgyzstan,1948,3.431333333333333
Kyrgyzstan,1949,2.57125
Kyrgyzstan,1950,2.6250000000000004
Kyrgyzstan,1951,2.808416666666666
Kyrgyzstan,1952,3.08175
Kyrgyzstan,1953,3.4
Kyrgyzstan,1954,2.2725833333333334
Kyrgyzstan,1955,3.8522499999999997
Kyrgyzstan,1956,3.783583333333334
Kyrgyzstan,1957,2.649833333333333
Kyrgyzstan,1958,3.7093333333333334
Kyrgyzstan,1959,3.2821666666666665
Kyrgyzstan,1960,3.011249999999999
Kyrgyzstan,1961,3.933916666666667
Kyrgyzstan,1962,3.5964166666666664
Kyrgyzstan,1963,4.435416666666667
Kyrgyzstan,1964,2.702583333333333
Kyrgyzstan,1965,4.095999999999999
Kyrgyzstan,1966,3.744499999999999
Kyrgyzstan,1967,3.179916666666667
Kyrgyzstan,1968,3.5055833333333326
Kyrgyzstan,1969,2.3744166666666664
Kyrgyzstan,1970,3.7745833333333327
Kyrgyzstan,1971,4.176749999999999
Kyrgyzstan,1972,2.372583333333333
Kyrgyzstan,1973,4.082833333333333
Kyrgyzstan,1974,2.8895
Kyrgyzstan,1975,3.4741666666666666
Kyrgyzstan,1976,3.0085833333333327
Kyrgyzstan,1977,3.94
Kyrgyzstan,1978,3.8703333333333334
Kyrgyzstan,1979,3.807916666666667
Kyrgyzstan,1980,4.507833333333333
Kyrgyzstan,1981,4.140499999999999
Kyrgyzstan,1982,3.7505833333333336
Kyrgyzstan,1983,4.4415000000000004
Kyrgyzstan,1984,2.94
Kyrgyzstan,1985,3.829833333333333
Kyrgyzstan,1986,3.8058333333333336
Kyrgyzstan,1987,4.004583333333334
Kyrgyzstan,1988,4.332999999999999
Kyrgyzstan,1989,3.3475833333333327
Kyrgyzstan,1990,4.492416666666666
Kyrgyzstan,1991,3.7833333333333337
Kyrgyzstan,1992,3.7207500000000002
Kyrgyzstan,1993,3.116166666666667
Kyrgyzstan,1994,3.7527500000000003
Kyrgyzstan,1995,4.050166666666667
Kyrgyzstan,1996,3.414583333333334
Kyrgyzstan,1997,4.873916666666667
Kyrgyzstan,1998,4.393166666666667
Kyrgyzstan,1999,4.6003333333333325
Kyrgyzstan,2000,4.73075
Kyrgyzstan,2001,4.781
Kyrgyzstan,2002,4.709
Kyrgyzstan,2003,4.042333333333333
Kyrgyzstan,2004,5.02925
Kyrgyzstan,2005,4.518083333333333
Kyrgyzstan,2006,4.917333333333333
Kyrgyzstan,2007,5.053249999999999
Kyrgyzstan,2008,4.577583333333333
Kyrgyzstan,2009,4.349166666666666
Kyrgyzstan,2010,4.59575
Kyrgyzstan,2011,4.201583333333333
Kyrgyzstan,2012,3.576916666666667
Kyrgyzstan,2013,6.2631250000000005
Laos,1900,23.50916666666667
Laos,1901,23.472166666666666
Laos,1902,23.89816666666667
Laos,1903,23.292333333333332
Laos,1904,23.246916666666667
Laos,1905,23.524583333333336
Laos,1906,23.704166666666666
Laos,1907,23.11616666666667
Laos,1908,23.211583333333333
Laos,1909,23.596333333333334
Laos,1910,23.44158333333333
Laos,1911,23.769833333333334
Laos,1912,23.4045
Laos,1913,23.10291666666667
Laos,1914,23.894166666666667
Laos,1915,23.84625
Laos,1916,23.151750000000003
Laos,1917,22.91825
Laos,1918,23.194833333333335
Laos,1919,23.887833333333333
Laos,1920,23.674916666666665
Laos,1921,23.4505
Laos,1922,23.7175
Laos,1923,23.797083333333333
Laos,1924,23.741249999999997
Laos,1925,23.227666666666668
Laos,1926,23.666916666666665
Laos,1927,23.556749999999997
Laos,1928,23.56383333333333
Laos,1929,23.49825
Laos,1930,23.398666666666667
Laos,1931,24.106333333333335
Laos,1932,23.302583333333335
Laos,1933,23.505
Laos,1934,23.151750000000003
Laos,1935,24.2075
Laos,1936,23.426666666666666
Laos,1937,24.105166666666666
Laos,1938,23.690583333333336
Laos,1939,23.71275
Laos,1940,23.771583333333336
Laos,1941,24.41016666666667
Laos,1942,24.037000000000003
Laos,1943,23.54133333333333
Laos,1944,24.08675
Laos,1945,23.607416666666666
Laos,1946,24.500333333333334
Laos,1947,24.047916666666666
Laos,1948,23.786333333333335
Laos,1949,23.89375
Laos,1950,23.7715
Laos,1951,23.725166666666667
Laos,1952,23.987666666666666
Laos,1953,24.14708333333333
Laos,1954,24.027
Laos,1955,23.53141666666667
Laos,1956,23.668583333333334
Laos,1957,24.125249999999998
Laos,1958,23.954250000000002
Laos,1959,24.14816666666667
Laos,1960,24.113416666666666
Laos,1961,24.031333333333333
Laos,1962,23.608500000000003
Laos,1963,23.66325
Laos,1964,23.822666666666667
Laos,1965,24.02841666666667
Laos,1966,24.535833333333333
Laos,1967,23.532
Laos,1968,23.847250000000003
Laos,1969,24.125500000000002
Laos,1970,23.988583333333334
Laos,1971,23.200999999999997
Laos,1972,23.910416666666666
Laos,1973,24.074250000000003
Laos,1974,23.564916666666665
Laos,1975,23.8125
Laos,1976,23.52325
Laos,1977,23.806416666666667
Laos,1978,23.8565
Laos,1979,24.257
Laos,1980,24.282583333333335
Laos,1981,24.02433333333333
Laos,1982,23.86975
Laos,1983,23.858416666666667
Laos,1984,23.73575
Laos,1985,23.8195
Laos,1986,23.74466666666667
Laos,1987,24.351250000000004
Laos,1988,23.993
Laos,1989,23.818749999999998
Laos,1990,24.057333333333332
Laos,1991,24.259583333333335
Laos,1992,23.71183333333333
Laos,1993,23.770333333333337
Laos,1994,24.060916666666667
Laos,1995,23.945833333333336
Laos,1996,23.7015
Laos,1997,24.11791666666667
Laos,1998,24.86883333333333
Laos,1999,23.937083333333334
Laos,2000,23.835166666666666
Laos,2001,24.155083333333334
Laos,2002,24.22041666666667
Laos,2003,24.331916666666668
Laos,2004,23.86375
Laos,2005,24.31775
Laos,2006,24.4055
Laos,2007,24.21075
Laos,2008,23.631583333333335
Laos,2009,24.3655
Laos,2010,24.934166666666666
Laos,2011,23.61066666666667
Laos,2012,24.907666666666668
Laos,2013,25.38525
Latvia,1900,4.995500000000001
Latvia,1901,5.729
Latvia,1902,3.5875
Latvia,1903,6.304166666666667
Latvia,1904,4.578
Latvia,1905,5.5295
Latvia,1906,6.123
Latvia,1907,4.2459999999999996
Latvia,1908,4.821833333333334
Latvia,1909,4.68775
Latvia,1910,6.580416666666667
Latvia,1911,5.5923333333333325
Latvia,1912,4.757000000000001
Latvia,1913,6.245333333333334
Latvia,1914,6.2739166666666675
Latvia,1915,4.1481666666666674
Latvia,1916,5.44775
Latvia,1917,4.434666666666667
Latvia,1918,5.534916666666667
Latvia,1919,4.615749999999999
Latvia,1920,6.37425
Latvia,1921,5.734916666666667
Latvia,1922,4.519916666666668
Latvia,1923,4.8775
Latvia,1924,5.145666666666667
Latvia,1925,6.239083333333333
Latvia,1926,5.136083333333333
Latvia,1927,5.0594166666666665
Latvia,1928,5.069583333333333
Latvia,1929,4.475416666666668
Latvia,1930,6.420166666666667
Latvia,1931,4.551833333333334
Latvia,1932,6.152833333333334
Latvia,1933,4.616833333333333
Latvia,1934,7.362750000000001
Latvia,1935,5.763000000000001
Latvia,1936,6.616416666666667
Latvia,1937,6.349166666666668
Latvia,1938,7.02925
Latvia,1939,6.253416666666667
Latvia,1940,3.7137500000000006
Latvia,1941,3.1449999999999996
Latvia,1942,3.210750000000001
Latvia,1943,6.528083333333334
Latvia,1944,6.19275
Latvia,1945,5.396166666666667
Latvia,1946,5.482833333333333
Latvia,1947,4.823083333333334
Latvia,1948,6.30875
Latvia,1949,7.181750000000001
Latvia,1950,5.77025
Latvia,1951,5.60625
Latvia,1952,4.965083333333333
Latvia,1953,5.961166666666667
Latvia,1954,5.315750000000001
Latvia,1955,4.961250000000001
Latvia,1956,3.9716666666666662
Latvia,1957,6.292666666666666
Latvia,1958,5.075583333333333
Latvia,1959,6.349416666666667
Latvia,1960,5.492583333333333
Latvia,1961,6.901833333333333
Latvia,1962,5.109750000000001
Latvia,1963,4.615583333333333
Latvia,1964,5.51325
Latvia,1965,4.728916666666667
Latvia,1966,5.01775
Latvia,1967,6.067583333333334
Latvia,1968,5.180833333333333
Latvia,1969,4.181916666666667
Latvia,1970,4.837416666666667
Latvia,1971,6.0633333333333335
Latvia,1972,6.335250000000001
Latvia,1973,6.01775
Latvia,1974,6.565
Latvia,1975,7.456666666666667
Latvia,1976,4.35025
Latvia,1977,5.423666666666667
Latvia,1978,4.638416666666667
Latvia,1979,5.19
Latvia,1980,4.7629166666666665
Latvia,1981,5.800583333333333
Latvia,1982,6.01125
Latvia,1983,6.788833333333334
Latvia,1984,6.0951666666666675
Latvia,1985,4.168500000000001
Latvia,1986,5.403666666666666
Latvia,1987,3.874
Latvia,1988,6.149916666666666
Latvia,1989,7.5995833333333325
Latvia,1990,7.325666666666668
Latvia,1991,6.689916666666668
Latvia,1992,6.920083333333333
Latvia,1993,5.639916666666668
Latvia,1994,5.9385
Latvia,1995,6.566333333333334
Latvia,1996,4.9670000000000005
Latvia,1997,6.232083333333333
Latvia,1998,5.997750000000001
Latvia,1999,7.1089166666666666
Latvia,2000,7.497083333333333
Latvia,2001,6.53925
Latvia,2002,6.917583333333333
Latvia,2003,6.2772499999999996
Latvia,2004,6.334083333333333
Latvia,2005,6.3745
Latvia,2006,6.970583333333334
Latvia,2007,7.278916666666667
Latvia,2008,7.6810833333333335
Latvia,2009,6.559333333333334
Latvia,2010,5.711083333333334
Latvia,2011,7.2452499999999995
Latvia,2012,6.043333333333334
Latvia,2013,7.322375000000001
Lebanon,1900,17.877166666666668
Lebanon,1901,18.388083333333334
Lebanon,1902,17.93225
Lebanon,1903,17.24533333333333
Lebanon,1904,17.206333333333333
Lebanon,1905,17.170666666666666
Lebanon,1906,17.393416666666667
Lebanon,1907,16.784000000000002
Lebanon,1908,16.9475
Lebanon,1909,17.973166666666668
Lebanon,1910,17.121333333333336
Lebanon,1911,16.59975
Lebanon,1912,17.387083333333333
Lebanon,1913,16.918499999999998
Lebanon,1914,17.06566666666667
Lebanon,1915,17.75175
Lebanon,1916,18.03
Lebanon,1917,17.896166666666666
Lebanon,1918,17.42175
Lebanon,1919,17.776083333333332
Lebanon,1920,16.829666666666665
Lebanon,1921,17.0085
Lebanon,1922,17.9305
Lebanon,1923,18.019000000000002
Lebanon,1924,17.832
Lebanon,1925,17.743166666666667
Lebanon,1926,17.84175
Lebanon,1927,18.08416666666667
Lebanon,1928,18.174583333333334
Lebanon,1929,17.713
Lebanon,1930,18.3045
Lebanon,1931,17.949333333333332
Lebanon,1932,17.800416666666667
Lebanon,1933,17.239166666666666
Lebanon,1934,17.920833333333334
Lebanon,1935,18.38083333333333
Lebanon,1936,18.14108333333333
Lebanon,1937,18.416333333333334
Lebanon,1938,17.572083333333335
Lebanon,1939,18.167666666666666
Lebanon,1940,18.054166666666667
Lebanon,1941,18.272666666666666
Lebanon,1942,17.89075
Lebanon,1943,17.542416666666668
Lebanon,1944,17.786666666666665
Lebanon,1945,17.446250000000003
Lebanon,1946,18.026750000000003
Lebanon,1947,18.761916666666668
Lebanon,1948,17.294083333333333
Lebanon,1949,17.01975
Lebanon,1950,17.695249999999998
Lebanon,1951,18.16625
Lebanon,1952,18.303250000000002
Lebanon,1953,17.18175
Lebanon,1954,18.148333333333333
Lebanon,1955,18.70925
Lebanon,1956,17.690833333333334
Lebanon,1957,17.873250000000002
Lebanon,1958,18.248500000000003
Lebanon,1959,17.253
Lebanon,1960,18.837333333333333
Lebanon,1961,17.763250000000003
Lebanon,1962,18.862750000000002
Lebanon,1963,18.511916666666668
Lebanon,1964,17.334166666666665
Lebanon,1965,17.90066666666667
Lebanon,1966,18.645166666666665
Lebanon,1967,17.020333333333333
Lebanon,1968,18.078583333333334
Lebanon,1969,18.273
Lebanon,1970,18.262583333333335
Lebanon,1971,17.71375
Lebanon,1972,17.343833333333333
Lebanon,1973,17.79525
Lebanon,1974,17.779416666666666
Lebanon,1975,17.690416666666668
Lebanon,1976,17.479000000000003
Lebanon,1977,17.937
Lebanon,1978,18.253833333333336
Lebanon,1979,18.60891666666667
Lebanon,1980,17.884583333333335
Lebanon,1981,18.14775
Lebanon,1982,17.324749999999998
Lebanon,1983,17.316083333333335
Lebanon,1984,17.773333333333333
Lebanon,1985,18.255333333333333
Lebanon,1986,18.111916666666666
Lebanon,1987,17.912
Lebanon,1988,17.97025
Lebanon,1989,18.106583333333333
Lebanon,1990,18.184583333333332
Lebanon,1991,18.114833333333333
Lebanon,1992,16.92125
Lebanon,1993,17.92625
Lebanon,1994,18.66425
Lebanon,1995,18.104833333333335
Lebanon,1996,18.50016666666667
Lebanon,1997,17.731583333333333
Lebanon,1998,19.00166666666667
Lebanon,1999,18.9815
Lebanon,2000,18.377333333333336
Lebanon,2001,19.06275
Lebanon,2002,18.677083333333332
Lebanon,2003,18.554
Lebanon,2004,18.47425
Lebanon,2005,18.39275
Lebanon,2006,18.314333333333334
Lebanon,2007,18.755166666666664
Lebanon,2008,18.957166666666666
Lebanon,2009,18.85225
Lebanon,2010,20.268833333333333
Lebanon,2011,18.261666666666667
Lebanon,2012,18.989083333333337
Lebanon,2013,19.17825
Lesotho,1900,13.843333333333334
Lesotho,1901,13.323583333333334
Lesotho,1902,13.11925
Lesotho,1903,13.306
Lesotho,1904,13.1885
Lesotho,1905,13.28175
Lesotho,1906,13.027833333333334
Lesotho,1907,13.014666666666665
Lesotho,1908,13.366416666666666
Lesotho,1909,13.419083333333333
Lesotho,1910,12.899166666666666
Lesotho,1911,13.185416666666667
Lesotho,1912,13.72125
Lesotho,1913,13.730916666666666
Lesotho,1914,13.932916666666666
Lesotho,1915,13.418333333333335
Lesotho,1916,13.415166666666666
Lesotho,1917,12.918166666666666
Lesotho,1918,13.256750000000002
Lesotho,1919,13.762166666666667
Lesotho,1920,13.651666666666666
Lesotho,1921,13.12508333333333
Lesotho,1922,13.893333333333333
Lesotho,1923,13.943583333333331
Lesotho,1924,13.020333333333333
Lesotho,1925,13.447833333333334
Lesotho,1926,13.807333333333332
Lesotho,1927,13.942166666666667
Lesotho,1928,13.66125
Lesotho,1929,13.821416666666666
Lesotho,1930,13.392083333333332
Lesotho,1931,13.727416666666665
Lesotho,1932,14.09525
Lesotho,1933,13.927166666666666
Lesotho,1934,13.767583333333334
Lesotho,1935,13.09666666666667
Lesotho,1936,13.478583333333333
Lesotho,1937,13.926583333333333
Lesotho,1938,13.991000000000001
Lesotho,1939,13.462833333333334
Lesotho,1940,14.1305
Lesotho,1941,14.305166666666667
Lesotho,1942,13.872666666666666
Lesotho,1943,13.082166666666666
Lesotho,1944,13.970500000000001
Lesotho,1945,14.042166666666667
Lesotho,1946,14.08525
Lesotho,1947,13.988666666666667
Lesotho,1948,13.808583333333333
Lesotho,1949,14.153166666666666
Lesotho,1950,14.00125
Lesotho,1951,13.421833333333332
Lesotho,1952,13.997916666666667
Lesotho,1953,13.677833333333332
Lesotho,1954,13.463833333333334
Lesotho,1955,12.982083333333334
Lesotho,1956,13.581583333333334
Lesotho,1957,13.86875
Lesotho,1958,14.091583333333332
Lesotho,1959,13.746416666666667
Lesotho,1960,13.899500000000002
Lesotho,1961,14.09325
Lesotho,1962,14.274416666666667
Lesotho,1963,13.829916666666668
Lesotho,1964,13.765333333333333
Lesotho,1965,13.951416666666667
Lesotho,1966,14.283500000000002
Lesotho,1967,13.755583333333334
Lesotho,1968,13.540583333333332
Lesotho,1969,14.3405
Lesotho,1970,14.286666666666667
Lesotho,1971,13.799500000000002
Lesotho,1972,13.912416666666667
Lesotho,1973,13.848500000000001
Lesotho,1974,13.662833333333333
Lesotho,1975,13.560250000000002
Lesotho,1976,13.427999999999999
Lesotho,1977,14.278583333333332
Lesotho,1978,13.877083333333333
Lesotho,1979,14.246416666666667
Lesotho,1980,14.109083333333333
Lesotho,1981,13.501
Lesotho,1982,14.327
Lesotho,1983,14.842166666666666
Lesotho,1984,14.320833333333333
Lesotho,1985,14.63675
Lesotho,1986,14.449083333333334
Lesotho,1987,14.527333333333333
Lesotho,1988,13.981916666666665
Lesotho,1989,13.832833333333333
Lesotho,1990,14.14725
Lesotho,1991,14.353
Lesotho,1992,14.890083333333335
Lesotho,1993,14.63275
Lesotho,1994,13.90275
Lesotho,1995,14.246
Lesotho,1996,13.655666666666667
Lesotho,1997,13.953250000000002
Lesotho,1998,14.542333333333334
Lesotho,1999,14.982166666666666
Lesotho,2000,14.053916666666666
Lesotho,2001,14.333416666666666
Lesotho,2002,14.387333333333332
Lesotho,2003,14.684833333333335
Lesotho,2004,14.562916666666666
Lesotho,2005,14.576500000000001
Lesotho,2006,13.903500000000001
Lesotho,2007,14.525333333333334
Lesotho,2008,14.427750000000001
Lesotho,2009,14.257166666666668
Lesotho,2010,14.906833333333333
Lesotho,2011,14.026916666666667
Lesotho,2012,14.3865
Lesotho,2013,13.773625
Liberia,1900,25.333083333333335
Liberia,1901,25.28408333333333
Liberia,1902,25.026416666666666
Liberia,1903,24.992833333333333
Liberia,1904,24.632166666666667
Liberia,1905,25.128
Liberia,1906,25.275916666666664
Liberia,1907,24.923166666666663
Liberia,1908,24.94875
Liberia,1909,24.8
Liberia,1910,25.255166666666668
Liberia,1911,24.83983333333333
Liberia,1912,25.568833333333334
Liberia,1913,25.583250000000003
Liberia,1914,25.455083333333334
Liberia,1915,25.550666666666668
Liberia,1916,25.296166666666668
Liberia,1917,25.278833333333335
Liberia,1918,25.096166666666665
Liberia,1919,25.283666666666665
Liberia,1920,25.415750000000003
Liberia,1921,25.375083333333333
Liberia,1922,25.271083333333333
Liberia,1923,25.090833333333336
Liberia,1924,25.075916666666668
Liberia,1925,25.13875
Liberia,1926,25.65641666666667
Liberia,1927,25.51875
Liberia,1928,25.30416666666667
Liberia,1929,25.50525
Liberia,1930,25.49525
Liberia,1931,25.461833333333335
Liberia,1932,25.072833333333335
Liberia,1933,25.452166666666667
Liberia,1934,25.491583333333335
Liberia,1935,25.298333333333336
Liberia,1936,25.390249999999998
Liberia,1937,25.675666666666668
Liberia,1938,25.554000000000002
Liberia,1939,25.315083333333334
Liberia,1940,25.909833333333335
Liberia,1941,25.90341666666667
Liberia,1942,25.449916666666667
Liberia,1943,25.234333333333336
Liberia,1944,25.58575
Liberia,1945,25.655583333333336
Liberia,1946,25.52925
Liberia,1947,25.6815
Liberia,1948,25.329333333333334
Liberia,1949,25.47866666666667
Liberia,1950,25.31916666666667
Liberia,1951,25.45266666666667
Liberia,1952,25.50616666666667
Liberia,1953,25.56116666666667
Liberia,1954,25.22083333333333
Liberia,1955,25.301166666666663
Liberia,1956,25.170083333333334
Liberia,1957,25.479583333333334
Liberia,1958,25.56866666666667
Liberia,1959,25.585083333333333
Liberia,1960,25.616500000000002
Liberia,1961,25.52916666666667
Liberia,1962,25.439000000000004
Liberia,1963,25.729
Liberia,1964,25.413916666666665
Liberia,1965,25.2985
Liberia,1966,25.584166666666665
Liberia,1967,25.296499999999998
Liberia,1968,25.524916666666666
Liberia,1969,25.72583333333333
Liberia,1970,25.780833333333334
Liberia,1971,25.277333333333335
Liberia,1972,25.57558333333333
Liberia,1973,25.960333333333335
Liberia,1974,25.491666666666664
Liberia,1975,25.33241666666667
Liberia,1976,25.16091666666667
Liberia,1977,25.72425
Liberia,1978,25.625249999999998
Liberia,1979,25.898083333333332
Liberia,1980,25.795
Liberia,1981,25.770083333333332
Liberia,1982,25.542333333333335
Liberia,1983,25.91116666666667
Liberia,1984,25.782583333333335
Liberia,1985,25.615333333333336
Liberia,1986,25.480333333333334
Liberia,1987,26.327833333333334
Liberia,1988,25.954000000000004
Liberia,1989,25.839083333333335
Liberia,1990,25.881583333333335
Liberia,1991,25.844916666666666
Liberia,1992,25.655916666666666
Liberia,1993,25.832583333333332
Liberia,1994,25.720916666666668
Liberia,1995,25.94875
Liberia,1996,25.99625
Liberia,1997,25.99066666666667
Liberia,1998,26.459999999999997
Liberia,1999,25.889666666666667
Liberia,2000,25.859750000000002
Liberia,2001,26.153500000000005
Liberia,2002,26.236083333333337
Liberia,2003,26.386916666666664
Liberia,2004,26.2835
Liberia,2005,26.290916666666664
Liberia,2006,26.18316666666667
Liberia,2007,26.289833333333334
Liberia,2008,26.297416666666667
Liberia,2009,26.494
Liberia,2010,26.532750000000004
Liberia,2011,26.240666666666666
Liberia,2012,25.995583333333332
Liberia,2013,26.314
Libya,1900,22.170833333333334
Libya,1901,22.345250000000004
Libya,1902,22.120333333333335
Libya,1903,21.76325
Libya,1904,21.853166666666667
Libya,1905,21.97075
Libya,1906,22.12875
Libya,1907,21.546499999999998
Libya,1908,21.779750000000003
Libya,1909,22.153916666666664
Libya,1910,21.665333333333333
Libya,1911,21.88925
Libya,1912,21.766666666666666
Libya,1913,22.178416666666667
Libya,1914,22.39625
Libya,1915,22.48425
Libya,1916,22.528333333333332
Libya,1917,21.940749999999998
Libya,1918,22.21925
Libya,1919,22.35525
Libya,1920,22.029666666666667
Libya,1921,22.140583333333336
Libya,1922,22.216333333333335
Libya,1923,21.981166666666667
Libya,1924,22.609916666666667
Libya,1925,22.5155
Libya,1926,22.548166666666663
Libya,1927,22.723166666666668
Libya,1928,22.77208333333333
Libya,1929,21.87325
Libya,1930,22.706083333333336
Libya,1931,23.08375
Libya,1932,22.86508333333333
Libya,1933,22.613166666666668
Libya,1934,22.624416666666665
Libya,1935,22.358249999999998
Libya,1936,22.557916666666667
Libya,1937,22.7765
Libya,1938,22.07766666666667
Libya,1939,22.826833333333337
Libya,1940,22.394000000000002
Libya,1941,22.81358333333333
Libya,1942,22.783916666666666
Libya,1943,22.515333333333334
Libya,1944,22.349
Libya,1945,22.18041666666667
Libya,1946,22.827916666666667
Libya,1947,23.067833333333336
Libya,1948,22.04516666666667
Libya,1949,21.778583333333334
Libya,1950,21.881249999999998
Libya,1951,22.695083333333333
Libya,1952,22.721083333333336
Libya,1953,22.291583333333335
Libya,1954,22.057666666666666
Libya,1955,23.309749999999998
Libya,1956,22.088583333333332
Libya,1957,22.40341666666667
Libya,1958,22.793666666666667
Libya,1959,22.129416666666668
Libya,1960,23.134666666666664
Libya,1961,21.817916666666665
Libya,1962,22.628583333333335
Libya,1963,23.027416666666667
Libya,1964,22.251166666666666
Libya,1965,22.115416666666665
Libya,1966,22.51308333333333
Libya,1967,22.051000000000002
Libya,1968,22.465166666666665
Libya,1969,23.13475
Libya,1970,22.25391666666667
Libya,1971,22.208416666666665
Libya,1972,22.650916666666664
Libya,1973,22.145583333333335
Libya,1974,22.135416666666668
Libya,1975,22.153499999999998
Libya,1976,22.314999999999998
Libya,1977,22.516916666666663
Libya,1978,22.41133333333333
Libya,1979,22.78475
Libya,1980,22.36966666666667
Libya,1981,22.609583333333333
Libya,1982,22.409750000000003
Libya,1983,22.202166666666667
Libya,1984,22.50225
Libya,1985,22.68416666666667
Libya,1986,22.542333333333332
Libya,1987,22.804916666666667
Libya,1988,23.114583333333332
Libya,1989,22.655583333333336
Libya,1990,23.101
Libya,1991,22.618166666666667
Libya,1992,22.397833333333335
Libya,1993,23.002750000000002
Libya,1994,22.816083333333335
Libya,1995,22.9495
Libya,1996,23.12325
Libya,1997,23.046499999999998
Libya,1998,23.27633333333333
Libya,1999,23.693583333333333
Libya,2000,22.835083333333333
Libya,2001,23.41316666666667
Libya,2002,23.40941666666667
Libya,2003,23.369
Libya,2004,23.27841666666667
Libya,2005,23.256666666666664
Libya,2006,23.315083333333334
Libya,2007,23.325833333333335
Libya,2008,23.474333333333334
Libya,2009,23.379833333333334
Libya,2010,24.51591666666667
Libya,2011,22.988333333333333
Libya,2012,23.270666666666667
Libya,2013,24.314
Liechtenstein,1900,4.999833333333333
Liechtenstein,1901,4.00925
Liechtenstein,1902,4.238583333333334
Liechtenstein,1903,4.573666666666667
Liechtenstein,1904,5.065666666666667
Liechtenstein,1905,4.305583333333334
Liechtenstein,1906,4.482583333333333
Liechtenstein,1907,4.3755
Liechtenstein,1908,3.9774999999999996
Liechtenstein,1909,3.7485
Liechtenstein,1910,4.470583333333333
Liechtenstein,1911,5.220833333333333
Liechtenstein,1912,4.1290000000000004
Liechtenstein,1913,4.656916666666667
Liechtenstein,1914,4.43475
Liechtenstein,1915,4.390416666666667
Liechtenstein,1916,4.9007499999999995
Liechtenstein,1917,3.9074166666666668
Liechtenstein,1918,4.751666666666667
Liechtenstein,1919,3.8517499999999996
Liechtenstein,1920,5.287083333333333
Liechtenstein,1921,5.4759166666666665
Liechtenstein,1922,3.9317500000000005
Liechtenstein,1923,4.878666666666667
Liechtenstein,1924,4.111083333333333
Liechtenstein,1925,4.415166666666667
Liechtenstein,1926,5.113916666666666
Liechtenstein,1927,4.864833333333333
Liechtenstein,1928,5.193666666666666
Liechtenstein,1929,4.128833333333334
Liechtenstein,1930,5.242083333333333
Liechtenstein,1931,3.8814166666666665
Liechtenstein,1932,4.606833333333333
Liechtenstein,1933,3.880333333333333
Liechtenstein,1934,5.586833333333334
Liechtenstein,1935,4.570333333333333
Liechtenstein,1936,4.877166666666667
Liechtenstein,1937,5.20375
Liechtenstein,1938,4.820333333333333
Liechtenstein,1939,4.490333333333333
Liechtenstein,1940,3.4501666666666666
Liechtenstein,1941,3.7960833333333333
Liechtenstein,1942,4.280333333333333
Liechtenstein,1943,5.563666666666666
Liechtenstein,1944,4.278666666666667
Liechtenstein,1945,5.20425
Liechtenstein,1946,5.1425
Liechtenstein,1947,5.51125
Liechtenstein,1948,5.488500000000001
Liechtenstein,1949,5.549666666666667
Liechtenstein,1950,5.4355
Liechtenstein,1951,5.2924999999999995
Liechtenstein,1952,4.672
Liechtenstein,1953,5.21825
Liechtenstein,1954,4.2655
Liechtenstein,1955,4.390666666666666
Liechtenstein,1956,3.576833333333333
Liechtenstein,1957,5.11475
Liechtenstein,1958,4.930833333333333
Liechtenstein,1959,5.508583333333333
Liechtenstein,1960,4.9679166666666665
Liechtenstein,1961,5.853583333333333
Liechtenstein,1962,3.9412499999999997
Liechtenstein,1963,3.994166666666667
Liechtenstein,1964,4.921083333333334
Liechtenstein,1965,4.0769166666666665
Liechtenstein,1966,5.1009166666666665
Liechtenstein,1967,5.177
Liechtenstein,1968,4.679749999999999
Liechtenstein,1969,4.421583333333333
Liechtenstein,1970,4.409666666666667
Liechtenstein,1971,4.857666666666667
Liechtenstein,1972,4.6940833333333325
Liechtenstein,1973,4.56675
Liechtenstein,1974,5.2295
Liechtenstein,1975,5.196666666666666
Liechtenstein,1976,4.94675
Liechtenstein,1977,5.3174166666666665
Liechtenstein,1978,4.321083333333333
Liechtenstein,1979,4.866583333333334
Liechtenstein,1980,4.189916666666666
Liechtenstein,1981,4.8181666666666665
Liechtenstein,1982,5.51175
Liechtenstein,1983,5.604499999999999
Liechtenstein,1984,4.433833333333333
Liechtenstein,1985,4.516583333333333
Liechtenstein,1986,4.854
Liechtenstein,1987,4.692083333333334
Liechtenstein,1988,5.642833333333333
Liechtenstein,1989,5.882583333333334
Liechtenstein,1990,5.91725
Liechtenstein,1991,4.933
Liechtenstein,1992,5.910666666666667
Liechtenstein,1993,5.333833333333334
Liechtenstein,1994,6.637583333333333
Liechtenstein,1995,5.334583333333334
Liechtenstein,1996,4.48675
Liechtenstein,1997,5.7932500000000005
Liechtenstein,1998,5.663833333333333
Liechtenstein,1999,5.546083333333333
Liechtenstein,2000,6.328749999999999
Liechtenstein,2001,5.588416666666666
Liechtenstein,2002,6.2636666666666665
Liechtenstein,2003,6.124666666666666
Liechtenstein,2004,5.430416666666666
Liechtenstein,2005,5.013
Liechtenstein,2006,5.941166666666667
Liechtenstein,2007,6.27925
Liechtenstein,2008,5.9422500000000005
Liechtenstein,2009,5.8935
Liechtenstein,2010,4.847833333333333
Liechtenstein,2011,6.563083333333332
Liechtenstein,2012,5.876083333333334
Liechtenstein,2013,6.002375000000001
Lithuania,1900,5.847416666666665
Lithuania,1901,6.26875
Lithuania,1902,4.218166666666667
Lithuania,1903,6.783083333333333
Lithuania,1904,5.166916666666666
Lithuania,1905,6.013583333333333
Lithuania,1906,6.523666666666667
Lithuania,1907,4.863666666666666
Lithuania,1908,5.336833333333332
Lithuania,1909,5.152333333333334
Lithuania,1910,7.100083333333333
Lithuania,1911,6.319500000000001
Lithuania,1912,5.309166666666666
Lithuania,1913,6.797583333333333
Lithuania,1914,6.78725
Lithuania,1915,5.1299166666666665
Lithuania,1916,6.1931666666666665
Lithuania,1917,5.111833333333333
Lithuania,1918,6.220083333333332
Lithuania,1919,5.149249999999999
Lithuania,1920,6.7692499999999995
Lithuania,1921,6.383333333333333
Lithuania,1922,4.925083333333333
Lithuania,1923,5.577583333333332
Lithuania,1924,5.400833333333334
Lithuania,1925,6.773416666666667
Lithuania,1926,6.033166666666666
Lithuania,1927,5.539249999999999
Lithuania,1928,5.558333333333334
Lithuania,1929,4.757833333333333
Lithuania,1930,6.804166666666666
Lithuania,1931,5.168166666666665
Lithuania,1932,6.6405
Lithuania,1933,4.948416666666667
Lithuania,1934,7.835833333333333
Lithuania,1935,6.201083333333333
Lithuania,1936,7.0551666666666675
Lithuania,1937,6.797083333333333
Lithuania,1938,7.327916666666666
Lithuania,1939,6.910583333333332
Lithuania,1940,4.05325
Lithuania,1941,3.8705
Lithuania,1942,3.9531666666666663
Lithuania,1943,6.83475
Lithuania,1944,6.695666666666667
Lithuania,1945,6.050249999999999
Lithuania,1946,6.09825
Lithuania,1947,5.404916666666666
Lithuania,1948,6.960333333333334
Lithuania,1949,7.672583333333333
Lithuania,1950,6.466666666666666
Lithuania,1951,6.40325
Lithuania,1952,5.533916666666666
Lithuania,1953,6.519000000000001
Lithuania,1954,5.778749999999999
Lithuania,1955,5.721416666666666
Lithuania,1956,4.530083333333333
Lithuania,1957,6.915166666666667
Lithuania,1958,5.815416666666667
Lithuania,1959,6.896666666666666
Lithuania,1960,6.191416666666666
Lithuania,1961,7.261666666666667
Lithuania,1962,5.526166666666666
Lithuania,1963,5.2861666666666665
Lithuania,1964,5.898916666666666
Lithuania,1965,5.191166666666667
Lithuania,1966,6.046083333333333
Lithuania,1967,6.894833333333334
Lithuania,1968,5.9075
Lithuania,1969,4.704583333333333
Lithuania,1970,5.39975
Lithuania,1971,6.702916666666666
Lithuania,1972,6.767916666666667
Lithuania,1973,6.573083333333333
Lithuania,1974,6.995333333333334
Lithuania,1975,8.012333333333332
Lithuania,1976,5.005583333333333
Lithuania,1977,6.147916666666667
Lithuania,1978,5.36325
Lithuania,1979,5.63075
Lithuania,1980,5.128333333333332
Lithuania,1981,6.396916666666666
Lithuania,1982,6.700666666666666
Lithuania,1983,7.490416666666667
Lithuania,1984,6.619833333333333
Lithuania,1985,4.854333333333333
Lithuania,1986,5.951833333333333
Lithuania,1987,4.52075
Lithuania,1988,6.640916666666667
Lithuania,1989,8.1175
Lithuania,1990,7.978416666666665
Lithuania,1991,7.091583333333333
Lithuania,1992,7.46825
Lithuania,1993,6.24175
Lithuania,1994,6.8094166666666665
Lithuania,1995,7.0073333333333325
Lithuania,1996,5.405583333333333
Lithuania,1997,6.726749999999999
Lithuania,1998,6.6531666666666665
Lithuania,1999,7.678249999999999
Lithuania,2000,8.107666666666665
Lithuania,2001,7.120416666666666
Lithuania,2002,7.706083333333333
Lithuania,2003,6.830333333333333
Lithuania,2004,6.835333333333332
Lithuania,2005,6.920999999999999
Lithuania,2006,7.422000000000001
Lithuania,2007,7.853999999999999
Lithuania,2008,8.175333333333333
Lithuania,2009,7.096083333333333
Lithuania,2010,6.3258333333333345
Lithuania,2011,7.635000000000001
Lithuania,2012,6.723583333333334
Lithuania,2013,7.803999999999999
Luxembourg,1900,9.486916666666668
Luxembourg,1901,8.6565
Luxembourg,1902,8.543000000000001
Luxembourg,1903,9.243333333333334
Luxembourg,1904,9.331249999999999
Luxembourg,1905,8.892999999999999
Luxembourg,1906,9.2185
Luxembourg,1907,8.843833333333334
Luxembourg,1908,8.468833333333334
Luxembourg,1909,8.327833333333333
Luxembourg,1910,9.25975
Luxembourg,1911,9.905916666666666
Luxembourg,1912,9.005916666666666
Luxembourg,1913,9.51075
Luxembourg,1914,9.265666666666666
Luxembourg,1915,8.985333333333335
Luxembourg,1916,9.323583333333334
Luxembourg,1917,8.245916666666666
Luxembourg,1918,9.39125
Luxembourg,1919,8.35525
Luxembourg,1920,9.518083333333333
Luxembourg,1921,10.116166666666667
Luxembourg,1922,8.423333333333334
Luxembourg,1923,9.187083333333334
Luxembourg,1924,8.730083333333335
Luxembourg,1925,9.07225
Luxembourg,1926,9.650583333333334
Luxembourg,1927,9.152833333333334
Luxembourg,1928,9.6045
Luxembourg,1929,8.720916666666668
Luxembourg,1930,9.80775
Luxembourg,1931,8.661916666666666
Luxembourg,1932,9.234333333333334
Luxembourg,1933,8.894333333333334
Luxembourg,1934,10.151333333333334
Luxembourg,1935,9.459166666666667
Luxembourg,1936,9.377083333333333
Luxembourg,1937,9.689583333333333
Luxembourg,1938,9.559666666666667
Luxembourg,1939,9.394583333333333
Luxembourg,1940,8.110833333333334
Luxembourg,1941,8.55825
Luxembourg,1942,8.61275
Luxembourg,1943,9.926166666666667
Luxembourg,1944,9.22525
Luxembourg,1945,10.018749999999999
Luxembourg,1946,9.2795
Luxembourg,1947,9.927666666666667
Luxembourg,1948,9.882583333333333
Luxembourg,1949,10.12075
Luxembourg,1950,9.560083333333333
Luxembourg,1951,9.61925
Luxembourg,1952,9.230166666666667
Luxembourg,1953,9.828583333333333
Luxembourg,1954,8.902416666666666
Luxembourg,1955,8.894916666666667
Luxembourg,1956,8.142
Luxembourg,1957,9.733833333333333
Luxembourg,1958,9.377666666666668
Luxembourg,1959,10.425583333333334
Luxembourg,1960,9.632583333333333
Luxembourg,1961,10.177083333333334
Luxembourg,1962,8.233166666666667
Luxembourg,1963,8.022
Luxembourg,1964,9.362583333333333
Luxembourg,1965,8.700999999999999
Luxembourg,1966,9.670833333333333
Luxembourg,1967,9.735333333333333
Luxembourg,1968,9.081916666666666
Luxembourg,1969,9.161833333333334
Luxembourg,1970,9.108416666666667
Luxembourg,1971,9.48875
Luxembourg,1972,8.969666666666667
Luxembourg,1973,9.371416666666667
Luxembourg,1974,9.789083333333334
Luxembourg,1975,9.777166666666666
Luxembourg,1976,10.090333333333335
Luxembourg,1977,9.700583333333332
Luxembourg,1978,8.816
Luxembourg,1979,8.852666666666666
Luxembourg,1980,8.8775
Luxembourg,1981,9.309166666666666
Luxembourg,1982,10.099583333333333
Luxembourg,1983,9.990166666666667
Luxembourg,1984,9.236916666666668
Luxembourg,1985,8.532
Luxembourg,1986,9.026000000000002
Luxembourg,1987,8.761916666666666
Luxembourg,1988,10.1865
Luxembourg,1989,10.594333333333333
Luxembourg,1990,10.590916666666667
Luxembourg,1991,9.453083333333334
Luxembourg,1992,10.223833333333333
Luxembourg,1993,9.65275
Luxembourg,1994,10.822166666666666
Luxembourg,1995,10.342666666666666
Luxembourg,1996,8.652583333333334
Luxembourg,1997,10.167
Luxembourg,1998,9.995416666666666
Luxembourg,1999,10.542333333333334
Luxembourg,2000,10.79275
Luxembourg,2001,10.206583333333333
Luxembourg,2002,10.714
Luxembourg,2003,10.700583333333334
Luxembourg,2004,9.983083333333333
Luxembourg,2005,10.308083333333332
Luxembourg,2006,10.730333333333334
Luxembourg,2007,10.761666666666665
Luxembourg,2008,10.128666666666666
Luxembourg,2009,10.328083333333334
Luxembourg,2010,9.134666666666666
Luxembourg,2011,11.032000000000002
Luxembourg,2012,10.109250000000001
Luxembourg,2013,9.90025
Macau,1900,22.037916666666664
Macau,1901,22.148833333333332
Macau,1902,22.81725
Macau,1903,21.963916666666666
Macau,1904,22.000500000000002
Macau,1905,21.994333333333334
Macau,1906,22.238333333333333
Macau,1907,22.238416666666666
Macau,1908,22.113583333333334
Macau,1909,22.508583333333334
Macau,1910,22.19825
Macau,1911,22.258083333333335
Macau,1912,22.198333333333334
Macau,1913,22.103166666666667
Macau,1914,22.86525
Macau,1915,22.778499999999998
Macau,1916,22.083583333333333
Macau,1917,21.64741666666667
Macau,1918,21.917666666666666
Macau,1919,22.42216666666667
Macau,1920,22.273833333333332
Macau,1921,22.4075
Macau,1922,22.488583333333334
Macau,1923,22.612333333333336
Macau,1924,22.448083333333333
Macau,1925,22.014333333333337
Macau,1926,22.240166666666667
Macau,1927,22.154416666666666
Macau,1928,22.807666666666666
Macau,1929,22.757583333333333
Macau,1930,22.364833333333333
Macau,1931,22.371916666666667
Macau,1932,22.122583333333335
Macau,1933,22.4295
Macau,1934,21.781333333333336
Macau,1935,22.596833333333336
Macau,1936,22.128333333333334
Macau,1937,22.849833333333333
Macau,1938,22.629833333333334
Macau,1939,22.488333333333333
Macau,1940,22.9995
Macau,1941,23.039833333333334
Macau,1942,22.89108333333333
Macau,1943,22.947333333333333
Macau,1944,22.758333333333336
Macau,1945,22.324250000000003
Macau,1946,23.35525
Macau,1947,22.300083333333337
Macau,1948,22.84575
Macau,1949,23.075833333333335
Macau,1950,22.8175
Macau,1951,22.423583333333337
Macau,1952,23.100000000000005
Macau,1953,22.864166666666666
Macau,1954,22.811000000000003
Macau,1955,22.6755
Macau,1956,22.5745
Macau,1957,22.445000000000004
Macau,1958,22.786
Macau,1959,22.968999999999998
Macau,1960,22.9585
Macau,1961,22.8055
Macau,1962,22.549750000000003
Macau,1963,22.899833333333333
Macau,1964,22.598166666666668
Macau,1965,22.781000000000002
Macau,1966,23.32166666666667
Macau,1967,22.344250000000002
Macau,1968,22.605666666666668
Macau,1969,22.34958333333333
Macau,1970,22.46141666666667
Macau,1971,22.421333333333333
Macau,1972,22.610416666666666
Macau,1973,23.152666666666665
Macau,1974,22.50616666666667
Macau,1975,22.677333333333333
Macau,1976,22.25225
Macau,1977,23.09566666666667
Macau,1978,22.699250000000003
Macau,1979,22.84691666666667
Macau,1980,22.939083333333333
Macau,1981,22.976916666666668
Macau,1982,22.729416666666665
Macau,1983,22.55858333333333
Macau,1984,22.14991666666667
Macau,1985,22.425083333333333
Macau,1986,22.708083333333335
Macau,1987,23.388
Macau,1988,22.604
Macau,1989,22.82875
Macau,1990,23.046666666666667
Macau,1991,23.14033333333333
Macau,1992,22.366333333333333
Macau,1993,22.574583333333333
Macau,1994,22.970083333333335
Macau,1995,22.269416666666668
Macau,1996,22.576416666666663
Macau,1997,22.767666666666667
Macau,1998,23.458333333333332
Macau,1999,23.137833333333333
Macau,2000,22.937166666666666
Macau,2001,23.09875
Macau,2002,23.299750000000003
Macau,2003,23.173750000000002
Macau,2004,22.9935
Macau,2005,22.805666666666667
Macau,2006,23.302083333333332
Macau,2007,23.336333333333332
Macau,2008,22.589166666666667
Macau,2009,23.073083333333333
Macau,2010,22.895083333333332
Macau,2011,22.490750000000002
Macau,2012,22.978833333333338
Macau,2013,23.473000000000003
Macedonia,1900,10.878916666666667
Macedonia,1901,10.290833333333333
Macedonia,1902,10.19325
Macedonia,1903,10.440583333333334
Macedonia,1904,10.292916666666668
Macedonia,1905,9.944916666666666
Macedonia,1906,10.032583333333333
Macedonia,1907,9.912083333333333
Macedonia,1908,10.011166666666666
Macedonia,1909,10.395666666666667
Macedonia,1910,10.570500000000001
Macedonia,1911,10.262
Macedonia,1912,9.81925
Macedonia,1913,10.030083333333334
Macedonia,1914,9.745416666666667
Macedonia,1915,10.542083333333332
Macedonia,1916,11.390416666666667
Macedonia,1917,10.532666666666666
Macedonia,1918,10.6555
Macedonia,1919,10.155083333333334
Macedonia,1920,10.286916666666668
Macedonia,1921,10.293666666666667
Macedonia,1922,10.426083333333333
Macedonia,1923,11.206833333333334
Macedonia,1924,10.246666666666666
Macedonia,1925,10.552333333333333
Macedonia,1926,11.028416666666667
Macedonia,1927,11.332416666666667
Macedonia,1928,10.507916666666667
Macedonia,1929,9.694333333333335
Macedonia,1930,10.982
Macedonia,1931,10.333416666666668
Macedonia,1932,10.290833333333333
Macedonia,1933,9.633750000000001
Macedonia,1934,11.322833333333334
Macedonia,1935,10.699583333333335
Macedonia,1936,10.949833333333332
Macedonia,1937,11.043999999999999
Macedonia,1938,10.423166666666667
Macedonia,1939,10.893416666666667
Macedonia,1940,9.372333333333334
Macedonia,1941,9.83525
Macedonia,1942,9.994
Macedonia,1943,10.80175
Macedonia,1944,10.169083333333335
Macedonia,1945,10.570416666666667
Macedonia,1946,11.254249999999999
Macedonia,1947,11.080666666666666
Macedonia,1948,10.430250000000001
Macedonia,1949,10.180916666666667
Macedonia,1950,11.551083333333333
Macedonia,1951,11.428333333333335
Macedonia,1952,11.411999999999999
Macedonia,1953,10.270083333333334
Macedonia,1954,10.142166666666666
Macedonia,1955,10.907166666666667
Macedonia,1956,9.801583333333333
Macedonia,1957,10.822083333333333
Macedonia,1958,11.050833333333332
Macedonia,1959,10.084249999999999
Macedonia,1960,11.075249999999999
Macedonia,1961,11.043083333333334
Macedonia,1962,10.816666666666665
Macedonia,1963,10.73375
Macedonia,1964,10.229833333333334
Macedonia,1965,10.136166666666666
Macedonia,1966,11.183833333333332
Macedonia,1967,10.368666666666668
Macedonia,1968,10.766416666666666
Macedonia,1969,10.532
Macedonia,1970,10.687166666666668
Macedonia,1971,10.283500000000002
Macedonia,1972,10.45025
Macedonia,1973,10.057333333333334
Macedonia,1974,10.367416666666667
Macedonia,1975,10.379166666666666
Macedonia,1976,9.745916666666666
Macedonia,1977,11.130333333333333
Macedonia,1978,10.092833333333333
Macedonia,1979,10.810333333333332
Macedonia,1980,9.991583333333333
Macedonia,1981,10.33475
Macedonia,1982,10.560250000000002
Macedonia,1983,10.266250000000001
Macedonia,1984,10.444083333333333
Macedonia,1985,10.580666666666668
Macedonia,1986,10.667583333333333
Macedonia,1987,10.754083333333334
Macedonia,1988,10.741583333333333
Macedonia,1989,10.59025
Macedonia,1990,11.29775
Macedonia,1991,9.984416666666668
Macedonia,1992,10.843333333333334
Macedonia,1993,10.915166666666666
Macedonia,1994,12.036583333333333
Macedonia,1995,10.571250000000001
Macedonia,1996,10.506916666666667
Macedonia,1997,10.460166666666666
Macedonia,1998,10.997583333333333
Macedonia,1999,11.406833333333333
Macedonia,2000,11.582
Macedonia,2001,11.4705
Macedonia,2002,11.281083333333333
Macedonia,2003,11.207666666666666
Macedonia,2004,11.058583333333333
Macedonia,2005,10.55
Macedonia,2006,10.752583333333334
Macedonia,2007,11.90575
Macedonia,2008,11.924083333333334
Macedonia,2009,11.643833333333333
Macedonia,2010,11.741
Macedonia,2011,11.023833333333334
Macedonia,2012,11.537916666666668
Macedonia,2013,13.260125
Madagascar,1900,22.915583333333334
Madagascar,1901,22.688916666666668
Madagascar,1902,22.801666666666666
Madagascar,1903,22.573916666666666
Madagascar,1904,22.07825
Madagascar,1905,22.64916666666667
Madagascar,1906,22.476249999999997
Madagascar,1907,22.28825
Madagascar,1908,22.682583333333337
Madagascar,1909,22.603583333333333
Madagascar,1910,22.155083333333334
Madagascar,1911,22.173416666666668
Madagascar,1912,22.812416666666667
Madagascar,1913,22.525833333333335
Madagascar,1914,22.729083333333335
Madagascar,1915,22.720166666666668
Madagascar,1916,22.354083333333335
Madagascar,1917,22.180833333333336
Madagascar,1918,22.297083333333333
Madagascar,1919,22.62925
Madagascar,1920,22.297250000000002
Madagascar,1921,22.325
Madagascar,1922,22.283416666666668
Madagascar,1923,22.676583333333337
Madagascar,1924,22.378249999999998
Madagascar,1925,22.70358333333333
Madagascar,1926,23.061083333333332
Madagascar,1927,22.422749999999997
Madagascar,1928,22.68375
Madagascar,1929,22.61375
Madagascar,1930,22.257666666666665
Madagascar,1931,22.930750000000003
Madagascar,1932,22.596999999999998
Madagascar,1933,22.610833333333332
Madagascar,1934,22.64675
Madagascar,1935,22.49683333333333
Madagascar,1936,22.876
Madagascar,1937,22.868416666666665
Madagascar,1938,22.730666666666668
Madagascar,1939,22.780583333333336
Madagascar,1940,22.993333333333336
Madagascar,1941,23.034333333333333
Madagascar,1942,22.68466666666667
Madagascar,1943,22.36883333333333
Madagascar,1944,22.75208333333333
Madagascar,1945,22.725833333333338
Madagascar,1946,22.791749999999997
Madagascar,1947,22.740666666666666
Madagascar,1948,22.915583333333334
Madagascar,1949,22.988583333333334
Madagascar,1950,22.50666666666667
Madagascar,1951,22.672749999999997
Madagascar,1952,22.823916666666666
Madagascar,1953,22.816666666666666
Madagascar,1954,22.92075
Madagascar,1955,22.698666666666668
Madagascar,1956,22.612416666666665
Madagascar,1957,22.837
Madagascar,1958,22.90575
Madagascar,1959,22.765416666666667
Madagascar,1960,22.689333333333334
Madagascar,1961,23.433666666666667
Madagascar,1962,22.82525
Madagascar,1963,22.545333333333332
Madagascar,1964,22.488333333333333
Madagascar,1965,22.343416666666666
Madagascar,1966,22.918916666666664
Madagascar,1967,23.15291666666667
Madagascar,1968,22.485500000000002
Madagascar,1969,23.40041666666667
Madagascar,1970,23.126
Madagascar,1971,22.583250000000003
Madagascar,1972,22.834750000000003
Madagascar,1973,22.919916666666666
Madagascar,1974,22.56866666666667
Madagascar,1975,22.577749999999998
Madagascar,1976,22.862416666666665
Madagascar,1977,23.185666666666666
Madagascar,1978,23.171499999999998
Madagascar,1979,22.990083333333335
Madagascar,1980,23.018666666666665
Madagascar,1981,22.933916666666665
Madagascar,1982,23.001083333333337
Madagascar,1983,23.262333333333334
Madagascar,1984,22.674583333333334
Madagascar,1985,22.879833333333334
Madagascar,1986,22.786083333333334
Madagascar,1987,23.367083333333337
Madagascar,1988,23.254916666666663
Madagascar,1989,22.933083333333332
Madagascar,1990,23.124166666666667
Madagascar,1991,23.327
Madagascar,1992,23.341333333333335
Madagascar,1993,23.455833333333334
Madagascar,1994,23.444583333333338
Madagascar,1995,23.47975
Madagascar,1996,23.26291666666667
Madagascar,1997,23.452916666666667
Madagascar,1998,23.753416666666666
Madagascar,1999,23.41925
Madagascar,2000,23.320333333333334
Madagascar,2001,23.586916666666667
Madagascar,2002,23.617500000000003
Madagascar,2003,23.49525
Madagascar,2004,23.453000000000003
Madagascar,2005,23.62183333333333
Madagascar,2006,23.66116666666667
Madagascar,2007,23.64975
Madagascar,2008,23.332250000000002
Madagascar,2009,23.618666666666666
Madagascar,2010,23.846166666666665
Madagascar,2011,23.776833333333332
Madagascar,2012,23.325333333333333
Madagascar,2013,22.9595
Malawi,1900,21.607333333333333
Malawi,1901,21.136333333333333
Malawi,1902,21.504666666666665
Malawi,1903,21.435166666666664
Malawi,1904,20.418583333333334
Malawi,1905,21.27925
Malawi,1906,21.03325
Malawi,1907,20.596999999999998
Malawi,1908,21.44275
Malawi,1909,21.317333333333334
Malawi,1910,20.711583333333333
Malawi,1911,20.772000000000002
Malawi,1912,21.546583333333334
Malawi,1913,21.213833333333334
Malawi,1914,21.5365
Malawi,1915,21.569166666666664
Malawi,1916,21.224583333333335
Malawi,1917,21.2185
Malawi,1918,21.0355
Malawi,1919,21.430833333333336
Malawi,1920,21.316916666666668
Malawi,1921,21.169833333333333
Malawi,1922,21.737416666666665
Malawi,1923,21.619249999999997
Malawi,1924,21.52725
Malawi,1925,21.148666666666667
Malawi,1926,21.364666666666665
Malawi,1927,20.956333333333333
Malawi,1928,21.224416666666666
Malawi,1929,21.33275
Malawi,1930,20.992083333333337
Malawi,1931,21.529666666666667
Malawi,1932,21.266833333333334
Malawi,1933,21.198833333333333
Malawi,1934,21.355583333333332
Malawi,1935,21.047333333333334
Malawi,1936,20.960416666666667
Malawi,1937,21.279416666666666
Malawi,1938,21.461583333333333
Malawi,1939,21.090666666666667
Malawi,1940,21.34991666666667
Malawi,1941,21.801833333333335
Malawi,1942,21.636166666666668
Malawi,1943,21.315416666666668
Malawi,1944,21.480083333333337
Malawi,1945,21.081583333333334
Malawi,1946,21.217916666666667
Malawi,1947,21.31
Malawi,1948,21.52333333333333
Malawi,1949,21.829083333333333
Malawi,1950,21.011083333333335
Malawi,1951,21.4455
Malawi,1952,21.3635
Malawi,1953,21.476083333333335
Malawi,1954,21.575833333333335
Malawi,1955,21.419083333333333
Malawi,1956,21.03025
Malawi,1957,21.708416666666665
Malawi,1958,21.742083333333337
Malawi,1959,21.694833333333335
Malawi,1960,21.422
Malawi,1961,21.617583333333332
Malawi,1962,21.422583333333336
Malawi,1963,21.11225
Malawi,1964,21.24566666666667
Malawi,1965,20.982916666666664
Malawi,1966,21.69158333333333
Malawi,1967,21.54433333333333
Malawi,1968,21.240333333333336
Malawi,1969,21.777666666666665
Malawi,1970,21.631249999999998
Malawi,1971,21.26125
Malawi,1972,21.480333333333334
Malawi,1973,21.527749999999997
Malawi,1974,21.060416666666665
Malawi,1975,21.297916666666666
Malawi,1976,21.340833333333332
Malawi,1977,21.83758333333333
Malawi,1978,21.593333333333334
Malawi,1979,21.571916666666667
Malawi,1980,21.634666666666664
Malawi,1981,21.29175
Malawi,1982,21.5385
Malawi,1983,22.45958333333333
Malawi,1984,21.62183333333333
Malawi,1985,21.307750000000002
Malawi,1986,21.514666666666667
Malawi,1987,22.328333333333333
Malawi,1988,21.97341666666667
Malawi,1989,21.536833333333334
Malawi,1990,22.28025
Malawi,1991,21.889499999999998
Malawi,1992,22.39033333333333
Malawi,1993,21.940166666666666
Malawi,1994,21.980166666666666
Malawi,1995,22.301666666666666
Malawi,1996,21.963333333333335
Malawi,1997,22.034750000000003
Malawi,1998,22.377916666666668
Malawi,1999,21.68925
Malawi,2000,21.714416666666665
Malawi,2001,21.99875
Malawi,2002,22.224
Malawi,2003,22.233500000000003
Malawi,2004,21.865916666666667
Malawi,2005,22.81116666666667
Malawi,2006,22.102166666666665
Malawi,2007,22.098333333333333
Malawi,2008,21.8225
Malawi,2009,22.014833333333332
Malawi,2010,22.60066666666667
Malawi,2011,22.31325
Malawi,2012,21.887416666666667
Malawi,2013,21.269375
Malaysia,1900,25.785
Malaysia,1901,25.480583333333332
Malaysia,1902,25.408583333333336
Malaysia,1903,25.544416666666667
Malaysia,1904,25.198999999999998
Malaysia,1905,25.888583333333333
Malaysia,1906,25.724333333333334
Malaysia,1907,25.536833333333334
Malaysia,1908,25.52133333333333
Malaysia,1909,25.53291666666667
Malaysia,1910,25.434083333333334
Malaysia,1911,25.578666666666667
Malaysia,1912,25.7325
Malaysia,1913,25.411416666666668
Malaysia,1914,25.875249999999998
Malaysia,1915,25.857916666666668
Malaysia,1916,25.253083333333333
Malaysia,1917,25.1955
Malaysia,1918,25.26516666666667
Malaysia,1919,25.781166666666667
Malaysia,1920,25.65416666666667
Malaysia,1921,25.517166666666668
Malaysia,1922,25.562250000000002
Malaysia,1923,25.553
Malaysia,1924,25.642416666666666
Malaysia,1925,25.43241666666667
Malaysia,1926,25.883166666666668
Malaysia,1927,25.784833333333335
Malaysia,1928,25.763
Malaysia,1929,25.765416666666667
Malaysia,1930,26.026833333333332
Malaysia,1931,26.139666666666667
Malaysia,1932,25.749750000000002
Malaysia,1933,25.760833333333334
Malaysia,1934,25.562833333333334
Malaysia,1935,25.796499999999998
Malaysia,1936,25.831833333333336
Malaysia,1937,26.037000000000003
Malaysia,1938,25.86991666666667
Malaysia,1939,25.83458333333333
Malaysia,1940,26.055916666666665
Malaysia,1941,26.539083333333334
Malaysia,1942,26.1895
Malaysia,1943,25.699916666666667
Malaysia,1944,25.831999999999997
Malaysia,1945,25.905416666666667
Malaysia,1946,26.235083333333336
Malaysia,1947,26.26925
Malaysia,1948,26.028583333333334
Malaysia,1949,25.980416666666667
Malaysia,1950,25.91025
Malaysia,1951,26.189916666666665
Malaysia,1952,26.170666666666666
Malaysia,1953,26.189916666666665
Malaysia,1954,25.991500000000002
Malaysia,1955,25.871750000000002
Malaysia,1956,25.796083333333332
Malaysia,1957,26.15825
Malaysia,1958,26.36691666666667
Malaysia,1959,26.127499999999998
Malaysia,1960,26.262416666666667
Malaysia,1961,26.044916666666666
Malaysia,1962,25.949583333333337
Malaysia,1963,26.02208333333333
Malaysia,1964,26.03625
Malaysia,1965,25.918583333333334
Malaysia,1966,26.174833333333336
Malaysia,1967,25.931833333333334
Malaysia,1968,26.08475
Malaysia,1969,26.31758333333333
Malaysia,1970,26.193416666666668
Malaysia,1971,25.8485
Malaysia,1972,26.320583333333335
Malaysia,1973,26.35383333333333
Malaysia,1974,25.983249999999998
Malaysia,1975,25.989416666666667
Malaysia,1976,25.854083333333335
Malaysia,1977,26.092083333333335
Malaysia,1978,26.192833333333336
Malaysia,1979,26.256500000000003
Malaysia,1980,26.210416666666664
Malaysia,1981,26.20625
Malaysia,1982,26.180083333333332
Malaysia,1983,26.534000000000002
Malaysia,1984,25.903499999999998
Malaysia,1985,26.1245
Malaysia,1986,26.186833333333336
Malaysia,1987,26.515333333333334
Malaysia,1988,26.3575
Malaysia,1989,26.106083333333334
Malaysia,1990,26.418916666666664
Malaysia,1991,26.332083333333333
Malaysia,1992,26.286583333333336
Malaysia,1993,26.215
Malaysia,1994,26.27716666666667
Malaysia,1995,26.334500000000002
Malaysia,1996,26.238916666666668
Malaysia,1997,26.556416666666667
Malaysia,1998,27.055000000000003
Malaysia,1999,26.24891666666667
Malaysia,2000,26.371416666666665
Malaysia,2001,26.500083333333333
Malaysia,2002,26.745500000000003
Malaysia,2003,26.57675
Malaysia,2004,26.575999999999997
Malaysia,2005,26.649583333333336
Malaysia,2006,26.57766666666667
Malaysia,2007,26.496333333333336
Malaysia,2008,26.25408333333333
Malaysia,2009,26.642
Malaysia,2010,26.80666666666667
Malaysia,2011,26.440583333333336
Malaysia,2012,26.62275
Malaysia,2013,26.9735
Mali,1900,28.256
Mali,1901,28.143333333333334
Mali,1902,28.432916666666667
Mali,1903,27.869416666666666
Mali,1904,27.536083333333334
Mali,1905,27.952416666666664
Mali,1906,27.98325
Mali,1907,27.42216666666667
Mali,1908,28.003250000000005
Mali,1909,27.854083333333335
Mali,1910,28.439916666666665
Mali,1911,27.79825
Mali,1912,28.570333333333334
Mali,1913,28.75491666666667
Mali,1914,28.607166666666668
Mali,1915,28.493916666666667
Mali,1916,27.9525
Mali,1917,28.093833333333336
Mali,1918,27.920583333333337
Mali,1919,28.486166666666666
Mali,1920,28.309250000000002
Mali,1921,28.23391666666667
Mali,1922,28.497249999999998
Mali,1923,28.336250000000003
Mali,1924,28.752
Mali,1925,28.728583333333333
Mali,1926,28.82133333333333
Mali,1927,28.314000000000004
Mali,1928,28.253583333333335
Mali,1929,28.369
Mali,1930,28.709333333333333
Mali,1931,29.240666666666666
Mali,1932,28.892333333333337
Mali,1933,28.275333333333336
Mali,1934,27.97158333333333
Mali,1935,28.33758333333334
Mali,1936,28.239583333333332
Mali,1937,28.953
Mali,1938,28.517583333333334
Mali,1939,28.34025
Mali,1940,28.711083333333335
Mali,1941,29.11475
Mali,1942,28.80441666666667
Mali,1943,28.076000000000004
Mali,1944,28.650000000000002
Mali,1945,28.504083333333337
Mali,1946,28.375083333333336
Mali,1947,28.844333333333335
Mali,1948,28.3455
Mali,1949,28.739833333333337
Mali,1950,27.8955
Mali,1951,28.683333333333334
Mali,1952,28.136
Mali,1953,28.33941666666667
Mali,1954,28.035083333333336
Mali,1955,28.62891666666667
Mali,1956,28.365416666666665
Mali,1957,28.15125
Mali,1958,28.78633333333333
Mali,1959,28.662666666666667
Mali,1960,28.47375
Mali,1961,28.329250000000002
Mali,1962,28.40425
Mali,1963,28.689083333333333
Mali,1964,28.441666666666666
Mali,1965,28.189083333333333
Mali,1966,28.754333333333335
Mali,1967,28.202833333333334
Mali,1968,28.53991666666667
Mali,1969,29.15591666666667
Mali,1970,28.893333333333334
Mali,1971,28.506416666666667
Mali,1972,28.557666666666666
Mali,1973,28.801916666666667
Mali,1974,28.085250000000002
Mali,1975,28.170333333333335
Mali,1976,27.869
Mali,1977,28.81975
Mali,1978,28.874166666666667
Mali,1979,28.96241666666667
Mali,1980,29.141416666666668
Mali,1981,28.91208333333333
Mali,1982,28.439666666666668
Mali,1983,29.276666666666667
Mali,1984,28.85766666666667
Mali,1985,28.793583333333334
Mali,1986,28.519000000000002
Mali,1987,29.637833333333333
Mali,1988,28.780666666666665
Mali,1989,28.77316666666667
Mali,1990,29.321083333333334
Mali,1991,28.855833333333333
Mali,1992,28.56616666666667
Mali,1993,28.9665
Mali,1994,28.37625
Mali,1995,28.904
Mali,1996,29.252583333333334
Mali,1997,29.133916666666668
Mali,1998,29.493083333333335
Mali,1999,28.792583333333337
Mali,2000,29.150333333333336
Mali,2001,29.310833333333335
Mali,2002,29.4265
Mali,2003,29.429000000000002
Mali,2004,29.426000000000002
Mali,2005,29.52625
Mali,2006,29.037916666666664
Mali,2007,29.202166666666667
Mali,2008,28.949916666666667
Mali,2009,29.440916666666666
Mali,2010,30.127083333333335
Mali,2011,29.436666666666667
Mali,2012,28.60183333333333
Mali,2013,29.942
Malta,1900,18.487583333333333
Malta,1901,18.40025
Malta,1902,18.4985
Malta,1903,17.859750000000002
Malta,1904,18.2785
Malta,1905,18.213
Malta,1906,18.14408333333333
Malta,1907,18.006416666666667
Malta,1908,18.453333333333333
Malta,1909,17.867333333333335
Malta,1910,18.006
Malta,1911,18.547666666666668
Malta,1912,18.287
Malta,1913,18.809166666666666
Malta,1914,17.873
Malta,1915,18.557583333333334
Malta,1916,19.171
Malta,1917,18.4895
Malta,1918,18.228083333333334
Malta,1919,18.366083333333332
Malta,1920,19.0145
Malta,1921,18.4635
Malta,1922,18.84125
Malta,1923,18.387583333333335
Malta,1924,19.118083333333335
Malta,1925,18.6185
Malta,1926,18.908666666666665
Malta,1927,19.293000000000003
Malta,1928,18.93575
Malta,1929,17.938583333333334
Malta,1930,18.683083333333332
Malta,1931,19.042083333333334
Malta,1932,18.824333333333332
Malta,1933,18.561916666666665
Malta,1934,18.91241666666667
Malta,1935,18.756583333333335
Malta,1936,18.671666666666667
Malta,1937,19.079333333333334
Malta,1938,18.303166666666666
Malta,1939,18.734416666666668
Malta,1940,17.933
Malta,1941,18.2825
Malta,1942,18.766416666666668
Malta,1943,19.225916666666667
Malta,1944,18.472416666666668
Malta,1945,18.980166666666666
Malta,1946,19.215666666666667
Malta,1947,19.629
Malta,1948,18.681
Malta,1949,18.790499999999998
Malta,1950,19.213333333333335
Malta,1951,18.6765
Malta,1952,19.3355
Malta,1953,18.444083333333335
Malta,1954,18.125833333333333
Malta,1955,19.169916666666666
Malta,1956,18.21591666666667
Malta,1957,18.56375
Malta,1958,18.777166666666666
Malta,1959,18.399666666666665
Malta,1960,19.0835
Malta,1961,18.919583333333332
Malta,1962,18.701833333333333
Malta,1963,18.614083333333333
Malta,1964,18.503416666666666
Malta,1965,18.365166666666667
Malta,1966,18.611083333333333
Malta,1967,18.61491666666667
Malta,1968,18.689416666666666
Malta,1969,18.312583333333333
Malta,1970,18.594
Malta,1971,18.210333333333335
Malta,1972,18.328
Malta,1973,18.53708333333333
Malta,1974,18.322166666666668
Malta,1975,18.454083333333333
Malta,1976,17.947750000000003
Malta,1977,18.9385
Malta,1978,18.1975
Malta,1979,18.675416666666667
Malta,1980,17.970916666666668
Malta,1981,18.417083333333334
Malta,1982,19.080916666666667
Malta,1983,18.586583333333333
Malta,1984,18.338583333333332
Malta,1985,18.967833333333335
Malta,1986,18.780833333333334
Malta,1987,19.119916666666665
Malta,1988,19.35725
Malta,1989,18.969416666666667
Malta,1990,19.56175
Malta,1991,18.590083333333336
Malta,1992,18.832083333333333
Malta,1993,19.05125
Malta,1994,19.837666666666667
Malta,1995,19.07275
Malta,1996,18.962416666666666
Malta,1997,19.396666666666665
Malta,1998,19.311083333333332
Malta,1999,19.842
Malta,2000,19.609166666666667
Malta,2001,19.909666666666666
Malta,2002,19.551833333333335
Malta,2003,19.756583333333335
Malta,2004,19.171166666666668
Malta,2005,18.875083333333333
Malta,2006,19.601333333333333
Malta,2007,19.749916666666667
Malta,2008,19.818166666666666
Malta,2009,19.579250000000002
Malta,2010,19.664416666666668
Malta,2011,19.3135
Malta,2012,19.829166666666666
Malta,2013,19.437375
Martinique,1900,25.904833333333332
Martinique,1901,26.11425
Martinique,1902,26.07858333333333
Martinique,1903,25.9385
Martinique,1904,25.597583333333333
Martinique,1905,25.878583333333335
Martinique,1906,25.840166666666665
Martinique,1907,25.723249999999997
Martinique,1908,25.734083333333334
Martinique,1909,25.599416666666666
Martinique,1910,25.553083333333333
Martinique,1911,25.793666666666667
Martinique,1912,25.84925
Martinique,1913,25.43858333333333
Martinique,1914,25.948083333333333
Martinique,1915,26.177833333333336
Martinique,1916,25.757
Martinique,1917,25.499333333333336
Martinique,1918,25.699250000000003
Martinique,1919,26.071
Martinique,1920,25.68433333333333
Martinique,1921,25.804583333333337
Martinique,1922,25.78916666666667
Martinique,1923,25.796333333333333
Martinique,1924,26.120333333333335
Martinique,1925,25.818749999999998
Martinique,1926,26.314166666666665
Martinique,1927,26.13416666666667
Martinique,1928,26.161583333333336
Martinique,1929,25.903583333333334
Martinique,1930,26.18133333333333
Martinique,1931,26.622083333333336
Martinique,1932,26.3995
Martinique,1933,26.02775
Martinique,1934,25.915000000000003
Martinique,1935,25.79516666666667
Martinique,1936,25.832416666666663
Martinique,1937,26.1905
Martinique,1938,25.849999999999998
Martinique,1939,26.04975
Martinique,1940,26.516000000000002
Martinique,1941,26.646916666666666
Martinique,1942,26.521333333333335
Martinique,1943,26.036583333333336
Martinique,1944,26.137666666666664
Martinique,1945,25.785833333333333
Martinique,1946,26.044666666666668
Martinique,1947,26.409666666666666
Martinique,1948,26.2195
Martinique,1949,25.973666666666663
Martinique,1950,25.798000000000002
Martinique,1951,26.202333333333332
Martinique,1952,26.543333333333333
Martinique,1953,26.508916666666668
Martinique,1954,26.077250000000003
Martinique,1955,26.33866666666667
Martinique,1956,26.10075
Martinique,1957,26.17975
Martinique,1958,26.758166666666668
Martinique,1959,26.490583333333333
Martinique,1960,26.603083333333334
Martinique,1961,26.34991666666667
Martinique,1962,26.473416666666665
Martinique,1963,26.603916666666667
Martinique,1964,26.394166666666667
Martinique,1965,26.21525
Martinique,1966,26.358583333333332
Martinique,1967,26.095
Martinique,1968,26.133499999999998
Martinique,1969,26.65516666666667
Martinique,1970,26.423083333333334
Martinique,1971,26.089333333333332
Martinique,1972,26.326999999999998
Martinique,1973,26.490166666666667
Martinique,1974,26.087500000000002
Martinique,1975,26.03708333333333
Martinique,1976,25.95125
Martinique,1977,26.426083333333334
Martinique,1978,26.51575
Martinique,1979,26.442666666666668
Martinique,1980,26.753333333333334
Martinique,1981,26.686333333333334
Martinique,1982,26.436000000000003
Martinique,1983,26.696749999999998
Martinique,1984,26.250833333333333
Martinique,1985,26.27475
Martinique,1986,26.358083333333337
Martinique,1987,26.94775
Martinique,1988,26.6615
Martinique,1989,26.378666666666664
Martinique,1990,26.629833333333334
Martinique,1991,26.544583333333335
Martinique,1992,26.619
Martinique,1993,26.647916666666664
Martinique,1994,26.6245
Martinique,1995,26.974333333333334
Martinique,1996,26.632499999999997
Martinique,1997,26.957166666666666
Martinique,1998,27.268
Martinique,1999,26.81325
Martinique,2000,26.5715
Martinique,2001,26.90216666666667
Martinique,2002,26.935666666666666
Martinique,2003,27.08
Martinique,2004,26.829666666666668
Martinique,2005,27.31925
Martinique,2006,27.148583333333335
Martinique,2007,27.094416666666664
Martinique,2008,26.664666666666665
Martinique,2009,26.9505
Martinique,2010,27.486833333333333
Martinique,2011,26.98783333333333
Martinique,2012,27.112333333333336
Martinique,2013,26.922125
Mauritania,1900,27.442916666666665
Mauritania,1901,27.523916666666665
Mauritania,1902,27.694000000000003
Mauritania,1903,27.2315
Mauritania,1904,26.892083333333332
Mauritania,1905,27.29191666666667
Mauritania,1906,27.23141666666667
Mauritania,1907,26.515583333333336
Mauritania,1908,27.259583333333335
Mauritania,1909,27.159000000000002
Mauritania,1910,27.533666666666665
Mauritania,1911,27.087083333333336
Mauritania,1912,27.512416666666667
Mauritania,1913,27.7225
Mauritania,1914,27.648416666666666
Mauritania,1915,27.72366666666667
Mauritania,1916,27.29641666666667
Mauritania,1917,27.109583333333333
Mauritania,1918,27.0865
Mauritania,1919,27.599
Mauritania,1920,27.386583333333334
Mauritania,1921,27.366083333333332
Mauritania,1922,27.57675
Mauritania,1923,27.797083333333333
Mauritania,1924,27.78391666666667
Mauritania,1925,27.593083333333336
Mauritania,1926,28.250666666666664
Mauritania,1927,27.782416666666666
Mauritania,1928,27.362750000000002
Mauritania,1929,27.474500000000003
Mauritania,1930,27.499
Mauritania,1931,27.93275
Mauritania,1932,27.651
Mauritania,1933,27.07766666666667
Mauritania,1934,27.143
Mauritania,1935,27.39916666666667
Mauritania,1936,27.430583333333335
Mauritania,1937,28.20741666666667
Mauritania,1938,27.71141666666667
Mauritania,1939,27.469333333333335
Mauritania,1940,27.7165
Mauritania,1941,27.967833333333335
Mauritania,1942,27.727333333333334
Mauritania,1943,27.288083333333333
Mauritania,1944,27.697916666666668
Mauritania,1945,28.10291666666667
Mauritania,1946,27.32783333333333
Mauritania,1947,27.841166666666666
Mauritania,1948,27.479249999999997
Mauritania,1949,27.60766666666667
Mauritania,1950,27.309749999999998
Mauritania,1951,27.3685
Mauritania,1952,27.22175
Mauritania,1953,27.632416666666668
Mauritania,1954,27.109416666666664
Mauritania,1955,28.123416666666667
Mauritania,1956,27.266166666666667
Mauritania,1957,27.156833333333335
Mauritania,1958,28.01275
Mauritania,1959,27.6365
Mauritania,1960,27.6765
Mauritania,1961,27.939916666666665
Mauritania,1962,27.806416666666667
Mauritania,1963,27.756333333333334
Mauritania,1964,27.862166666666667
Mauritania,1965,27.298666666666666
Mauritania,1966,27.985500000000002
Mauritania,1967,27.27525
Mauritania,1968,27.58
Mauritania,1969,28.13325
Mauritania,1970,28.368166666666667
Mauritania,1971,27.253416666666666
Mauritania,1972,27.196916666666667
Mauritania,1973,27.761750000000003
Mauritania,1974,27.066666666666666
Mauritania,1975,27.29925
Mauritania,1976,26.69725
Mauritania,1977,28.116583333333335
Mauritania,1978,28.000666666666664
Mauritania,1979,28.366333333333333
Mauritania,1980,28.23
Mauritania,1981,28.334333333333333
Mauritania,1982,27.582666666666668
Mauritania,1983,28.839416666666665
Mauritania,1984,27.771833333333333
Mauritania,1985,27.880916666666668
Mauritania,1986,27.500083333333336
Mauritania,1987,29.096
Mauritania,1988,27.953999999999997
Mauritania,1989,28.215999999999998
Mauritania,1990,28.536416666666668
Mauritania,1991,28.033833333333334
Mauritania,1992,27.955
Mauritania,1993,27.858416666666667
Mauritania,1994,27.910916666666665
Mauritania,1995,28.26
Mauritania,1996,28.5385
Mauritania,1997,28.599999999999998
Mauritania,1998,28.969916666666666
Mauritania,1999,27.87291666666667
Mauritania,2000,28.35558333333334
Mauritania,2001,28.878416666666666
Mauritania,2002,28.65025
Mauritania,2003,28.558833333333336
Mauritania,2004,28.628249999999998
Mauritania,2005,28.75225
Mauritania,2006,28.4505
Mauritania,2007,28.451916666666666
Mauritania,2008,28.395
Mauritania,2009,28.43133333333333
Mauritania,2010,29.37291666666667
Mauritania,2011,28.63291666666667
Mauritania,2012,28.026833333333332
Mauritania,2013,29.11
Mauritius,1900,23.464166666666667
Mauritius,1901,23.520166666666668
Mauritius,1902,23.310833333333335
Mauritius,1903,23.05366666666667
Mauritius,1904,22.866500000000002
Mauritius,1905,23.29008333333333
Mauritius,1906,23.307083333333335
Mauritius,1907,22.968333333333334
Mauritius,1908,23.138583333333333
Mauritius,1909,22.991583333333335
Mauritius,1910,23.128249999999998
Mauritius,1911,23.095250000000004
Mauritius,1912,23.360166666666668
Mauritius,1913,23.088250000000002
Mauritius,1914,23.5805
Mauritius,1915,23.59658333333333
Mauritius,1916,23.346333333333334
Mauritius,1917,22.89616666666667
Mauritius,1918,22.88083333333333
Mauritius,1919,23.618166666666667
Mauritius,1920,23.012083333333333
Mauritius,1921,23.080083333333334
Mauritius,1922,23.059416666666667
Mauritius,1923,23.36
Mauritius,1924,23.169166666666666
Mauritius,1925,23.414083333333334
Mauritius,1926,23.691000000000003
Mauritius,1927,23.171833333333336
Mauritius,1928,23.367500000000003
Mauritius,1929,23.22675
Mauritius,1930,23.287166666666668
Mauritius,1931,23.668583333333334
Mauritius,1932,23.30541666666667
Mauritius,1933,23.411083333333334
Mauritius,1934,23.192916666666665
Mauritius,1935,23.497
Mauritius,1936,23.560333333333332
Mauritius,1937,23.591250000000002
Mauritius,1938,23.448833333333337
Mauritius,1939,23.645416666666666
Mauritius,1940,23.730500000000003
Mauritius,1941,23.820083333333333
Mauritius,1942,23.507583333333333
Mauritius,1943,23.049750000000003
Mauritius,1944,23.68541666666667
Mauritius,1945,23.60983333333333
Mauritius,1946,23.71366666666667
Mauritius,1947,23.52625
Mauritius,1948,23.69125
Mauritius,1949,23.56458333333333
Mauritius,1950,23.366416666666666
Mauritius,1951,23.54291666666667
Mauritius,1952,23.549916666666665
Mauritius,1953,23.741
Mauritius,1954,23.7925
Mauritius,1955,23.50525
Mauritius,1956,23.371750000000002
Mauritius,1957,23.59058333333333
Mauritius,1958,23.630750000000003
Mauritius,1959,23.41175
Mauritius,1960,23.452833333333334
Mauritius,1961,24.150666666666666
Mauritius,1962,23.300416666666667
Mauritius,1963,23.146
Mauritius,1964,23.125
Mauritius,1965,23.265083333333337
Mauritius,1966,23.63025
Mauritius,1967,23.7195
Mauritius,1968,23.197666666666667
Mauritius,1969,24.105166666666666
Mauritius,1970,23.751166666666666
Mauritius,1971,23.30125
Mauritius,1972,23.821749999999998
Mauritius,1973,23.72775
Mauritius,1974,23.091416666666664
Mauritius,1975,23.57025
Mauritius,1976,23.841333333333335
Mauritius,1977,24.150750000000002
Mauritius,1978,23.989083333333337
Mauritius,1979,23.936583333333335
Mauritius,1980,23.86491666666667
Mauritius,1981,23.817083333333333
Mauritius,1982,23.751333333333335
Mauritius,1983,23.709500000000002
Mauritius,1984,23.578083333333336
Mauritius,1985,23.649416666666667
Mauritius,1986,23.688
Mauritius,1987,24.315083333333334
Mauritius,1988,24.135583333333333
Mauritius,1989,23.76008333333333
Mauritius,1990,23.840666666666667
Mauritius,1991,24.138
Mauritius,1992,23.809083333333334
Mauritius,1993,23.911083333333334
Mauritius,1994,24.165833333333335
Mauritius,1995,24.023416666666666
Mauritius,1996,23.891166666666667
Mauritius,1997,24.097416666666664
Mauritius,1998,24.405916666666666
Mauritius,1999,24.1075
Mauritius,2000,24.002583333333334
Mauritius,2001,24.4905
Mauritius,2002,24.395750000000003
Mauritius,2003,24.517083333333332
Mauritius,2004,24.254583333333333
Mauritius,2005,24.155916666666666
Mauritius,2006,24.31975
Mauritius,2007,24.284333333333336
Mauritius,2008,24.189000000000004
Mauritius,2009,24.584833333333336
Mauritius,2010,24.669083333333333
Mauritius,2011,24.522333333333336
Mauritius,2012,24.374
Mauritius,2013,24.312375
Mayotte,1900,26.497249999999998
Mayotte,1901,26.10591666666667
Mayotte,1902,26.409333333333336
Mayotte,1903,26.293750000000003
Mayotte,1904,25.46175
Mayotte,1905,26.29433333333333
Mayotte,1906,25.98266666666667
Mayotte,1907,25.88208333333333
Mayotte,1908,26.32025
Mayotte,1909,26.134666666666664
Mayotte,1910,25.754166666666666
Mayotte,1911,25.694666666666667
Mayotte,1912,26.271083333333337
Mayotte,1913,26.06725
Mayotte,1914,26.291
Mayotte,1915,26.309083333333334
Mayotte,1916,26.035583333333335
Mayotte,1917,25.949166666666667
Mayotte,1918,25.95625
Mayotte,1919,26.358333333333334
Mayotte,1920,25.866333333333333
Mayotte,1921,25.928
Mayotte,1922,25.97875
Mayotte,1923,26.22191666666667
Mayotte,1924,26.067916666666665
Mayotte,1925,26.218
Mayotte,1926,26.52825
Mayotte,1927,25.954583333333332
Mayotte,1928,26.297916666666666
Mayotte,1929,26.243416666666665
Mayotte,1930,25.89066666666667
Mayotte,1931,26.453083333333336
Mayotte,1932,26.248083333333337
Mayotte,1933,26.090000000000003
Mayotte,1934,26.203166666666664
Mayotte,1935,26.159916666666664
Mayotte,1936,26.3305
Mayotte,1937,26.19416666666667
Mayotte,1938,26.311833333333336
Mayotte,1939,26.295333333333332
Mayotte,1940,26.647583333333333
Mayotte,1941,26.64333333333333
Mayotte,1942,26.352083333333336
Mayotte,1943,25.784833333333335
Mayotte,1944,26.28525
Mayotte,1945,26.269333333333336
Mayotte,1946,26.361416666666667
Mayotte,1947,26.343333333333334
Mayotte,1948,26.539749999999998
Mayotte,1949,26.45566666666667
Mayotte,1950,26.26275
Mayotte,1951,26.329916666666666
Mayotte,1952,26.60925
Mayotte,1953,26.511083333333335
Mayotte,1954,26.576333333333334
Mayotte,1955,26.27725
Mayotte,1956,26.10375
Mayotte,1957,26.396583333333336
Mayotte,1958,26.640833333333333
Mayotte,1959,26.273916666666665
Mayotte,1960,26.418666666666667
Mayotte,1961,26.910583333333335
Mayotte,1962,26.429000000000002
Mayotte,1963,26.152416666666667
Mayotte,1964,26.16875
Mayotte,1965,25.96666666666667
Mayotte,1966,26.64375
Mayotte,1967,26.600916666666667
Mayotte,1968,26.067333333333334
Mayotte,1969,26.830166666666667
Mayotte,1970,26.646
Mayotte,1971,25.985583333333334
Mayotte,1972,26.450083333333335
Mayotte,1973,26.53325
Mayotte,1974,26.053333333333338
Mayotte,1975,26.27625
Mayotte,1976,26.361500000000003
Mayotte,1977,26.84766666666667
Mayotte,1978,26.562916666666666
Mayotte,1979,26.600416666666664
Mayotte,1980,26.60041666666667
Mayotte,1981,26.553
Mayotte,1982,26.815416666666668
Mayotte,1983,26.705166666666667
Mayotte,1984,26.16208333333333
Mayotte,1985,26.413666666666668
Mayotte,1986,26.61066666666667
Mayotte,1987,26.966916666666666
Mayotte,1988,26.931833333333334
Mayotte,1989,26.39108333333333
Mayotte,1990,26.775333333333336
Mayotte,1991,26.79941666666667
Mayotte,1992,26.85475
Mayotte,1993,26.8835
Mayotte,1994,27.091833333333337
Mayotte,1995,26.996750000000002
Mayotte,1996,26.58575
Mayotte,1997,26.994333333333334
Mayotte,1998,27.354833333333332
Mayotte,1999,26.938666666666666
Mayotte,2000,26.609333333333336
Mayotte,2001,27.02808333333333
Mayotte,2002,27.37391666666667
Mayotte,2003,27.142
Mayotte,2004,27.0085
Mayotte,2005,27.266000000000002
Mayotte,2006,27.15125
Mayotte,2007,27.256583333333335
Mayotte,2008,26.914666666666665
Mayotte,2009,27.238
Mayotte,2010,27.45141666666667
Mayotte,2011,27.188583333333337
Mayotte,2012,26.97
Mayotte,2013,27.13175
Mexico,1900,20.521583333333332
Mexico,1901,20.28525
Mexico,1902,20.581583333333334
Mexico,1903,19.973666666666666
Mexico,1904,20.09058333333333
Mexico,1905,20.235333333333333
Mexico,1906,20.234916666666667
Mexico,1907,20.555916666666665
Mexico,1908,20.54575
Mexico,1909,20.57075
Mexico,1910,20.429750000000002
Mexico,1911,20.621416666666665
Mexico,1912,19.987
Mexico,1913,19.898333333333333
Mexico,1914,20.21175
Mexico,1915,20.3585
Mexico,1916,20.55175
Mexico,1917,20.441166666666668
Mexico,1918,20.469666666666665
Mexico,1919,20.319416666666665
Mexico,1920,20.420333333333335
Mexico,1921,20.847666666666665
Mexico,1922,20.773
Mexico,1923,20.51308333333333
Mexico,1924,20.498333333333335
Mexico,1925,20.599833333333333
Mexico,1926,20.599999999999998
Mexico,1927,20.92716666666667
Mexico,1928,20.770083333333332
Mexico,1929,20.589333333333332
Mexico,1930,20.613583333333334
Mexico,1931,20.471
Mexico,1932,20.583916666666667
Mexico,1933,20.912666666666667
Mexico,1934,20.87633333333333
Mexico,1935,20.555666666666667
Mexico,1936,20.696250000000003
Mexico,1937,20.914416666666668
Mexico,1938,20.741583333333335
Mexico,1939,20.6385
Mexico,1940,20.755166666666664
Mexico,1941,20.762249999999998
Mexico,1942,20.743583333333333
Mexico,1943,20.750333333333334
Mexico,1944,20.495833333333334
Mexico,1945,21.120916666666666
Mexico,1946,21.12375
Mexico,1947,20.742
Mexico,1948,21.05216666666667
Mexico,1949,20.916083333333336
Mexico,1950,21.25675
Mexico,1951,21.117583333333332
Mexico,1952,20.887333333333334
Mexico,1953,21.0715
Mexico,1954,21.098499999999998
Mexico,1955,20.633583333333334
Mexico,1956,20.72375
Mexico,1957,21.10475
Mexico,1958,20.745083333333334
Mexico,1959,20.75125
Mexico,1960,20.746583333333334
Mexico,1961,20.723916666666664
Mexico,1962,20.993333333333336
Mexico,1963,20.879416666666668
Mexico,1964,20.586333333333332
Mexico,1965,20.7345
Mexico,1966,20.389666666666667
Mexico,1967,20.683333333333334
Mexico,1968,20.316083333333335
Mexico,1969,20.958833333333335
Mexico,1970,20.490083333333335
Mexico,1971,20.640333333333334
Mexico,1972,20.975
Mexico,1973,20.496166666666667
Mexico,1974,20.6315
Mexico,1975,20.449333333333332
Mexico,1976,20.145666666666667
Mexico,1977,20.84125
Mexico,1978,20.7555
Mexico,1979,20.569
Mexico,1980,21.035666666666668
Mexico,1981,20.75375
Mexico,1982,21.051083333333334
Mexico,1983,20.675416666666667
Mexico,1984,20.5115
Mexico,1985,20.603916666666667
Mexico,1986,20.850666666666665
Mexico,1987,20.455166666666667
Mexico,1988,20.736083333333333
Mexico,1989,20.96516666666667
Mexico,1990,20.960833333333333
Mexico,1991,20.83966666666667
Mexico,1992,20.650333333333332
Mexico,1993,20.938833333333335
Mexico,1994,21.325750000000003
Mexico,1995,21.370666666666665
Mexico,1996,21.132166666666667
Mexico,1997,20.898583333333335
Mexico,1998,21.531750000000002
Mexico,1999,21.1285
Mexico,2000,21.232083333333332
Mexico,2001,21.133
Mexico,2002,21.224999999999998
Mexico,2003,21.329416666666667
Mexico,2004,20.924833333333336
Mexico,2005,21.4135
Mexico,2006,21.418083333333332
Mexico,2007,21.079333333333334
Mexico,2008,21.08525
Mexico,2009,21.546083333333332
Mexico,2010,20.85291666666667
Mexico,2011,21.599333333333334
Mexico,2012,21.652416666666667
Mexico,2013,22.219222222222225
Moldova,1900,9.44825
Moldova,1901,9.021083333333333
Moldova,1902,7.803333333333334
Moldova,1903,9.45275
Moldova,1904,8.445500000000001
Moldova,1905,9.0325
Moldova,1906,9.4225
Moldova,1907,7.9629166666666675
Moldova,1908,8.224666666666666
Moldova,1909,8.784083333333333
Moldova,1910,9.625833333333334
Moldova,1911,8.438416666666667
Moldova,1912,7.9879999999999995
Moldova,1913,9.062583333333334
Moldova,1914,8.717666666666668
Moldova,1915,9.110416666666666
Moldova,1916,9.610833333333334
Moldova,1917,8.676583333333333
Moldova,1918,9.66175
Moldova,1919,8.748416666666667
Moldova,1920,8.59925
Moldova,1921,8.901583333333333
Moldova,1922,8.560583333333334
Moldova,1923,9.940083333333334
Moldova,1924,8.528833333333333
Moldova,1925,9.753333333333334
Moldova,1926,9.2865
Moldova,1927,9.251916666666666
Moldova,1928,8.329500000000001
Moldova,1929,7.8226666666666675
Moldova,1930,9.763416666666666
Moldova,1931,8.244333333333334
Moldova,1932,8.755166666666666
Moldova,1933,7.183833333333335
Moldova,1934,9.723166666666668
Moldova,1935,8.821833333333334
Moldova,1936,10.108166666666667
Moldova,1937,9.824666666666666
Moldova,1938,9.851833333333333
Moldova,1939,9.834249999999999
Moldova,1940,7.4780000000000015
Moldova,1941,7.772000000000001
Moldova,1942,7.320166666666666
Moldova,1943,9.036083333333334
Moldova,1944,9.245666666666667
Moldova,1945,8.518833333333333
Moldova,1946,9.53175
Moldova,1947,8.832666666666666
Moldova,1948,9.063833333333333
Moldova,1949,9.354416666666667
Moldova,1950,9.625083333333334
Moldova,1951,10.101416666666667
Moldova,1952,9.500583333333333
Moldova,1953,8.77625
Moldova,1954,8.321083333333334
Moldova,1955,9.10525
Moldova,1956,7.739833333333333
Moldova,1957,9.608083333333333
Moldova,1958,9.557250000000002
Moldova,1959,9.011916666666666
Moldova,1960,9.941083333333333
Moldova,1961,9.804499999999999
Moldova,1962,9.465916666666667
Moldova,1963,8.74475
Moldova,1964,8.841666666666667
Moldova,1965,8.429
Moldova,1966,10.387333333333332
Moldova,1967,9.585666666666667
Moldova,1968,9.478166666666667
Moldova,1969,8.200083333333334
Moldova,1970,9.540750000000001
Moldova,1971,9.333166666666667
Moldova,1972,9.384666666666668
Moldova,1973,8.858333333333333
Moldova,1974,9.362166666666669
Moldova,1975,10.359583333333335
Moldova,1976,8.193916666666667
Moldova,1977,9.403416666666667
Moldova,1978,8.578666666666665
Moldova,1979,9.605916666666666
Moldova,1980,8.12975
Moldova,1981,9.531666666666668
Moldova,1982,9.437666666666667
Moldova,1983,10.054833333333333
Moldova,1984,9.159583333333332
Moldova,1985,7.724166666666668
Moldova,1986,9.17075
Moldova,1987,8.015666666666666
Moldova,1988,8.950666666666667
Moldova,1989,10.511166666666666
Moldova,1990,10.875583333333333
Moldova,1991,9.18325
Moldova,1992,9.753333333333334
Moldova,1993,8.870166666666666
Moldova,1994,10.664166666666667
Moldova,1995,9.477916666666667
Moldova,1996,8.573333333333332
Moldova,1997,8.690666666666667
Moldova,1998,9.532
Moldova,1999,10.629166666666668
Moldova,2000,10.69
Moldova,2001,10.000833333333333
Moldova,2002,10.541083333333335
Moldova,2003,9.428416666666667
Moldova,2004,9.901833333333334
Moldova,2005,9.842666666666668
Moldova,2006,9.591833333333334
Moldova,2007,11.358916666666666
Moldova,2008,10.744416666666666
Moldova,2009,10.731916666666665
Moldova,2010,10.225666666666667
Moldova,2011,9.8705
Moldova,2012,10.587583333333335
Moldova,2013,11.9605
Monaco,1900,9.265666666666666
Monaco,1901,8.285750000000002
Monaco,1902,8.72025
Monaco,1903,8.729333333333333
Monaco,1904,9.3835
Monaco,1905,8.49775
Monaco,1906,8.790333333333335
Monaco,1907,8.80125
Monaco,1908,8.709583333333333
Monaco,1909,8.272583333333333
Monaco,1910,8.582749999999999
Monaco,1911,9.448500000000001
Monaco,1912,8.506166666666667
Monaco,1913,8.994333333333334
Monaco,1914,8.62525
Monaco,1915,8.533083333333332
Monaco,1916,8.910833333333334
Monaco,1917,8.155833333333332
Monaco,1918,8.706416666666668
Monaco,1919,8.393
Monaco,1920,9.595166666666666
Monaco,1921,9.606333333333334
Monaco,1922,8.730583333333334
Monaco,1923,9.222916666666666
Monaco,1924,8.974833333333333
Monaco,1925,8.71825
Monaco,1926,9.393500000000001
Monaco,1927,9.351416666666667
Monaco,1928,9.5725
Monaco,1929,8.932833333333333
Monaco,1930,9.440333333333333
Monaco,1931,8.731499999999999
Monaco,1932,8.817166666666667
Monaco,1933,8.8075
Monaco,1934,9.470166666666666
Monaco,1935,9.02675
Monaco,1936,9.197416666666667
Monaco,1937,9.550749999999999
Monaco,1938,9.119583333333333
Monaco,1939,8.804916666666667
Monaco,1940,8.305916666666667
Monaco,1941,8.173583333333333
Monaco,1942,9.109416666666666
Monaco,1943,10.105333333333332
Monaco,1944,8.912333333333335
Monaco,1945,9.709416666666668
Monaco,1946,9.387083333333333
Monaco,1947,9.883833333333333
Monaco,1948,9.701416666666667
Monaco,1949,10.112166666666667
Monaco,1950,9.814
Monaco,1951,9.32875
Monaco,1952,9.368416666666667
Monaco,1953,9.422166666666667
Monaco,1954,8.772166666666667
Monaco,1955,9.427833333333334
Monaco,1956,8.120166666666666
Monaco,1957,9.233166666666667
Monaco,1958,9.258416666666667
Monaco,1959,9.629333333333333
Monaco,1960,9.05675
Monaco,1961,10.008583333333334
Monaco,1962,8.852083333333333
Monaco,1963,8.476416666666667
Monaco,1964,9.456166666666666
Monaco,1965,8.7225
Monaco,1966,9.368666666666666
Monaco,1967,9.525166666666667
Monaco,1968,9.046249999999999
Monaco,1969,8.678916666666666
Monaco,1970,9.033333333333333
Monaco,1971,9.208916666666667
Monaco,1972,8.889750000000001
Monaco,1973,9.23575
Monaco,1974,9.212916666666667
Monaco,1975,9.182833333333333
Monaco,1976,9.130166666666666
Monaco,1977,9.066333333333334
Monaco,1978,8.708416666666666
Monaco,1979,9.289250000000001
Monaco,1980,8.690083333333334
Monaco,1981,9.2305
Monaco,1982,9.894833333333333
Monaco,1983,9.60375
Monaco,1984,8.689083333333333
Monaco,1985,9.15525
Monaco,1986,9.515333333333333
Monaco,1987,9.504916666666666
Monaco,1988,9.7545
Monaco,1989,10.0955
Monaco,1990,10.135333333333334
Monaco,1991,9.468333333333334
Monaco,1992,9.897916666666667
Monaco,1993,9.551666666666668
Monaco,1994,10.569583333333334
Monaco,1995,9.756583333333333
Monaco,1996,9.278583333333334
Monaco,1997,10.368083333333333
Monaco,1998,9.88925
Monaco,1999,9.993333333333334
Monaco,2000,10.2295
Monaco,2001,10.211833333333333
Monaco,2002,10.260166666666667
Monaco,2003,10.726083333333333
Monaco,2004,9.93825
Monaco,2005,9.518416666666667
Monaco,2006,10.454916666666668
Monaco,2007,10.411
Monaco,2008,9.97425
Monaco,2009,10.429416666666667
Monaco,2010,9.223666666666666
Monaco,2011,10.7235
Monaco,2012,10.248666666666667
Monaco,2013,10.417
Mongolia,1900,-1.1693333333333333
Mongolia,1901,-0.8058333333333333
Mongolia,1902,-0.5620833333333334
Mongolia,1903,-1.448333333333333
Mongolia,1904,-1.1800833333333332
Mongolia,1905,-1.6094999999999995
Mongolia,1906,-1.3647500000000001
Mongolia,1907,-1.14725
Mongolia,1908,-1.266416666666667
Mongolia,1909,-1.4894166666666668
Mongolia,1910,-1.8313333333333333
Mongolia,1911,-0.7847499999999998
Mongolia,1912,-2.023
Mongolia,1913,-0.8843333333333331
Mongolia,1914,-0.3929166666666665
Mongolia,1915,-1.437833333333333
Mongolia,1916,-1.5869166666666665
Mongolia,1917,-1.1497500000000003
Mongolia,1918,-0.9069166666666666
Mongolia,1919,-1.0161666666666667
Mongolia,1920,-0.7154166666666661
Mongolia,1921,-0.6554999999999999
Mongolia,1922,-1.1816666666666664
Mongolia,1923,-1.2604999999999995
Mongolia,1924,-0.8512500000000002
Mongolia,1925,-0.48641666666666694
Mongolia,1926,-0.35783333333333367
Mongolia,1927,-0.8291666666666663
Mongolia,1928,-1.0210833333333333
Mongolia,1929,-1.3500833333333337
Mongolia,1930,-1.101833333333334
Mongolia,1931,-1.681916666666666
Mongolia,1932,-0.05616666666666692
Mongolia,1933,-1.3159999999999996
Mongolia,1934,-1.313166666666667
Mongolia,1935,-1.1172500000000005
Mongolia,1936,-1.8519999999999996
Mongolia,1937,-1.5054166666666668
Mongolia,1938,-0.6867499999999996
Mongolia,1939,-0.36666666666666653
Mongolia,1940,-0.49458333333333354
Mongolia,1941,-0.2599166666666668
Mongolia,1942,-0.47850000000000037
Mongolia,1943,-0.4889999999999997
Mongolia,1944,-1.3531666666666673
Mongolia,1945,-0.8260833333333336
Mongolia,1946,-0.3101666666666662
Mongolia,1947,-1.9658333333333335
Mongolia,1948,-0.29983333333333356
Mongolia,1949,-0.5713333333333335
Mongolia,1950,-0.8249166666666666
Mongolia,1951,-0.7001666666666662
Mongolia,1952,-1.3803333333333336
Mongolia,1953,-0.6469999999999999
Mongolia,1954,-1.6718333333333337
Mongolia,1955,-0.6154999999999996
Mongolia,1956,-1.7387499999999996
Mongolia,1957,-1.3844999999999998
Mongolia,1958,-0.13233333333333328
Mongolia,1959,-0.7523333333333327
Mongolia,1960,-0.7965833333333334
Mongolia,1961,-0.33716666666666645
Mongolia,1962,-0.2626666666666666
Mongolia,1963,0.4474166666666661
Mongolia,1964,-0.7845
Mongolia,1965,0.1289166666666667
Mongolia,1966,-0.5659999999999995
Mongolia,1967,-0.9076666666666666
Mongolia,1968,-0.9830000000000002
Mongolia,1969,-1.5954166666666667
Mongolia,1970,-1.112833333333333
Mongolia,1971,-0.6264166666666661
Mongolia,1972,-0.23433333333333298
Mongolia,1973,0.14433333333333356
Mongolia,1974,-0.9841666666666665
Mongolia,1975,-0.04708333333333344
Mongolia,1976,-0.9320833333333335
Mongolia,1977,-0.34450000000000003
Mongolia,1978,0.12433333333333312
Mongolia,1979,0.27450000000000035
Mongolia,1980,-0.48266666666666663
Mongolia,1981,-0.6005833333333337
Mongolia,1982,0.4544166666666669
Mongolia,1983,-0.12758333333333324
Mongolia,1984,-1.4175000000000004
Mongolia,1985,-0.9774166666666666
Mongolia,1986,-0.2105
Mongolia,1987,-0.305083333333333
Mongolia,1988,-0.1633333333333334
Mongolia,1989,0.6739166666666662
Mongolia,1990,0.6622500000000002
Mongolia,1991,0.12483333333333253
Mongolia,1992,0.2616666666666667
Mongolia,1993,-0.2125833333333332
Mongolia,1994,0.6934999999999999
Mongolia,1995,0.7484999999999999
Mongolia,1996,-0.08266666666666629
Mongolia,1997,1.2595000000000003
Mongolia,1998,1.596916666666667
Mongolia,1999,1.099166666666667
Mongolia,2000,0.17499999999999952
Mongolia,2001,0.7503333333333334
Mongolia,2002,1.0959166666666669
Mongolia,2003,0.04641666666666625
Mongolia,2004,1.0906666666666662
Mongolia,2005,-0.13983333333333312
Mongolia,2006,0.9519166666666669
Mongolia,2007,2.075583333333334
Mongolia,2008,1.1155833333333334
Mongolia,2009,0.5645000000000001
Mongolia,2010,-0.3186666666666668
Mongolia,2011,-0.09199999999999993
Mongolia,2012,-0.5962499999999995
Mongolia,2013,2.80775
Montenegro,1900,10.71325
Montenegro,1901,9.935166666666666
Montenegro,1902,9.96375
Montenegro,1903,10.2645
Montenegro,1904,10.214333333333334
Montenegro,1905,9.836250000000001
Montenegro,1906,9.806666666666667
Montenegro,1907,9.888416666666666
Montenegro,1908,9.721333333333332
Montenegro,1909,9.99625
Montenegro,1910,10.381666666666666
Montenegro,1911,10.190083333333332
Montenegro,1912,9.552833333333334
Montenegro,1913,9.906916666666666
Montenegro,1914,9.475166666666667
Montenegro,1915,10.227333333333332
Montenegro,1916,11.110083333333334
Montenegro,1917,10.176666666666668
Montenegro,1918,10.328666666666667
Montenegro,1919,9.822666666666667
Montenegro,1920,10.39325
Montenegro,1921,10.1775
Montenegro,1922,10.008833333333333
Montenegro,1923,11.043166666666666
Montenegro,1924,9.91325
Montenegro,1925,10.261333333333333
Montenegro,1926,10.873583333333334
Montenegro,1927,11.247166666666667
Montenegro,1928,10.560166666666667
Montenegro,1929,9.527416666666667
Montenegro,1930,10.959166666666667
Montenegro,1931,10.175583333333334
Montenegro,1932,10.029583333333333
Montenegro,1933,9.475083333333332
Montenegro,1934,11.236916666666666
Montenegro,1935,10.446083333333334
Montenegro,1936,10.796666666666667
Montenegro,1937,10.849166666666667
Montenegro,1938,10.15575
Montenegro,1939,10.695666666666668
Montenegro,1940,8.98775
Montenegro,1941,9.458583333333333
Montenegro,1942,9.7965
Montenegro,1943,10.908333333333333
Montenegro,1944,10.042083333333332
Montenegro,1945,10.505
Montenegro,1946,11.104750000000001
Montenegro,1947,10.921083333333334
Montenegro,1948,10.489583333333334
Montenegro,1949,10.241833333333334
Montenegro,1950,11.558666666666667
Montenegro,1951,11.411416666666668
Montenegro,1952,11.242166666666668
Montenegro,1953,10.344916666666666
Montenegro,1954,9.809
Montenegro,1955,10.631
Montenegro,1956,9.560333333333334
Montenegro,1957,10.721583333333333
Montenegro,1958,10.805
Montenegro,1959,10.081416666666668
Montenegro,1960,10.89275
Montenegro,1961,11.001583333333334
Montenegro,1962,10.497083333333334
Montenegro,1963,10.535083333333333
Montenegro,1964,10.099083333333333
Montenegro,1965,9.99375
Montenegro,1966,10.81675
Montenegro,1967,10.346166666666667
Montenegro,1968,10.461
Montenegro,1969,10.163
Montenegro,1970,10.283
Montenegro,1971,10.232916666666666
Montenegro,1972,10.3225
Montenegro,1973,10.04825
Montenegro,1974,10.297916666666667
Montenegro,1975,10.369666666666665
Montenegro,1976,9.534583333333334
Montenegro,1977,10.820416666666667
Montenegro,1978,9.849083333333335
Montenegro,1979,10.641333333333334
Montenegro,1980,9.612250000000001
Montenegro,1981,10.206249999999999
Montenegro,1982,10.685666666666668
Montenegro,1983,10.242083333333333
Montenegro,1984,10.168999999999999
Montenegro,1985,10.313333333333334
Montenegro,1986,10.67075
Montenegro,1987,10.5725
Montenegro,1988,10.7035
Montenegro,1989,10.554333333333334
Montenegro,1990,11.242583333333334
Montenegro,1991,10.069666666666667
Montenegro,1992,10.94225
Montenegro,1993,10.783333333333333
Montenegro,1994,11.7725
Montenegro,1995,10.383583333333332
Montenegro,1996,10.323583333333334
Montenegro,1997,10.572166666666666
Montenegro,1998,10.930833333333332
Montenegro,1999,11.248666666666667
Montenegro,2000,11.561333333333332
Montenegro,2001,11.23525
Montenegro,2002,11.417166666666667
Montenegro,2003,11.27825
Montenegro,2004,10.82125
Montenegro,2005,10.12575
Montenegro,2006,10.560833333333333
Montenegro,2007,11.595083333333333
Montenegro,2008,11.627666666666668
Montenegro,2009,11.462666666666665
Montenegro,2010,11.244416666666666
Montenegro,2011,11.234666666666667
Montenegro,2012,11.531833333333333
Montenegro,2013,12.870375000000001
Montserrat,1900,26.173916666666667
Montserrat,1901,26.393666666666665
Montserrat,1902,26.31741666666667
Montserrat,1903,26.261583333333334
Montserrat,1904,25.901333333333337
Montserrat,1905,26.240333333333336
Montserrat,1906,26.140249999999998
Montserrat,1907,25.93825
Montserrat,1908,26.02241666666667
Montserrat,1909,25.901083333333332
Montserrat,1910,25.873500000000003
Montserrat,1911,26.07575
Montserrat,1912,26.17625
Montserrat,1913,25.7025
Montserrat,1914,26.177916666666665
Montserrat,1915,26.432666666666666
Montserrat,1916,25.99475
Montserrat,1917,25.779
Montserrat,1918,26.0415
Montserrat,1919,26.345583333333334
Montserrat,1920,26.05275
Montserrat,1921,26.217250000000003
Montserrat,1922,26.139166666666668
Montserrat,1923,26.10966666666667
Montserrat,1924,26.294416666666667
Montserrat,1925,26.115166666666667
Montserrat,1926,26.53325
Montserrat,1927,26.321833333333334
Montserrat,1928,26.446166666666667
Montserrat,1929,26.091416666666664
Montserrat,1930,26.524333333333335
Montserrat,1931,26.802000000000003
Montserrat,1932,26.50391666666667
Montserrat,1933,26.147750000000002
Montserrat,1934,26.129083333333337
Montserrat,1935,26.281333333333336
Montserrat,1936,26.28333333333333
Montserrat,1937,26.545416666666668
Montserrat,1938,26.123583333333332
Montserrat,1939,26.391166666666667
Montserrat,1940,26.694916666666668
Montserrat,1941,26.863416666666666
Montserrat,1942,26.78025
Montserrat,1943,26.29225
Montserrat,1944,26.370833333333334
Montserrat,1945,26.096333333333334
Montserrat,1946,26.366666666666664
Montserrat,1947,26.735416666666666
Montserrat,1948,26.531333333333336
Montserrat,1949,26.17441666666667
Montserrat,1950,25.984583333333333
Montserrat,1951,26.4875
Montserrat,1952,26.665750000000003
Montserrat,1953,26.80841666666667
Montserrat,1954,26.398833333333332
Montserrat,1955,26.560333333333332
Montserrat,1956,26.363416666666666
Montserrat,1957,26.611666666666668
Montserrat,1958,27.046000000000003
Montserrat,1959,26.842583333333334
Montserrat,1960,26.906166666666667
Montserrat,1961,26.666
Montserrat,1962,26.70141666666667
Montserrat,1963,26.84075
Montserrat,1964,26.653750000000002
Montserrat,1965,26.378416666666666
Montserrat,1966,26.55933333333333
Montserrat,1967,26.297666666666668
Montserrat,1968,26.356083333333334
Montserrat,1969,26.828999999999997
Montserrat,1970,26.682333333333332
Montserrat,1971,26.339916666666667
Montserrat,1972,26.511499999999998
Montserrat,1973,26.828833333333336
Montserrat,1974,26.291750000000004
Montserrat,1975,26.286333333333335
Montserrat,1976,26.208250000000003
Montserrat,1977,26.789833333333334
Montserrat,1978,26.80475
Montserrat,1979,26.60766666666667
Montserrat,1980,27.075416666666666
Montserrat,1981,27.01725
Montserrat,1982,26.633166666666668
Montserrat,1983,27.020666666666667
Montserrat,1984,26.54275
Montserrat,1985,26.54716666666667
Montserrat,1986,26.653833333333335
Montserrat,1987,27.169916666666666
Montserrat,1988,26.894166666666667
Montserrat,1989,26.635666666666665
Montserrat,1990,26.882333333333335
Montserrat,1991,26.83175
Montserrat,1992,26.845250000000004
Montserrat,1993,26.890249999999998
Montserrat,1994,26.875416666666666
Montserrat,1995,27.326333333333334
Montserrat,1996,26.905666666666665
Montserrat,1997,27.25583333333334
Montserrat,1998,27.55741666666667
Montserrat,1999,27.064333333333334
Montserrat,2000,26.841083333333334
Montserrat,2001,27.204666666666668
Montserrat,2002,27.30575
Montserrat,2003,27.46166666666667
Montserrat,2004,27.093
Montserrat,2005,27.55525
Montserrat,2006,27.41241666666667
Montserrat,2007,27.452916666666667
Montserrat,2008,26.909833333333335
Montserrat,2009,27.21675
Montserrat,2010,27.696583333333336
Montserrat,2011,27.2225
Montserrat,2012,27.3685
Montserrat,2013,27.213250000000002
Morocco,1900,17.567416666666666
Morocco,1901,17.47191666666667
Morocco,1902,17.510833333333334
Morocco,1903,17.230333333333334
Morocco,1904,17.480166666666666
Morocco,1905,17.35366666666667
Morocco,1906,17.26075
Morocco,1907,16.942333333333334
Morocco,1908,17.501583333333333
Morocco,1909,17.206500000000002
Morocco,1910,17.3105
Morocco,1911,17.197666666666667
Morocco,1912,17.358333333333334
Morocco,1913,17.617250000000002
Morocco,1914,17.307166666666667
Morocco,1915,17.507333333333335
Morocco,1916,17.27775
Morocco,1917,16.95875
Morocco,1918,17.045083333333334
Morocco,1919,17.372916666666665
Morocco,1920,17.813333333333336
Morocco,1921,17.468583333333335
Morocco,1922,17.47608333333333
Morocco,1923,17.2975
Morocco,1924,17.807083333333335
Morocco,1925,17.114166666666666
Morocco,1926,18.307
Morocco,1927,17.8305
Morocco,1928,17.643333333333334
Morocco,1929,17.75175
Morocco,1930,17.913416666666667
Morocco,1931,17.668833333333335
Morocco,1932,17.22825
Morocco,1933,17.564416666666666
Morocco,1934,17.1125
Morocco,1935,17.47075
Morocco,1936,17.467916666666667
Morocco,1937,18.2965
Morocco,1938,17.724833333333333
Morocco,1939,17.35275
Morocco,1940,17.908583333333333
Morocco,1941,17.902916666666666
Morocco,1942,17.917416666666668
Morocco,1943,17.658166666666666
Morocco,1944,17.62125
Morocco,1945,18.52716666666667
Morocco,1946,17.55525
Morocco,1947,18.226166666666668
Morocco,1948,18.174666666666667
Morocco,1949,18.150333333333332
Morocco,1950,17.952916666666667
Morocco,1951,17.59391666666667
Morocco,1952,17.892750000000003
Morocco,1953,17.82225
Morocco,1954,17.418583333333334
Morocco,1955,18.7615
Morocco,1956,16.933666666666667
Morocco,1957,17.385083333333334
Morocco,1958,18.01
Morocco,1959,17.6655
Morocco,1960,17.85625
Morocco,1961,18.608666666666668
Morocco,1962,18.0075
Morocco,1963,17.779
Morocco,1964,17.9755
Morocco,1965,17.626833333333334
Morocco,1966,17.951083333333333
Morocco,1967,17.543583333333334
Morocco,1968,17.71825
Morocco,1969,17.62183333333333
Morocco,1970,17.9635
Morocco,1971,16.9075
Morocco,1972,16.594916666666666
Morocco,1973,17.5375
Morocco,1974,17.249583333333334
Morocco,1975,17.41241666666667
Morocco,1976,17.034833333333335
Morocco,1977,17.73275
Morocco,1978,17.952749999999998
Morocco,1979,17.860333333333333
Morocco,1980,18.05675
Morocco,1981,18.312166666666666
Morocco,1982,17.701916666666666
Morocco,1983,18.555083333333332
Morocco,1984,17.714000000000002
Morocco,1985,18.30933333333333
Morocco,1986,17.792666666666666
Morocco,1987,18.814666666666668
Morocco,1988,18.212
Morocco,1989,18.530333333333335
Morocco,1990,18.697666666666667
Morocco,1991,17.617250000000002
Morocco,1992,17.68575
Morocco,1993,17.502666666666666
Morocco,1994,18.460416666666667
Morocco,1995,18.788833333333333
Morocco,1996,18.248333333333335
Morocco,1997,18.79925
Morocco,1998,18.712666666666667
Morocco,1999,18.368333333333336
Morocco,2000,18.565083333333334
Morocco,2001,19.23391666666667
Morocco,2002,18.71258333333333
Morocco,2003,18.856
Morocco,2004,18.486
Morocco,2005,18.580750000000002
Morocco,2006,18.793166666666668
Morocco,2007,18.419666666666668
Morocco,2008,18.382166666666667
Morocco,2009,19.01075
Morocco,2010,19.435
Morocco,2011,18.878833333333333
Morocco,2012,18.66875
Morocco,2013,19.30525
Mozambique,1900,23.76425
Mozambique,1901,23.199916666666667
Mozambique,1902,23.526583333333335
Mozambique,1903,23.536916666666666
Mozambique,1904,22.627166666666668
Mozambique,1905,23.43025
Mozambique,1906,23.159750000000003
Mozambique,1907,22.807083333333335
Mozambique,1908,23.59991666666667
Mozambique,1909,23.644499999999997
Mozambique,1910,22.807083333333335
Mozambique,1911,22.959166666666665
Mozambique,1912,23.722583333333333
Mozambique,1913,23.523666666666667
Mozambique,1914,23.651
Mozambique,1915,23.614583333333332
Mozambique,1916,23.430000000000003
Mozambique,1917,23.311083333333332
Mozambique,1918,23.160916666666665
Mozambique,1919,23.45566666666667
Mozambique,1920,23.417
Mozambique,1921,23.275583333333334
Mozambique,1922,23.84658333333333
Mozambique,1923,23.742583333333332
Mozambique,1924,23.339166666666667
Mozambique,1925,23.33966666666667
Mozambique,1926,23.566333333333333
Mozambique,1927,23.176416666666668
Mozambique,1928,23.52125
Mozambique,1929,23.556833333333334
Mozambique,1930,23.12925
Mozambique,1931,23.731166666666667
Mozambique,1932,23.482333333333333
Mozambique,1933,23.33175
Mozambique,1934,23.552833333333336
Mozambique,1935,22.987666666666666
Mozambique,1936,23.212166666666665
Mozambique,1937,23.47866666666667
Mozambique,1938,23.586166666666667
Mozambique,1939,23.212666666666667
Mozambique,1940,23.70375
Mozambique,1941,24.092583333333334
Mozambique,1942,23.8165
Mozambique,1943,23.432833333333335
Mozambique,1944,23.673333333333332
Mozambique,1945,23.18975
Mozambique,1946,23.47791666666667
Mozambique,1947,23.67533333333333
Mozambique,1948,23.70041666666667
Mozambique,1949,23.798333333333332
Mozambique,1950,23.407416666666666
Mozambique,1951,23.542083333333334
Mozambique,1952,23.732250000000004
Mozambique,1953,23.56975
Mozambique,1954,23.740416666666665
Mozambique,1955,23.47283333333333
Mozambique,1956,23.383166666666668
Mozambique,1957,23.9725
Mozambique,1958,23.83241666666667
Mozambique,1959,23.766750000000002
Mozambique,1960,23.54325
Mozambique,1961,23.930083333333332
Mozambique,1962,23.781500000000005
Mozambique,1963,23.280916666666666
Mozambique,1964,23.436916666666665
Mozambique,1965,23.2025
Mozambique,1966,23.884833333333333
Mozambique,1967,23.782
Mozambique,1968,23.418499999999998
Mozambique,1969,24.004499999999997
Mozambique,1970,23.95625
Mozambique,1971,23.550666666666668
Mozambique,1972,23.568749999999998
Mozambique,1973,23.74083333333333
Mozambique,1974,23.3455
Mozambique,1975,23.422666666666668
Mozambique,1976,23.494083333333332
Mozambique,1977,23.99716666666667
Mozambique,1978,23.7745
Mozambique,1979,23.745166666666666
Mozambique,1980,23.75191666666667
Mozambique,1981,23.42625
Mozambique,1982,23.762666666666664
Mozambique,1983,24.563833333333335
Mozambique,1984,23.858249999999998
Mozambique,1985,23.67758333333333
Mozambique,1986,23.776833333333332
Mozambique,1987,24.488333333333333
Mozambique,1988,24.085250000000002
Mozambique,1989,23.79625
Mozambique,1990,24.200666666666667
Mozambique,1991,24.13275
Mozambique,1992,24.743
Mozambique,1993,24.247500000000002
Mozambique,1994,24.04225
Mozambique,1995,24.4765
Mozambique,1996,24.090166666666665
Mozambique,1997,24.15225
Mozambique,1998,24.623416666666667
Mozambique,1999,24.081500000000002
Mozambique,2000,23.92025
Mozambique,2001,24.25091666666667
Mozambique,2002,24.42816666666667
Mozambique,2003,24.42325
Mozambique,2004,24.07258333333333
Mozambique,2005,24.83375
Mozambique,2006,24.303416666666667
Mozambique,2007,24.224416666666666
Mozambique,2008,24.0305
Mozambique,2009,24.081333333333333
Mozambique,2010,24.60575
Mozambique,2011,24.302166666666665
Mozambique,2012,24.009583333333335
Mozambique,2013,23.488
Namibia,1900,20.608
Namibia,1901,20.357833333333335
Namibia,1902,20.108166666666666
Namibia,1903,19.911916666666666
Namibia,1904,19.634583333333335
Namibia,1905,19.986583333333332
Namibia,1906,19.822916666666668
Namibia,1907,19.65908333333333
Namibia,1908,19.949916666666667
Namibia,1909,20.22008333333333
Namibia,1910,20.30666666666667
Namibia,1911,20.065166666666666
Namibia,1912,20.101166666666668
Namibia,1913,20.568083333333334
Namibia,1914,20.564166666666665
Namibia,1915,20.37933333333333
Namibia,1916,20.536916666666666
Namibia,1917,20.163916666666665
Namibia,1918,19.831833333333332
Namibia,1919,20.324916666666667
Namibia,1920,20.55933333333333
Namibia,1921,20.53875
Namibia,1922,21.03425
Namibia,1923,20.504666666666665
Namibia,1924,20.464333333333332
Namibia,1925,20.101333333333333
Namibia,1926,20.80666666666667
Namibia,1927,21.074833333333334
Namibia,1928,20.551333333333332
Namibia,1929,20.791666666666668
Namibia,1930,20.392916666666668
Namibia,1931,20.692
Namibia,1932,20.375416666666666
Namibia,1933,20.923833333333334
Namibia,1934,20.30075
Namibia,1935,20.089166666666667
Namibia,1936,20.22191666666667
Namibia,1937,20.331666666666667
Namibia,1938,20.219833333333334
Namibia,1939,20.009249999999998
Namibia,1940,20.573666666666668
Namibia,1941,21.275666666666666
Namibia,1942,20.65908333333333
Namibia,1943,20.411083333333334
Namibia,1944,20.80675
Namibia,1945,20.70266666666667
Namibia,1946,20.90625
Namibia,1947,20.740083333333335
Namibia,1948,20.467583333333334
Namibia,1949,20.836333333333332
Namibia,1950,20.434
Namibia,1951,20.619583333333335
Namibia,1952,20.987166666666667
Namibia,1953,20.37
Namibia,1954,20.184166666666666
Namibia,1955,20.05675
Namibia,1956,20.220000000000002
Namibia,1957,20.592333333333332
Namibia,1958,20.58375
Namibia,1959,20.691666666666666
Namibia,1960,20.735666666666667
Namibia,1961,20.792416666666668
Namibia,1962,20.748833333333334
Namibia,1963,20.563083333333335
Namibia,1964,20.496916666666667
Namibia,1965,20.568
Namibia,1966,20.794583333333332
Namibia,1967,20.373916666666666
Namibia,1968,20.421166666666668
Namibia,1969,20.837083333333336
Namibia,1970,21.006166666666665
Namibia,1971,20.568166666666666
Namibia,1972,20.844083333333334
Namibia,1973,21.014416666666666
Namibia,1974,19.93
Namibia,1975,20.4755
Namibia,1976,19.949333333333332
Namibia,1977,20.517083333333336
Namibia,1978,20.413
Namibia,1979,20.88475
Namibia,1980,20.66091666666667
Namibia,1981,20.674
Namibia,1982,20.857833333333335
Namibia,1983,21.213083333333334
Namibia,1984,21.24875
Namibia,1985,20.794166666666666
Namibia,1986,20.996
Namibia,1987,21.485416666666666
Namibia,1988,21.0565
Namibia,1989,20.721083333333336
Namibia,1990,21.33683333333333
Namibia,1991,20.78075
Namibia,1992,21.336833333333335
Namibia,1993,21.248333333333335
Namibia,1994,20.951083333333333
Namibia,1995,21.60025
Namibia,1996,20.828666666666667
Namibia,1997,20.818166666666666
Namibia,1998,21.676666666666666
Namibia,1999,21.46591666666667
Namibia,2000,21.017666666666667
Namibia,2001,21.237166666666667
Namibia,2002,21.547583333333336
Namibia,2003,22.040833333333335
Namibia,2004,21.643833333333333
Namibia,2005,21.473916666666668
Namibia,2006,20.381833333333333
Namibia,2007,21.180583333333335
Namibia,2008,21.021083333333333
Namibia,2009,20.97625
Namibia,2010,21.39225
Namibia,2011,20.350416666666664
Namibia,2012,20.794999999999998
Namibia,2013,21.265875
Nepal,1900,15.02575
Nepal,1901,15.017916666666666
Nepal,1902,15.01
Nepal,1903,14.839
Nepal,1904,14.757583333333335
Nepal,1905,13.845416666666667
Nepal,1906,14.851416666666667
Nepal,1907,14.640500000000001
Nepal,1908,15.159500000000001
Nepal,1909,14.913333333333334
Nepal,1910,14.642166666666668
Nepal,1911,14.634166666666667
Nepal,1912,14.589583333333335
Nepal,1913,14.257666666666667
Nepal,1914,14.600416666666666
Nepal,1915,15.174750000000001
Nepal,1916,14.924333333333335
Nepal,1917,14.108000000000002
Nepal,1918,14.494833333333332
Nepal,1919,14.581333333333333
Nepal,1920,14.764916666666666
Nepal,1921,15.016333333333336
Nepal,1922,14.866166666666667
Nepal,1923,14.882833333333336
Nepal,1924,15.113833333333332
Nepal,1925,14.375250000000001
Nepal,1926,14.661666666666667
Nepal,1927,14.655916666666668
Nepal,1928,15.232833333333334
Nepal,1929,14.847333333333333
Nepal,1930,14.784500000000001
Nepal,1931,15.26975
Nepal,1932,15.174083333333334
Nepal,1933,14.499
Nepal,1934,14.777833333333334
Nepal,1935,14.677833333333334
Nepal,1936,14.387666666666668
Nepal,1937,14.462833333333334
Nepal,1938,14.7575
Nepal,1939,14.933583333333333
Nepal,1940,14.816833333333335
Nepal,1941,15.628500000000003
Nepal,1942,15.260916666666668
Nepal,1943,15.011249999999999
Nepal,1944,14.654666666666666
Nepal,1945,14.579583333333334
Nepal,1946,15.02575
Nepal,1947,15.416500000000001
Nepal,1948,14.946666666666667
Nepal,1949,14.845333333333334
Nepal,1950,14.65125
Nepal,1951,15.288083333333335
Nepal,1952,15.285666666666666
Nepal,1953,15.541500000000001
Nepal,1954,15.188000000000002
Nepal,1955,14.838500000000002
Nepal,1956,15.015250000000002
Nepal,1957,14.907000000000002
Nepal,1958,15.752166666666668
Nepal,1959,15.3685
Nepal,1960,15.314583333333333
Nepal,1961,14.808583333333333
Nepal,1962,14.750749999999998
Nepal,1963,14.905916666666668
Nepal,1964,15.207166666666666
Nepal,1965,14.737
Nepal,1966,15.390749999999999
Nepal,1967,14.769
Nepal,1968,14.615083333333336
Nepal,1969,15.399500000000002
Nepal,1970,15.086583333333335
Nepal,1971,14.408416666666668
Nepal,1972,15.07691666666667
Nepal,1973,15.211583333333332
Nepal,1974,15.229416666666667
Nepal,1975,14.9505
Nepal,1976,15.13991666666667
Nepal,1977,15.137250000000002
Nepal,1978,14.663916666666667
Nepal,1979,15.387749999999999
Nepal,1980,15.299333333333335
Nepal,1981,14.907583333333335
Nepal,1982,14.893750000000002
Nepal,1983,14.480916666666666
Nepal,1984,15.277583333333332
Nepal,1985,15.540666666666668
Nepal,1986,14.932916666666669
Nepal,1987,15.570500000000001
Nepal,1988,15.552000000000001
Nepal,1989,15.03575
Nepal,1990,15.272333333333334
Nepal,1991,15.135
Nepal,1992,15.075583333333334
Nepal,1993,15.276250000000003
Nepal,1994,15.45825
Nepal,1995,15.453333333333333
Nepal,1996,15.459833333333336
Nepal,1997,14.691916666666666
Nepal,1998,15.577750000000002
Nepal,1999,15.944583333333334
Nepal,2000,15.279333333333334
Nepal,2001,15.59025
Nepal,2002,15.648666666666669
Nepal,2003,15.47025
Nepal,2004,15.551833333333335
Nepal,2005,15.616166666666667
Nepal,2006,16.056
Nepal,2007,15.657083333333333
Nepal,2008,15.409083333333333
Nepal,2009,16.077
Nepal,2010,16.114
Nepal,2011,15.280666666666667
Nepal,2012,15.419833333333335
Nepal,2013,15.951250000000002
Netherlands,1900,9.727583333333333
Netherlands,1901,9.17025
Netherlands,1902,8.6925
Netherlands,1903,9.680166666666667
Netherlands,1904,9.517333333333333
Netherlands,1905,9.285333333333332
Netherlands,1906,9.675333333333333
Netherlands,1907,9.107833333333334
Netherlands,1908,8.989833333333333
Netherlands,1909,8.68675
Netherlands,1910,9.81575
Netherlands,1911,10.313416666666667
Netherlands,1912,9.53775
Netherlands,1913,9.98925
Netherlands,1914,10.044833333333333
Netherlands,1915,9.18225
Netherlands,1916,9.566666666666666
Netherlands,1917,8.716416666666666
Netherlands,1918,9.746666666666668
Netherlands,1919,8.520916666666666
Netherlands,1920,9.86925
Netherlands,1921,10.394250000000001
Netherlands,1922,8.636666666666667
Netherlands,1923,9.163833333333335
Netherlands,1924,9.016166666666665
Netherlands,1925,9.569916666666666
Netherlands,1926,9.997166666666667
Netherlands,1927,9.371833333333333
Netherlands,1928,9.721166666666667
Netherlands,1929,8.792416666666668
Netherlands,1930,10.113666666666667
Netherlands,1931,9.192583333333333
Netherlands,1932,9.8165
Netherlands,1933,9.46625
Netherlands,1934,10.614416666666665
Netherlands,1935,9.979583333333334
Netherlands,1936,9.804333333333334
Netherlands,1937,9.953333333333333
Netherlands,1938,10.169916666666667
Netherlands,1939,9.957500000000001
Netherlands,1940,8.415083333333333
Netherlands,1941,8.892166666666666
Netherlands,1942,8.698666666666666
Netherlands,1943,10.211583333333333
Netherlands,1944,9.761583333333332
Netherlands,1945,10.389416666666667
Netherlands,1946,9.561
Netherlands,1947,9.782
Netherlands,1948,10.337583333333333
Netherlands,1949,10.490083333333333
Netherlands,1950,9.853333333333333
Netherlands,1951,9.962083333333334
Netherlands,1952,9.343083333333334
Netherlands,1953,10.231416666666666
Netherlands,1954,9.334916666666667
Netherlands,1955,9.218
Netherlands,1956,8.542499999999999
Netherlands,1957,10.2105
Netherlands,1958,9.763083333333334
Netherlands,1959,10.56525
Netherlands,1960,10.024666666666667
Netherlands,1961,10.326833333333333
Netherlands,1962,8.564
Netherlands,1963,8.263166666666667
Netherlands,1964,9.553166666666668
Netherlands,1965,9.111583333333334
Netherlands,1966,9.827833333333333
Netherlands,1967,10.293666666666667
Netherlands,1968,9.549916666666666
Netherlands,1969,9.533583333333334
Netherlands,1970,9.4315
Netherlands,1971,9.901833333333334
Netherlands,1972,9.366166666666667
Netherlands,1973,9.848333333333334
Netherlands,1974,10.12575
Netherlands,1975,10.260833333333334
Netherlands,1976,10.16475
Netherlands,1977,10.037333333333333
Netherlands,1978,9.344416666666666
Netherlands,1979,8.885416666666666
Netherlands,1980,9.464916666666667
Netherlands,1981,9.639916666666666
Netherlands,1982,10.33625
Netherlands,1983,10.357416666666667
Netherlands,1984,9.697416666666667
Netherlands,1985,8.828
Netherlands,1986,9.215083333333334
Netherlands,1987,9.042416666666666
Netherlands,1988,10.537166666666666
Netherlands,1989,10.932
Netherlands,1990,11.000333333333332
Netherlands,1991,9.75125
Netherlands,1992,10.752166666666668
Netherlands,1993,9.8475
Netherlands,1994,10.842
Netherlands,1995,10.594666666666667
Netherlands,1996,8.739333333333333
Netherlands,1997,10.409416666666667
Netherlands,1998,10.518583333333334
Netherlands,1999,11.086166666666665
Netherlands,2000,11.103499999999999
Netherlands,2001,10.579
Netherlands,2002,11.015500000000001
Netherlands,2003,10.699833333333332
Netherlands,2004,10.6275
Netherlands,2005,10.823666666666666
Netherlands,2006,11.291333333333334
Netherlands,2007,11.388416666666666
Netherlands,2008,10.794583333333334
Netherlands,2009,10.707166666666668
Netherlands,2010,9.264583333333333
Netherlands,2011,11.076
Netherlands,2012,10.438166666666666
Netherlands,2013,9.8565
Netherlands (Europe),1900,9.336333333333334
Netherlands (Europe),1901,8.76975
Netherlands (Europe),1902,8.279083333333334
Netherlands (Europe),1903,9.289
Netherlands (Europe),1904,9.134583333333333
Netherlands (Europe),1905,8.888833333333334
Netherlands (Europe),1906,9.289333333333333
Netherlands (Europe),1907,8.714166666666667
Netherlands (Europe),1908,8.591333333333333
Netherlands (Europe),1909,8.283166666666666
Netherlands (Europe),1910,9.43675
Netherlands (Europe),1911,9.944666666666667
Netherlands (Europe),1912,9.148833333333334
Netherlands (Europe),1913,9.619083333333334
Netherlands (Europe),1914,9.66525
Netherlands (Europe),1915,8.773333333333333
Netherlands (Europe),1916,9.181083333333333
Netherlands (Europe),1917,8.321416666666666
Netherlands (Europe),1918,9.369833333333334
Netherlands (Europe),1919,8.105416666666667
Netherlands (Europe),1920,9.489416666666667
Netherlands (Europe),1921,10.0305
Netherlands (Europe),1922,8.230333333333332
Netherlands (Europe),1923,8.768666666666666
Netherlands (Europe),1924,8.611083333333333
Netherlands (Europe),1925,9.182
Netherlands (Europe),1926,9.605333333333332
Netherlands (Europe),1927,8.975083333333334
Netherlands (Europe),1928,9.329666666666666
Netherlands (Europe),1929,8.385083333333332
Netherlands (Europe),1930,9.736083333333333
Netherlands (Europe),1931,8.783416666666666
Netherlands (Europe),1932,9.424833333333334
Netherlands (Europe),1933,9.0755
Netherlands (Europe),1934,10.243083333333333
Netherlands (Europe),1935,9.60075
Netherlands (Europe),1936,9.418000000000001
Netherlands (Europe),1937,9.566
Netherlands (Europe),1938,9.798583333333333
Netherlands (Europe),1939,9.57675
Netherlands (Europe),1940,7.9830000000000005
Netherlands (Europe),1941,8.468583333333333
Netherlands (Europe),1942,8.271083333333333
Netherlands (Europe),1943,9.831666666666667
Netherlands (Europe),1944,9.368916666666667
Netherlands (Europe),1945,10.016166666666667
Netherlands (Europe),1946,9.1735
Netherlands (Europe),1947,9.386916666666666
Netherlands (Europe),1948,9.955916666666667
Netherlands (Europe),1949,10.1195
Netherlands (Europe),1950,9.475666666666667
Netherlands (Europe),1951,9.571833333333332
Netherlands (Europe),1952,8.932083333333333
Netherlands (Europe),1953,9.842083333333333
Netherlands (Europe),1954,8.933916666666667
Netherlands (Europe),1955,8.819
Netherlands (Europe),1956,8.127
Netherlands (Europe),1957,9.827916666666667
Netherlands (Europe),1958,9.354333333333333
Netherlands (Europe),1959,10.187
Netherlands (Europe),1960,9.631166666666667
Netherlands (Europe),1961,9.946
Netherlands (Europe),1962,8.140666666666666
Netherlands (Europe),1963,7.831333333333333
Netherlands (Europe),1964,9.154333333333334
Netherlands (Europe),1965,8.706083333333334
Netherlands (Europe),1966,9.432916666666667
Netherlands (Europe),1967,9.91675
Netherlands (Europe),1968,9.152000000000001
Netherlands (Europe),1969,9.123666666666667
Netherlands (Europe),1970,9.025333333333334
Netherlands (Europe),1971,9.517333333333333
Netherlands (Europe),1972,8.960500000000001
Netherlands (Europe),1973,9.451749999999999
Netherlands (Europe),1974,9.748583333333334
Netherlands (Europe),1975,9.882666666666667
Netherlands (Europe),1976,9.787666666666667
Netherlands (Europe),1977,9.6425
Netherlands (Europe),1978,8.934916666666666
Netherlands (Europe),1979,8.464583333333334
Netherlands (Europe),1980,9.054
Netherlands (Europe),1981,9.234083333333333
Netherlands (Europe),1982,9.953000000000001
Netherlands (Europe),1983,9.965666666666667
Netherlands (Europe),1984,9.300916666666666
Netherlands (Europe),1985,8.417833333333334
Netherlands (Europe),1986,8.810083333333333
Netherlands (Europe),1987,8.614416666666667
Netherlands (Europe),1988,10.155833333333334
Netherlands (Europe),1989,10.5645
Netherlands (Europe),1990,10.629916666666666
Netherlands (Europe),1991,9.353666666666667
Netherlands (Europe),1992,10.373083333333334
Netherlands (Europe),1993,9.446583333333333
Netherlands (Europe),1994,10.4645
Netherlands (Europe),1995,10.204916666666668
Netherlands (Europe),1996,8.31425
Netherlands (Europe),1997,10.018583333333334
Netherlands (Europe),1998,10.12225
Netherlands (Europe),1999,10.71825
Netherlands (Europe),2000,10.738750000000001
Netherlands (Europe),2001,10.192666666666668
Netherlands (Europe),2002,10.634416666666667
Netherlands (Europe),2003,10.310916666666666
Netherlands (Europe),2004,10.245416666666666
Netherlands (Europe),2005,10.438333333333334
Netherlands (Europe),2006,10.915750000000001
Netherlands (Europe),2007,11.014416666666667
Netherlands (Europe),2008,10.415416666666667
Netherlands (Europe),2009,10.318416666666666
Netherlands (Europe),2010,8.838416666666665
Netherlands (Europe),2011,10.70125
Netherlands (Europe),2012,10.046916666666666
Netherlands (Europe),2013,9.4525
New Caledonia,1900,22.131666666666664
New Caledonia,1901,22.92516666666667
New Caledonia,1902,22.06975
New Caledonia,1903,22.62866666666667
New Caledonia,1904,21.881416666666667
New Caledonia,1905,22.012249999999998
New Caledonia,1906,22.371083333333335
New Caledonia,1907,22.379500000000004
New Caledonia,1908,22.178250000000002
New Caledonia,1909,22.3145
New Caledonia,1910,22.465833333333332
New Caledonia,1911,22.571416666666668
New Caledonia,1912,22.501166666666666
New Caledonia,1913,22.576916666666666
New Caledonia,1914,22.562916666666666
New Caledonia,1915,23.1545
New Caledonia,1916,22.835250000000002
New Caledonia,1917,22.40908333333333
New Caledonia,1918,22.416833333333333
New Caledonia,1919,22.444166666666664
New Caledonia,1920,22.562166666666666
New Caledonia,1921,22.69066666666667
New Caledonia,1922,22.517916666666668
New Caledonia,1923,22.350083333333334
New Caledonia,1924,22.73608333333333
New Caledonia,1925,22.27716666666667
New Caledonia,1926,22.424666666666667
New Caledonia,1927,22.531666666666666
New Caledonia,1928,22.618750000000002
New Caledonia,1929,22.634333333333334
New Caledonia,1930,22.4135
New Caledonia,1931,22.900583333333334
New Caledonia,1932,22.682333333333332
New Caledonia,1933,22.63525
New Caledonia,1934,22.33983333333333
New Caledonia,1935,22.562916666666666
New Caledonia,1936,22.71375
New Caledonia,1937,22.714250000000003
New Caledonia,1938,23.009083333333336
New Caledonia,1939,22.60683333333333
New Caledonia,1940,22.55666666666667
New Caledonia,1941,22.709416666666666
New Caledonia,1942,23.185833333333335
New Caledonia,1943,22.783416666666668
New Caledonia,1944,22.333916666666667
New Caledonia,1945,22.639916666666668
New Caledonia,1946,22.88575
New Caledonia,1947,22.985833333333336
New Caledonia,1948,22.954333333333334
New Caledonia,1949,22.931416666666667
New Caledonia,1950,23.262583333333335
New Caledonia,1951,22.578416666666666
New Caledonia,1952,23.168499999999998
New Caledonia,1953,22.910833333333333
New Caledonia,1954,22.854166666666668
New Caledonia,1955,23.000333333333334
New Caledonia,1956,22.863583333333334
New Caledonia,1957,22.55125
New Caledonia,1958,23.045
New Caledonia,1959,22.677000000000003
New Caledonia,1960,22.6065
New Caledonia,1961,22.768833333333333
New Caledonia,1962,22.882416666666668
New Caledonia,1963,22.62925
New Caledonia,1964,23.02208333333333
New Caledonia,1965,22.11825
New Caledonia,1966,22.195916666666665
New Caledonia,1967,22.929333333333332
New Caledonia,1968,22.394499999999997
New Caledonia,1969,22.736250000000002
New Caledonia,1970,23.190916666666666
New Caledonia,1971,22.909833333333335
New Caledonia,1972,22.620500000000003
New Caledonia,1973,23.715416666666666
New Caledonia,1974,22.991500000000002
New Caledonia,1975,23.174166666666665
New Caledonia,1976,22.976583333333334
New Caledonia,1977,22.667833333333334
New Caledonia,1978,22.914083333333334
New Caledonia,1979,22.831833333333336
New Caledonia,1980,22.92475
New Caledonia,1981,23.048583333333337
New Caledonia,1982,22.687166666666666
New Caledonia,1983,23.23625
New Caledonia,1984,23.13191666666667
New Caledonia,1985,23.14225
New Caledonia,1986,22.939833333333336
New Caledonia,1987,22.868333333333336
New Caledonia,1988,23.7705
New Caledonia,1989,23.167916666666667
New Caledonia,1990,23.41291666666667
New Caledonia,1991,22.855416666666667
New Caledonia,1992,22.950166666666664
New Caledonia,1993,22.781000000000002
New Caledonia,1994,22.671666666666667
New Caledonia,1995,23.70741666666667
New Caledonia,1996,23.611500000000003
New Caledonia,1997,23.183333333333334
New Caledonia,1998,24.298916666666667
New Caledonia,1999,23.54941666666667
New Caledonia,2000,23.283083333333334
New Caledonia,2001,23.49875
New Caledonia,2002,23.469083333333334
New Caledonia,2003,23.261750000000003
New Caledonia,2004,23.36766666666667
New Caledonia,2005,23.360500000000002
New Caledonia,2006,23.194166666666664
New Caledonia,2007,23.74325
New Caledonia,2008,23.66333333333333
New Caledonia,2009,23.27416666666667
New Caledonia,2010,23.8685
New Caledonia,2011,23.530583333333336
New Caledonia,2012,23.21341666666667
New Caledonia,2013,23.382375
New Zealand,1900,9.970833333333333
New Zealand,1901,9.703916666666666
New Zealand,1902,9.182833333333333
New Zealand,1903,9.747916666666667
New Zealand,1904,9.633333333333333
New Zealand,1905,9.612833333333333
New Zealand,1906,9.4635
New Zealand,1907,10.2685
New Zealand,1908,9.93325
New Zealand,1909,10.422666666666666
New Zealand,1910,10.549083333333334
New Zealand,1911,10.257083333333334
New Zealand,1912,9.689666666666666
New Zealand,1913,10.021083333333333
New Zealand,1914,10.083333333333334
New Zealand,1915,10.315083333333334
New Zealand,1916,11.031
New Zealand,1917,10.73775
New Zealand,1918,10.097666666666667
New Zealand,1919,9.87825
New Zealand,1920,10.024166666666666
New Zealand,1921,10.262166666666667
New Zealand,1922,10.366583333333333
New Zealand,1923,10.121416666666667
New Zealand,1924,11.0085
New Zealand,1925,9.917250000000001
New Zealand,1926,10.1195
New Zealand,1927,10.046416666666667
New Zealand,1928,11.0085
New Zealand,1929,10.270416666666668
New Zealand,1930,9.664333333333333
New Zealand,1931,9.846916666666667
New Zealand,1932,10.011166666666666
New Zealand,1933,10.437083333333334
New Zealand,1934,10.537
New Zealand,1935,10.805166666666667
New Zealand,1936,10.268166666666668
New Zealand,1937,10.016333333333334
New Zealand,1938,11.214083333333333
New Zealand,1939,10.220833333333333
New Zealand,1940,10.15725
New Zealand,1941,10.126333333333333
New Zealand,1942,10.487833333333333
New Zealand,1943,10.200916666666666
New Zealand,1944,10.344666666666667
New Zealand,1945,10.059083333333334
New Zealand,1946,10.2795
New Zealand,1947,10.475499999999998
New Zealand,1948,10.748916666666666
New Zealand,1949,10.464666666666666
New Zealand,1950,10.618
New Zealand,1951,10.076333333333332
New Zealand,1952,10.40575
New Zealand,1953,10.385916666666667
New Zealand,1954,10.77375
New Zealand,1955,10.97025
New Zealand,1956,11.18475
New Zealand,1957,10.674416666666666
New Zealand,1958,10.686
New Zealand,1959,10.441833333333333
New Zealand,1960,10.554666666666668
New Zealand,1961,10.535666666666666
New Zealand,1962,11.149166666666666
New Zealand,1963,10.249833333333333
New Zealand,1964,10.394166666666667
New Zealand,1965,10.144333333333334
New Zealand,1966,10.394916666666665
New Zealand,1967,10.504416666666666
New Zealand,1968,10.511249999999999
New Zealand,1969,10.449333333333334
New Zealand,1970,11.149416666666667
New Zealand,1971,11.25175
New Zealand,1972,10.55625
New Zealand,1973,10.935583333333334
New Zealand,1974,11.063749999999999
New Zealand,1975,10.96725
New Zealand,1976,10.14175
New Zealand,1977,10.130416666666667
New Zealand,1978,11.04275
New Zealand,1979,10.848833333333333
New Zealand,1980,10.599666666666666
New Zealand,1981,11.0525
New Zealand,1982,10.365333333333334
New Zealand,1983,10.295
New Zealand,1984,10.963833333333334
New Zealand,1985,11.030499999999998
New Zealand,1986,10.943249999999999
New Zealand,1987,11.034166666666666
New Zealand,1988,11.093416666666668
New Zealand,1989,11.279833333333334
New Zealand,1990,11.269333333333334
New Zealand,1991,10.534333333333334
New Zealand,1992,9.936166666666667
New Zealand,1993,10.23825
New Zealand,1994,10.542250000000001
New Zealand,1995,10.821083333333334
New Zealand,1996,10.7435
New Zealand,1997,10.542
New Zealand,1998,11.633000000000001
New Zealand,1999,11.612250000000001
New Zealand,2000,11.115583333333333
New Zealand,2001,11.191083333333333
New Zealand,2002,10.997583333333333
New Zealand,2003,10.930250000000001
New Zealand,2004,10.475416666666666
New Zealand,2005,11.375416666666666
New Zealand,2006,10.703833333333334
New Zealand,2007,11.085166666666666
New Zealand,2008,11.171666666666667
New Zealand,2009,10.653583333333334
New Zealand,2010,11.335749999999999
New Zealand,2011,11.16325
New Zealand,2012,10.656916666666666
New Zealand,2013,11.0885
Nicaragua,1900,25.71875
Nicaragua,1901,25.14316666666667
Nicaragua,1902,25.66825
Nicaragua,1903,25.7025
Nicaragua,1904,25.294416666666667
Nicaragua,1905,25.528333333333336
Nicaragua,1906,25.635166666666667
Nicaragua,1907,25.615166666666667
Nicaragua,1908,25.52175
Nicaragua,1909,25.68225
Nicaragua,1910,25.020833333333332
Nicaragua,1911,25.953833333333336
Nicaragua,1912,26.077083333333334
Nicaragua,1913,25.57041666666667
Nicaragua,1914,25.87966666666667
Nicaragua,1915,26.225583333333333
Nicaragua,1916,25.649333333333335
Nicaragua,1917,25.246499999999997
Nicaragua,1918,25.687
Nicaragua,1919,26.066833333333335
Nicaragua,1920,25.929833333333335
Nicaragua,1921,26.03216666666667
Nicaragua,1922,26.0655
Nicaragua,1923,25.956999999999997
Nicaragua,1924,26.011583333333334
Nicaragua,1925,25.890583333333336
Nicaragua,1926,26.261583333333334
Nicaragua,1927,25.983666666666664
Nicaragua,1928,25.980166666666666
Nicaragua,1929,25.960916666666666
Nicaragua,1930,26.302583333333335
Nicaragua,1931,26.262833333333333
Nicaragua,1932,26.106166666666667
Nicaragua,1933,26.040333333333336
Nicaragua,1934,26.14741666666667
Nicaragua,1935,25.84241666666667
Nicaragua,1936,26.049666666666667
Nicaragua,1937,25.96683333333333
Nicaragua,1938,25.630166666666668
Nicaragua,1939,25.949749999999998
Nicaragua,1940,26.152083333333334
Nicaragua,1941,26.604
Nicaragua,1942,26.23566666666667
Nicaragua,1943,26.089333333333332
Nicaragua,1944,25.866333333333333
Nicaragua,1945,25.91633333333333
Nicaragua,1946,26.425250000000002
Nicaragua,1947,26.562750000000005
Nicaragua,1948,26.361833333333333
Nicaragua,1949,25.784833333333335
Nicaragua,1950,25.688000000000002
Nicaragua,1951,26.25
Nicaragua,1952,26.11825
Nicaragua,1953,26.362
Nicaragua,1954,26.128500000000003
Nicaragua,1955,26.034166666666668
Nicaragua,1956,25.836333333333332
Nicaragua,1957,26.46241666666667
Nicaragua,1958,26.62991666666667
Nicaragua,1959,26.410833333333333
Nicaragua,1960,26.227083333333336
Nicaragua,1961,26.17833333333333
Nicaragua,1962,25.943916666666667
Nicaragua,1963,26.111583333333332
Nicaragua,1964,26.14975
Nicaragua,1965,26.278750000000002
Nicaragua,1966,26.19475
Nicaragua,1967,25.957916666666666
Nicaragua,1968,25.778750000000002
Nicaragua,1969,26.364166666666666
Nicaragua,1970,25.990916666666667
Nicaragua,1971,25.902333333333335
Nicaragua,1972,26.449416666666668
Nicaragua,1973,26.382416666666668
Nicaragua,1974,25.91633333333333
Nicaragua,1975,25.998083333333337
Nicaragua,1976,26.05816666666667
Nicaragua,1977,26.537916666666664
Nicaragua,1978,26.362750000000002
Nicaragua,1979,26.34883333333333
Nicaragua,1980,26.310000000000002
Nicaragua,1981,26.099166666666665
Nicaragua,1982,26.38775
Nicaragua,1983,26.845916666666668
Nicaragua,1984,26.141000000000002
Nicaragua,1985,26.21483333333333
Nicaragua,1986,26.244
Nicaragua,1987,26.946083333333334
Nicaragua,1988,26.524583333333336
Nicaragua,1989,26.15525
Nicaragua,1990,26.55475
Nicaragua,1991,26.610249999999997
Nicaragua,1992,26.73125
Nicaragua,1993,26.61125
Nicaragua,1994,26.86691666666667
Nicaragua,1995,26.92175
Nicaragua,1996,26.409750000000003
Nicaragua,1997,27.026833333333332
Nicaragua,1998,27.39625
Nicaragua,1999,26.459999999999997
Nicaragua,2000,26.381333333333334
Nicaragua,2001,26.41
Nicaragua,2002,26.664916666666667
Nicaragua,2003,26.93225
Nicaragua,2004,26.778583333333334
Nicaragua,2005,26.8385
Nicaragua,2006,26.936083333333332
Nicaragua,2007,26.823083333333333
Nicaragua,2008,26.388500000000004
Nicaragua,2009,26.781666666666666
Nicaragua,2010,26.618916666666667
Nicaragua,2011,26.614
Nicaragua,2012,26.531916666666664
Nicaragua,2013,26.87155555555556
Niger,1900,27.216333333333335
Niger,1901,27.238333333333333
Niger,1902,27.148583333333335
Niger,1903,26.69966666666667
Niger,1904,26.483666666666664
Niger,1905,26.6575
Niger,1906,26.975000000000005
Niger,1907,26.477666666666668
Niger,1908,26.89408333333333
Niger,1909,27.1095
Niger,1910,26.744083333333332
Niger,1911,26.807916666666667
Niger,1912,26.8935
Niger,1913,27.531750000000002
Niger,1914,28.084166666666665
Niger,1915,27.663916666666665
Niger,1916,27.047
Niger,1917,27.50975
Niger,1918,27.30858333333333
Niger,1919,27.623166666666666
Niger,1920,26.863583333333334
Niger,1921,27.24166666666667
Niger,1922,27.47475
Niger,1923,27.11766666666667
Niger,1924,27.740083333333335
Niger,1925,27.572083333333335
Niger,1926,27.833250000000003
Niger,1927,27.555666666666667
Niger,1928,27.783666666666665
Niger,1929,27.224833333333333
Niger,1930,27.983333333333334
Niger,1931,28.727416666666667
Niger,1932,27.915499999999998
Niger,1933,27.893
Niger,1934,27.40275
Niger,1935,27.514
Niger,1936,27.336916666666667
Niger,1937,27.4735
Niger,1938,27.531499999999998
Niger,1939,27.63525
Niger,1940,27.849083333333336
Niger,1941,28.548333333333336
Niger,1942,28.267833333333332
Niger,1943,27.432000000000002
Niger,1944,27.410583333333335
Niger,1945,27.1405
Niger,1946,27.46483333333333
Niger,1947,27.82341666666667
Niger,1948,27.066083333333335
Niger,1949,27.46675
Niger,1950,26.735333333333333
Niger,1951,27.639083333333332
Niger,1952,27.337833333333336
Niger,1953,27.338083333333334
Niger,1954,27.360500000000002
Niger,1955,27.399083333333333
Niger,1956,27.309916666666666
Niger,1957,27.409916666666664
Niger,1958,27.749083333333335
Niger,1959,27.39625
Niger,1960,27.611500000000003
Niger,1961,26.541333333333338
Niger,1962,27.513833333333334
Niger,1963,27.955083333333334
Niger,1964,27.4075
Niger,1965,27.167333333333332
Niger,1966,27.41125
Niger,1967,27.296166666666668
Niger,1968,27.501083333333337
Niger,1969,28.49875
Niger,1970,27.444083333333335
Niger,1971,27.463333333333335
Niger,1972,27.816916666666668
Niger,1973,27.85591666666667
Niger,1974,27.11191666666667
Niger,1975,27.195833333333336
Niger,1976,27.62216666666667
Niger,1977,27.093833333333336
Niger,1978,27.68641666666667
Niger,1979,27.88625
Niger,1980,27.80516666666667
Niger,1981,27.554333333333332
Niger,1982,27.58866666666667
Niger,1983,27.539333333333335
Niger,1984,27.927000000000003
Niger,1985,27.660333333333337
Niger,1986,27.920666666666666
Niger,1987,28.231083333333334
Niger,1988,27.78675
Niger,1989,27.166083333333333
Niger,1990,28.048083333333334
Niger,1991,27.859166666666667
Niger,1992,27.185083333333335
Niger,1993,27.753333333333334
Niger,1994,27.400583333333334
Niger,1995,27.895416666666666
Niger,1996,28.128
Niger,1997,28.131
Niger,1998,28.32766666666667
Niger,1999,28.26875
Niger,2000,27.975833333333338
Niger,2001,28.118
Niger,2002,28.149666666666665
Niger,2003,28.30225
Niger,2004,28.371583333333334
Niger,2005,28.636416666666673
Niger,2006,28.291083333333333
Niger,2007,28.411916666666666
Niger,2008,27.901416666666666
Niger,2009,28.85041666666667
Niger,2010,29.299916666666665
Niger,2011,28.487416666666665
Niger,2012,28.07275
Niger,2013,29.231375
Nigeria,1900,26.535416666666666
Nigeria,1901,26.547416666666667
Nigeria,1902,26.214916666666667
Nigeria,1903,26.05725
Nigeria,1904,25.631666666666664
Nigeria,1905,26.040000000000003
Nigeria,1906,26.270916666666665
Nigeria,1907,25.935833333333335
Nigeria,1908,26.20441666666667
Nigeria,1909,26.309916666666666
Nigeria,1910,26.176083333333334
Nigeria,1911,26.071749999999998
Nigeria,1912,26.238500000000002
Nigeria,1913,26.82941666666667
Nigeria,1914,27.16391666666667
Nigeria,1915,26.912916666666664
Nigeria,1916,26.479
Nigeria,1917,27.134500000000003
Nigeria,1918,26.570083333333333
Nigeria,1919,27.0625
Nigeria,1920,26.34766666666667
Nigeria,1921,26.777666666666665
Nigeria,1922,26.887583333333335
Nigeria,1923,26.696916666666667
Nigeria,1924,26.99566666666667
Nigeria,1925,26.591916666666666
Nigeria,1926,27.09541666666667
Nigeria,1927,26.949833333333334
Nigeria,1928,26.966166666666666
Nigeria,1929,26.6305
Nigeria,1930,27.034499999999998
Nigeria,1931,27.48675
Nigeria,1932,26.867833333333337
Nigeria,1933,27.204000000000004
Nigeria,1934,26.81158333333333
Nigeria,1935,27.042833333333334
Nigeria,1936,26.97791666666667
Nigeria,1937,26.98175
Nigeria,1938,27.196250000000003
Nigeria,1939,26.727999999999998
Nigeria,1940,27.077250000000003
Nigeria,1941,27.618666666666666
Nigeria,1942,27.42491666666667
Nigeria,1943,26.82825
Nigeria,1944,27.03325
Nigeria,1945,26.86883333333334
Nigeria,1946,26.83158333333333
Nigeria,1947,27.14616666666667
Nigeria,1948,26.618166666666667
Nigeria,1949,27.0685
Nigeria,1950,26.672
Nigeria,1951,26.753500000000003
Nigeria,1952,26.701333333333334
Nigeria,1953,26.716583333333332
Nigeria,1954,26.616666666666664
Nigeria,1955,26.457083333333333
Nigeria,1956,26.56833333333333
Nigeria,1957,26.645583333333335
Nigeria,1958,26.980083333333337
Nigeria,1959,26.806083333333333
Nigeria,1960,26.81741666666667
Nigeria,1961,26.3685
Nigeria,1962,26.688916666666668
Nigeria,1963,27.077083333333334
Nigeria,1964,26.630666666666666
Nigeria,1965,26.667
Nigeria,1966,26.778583333333334
Nigeria,1967,26.595166666666668
Nigeria,1968,26.804000000000002
Nigeria,1969,27.21466666666667
Nigeria,1970,26.9465
Nigeria,1971,26.796166666666668
Nigeria,1972,26.88575
Nigeria,1973,27.471999999999998
Nigeria,1974,26.59266666666667
Nigeria,1975,26.5085
Nigeria,1976,26.809916666666666
Nigeria,1977,26.886833333333332
Nigeria,1978,26.7825
Nigeria,1979,27.093083333333336
Nigeria,1980,27.063666666666666
Nigeria,1981,26.802916666666672
Nigeria,1982,26.86966666666667
Nigeria,1983,27.02775
Nigeria,1984,27.079083333333333
Nigeria,1985,26.95925
Nigeria,1986,27.06725
Nigeria,1987,27.613250000000004
Nigeria,1988,27.037833333333335
Nigeria,1989,26.376166666666666
Nigeria,1990,27.36616666666667
Nigeria,1991,27.043333333333337
Nigeria,1992,26.663666666666668
Nigeria,1993,27.103333333333335
Nigeria,1994,26.818833333333334
Nigeria,1995,27.165166666666664
Nigeria,1996,27.194666666666667
Nigeria,1997,27.14491666666667
Nigeria,1998,27.61191666666667
Nigeria,1999,27.329166666666666
Nigeria,2000,27.0335
Nigeria,2001,27.09466666666667
Nigeria,2002,27.464250000000003
Nigeria,2003,27.429000000000002
Nigeria,2004,27.5695
Nigeria,2005,27.72458333333333
Nigeria,2006,27.795083333333334
Nigeria,2007,27.690083333333334
Nigeria,2008,27.325666666666667
Nigeria,2009,27.90291666666667
Nigeria,2010,28.00425
Nigeria,2011,27.622249999999998
Nigeria,2012,27.40791666666667
Nigeria,2013,28.005875
Niue,1900,24.77241666666667
Niue,1901,24.53933333333333
Niue,1902,24.553749999999997
Niue,1903,24.825999999999997
Niue,1904,24.444916666666668
Niue,1905,24.538083333333333
Niue,1906,25.079666666666668
Niue,1907,24.485416666666666
Niue,1908,24.615416666666665
Niue,1909,24.555833333333336
Niue,1910,24.703833333333336
Niue,1911,24.59266666666667
Niue,1912,24.77508333333333
Niue,1913,24.503249999999998
Niue,1914,24.772333333333336
Niue,1915,24.5795
Niue,1916,24.679916666666667
Niue,1917,24.44841666666667
Niue,1918,24.747583333333335
Niue,1919,24.847916666666666
Niue,1920,24.758416666666665
Niue,1921,24.83491666666667
Niue,1922,25.034750000000003
Niue,1923,24.269416666666668
Niue,1924,24.921166666666664
Niue,1925,24.49891666666667
Niue,1926,24.734583333333333
Niue,1927,25.555833333333336
Niue,1928,25.263833333333334
Niue,1929,24.972583333333333
Niue,1930,24.641666666666666
Niue,1931,25.09625
Niue,1932,25.475083333333334
Niue,1933,25.335416666666664
Niue,1934,25.248500000000003
Niue,1935,25.564166666666665
Niue,1936,25.28725
Niue,1937,25.269000000000002
Niue,1938,25.72075
Niue,1939,25.02841666666667
Niue,1940,24.97525
Niue,1941,25.246166666666667
Niue,1942,25.185000000000002
Niue,1943,25.216916666666666
Niue,1944,24.820333333333334
Niue,1945,25.032583333333335
Niue,1946,25.28616666666667
Niue,1947,25.45658333333333
Niue,1948,25.087166666666665
Niue,1949,25.34025
Niue,1950,25.27725
Niue,1951,24.888333333333332
Niue,1952,25.49591666666667
Niue,1953,25.18241666666667
Niue,1954,25.452333333333332
Niue,1955,25.463333333333335
Niue,1956,25.17325
Niue,1957,25.114500000000003
Niue,1958,25.085916666666666
Niue,1959,25.286833333333334
Niue,1960,25.228333333333335
Niue,1961,25.38508333333333
Niue,1962,25.03533333333333
Niue,1963,25.008
Niue,1964,25.344916666666666
Niue,1965,24.71766666666667
Niue,1966,25.13475
Niue,1967,25.159833333333335
Niue,1968,25.054583333333337
Niue,1969,25.06775
Niue,1970,25.46675
Niue,1971,25.102083333333336
Niue,1972,25.212999999999997
Niue,1973,25.894583333333333
Niue,1974,25.508166666666668
Niue,1975,25.518
Niue,1976,25.06266666666667
Niue,1977,25.258333333333336
Niue,1978,25.17725
Niue,1979,25.29925
Niue,1980,25.37075
Niue,1981,25.26825
Niue,1982,25.160666666666668
Niue,1983,25.47758333333333
Niue,1984,25.501416666666668
Niue,1985,25.444166666666664
Niue,1986,25.287833333333335
Niue,1987,25.017916666666668
Niue,1988,25.895416666666666
Niue,1989,25.484666666666666
Niue,1990,25.658416666666668
Niue,1991,25.587999999999997
Niue,1992,25.494
Niue,1993,25.224833333333333
Niue,1994,25.302333333333333
Niue,1995,25.71258333333333
Niue,1996,25.713250000000002
Niue,1997,25.247583333333335
Niue,1998,25.804333333333332
Niue,1999,25.683166666666665
Niue,2000,25.80575
Niue,2001,25.807083333333335
Niue,2002,25.987
Niue,2003,25.687083333333334
Niue,2004,25.84058333333333
Niue,2005,25.6995
Niue,2006,25.46475
Niue,2007,25.98975
Niue,2008,25.617416666666667
Niue,2009,25.108999999999998
Niue,2010,26.011750000000003
Niue,2011,25.982416666666666
Niue,2012,25.805583333333335
Niue,2013,26.0475
North America,1900,2.3191666666666664
North America,1901,2.0420000000000003
North America,1902,1.9806666666666668
North America,1903,1.669833333333333
North America,1904,1.4874999999999998
North America,1905,1.9758333333333333
North America,1906,1.9600833333333327
North America,1907,1.3248333333333333
North America,1908,2.1195
North America,1909,1.5879999999999999
North America,1910,2.0025833333333334
North America,1911,1.9289166666666666
North America,1912,1.8670833333333334
North America,1913,1.70375
North America,1914,1.7475833333333333
North America,1915,2.4526666666666666
North America,1916,1.805583333333333
North America,1917,1.149833333333333
North America,1918,1.5679999999999998
North America,1919,1.910916666666667
North America,1920,1.9040833333333333
North America,1921,2.560916666666667
North America,1922,1.8864999999999998
North America,1923,2.144
North America,1924,1.9969166666666667
North America,1925,2.22775
North America,1926,2.4423333333333335
North America,1927,2.1382499999999998
North America,1928,2.7140833333333334
North America,1929,2.0675
North America,1930,2.609166666666667
North America,1931,3.139583333333334
North America,1932,2.21025
North America,1933,2.0630833333333327
North America,1934,2.659916666666667
North America,1935,2.0704999999999996
North America,1936,2.0152500000000004
North America,1937,2.5113333333333334
North America,1938,2.9568333333333334
North America,1939,2.62675
North America,1940,2.916499999999999
North America,1941,2.806166666666666
North America,1942,2.662583333333333
North America,1943,2.4659999999999997
North America,1944,2.7174166666666664
North America,1945,2.3084166666666666
North America,1946,2.525
North America,1947,2.7107499999999995
North America,1948,2.1681666666666666
North America,1949,2.254916666666667
North America,1950,1.870416666666667
North America,1951,1.9306666666666665
North America,1952,2.801083333333333
North America,1953,3.0048333333333326
North America,1954,2.6781666666666664
North America,1955,2.16075
North America,1956,1.95275
North America,1957,2.4771666666666663
North America,1958,2.676083333333333
North America,1959,2.1838333333333333
North America,1960,2.543583333333333
North America,1961,2.1165833333333333
North America,1962,2.4755833333333332
North America,1963,2.5966666666666662
North America,1964,1.9270833333333333
North America,1965,2.0694999999999997
North America,1966,2.0065
North America,1967,2.1598333333333333
North America,1968,2.224833333333333
North America,1969,2.475916666666667
North America,1970,2.113166666666667
North America,1971,2.0397499999999997
North America,1972,1.3728333333333331
North America,1973,2.5508333333333333
North America,1974,2.007583333333333
North America,1975,2.0100000000000002
North America,1976,2.2655
North America,1977,2.951166666666667
North America,1978,2.12025
North America,1979,2.1418333333333335
North America,1980,2.7398333333333333
North America,1981,3.491916666666667
North America,1982,1.7855833333333333
North America,1983,2.2319999999999998
North America,1984,2.3081666666666667
North America,1985,2.280583333333333
North America,1986,2.65775
North America,1987,3.2185
North America,1988,2.8567499999999995
North America,1989,2.1924166666666665
North America,1990,2.5597499999999997
North America,1991,2.7889166666666667
North America,1992,2.2889166666666667
North America,1993,2.478666666666667
North America,1994,2.72025
North America,1995,2.8321666666666663
North America,1996,2.403166666666667
North America,1997,2.79425
North America,1998,3.985916666666666
North America,1999,3.345333333333333
North America,2000,3.1261666666666676
North America,2001,3.5283333333333338
North America,2002,3.1162499999999995
North America,2003,3.36
North America,2004,2.763
North America,2005,3.649833333333333
North America,2006,3.939333333333334
North America,2007,3.212250000000001
North America,2008,2.732583333333333
North America,2009,2.9250833333333333
North America,2010,4.07325
North America,2011,3.3328333333333333
North America,2012,3.80575
North America,2013,5.073888888888889
North Korea,1900,6.736249999999999
North Korea,1901,6.548916666666668
North Korea,1902,6.816
North Korea,1903,6.94775
North Korea,1904,6.4645
North Korea,1905,6.856750000000001
North Korea,1906,6.197833333333333
North Korea,1907,6.623583333333333
North Korea,1908,6.259499999999999
North Korea,1909,6.084166666666667
North Korea,1910,5.834416666666667
North Korea,1911,6.261833333333333
North Korea,1912,5.942416666666667
North Korea,1913,5.923416666666665
North Korea,1914,7.369833333333332
North Korea,1915,6.006
North Korea,1916,6.507750000000001
North Korea,1917,5.809583333333333
North Korea,1918,6.274916666666667
North Korea,1919,6.670916666666666
North Korea,1920,7.11975
North Korea,1921,6.6427499999999995
North Korea,1922,6.45675
North Korea,1923,6.291333333333333
North Korea,1924,6.49825
North Korea,1925,6.5794999999999995
North Korea,1926,6.446666666666666
North Korea,1927,6.529416666666666
North Korea,1928,6.515249999999999
North Korea,1929,6.630083333333334
North Korea,1930,7.160833333333333
North Korea,1931,6.1575
North Korea,1932,6.955666666666667
North Korea,1933,6.463833333333333
North Korea,1934,6.406666666666666
North Korea,1935,7.210083333333333
North Korea,1936,5.972166666666666
North Korea,1937,6.944916666666667
North Korea,1938,7.0183333333333335
North Korea,1939,7.457333333333334
North Korea,1940,6.8885
North Korea,1941,6.689166666666666
North Korea,1942,6.819749999999999
North Korea,1943,7.398333333333333
North Korea,1944,6.75425
North Korea,1945,6.007916666666667
North Korea,1946,7.1940833333333325
North Korea,1947,5.122583333333334
North Korea,1948,7.321749999999999
North Korea,1949,7.137250000000001
North Korea,1950,7.225499999999999
North Korea,1951,7.130333333333334
North Korea,1952,6.7435833333333335
North Korea,1953,6.698916666666666
North Korea,1954,6.808833333333333
North Korea,1955,7.3325
North Korea,1956,5.7895
North Korea,1957,6.243083333333334
North Korea,1958,7.199166666666667
North Korea,1959,7.663833333333333
North Korea,1960,7.487833333333334
North Korea,1961,7.7010000000000005
North Korea,1962,6.990416666666666
North Korea,1963,6.696583333333333
North Korea,1964,7.06325
North Korea,1965,6.566166666666668
North Korea,1966,6.702333333333333
North Korea,1967,6.847166666666666
North Korea,1968,6.991333333333333
North Korea,1969,6.123083333333334
North Korea,1970,6.606916666666667
North Korea,1971,6.703083333333333
North Korea,1972,6.962
North Korea,1973,7.290083333333333
North Korea,1974,6.4755
North Korea,1975,7.71075
North Korea,1976,6.630166666666667
North Korea,1977,7.246166666666666
North Korea,1978,7.411583333333333
North Korea,1979,7.6176666666666675
North Korea,1980,6.392500000000001
North Korea,1981,6.603666666666666
North Korea,1982,7.59625
North Korea,1983,7.3875833333333345
North Korea,1984,6.678166666666667
North Korea,1985,6.737749999999999
North Korea,1986,6.581833333333333
North Korea,1987,7.116916666666666
North Korea,1988,7.355499999999999
North Korea,1989,8.203833333333334
North Korea,1990,8.179083333333333
North Korea,1991,7.537
North Korea,1992,7.602333333333333
North Korea,1993,7.274083333333333
North Korea,1994,8.275416666666667
North Korea,1995,7.512416666666667
North Korea,1996,7.2660833333333334
North Korea,1997,7.870333333333332
North Korea,1998,8.751333333333333
North Korea,1999,8.280666666666667
North Korea,2000,7.5249999999999995
North Korea,2001,7.727083333333334
North Korea,2002,7.925750000000001
North Korea,2003,8.054333333333334
North Korea,2004,8.444
North Korea,2005,7.3084999999999996
North Korea,2006,7.940333333333334
North Korea,2007,8.511166666666666
North Korea,2008,8.299916666666666
North Korea,2009,7.789750000000001
North Korea,2010,7.361916666666667
North Korea,2011,7.373666666666668
North Korea,2012,7.1139166666666656
North Korea,2013,8.4915
Northern Mariana Islands,1903,26.402
Northern Mariana Islands,1904,26.194833333333335
Northern Mariana Islands,1905,26.428749999999997
Northern Mariana Islands,1906,26.617833333333337
Northern Mariana Islands,1907,26.14408333333333
Northern Mariana Islands,1908,26.3455
Northern Mariana Islands,1909,26.473333333333333
Northern Mariana Islands,1910,26.588166666666666
Northern Mariana Islands,1911,26.596166666666665
Northern Mariana Islands,1912,26.530083333333334
Northern Mariana Islands,1913,26.75166666666667
Northern Mariana Islands,1914,26.68675
Northern Mariana Islands,1915,26.777916666666666
Northern Mariana Islands,1916,26.688000000000002
Northern Mariana Islands,1917,26.26275
Northern Mariana Islands,1918,26.330333333333332
Northern Mariana Islands,1919,26.745583333333332
Northern Mariana Islands,1920,26.565916666666666
Northern Mariana Islands,1921,26.4725
Northern Mariana Islands,1922,26.408916666666666
Northern Mariana Islands,1923,26.46891666666667
Northern Mariana Islands,1924,26.440583333333333
Northern Mariana Islands,1925,26.474500000000003
Northern Mariana Islands,1926,26.843083333333336
Northern Mariana Islands,1927,26.894416666666668
Northern Mariana Islands,1928,26.852249999999998
Northern Mariana Islands,1929,26.515416666666667
Northern Mariana Islands,1930,26.667083333333334
Northern Mariana Islands,1931,26.897499999999997
Northern Mariana Islands,1932,26.807083333333335
Northern Mariana Islands,1933,26.822666666666667
Northern Mariana Islands,1934,26.82041666666667
Northern Mariana Islands,1935,26.748500000000003
Northern Mariana Islands,1936,26.903166666666667
Northern Mariana Islands,1937,26.93525
Northern Mariana Islands,1938,26.93941666666667
Northern Mariana Islands,1939,26.90608333333333
Northern Mariana Islands,1940,26.858500000000003
Northern Mariana Islands,1941,27.098250000000004
Northern Mariana Islands,1942,27.03675
Northern Mariana Islands,1943,26.69575
Northern Mariana Islands,1944,26.85666666666667
Northern Mariana Islands,1945,26.95058333333333
Northern Mariana Islands,1946,26.903333333333336
Northern Mariana Islands,1947,27.17625
Northern Mariana Islands,1948,26.94825
Northern Mariana Islands,1949,26.934
Northern Mariana Islands,1950,26.87275
Northern Mariana Islands,1951,27.226
Northern Mariana Islands,1952,27.05175
Northern Mariana Islands,1953,27.253333333333334
Northern Mariana Islands,1954,27.274416666666667
Northern Mariana Islands,1955,26.897166666666667
Northern Mariana Islands,1956,26.90425
Northern Mariana Islands,1957,27.159750000000003
Northern Mariana Islands,1958,27.112166666666667
Northern Mariana Islands,1959,27.329916666666666
Northern Mariana Islands,1960,26.975833333333338
Northern Mariana Islands,1961,26.858166666666666
Northern Mariana Islands,1962,27.032333333333337
Northern Mariana Islands,1963,26.787000000000003
Northern Mariana Islands,1964,26.787000000000003
Northern Mariana Islands,1965,26.862916666666667
Northern Mariana Islands,1966,26.99225
Northern Mariana Islands,1967,26.822
Northern Mariana Islands,1968,26.702416666666668
Northern Mariana Islands,1969,26.957916666666666
Northern Mariana Islands,1970,26.99208333333333
Northern Mariana Islands,1971,26.9335
Northern Mariana Islands,1972,26.762916666666666
Northern Mariana Islands,1973,27.252499999999998
Northern Mariana Islands,1974,27.210916666666666
Northern Mariana Islands,1975,27.086583333333333
Northern Mariana Islands,1976,26.968416666666666
Northern Mariana Islands,1977,27.207166666666666
Northern Mariana Islands,1978,27.077250000000003
Northern Mariana Islands,1979,27.195333333333334
Northern Mariana Islands,1980,27.302083333333332
Northern Mariana Islands,1981,27.520083333333332
Northern Mariana Islands,1982,27.05725
Northern Mariana Islands,1983,27.5605
Northern Mariana Islands,1984,27.77841666666667
Northern Mariana Islands,1985,27.467833333333335
Northern Mariana Islands,1986,27.320166666666665
Northern Mariana Islands,1987,27.392083333333332
Northern Mariana Islands,1988,27.593999999999998
Northern Mariana Islands,1989,27.427083333333332
Northern Mariana Islands,1990,27.273833333333332
Northern Mariana Islands,1991,27.226333333333333
Northern Mariana Islands,1992,27.115416666666665
Northern Mariana Islands,1993,27.24275
Northern Mariana Islands,1994,27.360083333333336
Northern Mariana Islands,1995,27.22725
Northern Mariana Islands,1996,27.383333333333336
Northern Mariana Islands,1997,27.411583333333336
Northern Mariana Islands,1998,27.659666666666666
Northern Mariana Islands,1999,27.586333333333332
Northern Mariana Islands,2000,27.481666666666666
Northern Mariana Islands,2001,27.595
Northern Mariana Islands,2002,27.4055
Northern Mariana Islands,2003,27.265333333333334
Northern Mariana Islands,2004,27.54641666666667
Northern Mariana Islands,2005,27.465666666666667
Northern Mariana Islands,2006,27.428833333333333
Northern Mariana Islands,2007,27.402083333333334
Northern Mariana Islands,2008,27.48391666666667
Northern Mariana Islands,2009,27.387249999999998
Northern Mariana Islands,2010,27.250416666666666
Northern Mariana Islands,2011,27.24891666666667
Northern Mariana Islands,2012,27.391583333333333
Northern Mariana Islands,2013,27.658875000000002
Norway,1900,-0.9300833333333337
Norway,1901,0.347166666666667
Norway,1902,-1.1969166666666669
Norway,1903,0.0044999999999998
Norway,1904,-0.31491666666666657
Norway,1905,0.10833333333333339
Norway,1906,0.22933333333333325
Norway,1907,0.26541666666666686
Norway,1908,0.23324999999999982
Norway,1909,-0.5619166666666665
Norway,1910,0.4072499999999999
Norway,1911,0.5237499999999999
Norway,1912,-0.2775833333333331
Norway,1913,0.4598333333333333
Norway,1914,0.6665833333333334
Norway,1915,-1.3608333333333336
Norway,1916,-0.05883333333333285
Norway,1917,-0.9443333333333332
Norway,1918,0.22750000000000017
Norway,1919,-0.5350000000000005
Norway,1920,1.1931666666666667
Norway,1921,0.3275000000000001
Norway,1922,0.0005833333333333061
Norway,1923,-0.2574999999999999
Norway,1924,0.46875
Norway,1925,0.3980833333333331
Norway,1926,-0.025416666666666643
Norway,1927,-0.20641666666666678
Norway,1928,-0.08100000000000003
Norway,1929,0.04316666666666683
Norway,1930,1.5879166666666666
Norway,1931,0.1519166666666667
Norway,1932,0.8249166666666667
Norway,1933,1.0699166666666662
Norway,1934,1.9220833333333334
Norway,1935,0.6468333333333335
Norway,1936,0.8275833333333336
Norway,1937,1.2679166666666666
Norway,1938,2.08825
Norway,1939,0.7229999999999999
Norway,1940,-0.41374999999999984
Norway,1941,-0.7344999999999997
Norway,1942,-0.6725000000000003
Norway,1943,0.9686666666666666
Norway,1944,0.85875
Norway,1945,0.7416666666666664
Norway,1946,0.8507500000000002
Norway,1947,0.12233333333333334
Norway,1948,0.6003333333333335
Norway,1949,1.2173333333333334
Norway,1950,0.9837500000000001
Norway,1951,0.1244999999999999
Norway,1952,-0.3679166666666666
Norway,1953,1.6288333333333334
Norway,1954,0.823833333333333
Norway,1955,-0.46699999999999986
Norway,1956,-0.07308333333333324
Norway,1957,0.784583333333333
Norway,1958,-0.10483333333333326
Norway,1959,1.3735833333333334
Norway,1960,0.5800000000000002
Norway,1961,1.0905833333333337
Norway,1962,-0.45425000000000004
Norway,1963,-0.18341666666666634
Norway,1964,0.6056666666666667
Norway,1965,-0.338166666666667
Norway,1966,-1.0486666666666666
Norway,1967,0.4153333333333336
Norway,1968,-0.6878333333333332
Norway,1969,-0.14200000000000013
Norway,1970,-0.24441666666666664
Norway,1971,0.19383333333333339
Norway,1972,1.3808333333333334
Norway,1973,0.4227499999999999
Norway,1974,1.6321666666666663
Norway,1975,1.01175
Norway,1976,0.2748333333333335
Norway,1977,-0.00674999999999996
Norway,1978,-0.45358333333333317
Norway,1979,-0.4742499999999996
Norway,1980,-0.1468333333333335
Norway,1981,-0.6071666666666666
Norway,1982,0.49774999999999997
Norway,1983,0.6679999999999996
Norway,1984,1.2836666666666665
Norway,1985,-0.5793333333333334
Norway,1986,-0.04241666666666655
Norway,1987,-0.4872499999999998
Norway,1988,0.38900000000000007
Norway,1989,1.4923333333333335
Norway,1990,2.0665
Norway,1991,1.1335
Norway,1992,1.2961666666666665
Norway,1993,0.4189999999999999
Norway,1994,0.4645000000000004
Norway,1995,0.5060000000000002
Norway,1996,0.25566666666666665
Norway,1997,1.04375
Norway,1998,0.46541666666666687
Norway,1999,1.2797500000000002
Norway,2000,1.7969166666666663
Norway,2001,0.7025000000000001
Norway,2002,1.37075
Norway,2003,1.2833333333333334
Norway,2004,1.5249166666666663
Norway,2005,1.8073333333333332
Norway,2006,2.256666666666667
Norway,2007,1.7515833333333333
Norway,2008,1.6424999999999998
Norway,2009,1.3854999999999997
Norway,2010,-0.21550000000000002
Norway,2011,2.118916666666667
Norway,2012,1.1416666666666664
Norway,2013,1.735375
Oceania,1900,21.57466666666667
Oceania,1901,21.391833333333334
Oceania,1902,21.345333333333333
Oceania,1903,21.018083333333333
Oceania,1904,20.795666666666666
Oceania,1905,21.003249999999998
Oceania,1906,21.65425
Oceania,1907,21.113833333333336
Oceania,1908,20.716833333333334
Oceania,1909,20.947
Oceania,1910,21.415166666666664
Oceania,1911,21.18766666666667
Oceania,1912,21.619083333333336
Oceania,1913,21.0405
Oceania,1914,21.93641666666667
Oceania,1915,21.936083333333332
Oceania,1916,21.377166666666668
Oceania,1917,20.694333333333333
Oceania,1918,21.177666666666667
Oceania,1919,21.59325
Oceania,1920,21.172166666666666
Oceania,1921,21.490750000000002
Oceania,1922,21.286583333333336
Oceania,1923,21.332
Oceania,1924,21.10591666666667
Oceania,1925,20.944416666666665
Oceania,1926,21.53533333333333
Oceania,1927,21.237583333333333
Oceania,1928,21.82975
Oceania,1929,20.960916666666666
Oceania,1930,21.4345
Oceania,1931,21.084
Oceania,1932,21.299833333333336
Oceania,1933,21.248250000000002
Oceania,1934,21.365
Oceania,1935,21.264666666666667
Oceania,1936,21.5325
Oceania,1937,21.363916666666668
Oceania,1938,21.897666666666666
Oceania,1939,21.176333333333332
Oceania,1940,21.496916666666667
Oceania,1941,21.19875
Oceania,1942,21.765833333333333
Oceania,1943,21.168333333333333
Oceania,1944,21.365333333333336
Oceania,1945,21.42741666666667
Oceania,1946,21.093166666666665
Oceania,1947,21.453500000000002
Oceania,1948,21.334166666666665
Oceania,1949,20.899
Oceania,1950,21.203500000000002
Oceania,1951,21.386750000000003
Oceania,1952,21.349666666666668
Oceania,1953,21.320833333333333
Oceania,1954,21.412916666666664
Oceania,1955,21.422
Oceania,1956,20.930916666666665
Oceania,1957,21.71975
Oceania,1958,21.823916666666666
Oceania,1959,21.894666666666666
Oceania,1960,21.090666666666667
Oceania,1961,21.7615
Oceania,1962,21.651083333333332
Oceania,1963,21.522333333333336
Oceania,1964,21.493416666666665
Oceania,1965,21.84866666666667
Oceania,1966,21.220333333333333
Oceania,1967,21.4575
Oceania,1968,21.31683333333333
Oceania,1969,21.677833333333336
Oceania,1970,21.639583333333334
Oceania,1971,21.52025
Oceania,1972,21.806416666666667
Oceania,1973,22.215333333333334
Oceania,1974,21.140583333333336
Oceania,1975,21.55275
Oceania,1976,21.0585
Oceania,1977,21.696250000000003
Oceania,1978,21.479833333333332
Oceania,1979,22.05825
Oceania,1980,22.355500000000003
Oceania,1981,21.995083333333337
Oceania,1982,21.722333333333335
Oceania,1983,22.06441666666667
Oceania,1984,21.39925
Oceania,1985,21.87766666666667
Oceania,1986,21.926333333333332
Oceania,1987,21.91416666666667
Oceania,1988,22.43825
Oceania,1989,21.730583333333332
Oceania,1990,22.180583333333335
Oceania,1991,22.263
Oceania,1992,21.747583333333335
Oceania,1993,21.95266666666667
Oceania,1994,21.846
Oceania,1995,21.80758333333333
Oceania,1996,22.143416666666667
Oceania,1997,21.902916666666666
Oceania,1998,22.501833333333334
Oceania,1999,21.927083333333332
Oceania,2000,21.591916666666666
Oceania,2001,21.676666666666666
Oceania,2002,22.2775
Oceania,2003,22.25391666666667
Oceania,2004,22.092
Oceania,2005,22.680166666666665
Oceania,2006,22.069416666666665
Oceania,2007,22.293666666666667
Oceania,2008,22.052750000000003
Oceania,2009,22.45625
Oceania,2010,21.956999999999997
Oceania,2011,21.639499999999998
Oceania,2012,21.85591666666667
Oceania,2013,21.99075
Oman,1900,26.746750000000002
Oman,1901,26.62266666666667
Oman,1902,26.98566666666667
Oman,1903,26.282750000000004
Oman,1904,26.793583333333334
Oman,1905,26.80016666666667
Oman,1906,26.64491666666667
Oman,1907,26.506416666666667
Oman,1908,26.423000000000002
Oman,1909,26.748083333333337
Oman,1910,26.371583333333334
Oman,1911,26.333
Oman,1912,26.753249999999998
Oman,1913,26.753583333333335
Oman,1914,26.73025
Oman,1915,27.07225
Oman,1916,26.270083333333332
Oman,1917,26.354083333333335
Oman,1918,26.357166666666668
Oman,1919,26.490499999999997
Oman,1920,26.78
Oman,1921,26.5475
Oman,1922,26.862416666666665
Oman,1923,26.582083333333333
Oman,1924,27.11525
Oman,1925,26.616
Oman,1926,27.066833333333335
Oman,1927,26.61075
Oman,1928,26.709
Oman,1929,27.040583333333334
Oman,1930,26.712500000000002
Oman,1931,26.957333333333334
Oman,1932,26.73466666666667
Oman,1933,26.56741666666667
Oman,1934,26.71141666666667
Oman,1935,26.73566666666667
Oman,1936,26.616583333333335
Oman,1937,26.395083333333332
Oman,1938,26.467000000000002
Oman,1939,26.41775
Oman,1940,26.866333333333333
Oman,1941,27.167416666666668
Oman,1942,26.863583333333334
Oman,1943,26.80125
Oman,1944,27.0205
Oman,1945,26.794416666666667
Oman,1946,26.894416666666668
Oman,1947,26.91716666666667
Oman,1948,27.02866666666667
Oman,1949,26.84091666666667
Oman,1950,26.303833333333333
Oman,1951,27.093333333333334
Oman,1952,26.929750000000002
Oman,1953,27.14633333333333
Oman,1954,27.170416666666668
Oman,1955,26.678583333333336
Oman,1956,26.773500000000002
Oman,1957,26.702333333333332
Oman,1958,27.176166666666663
Oman,1959,26.772333333333336
Oman,1960,26.942833333333336
Oman,1961,27.063166666666664
Oman,1962,26.925833333333333
Oman,1963,26.920333333333332
Oman,1964,26.522583333333333
Oman,1965,26.852166666666665
Oman,1966,26.94366666666667
Oman,1967,26.81533333333333
Oman,1968,26.728166666666667
Oman,1969,27.386
Oman,1970,27.2325
Oman,1971,26.803916666666666
Oman,1972,26.881
Oman,1973,26.764583333333334
Oman,1974,26.89316666666667
Oman,1975,26.596333333333334
Oman,1976,26.945000000000004
Oman,1977,27.66525
Oman,1978,27.283500000000004
Oman,1979,27.079666666666668
Oman,1980,27.41291666666667
Oman,1981,27.261750000000003
Oman,1982,26.7765
Oman,1983,26.59466666666667
Oman,1984,26.547250000000002
Oman,1985,26.809833333333334
Oman,1986,26.846666666666668
Oman,1987,27.280500000000004
Oman,1988,27.276833333333332
Oman,1989,26.674666666666667
Oman,1990,27.4445
Oman,1991,27.010833333333338
Oman,1992,26.738916666666668
Oman,1993,27.368583333333333
Oman,1994,27.756083333333336
Oman,1995,27.3235
Oman,1996,27.173583333333337
Oman,1997,27.346500000000002
Oman,1998,28.18675
Oman,1999,28.11283333333333
Oman,2000,27.922416666666667
Oman,2001,28.083333333333332
Oman,2002,27.99416666666667
Oman,2003,28.269000000000002
Oman,2004,28.12516666666667
Oman,2005,28.07375
Oman,2006,28.044833333333333
Oman,2007,28.363
Oman,2008,27.75191666666667
Oman,2009,28.3425
Oman,2010,28.45866666666667
Oman,2011,28.150666666666666
Oman,2012,28.211583333333333
Oman,2013,28.194375
Pakistan,1900,20.754583333333333
Pakistan,1901,20.514083333333332
Pakistan,1902,21.173666666666666
Pakistan,1903,19.927083333333332
Pakistan,1904,20.620916666666666
Pakistan,1905,19.971333333333334
Pakistan,1906,20.423583333333337
Pakistan,1907,20.207333333333334
Pakistan,1908,20.297333333333334
Pakistan,1909,20.195333333333334
Pakistan,1910,19.938083333333335
Pakistan,1911,20.244333333333334
Pakistan,1912,20.641416666666668
Pakistan,1913,20.292083333333334
Pakistan,1914,20.53591666666667
Pakistan,1915,21.1465
Pakistan,1916,20.316083333333335
Pakistan,1917,20.0375
Pakistan,1918,20.206583333333334
Pakistan,1919,20.33516666666667
Pakistan,1920,20.172083333333337
Pakistan,1921,20.997416666666666
Pakistan,1922,20.682333333333332
Pakistan,1923,20.078916666666668
Pakistan,1924,20.381583333333335
Pakistan,1925,20.34075
Pakistan,1926,20.279083333333336
Pakistan,1927,20.19216666666667
Pakistan,1928,20.572416666666665
Pakistan,1929,20.423583333333333
Pakistan,1930,20.174916666666668
Pakistan,1931,20.506
Pakistan,1932,20.615333333333332
Pakistan,1933,20.34091666666667
Pakistan,1934,20.37125
Pakistan,1935,20.006083333333333
Pakistan,1936,20.554666666666666
Pakistan,1937,20.28725
Pakistan,1938,20.617916666666666
Pakistan,1939,20.556250000000002
Pakistan,1940,20.902583333333336
Pakistan,1941,21.71083333333333
Pakistan,1942,20.900333333333332
Pakistan,1943,20.627916666666668
Pakistan,1944,20.376083333333334
Pakistan,1945,20.321916666666667
Pakistan,1946,21.22925
Pakistan,1947,21.382500000000004
Pakistan,1948,20.8095
Pakistan,1949,20.536
Pakistan,1950,19.694416666666665
Pakistan,1951,20.748583333333332
Pakistan,1952,20.915166666666668
Pakistan,1953,21.39108333333333
Pakistan,1954,20.723916666666668
Pakistan,1955,20.681083333333333
Pakistan,1956,20.576333333333334
Pakistan,1957,19.904416666666666
Pakistan,1958,21.3135
Pakistan,1959,20.919166666666666
Pakistan,1960,20.731333333333335
Pakistan,1961,20.376833333333334
Pakistan,1962,20.43916666666667
Pakistan,1963,21.251083333333334
Pakistan,1964,20.141833333333334
Pakistan,1965,20.495166666666666
Pakistan,1966,20.564583333333335
Pakistan,1967,20.348583333333334
Pakistan,1968,20.341833333333334
Pakistan,1969,21.034166666666668
Pakistan,1970,21.189333333333334
Pakistan,1971,20.96625
Pakistan,1972,20.100166666666667
Pakistan,1973,20.739583333333332
Pakistan,1974,20.435166666666667
Pakistan,1975,20.114583333333336
Pakistan,1976,20.374916666666667
Pakistan,1977,21.189333333333334
Pakistan,1978,20.74325
Pakistan,1979,20.763083333333334
Pakistan,1980,21.41125
Pakistan,1981,21.205333333333332
Pakistan,1982,20.509416666666667
Pakistan,1983,20.57283333333333
Pakistan,1984,20.875083333333333
Pakistan,1985,21.28275
Pakistan,1986,20.640583333333336
Pakistan,1987,21.436833333333336
Pakistan,1988,21.812250000000002
Pakistan,1989,20.650000000000002
Pakistan,1990,21.376416666666668
Pakistan,1991,20.901333333333337
Pakistan,1992,20.7085
Pakistan,1993,21.444833333333335
Pakistan,1994,21.163083333333333
Pakistan,1995,21.073916666666666
Pakistan,1996,20.933833333333332
Pakistan,1997,20.73875
Pakistan,1998,21.66275
Pakistan,1999,21.863
Pakistan,2000,21.8225
Pakistan,2001,21.93041666666667
Pakistan,2002,22.025499999999997
Pakistan,2003,21.432083333333335
Pakistan,2004,22.143083333333333
Pakistan,2005,21.27241666666667
Pakistan,2006,21.636916666666668
Pakistan,2007,21.690916666666666
Pakistan,2008,21.53516666666667
Pakistan,2009,21.911416666666668
Pakistan,2010,22.08791666666667
Pakistan,2011,21.76825
Pakistan,2012,21.198
Pakistan,2013,22.320875
Palau,1900,27.307
Palau,1901,27.30666666666667
Palau,1902,26.442
Palau,1903,26.902916666666666
Palau,1904,26.448916666666666
Palau,1905,26.757083333333338
Palau,1906,26.902666666666665
Palau,1907,26.391333333333336
Palau,1908,26.60383333333333
Palau,1909,26.695583333333335
Palau,1910,26.76516666666667
Palau,1911,26.737166666666667
Palau,1912,26.77125
Palau,1913,26.974999999999998
Palau,1914,27.14325
Palau,1915,27.135166666666667
Palau,1916,26.977333333333334
Palau,1917,26.790000000000003
Palau,1918,26.498333333333335
Palau,1919,26.963333333333335
Palau,1920,27.017833333333332
Palau,1921,26.8485
Palau,1922,27.03691666666667
Palau,1923,26.791750000000004
Palau,1924,26.728250000000003
Palau,1925,26.94125
Palau,1926,27.248666666666665
Palau,1927,27.29716666666667
Palau,1928,27.303833333333333
Palau,1929,26.91175
Palau,1930,27.088833333333337
Palau,1931,27.223
Palau,1932,27.019833333333334
Palau,1933,27.106833333333338
Palau,1934,27.090833333333336
Palau,1935,27.038833333333333
Palau,1936,27.062416666666667
Palau,1937,27.13191666666667
Palau,1938,27.031000000000002
Palau,1939,27.082833333333337
Palau,1940,27.021833333333333
Palau,1941,27.14925
Palau,1942,27.205166666666667
Palau,1943,27.00125
Palau,1944,27.315749999999998
Palau,1945,27.15225
Palau,1946,27.2995
Palau,1947,27.622500000000002
Palau,1948,27.498833333333334
Palau,1949,27.225916666666667
Palau,1950,27.049916666666665
Palau,1951,27.501500000000004
Palau,1952,27.43825
Palau,1953,27.585250000000002
Palau,1954,27.36491666666667
Palau,1955,27.208083333333335
Palau,1956,27.091166666666666
Palau,1957,27.401416666666666
Palau,1958,27.517083333333332
Palau,1959,27.306166666666666
Palau,1960,27.457666666666668
Palau,1961,27.17175
Palau,1962,27.245
Palau,1963,27.42916666666667
Palau,1964,27.171666666666667
Palau,1965,27.300833333333333
Palau,1966,27.414333333333335
Palau,1967,27.356916666666667
Palau,1968,27.504
Palau,1969,27.496583333333334
Palau,1970,27.634583333333335
Palau,1971,27.3655
Palau,1972,27.462333333333333
Palau,1973,27.668916666666664
Palau,1974,27.481666666666666
Palau,1975,27.3145
Palau,1976,27.45025
Palau,1977,27.563333333333333
Palau,1978,27.419083333333337
Palau,1979,27.475250000000003
Palau,1980,27.452833333333334
Palau,1981,27.557333333333332
Palau,1982,27.541416666666667
Palau,1983,27.70866666666667
Palau,1984,27.638583333333333
Palau,1985,27.45266666666667
Palau,1986,27.76908333333333
Palau,1987,27.741250000000004
Palau,1988,27.706916666666668
Palau,1989,27.6095
Palau,1990,27.676916666666667
Palau,1991,27.59958333333333
Palau,1992,27.539083333333334
Palau,1993,27.484583333333333
Palau,1994,27.616500000000002
Palau,1995,27.634083333333333
Palau,1996,27.701583333333332
Palau,1997,27.798083333333334
Palau,1998,28.006416666666667
Palau,1999,27.66633333333333
Palau,2000,27.690749999999998
Palau,2001,27.758583333333334
Palau,2002,27.801833333333335
Palau,2003,27.629583333333333
Palau,2004,27.88891666666667
Palau,2005,27.71875
Palau,2006,27.81441666666667
Palau,2007,27.84275
Palau,2008,27.62575
Palau,2009,27.716916666666666
Palau,2010,27.767750000000003
Palau,2011,27.553416666666667
Palau,2012,27.721249999999998
Palau,2013,27.820375000000002
Palestina,1900,22.77525
Palestina,1901,23.345333333333333
Palestina,1902,22.767333333333337
Palestina,1903,22.80775
Palestina,1904,22.481166666666667
Palestina,1905,22.518
Palestina,1906,22.886416666666666
Palestina,1907,22.533583333333336
Palestina,1908,22.537833333333335
Palestina,1909,23.01125
Palestina,1910,22.70658333333333
Palestina,1911,22.77066666666667
Palestina,1912,22.842416666666665
Palestina,1913,22.72191666666667
Palestina,1914,22.75408333333333
Palestina,1915,23.36
Palestina,1916,23.261
Palestina,1917,22.938916666666668
Palestina,1918,22.890583333333336
Palestina,1919,22.958416666666665
Palestina,1920,22.749666666666666
Palestina,1921,22.814666666666668
Palestina,1922,23.050250000000002
Palestina,1923,22.997333333333334
Palestina,1924,23.177916666666665
Palestina,1925,22.922666666666668
Palestina,1926,22.898666666666667
Palestina,1927,23.2
Palestina,1928,23.26425
Palestina,1929,23.089333333333332
Palestina,1930,23.087083333333336
Palestina,1931,23.255333333333336
Palestina,1932,23.156833333333335
Palestina,1933,22.907666666666668
Palestina,1934,23.00075
Palestina,1935,23.314750000000004
Palestina,1936,23.394583333333333
Palestina,1937,23.411083333333334
Palestina,1938,23.16016666666667
Palestina,1939,23.2115
Palestina,1940,23.113
Palestina,1941,23.32641666666667
Palestina,1942,23.356333333333335
Palestina,1943,23.06725
Palestina,1944,22.93675
Palestina,1945,23.007083333333338
Palestina,1946,23.287000000000003
Palestina,1947,23.837666666666667
Palestina,1948,23.176916666666667
Palestina,1949,22.94825
Palestina,1950,23.316000000000003
Palestina,1951,23.337166666666665
Palestina,1952,23.511083333333332
Palestina,1953,23.103083333333334
Palestina,1954,23.28675
Palestina,1955,23.428916666666666
Palestina,1956,23.29525
Palestina,1957,23.09783333333333
Palestina,1958,23.50883333333333
Palestina,1959,23.14425
Palestina,1960,23.520083333333332
Palestina,1961,23.353583333333333
Palestina,1962,23.621583333333334
Palestina,1963,23.441833333333335
Palestina,1964,23.26725
Palestina,1965,22.89925
Palestina,1966,23.217166666666667
Palestina,1967,22.965833333333332
Palestina,1968,23.114583333333332
Palestina,1969,23.4225
Palestina,1970,23.466083333333334
Palestina,1971,23.1935
Palestina,1972,22.97683333333333
Palestina,1973,23.662666666666667
Palestina,1974,23.387583333333335
Palestina,1975,23.4405
Palestina,1976,23.3205
Palestina,1977,23.3265
Palestina,1978,23.488833333333332
Palestina,1979,23.5725
Palestina,1980,23.401833333333332
Palestina,1981,23.460083333333333
Palestina,1982,23.030333333333335
Palestina,1983,23.216583333333332
Palestina,1984,23.391333333333336
Palestina,1985,23.721083333333336
Palestina,1986,23.336583333333333
Palestina,1987,23.35591666666667
Palestina,1988,23.829583333333332
Palestina,1989,23.51608333333333
Palestina,1990,23.663666666666668
Palestina,1991,23.439083333333333
Palestina,1992,23.066083333333335
Palestina,1993,23.218
Palestina,1994,23.473166666666668
Palestina,1995,23.74716666666667
Palestina,1996,23.918333333333337
Palestina,1997,23.549000000000003
Palestina,1998,24.27116666666667
Palestina,1999,24.077166666666667
Palestina,2000,23.86
Palestina,2001,24.185000000000002
Palestina,2002,23.971166666666665
Palestina,2003,23.78916666666667
Palestina,2004,23.740083333333335
Palestina,2005,23.754666666666665
Palestina,2006,23.620583333333332
Palestina,2007,24.082083333333333
Palestina,2008,24.160833333333333
Palestina,2009,23.892833333333332
Palestina,2010,24.786
Palestina,2011,23.87725
Palestina,2012,23.90025
Palestina,2013,24.092125
Palmyra Atoll,1900,27.029083333333332
Palmyra Atoll,1901,26.949
Palmyra Atoll,1902,26.743750000000002
Palmyra Atoll,1903,26.536
Palmyra Atoll,1904,26.632416666666668
Palmyra Atoll,1905,26.841166666666666
Palmyra Atoll,1906,26.998083333333337
Palmyra Atoll,1907,26.646083333333333
Palmyra Atoll,1908,26.605666666666668
Palmyra Atoll,1909,26.522666666666666
Palmyra Atoll,1910,26.330833333333334
Palmyra Atoll,1911,26.70325
Palmyra Atoll,1912,26.837500000000002
Palmyra Atoll,1913,26.82166666666667
Palmyra Atoll,1914,27.072833333333335
Palmyra Atoll,1915,27.074916666666667
Palmyra Atoll,1916,26.598583333333334
Palmyra Atoll,1917,26.285083333333333
Palmyra Atoll,1918,26.6775
Palmyra Atoll,1919,26.907833333333333
Palmyra Atoll,1920,26.68433333333333
Palmyra Atoll,1921,26.963166666666666
Palmyra Atoll,1922,26.687083333333334
Palmyra Atoll,1923,27.144499999999997
Palmyra Atoll,1924,26.932750000000002
Palmyra Atoll,1925,27.092833333333335
Palmyra Atoll,1926,27.212166666666665
Palmyra Atoll,1927,27.020666666666667
Palmyra Atoll,1928,27.046833333333336
Palmyra Atoll,1929,26.900499999999997
Palmyra Atoll,1930,27.394166666666667
Palmyra Atoll,1931,27.12
Palmyra Atoll,1932,26.891750000000002
Palmyra Atoll,1933,26.58158333333333
Palmyra Atoll,1934,26.992166666666666
Palmyra Atoll,1935,27.08341666666667
Palmyra Atoll,1936,27.074749999999998
Palmyra Atoll,1937,27.375
Palmyra Atoll,1938,27.203083333333336
Palmyra Atoll,1939,27.084166666666665
Palmyra Atoll,1940,27.634833333333333
Palmyra Atoll,1941,27.813583333333337
Palmyra Atoll,1942,26.403833333333335
Palmyra Atoll,1943,27.2495
Palmyra Atoll,1944,27.53141666666667
Palmyra Atoll,1945,27.190833333333334
Palmyra Atoll,1946,27.501166666666666
Palmyra Atoll,1947,27.362
Palmyra Atoll,1948,27.416916666666665
Palmyra Atoll,1949,26.79925
Palmyra Atoll,1950,26.699166666666667
Palmyra Atoll,1951,27.7825
Palmyra Atoll,1952,27.406333333333336
Palmyra Atoll,1953,27.096833333333336
Palmyra Atoll,1954,26.902
Palmyra Atoll,1955,26.61491666666667
Palmyra Atoll,1956,26.705833333333334
Palmyra Atoll,1957,27.329333333333334
Palmyra Atoll,1958,27.416833333333333
Palmyra Atoll,1959,27.3655
Palmyra Atoll,1960,27.191916666666668
Palmyra Atoll,1961,27.243916666666667
Palmyra Atoll,1962,27.114500000000003
Palmyra Atoll,1963,27.455833333333334
Palmyra Atoll,1964,26.884416666666667
Palmyra Atoll,1965,27.060916666666667
Palmyra Atoll,1966,27.4245
Palmyra Atoll,1967,27.367416666666667
Palmyra Atoll,1968,27.47683333333333
Palmyra Atoll,1969,27.57766666666667
Palmyra Atoll,1970,27.158083333333334
Palmyra Atoll,1971,26.71575
Palmyra Atoll,1972,27.284583333333334
Palmyra Atoll,1973,26.877250000000004
Palmyra Atoll,1974,27.07241666666667
Palmyra Atoll,1975,26.68958333333333
Palmyra Atoll,1976,26.91175
Palmyra Atoll,1977,27.79275
Palmyra Atoll,1978,27.47375
Palmyra Atoll,1979,27.43541666666667
Palmyra Atoll,1980,27.7205
Palmyra Atoll,1981,27.438083333333335
Palmyra Atoll,1982,27.626166666666666
Palmyra Atoll,1983,27.49566666666667
Palmyra Atoll,1984,27.321749999999998
Palmyra Atoll,1985,27.275916666666664
Palmyra Atoll,1986,27.723416666666665
Palmyra Atoll,1987,27.8225
Palmyra Atoll,1988,27.432333333333332
Palmyra Atoll,1989,27.148750000000003
Palmyra Atoll,1990,27.5745
Palmyra Atoll,1991,27.801750000000002
Palmyra Atoll,1992,27.66541666666667
Palmyra Atoll,1993,27.534499999999998
Palmyra Atoll,1994,27.742166666666666
Palmyra Atoll,1995,27.924750000000003
Palmyra Atoll,1996,27.840083333333336
Palmyra Atoll,1997,27.935083333333335
Palmyra Atoll,1998,27.80666666666667
Palmyra Atoll,1999,27.345249999999997
Palmyra Atoll,2000,27.48575
Palmyra Atoll,2001,27.85766666666667
Palmyra Atoll,2002,28.03891666666667
Palmyra Atoll,2003,28.165916666666664
Palmyra Atoll,2004,28.065166666666666
Palmyra Atoll,2005,28.1955
Palmyra Atoll,2006,28.10891666666667
Palmyra Atoll,2007,27.830333333333332
Palmyra Atoll,2008,27.537750000000003
Palmyra Atoll,2009,28.021666666666665
Palmyra Atoll,2010,27.879500000000004
Palmyra Atoll,2011,27.70575
Palmyra Atoll,2012,27.719083333333334
Palmyra Atoll,2013,27.879875000000002
Panama,1900,26.240333333333336
Panama,1901,25.741583333333335
Panama,1902,26.022583333333333
Panama,1903,26.1865
Panama,1904,25.663750000000004
Panama,1905,25.98783333333333
Panama,1906,26.028583333333334
Panama,1907,25.803749999999997
Panama,1908,25.764916666666668
Panama,1909,25.693166666666666
Panama,1910,25.440749999999998
Panama,1911,26.107583333333334
Panama,1912,26.480416666666667
Panama,1913,25.917083333333334
Panama,1914,26.314000000000004
Panama,1915,26.551666666666666
Panama,1916,26.064916666666665
Panama,1917,25.38291666666667
Panama,1918,25.748416666666667
Panama,1919,26.219416666666664
Panama,1920,26.288916666666665
Panama,1921,26.18575
Panama,1922,26.286666666666665
Panama,1923,26.158
Panama,1924,26.137083333333333
Panama,1925,26.145083333333332
Panama,1926,26.541416666666667
Panama,1927,26.210333333333335
Panama,1928,26.27691666666667
Panama,1929,26.325166666666664
Panama,1930,26.547416666666667
Panama,1931,26.591333333333335
Panama,1932,26.30441666666667
Panama,1933,26.108999999999998
Panama,1934,26.231250000000003
Panama,1935,26.046666666666667
Panama,1936,26.395333333333337
Panama,1937,26.3115
Panama,1938,25.9695
Panama,1939,26.367333333333335
Panama,1940,26.9355
Panama,1941,27.12908333333333
Panama,1942,26.399416666666667
Panama,1943,26.134249999999998
Panama,1944,26.255916666666668
Panama,1945,26.311916666666665
Panama,1946,26.53141666666667
Panama,1947,26.480500000000003
Panama,1948,26.63566666666667
Panama,1949,26.098583333333334
Panama,1950,25.975333333333335
Panama,1951,26.487750000000002
Panama,1952,26.496583333333334
Panama,1953,26.63866666666667
Panama,1954,26.313000000000002
Panama,1955,26.143833333333333
Panama,1956,26.055333333333337
Panama,1957,26.814583333333335
Panama,1958,27.029
Panama,1959,26.645833333333332
Panama,1960,26.494666666666664
Panama,1961,26.481583333333333
Panama,1962,26.40125
Panama,1963,26.44725
Panama,1964,26.544083333333333
Panama,1965,26.49966666666667
Panama,1966,26.576083333333333
Panama,1967,26.232333333333333
Panama,1968,26.310000000000002
Panama,1969,26.720166666666668
Panama,1970,26.415166666666668
Panama,1971,26.02025
Panama,1972,26.701916666666666
Panama,1973,26.568916666666667
Panama,1974,26.21066666666667
Panama,1975,26.139499999999998
Panama,1976,26.48625
Panama,1977,26.71675
Panama,1978,26.4725
Panama,1979,26.652
Panama,1980,26.65925
Panama,1981,26.655833333333334
Panama,1982,26.779083333333332
Panama,1983,27.250666666666664
Panama,1984,26.320999999999998
Panama,1985,26.41616666666667
Panama,1986,26.698166666666665
Panama,1987,27.222583333333333
Panama,1988,26.62816666666667
Panama,1989,26.526416666666666
Panama,1990,26.92533333333333
Panama,1991,27.068083333333334
Panama,1992,27.108500000000003
Panama,1993,26.937
Panama,1994,27.006
Panama,1995,26.958083333333335
Panama,1996,26.668333333333333
Panama,1997,27.412916666666664
Panama,1998,27.547416666666667
Panama,1999,26.425250000000002
Panama,2000,26.711833333333335
Panama,2001,26.665833333333335
Panama,2002,27.207000000000004
Panama,2003,27.248416666666667
Panama,2004,27.10591666666667
Panama,2005,27.084999999999997
Panama,2006,27.13175
Panama,2007,27.059416666666667
Panama,2008,26.800666666666668
Panama,2009,27.269750000000002
Panama,2010,27.02916666666667
Panama,2011,26.70925
Panama,2012,27.0825
Panama,2013,27.2175
Papua New Guinea,1900,24.536666666666665
Papua New Guinea,1901,24.324166666666667
Papua New Guinea,1902,23.60891666666667
Papua New Guinea,1903,24.202333333333332
Papua New Guinea,1904,23.675
Papua New Guinea,1905,24.05825
Papua New Guinea,1906,24.27508333333333
Papua New Guinea,1907,23.735250000000004
Papua New Guinea,1908,23.795916666666667
Papua New Guinea,1909,24.582166666666666
Papua New Guinea,1910,24.528666666666666
Papua New Guinea,1911,24.15875
Papua New Guinea,1912,24.474083333333336
Papua New Guinea,1913,24.27316666666667
Papua New Guinea,1914,24.080583333333333
Papua New Guinea,1915,24.5555
Papua New Guinea,1916,24.563916666666668
Papua New Guinea,1917,24.443749999999998
Papua New Guinea,1918,23.730333333333334
Papua New Guinea,1919,23.842333333333332
Papua New Guinea,1920,24.414666666666665
Papua New Guinea,1921,24.192999999999998
Papua New Guinea,1922,24.23325
Papua New Guinea,1923,23.78625
Papua New Guinea,1924,24.459666666666667
Papua New Guinea,1925,24.08866666666667
Papua New Guinea,1926,24.767333333333337
Papua New Guinea,1927,24.34425
Papua New Guinea,1928,24.340500000000002
Papua New Guinea,1929,24.084416666666666
Papua New Guinea,1930,24.188833333333335
Papua New Guinea,1931,24.287000000000003
Papua New Guinea,1932,24.4825
Papua New Guinea,1933,24.523083333333332
Papua New Guinea,1934,24.62591666666667
Papua New Guinea,1935,24.416916666666665
Papua New Guinea,1936,24.330416666666665
Papua New Guinea,1937,24.51825
Papua New Guinea,1938,24.2625
Papua New Guinea,1939,24.10166666666667
Papua New Guinea,1940,24.34975
Papua New Guinea,1941,24.16025
Papua New Guinea,1942,24.974500000000003
Papua New Guinea,1943,24.325833333333332
Papua New Guinea,1944,24.351416666666665
Papua New Guinea,1945,24.398
Papua New Guinea,1946,24.149833333333333
Papua New Guinea,1947,24.795749999999998
Papua New Guinea,1948,24.670083333333334
Papua New Guinea,1949,24.741666666666664
Papua New Guinea,1950,24.59358333333333
Papua New Guinea,1951,24.426416666666668
Papua New Guinea,1952,24.664583333333336
Papua New Guinea,1953,24.387249999999998
Papua New Guinea,1954,24.445083333333333
Papua New Guinea,1955,24.436166666666665
Papua New Guinea,1956,24.552166666666665
Papua New Guinea,1957,24.448583333333335
Papua New Guinea,1958,24.737333333333336
Papua New Guinea,1959,24.514333333333337
Papua New Guinea,1960,24.46083333333333
Papua New Guinea,1961,24.233333333333334
Papua New Guinea,1962,24.54975
Papua New Guinea,1963,24.471666666666668
Papua New Guinea,1964,24.599833333333333
Papua New Guinea,1965,24.034333333333333
Papua New Guinea,1966,24.481166666666667
Papua New Guinea,1967,24.334333333333333
Papua New Guinea,1968,24.4845
Papua New Guinea,1969,24.69775
Papua New Guinea,1970,24.76875
Papua New Guinea,1971,24.56375
Papua New Guinea,1972,24.2855
Papua New Guinea,1973,24.798916666666667
Papua New Guinea,1974,24.586083333333335
Papua New Guinea,1975,24.637666666666664
Papua New Guinea,1976,24.364166666666666
Papua New Guinea,1977,24.46825
Papua New Guinea,1978,24.742500000000003
Papua New Guinea,1979,24.705083333333334
Papua New Guinea,1980,24.745166666666666
Papua New Guinea,1981,24.870333333333335
Papua New Guinea,1982,24.517583333333334
Papua New Guinea,1983,24.970166666666668
Papua New Guinea,1984,24.7435
Papua New Guinea,1985,24.722083333333334
Papua New Guinea,1986,24.874916666666667
Papua New Guinea,1987,24.950916666666668
Papua New Guinea,1988,25.166750000000004
Papua New Guinea,1989,24.892
Papua New Guinea,1990,24.93675
Papua New Guinea,1991,24.726166666666668
Papua New Guinea,1992,24.831083333333336
Papua New Guinea,1993,24.673750000000002
Papua New Guinea,1994,24.694833333333335
Papua New Guinea,1995,24.983999999999998
Papua New Guinea,1996,25.042333333333332
Papua New Guinea,1997,24.767500000000002
Papua New Guinea,1998,25.419750000000004
Papua New Guinea,1999,24.919833333333333
Papua New Guinea,2000,24.941999999999997
Papua New Guinea,2001,25.054666666666666
Papua New Guinea,2002,25.096333333333334
Papua New Guinea,2003,25.066833333333335
Papua New Guinea,2004,24.908916666666666
Papua New Guinea,2005,25.03375
Papua New Guinea,2006,24.739
Papua New Guinea,2007,24.882666666666665
Papua New Guinea,2008,24.775916666666664
Papua New Guinea,2009,24.78316666666667
Papua New Guinea,2010,25.342
Papua New Guinea,2011,24.829833333333337
Papua New Guinea,2012,24.84358333333334
Papua New Guinea,2013,25.069125
Paraguay,1900,23.743
Paraguay,1901,23.413166666666665
Paraguay,1902,23.593500000000002
Paraguay,1903,22.932666666666666
Paraguay,1904,22.781333333333333
Paraguay,1905,23.034666666666666
Paraguay,1906,23.5605
Paraguay,1907,22.8545
Paraguay,1908,22.740250000000003
Paraguay,1909,22.643
Paraguay,1910,22.965083333333336
Paraguay,1911,22.348916666666668
Paraguay,1912,23.021916666666666
Paraguay,1913,23.550166666666666
Paraguay,1914,23.737333333333336
Paraguay,1915,23.753583333333335
Paraguay,1916,23.05216666666667
Paraguay,1917,22.643416666666667
Paraguay,1918,22.987
Paraguay,1919,23.525666666666666
Paraguay,1920,22.80875
Paraguay,1921,22.934749999999998
Paraguay,1922,22.927333333333333
Paraguay,1923,22.978416666666664
Paraguay,1924,22.747583333333335
Paraguay,1925,23.513
Paraguay,1926,24.085416666666664
Paraguay,1927,23.419916666666666
Paraguay,1928,23.3415
Paraguay,1929,23.286666666666665
Paraguay,1930,23.83441666666667
Paraguay,1931,22.77175
Paraguay,1932,23.46666666666667
Paraguay,1933,23.40941666666667
Paraguay,1934,23.27241666666667
Paraguay,1935,23.463250000000002
Paraguay,1936,23.787666666666667
Paraguay,1937,23.51
Paraguay,1938,23.27425
Paraguay,1939,23.422416666666667
Paraguay,1940,23.472583333333333
Paraguay,1941,23.07375
Paraguay,1942,22.684916666666666
Paraguay,1943,22.92925
Paraguay,1944,24.14725
Paraguay,1945,23.850166666666667
Paraguay,1946,23.199583333333333
Paraguay,1947,23.020333333333337
Paraguay,1948,23.748583333333332
Paraguay,1949,23.329916666666666
Paraguay,1950,23.434
Paraguay,1951,23.428833333333333
Paraguay,1952,23.25425
Paraguay,1953,23.838083333333334
Paraguay,1954,23.446083333333334
Paraguay,1955,23.24575
Paraguay,1956,22.415833333333335
Paraguay,1957,23.05158333333333
Paraguay,1958,23.25825
Paraguay,1959,23.535
Paraguay,1960,23.072833333333335
Paraguay,1961,24.013416666666668
Paraguay,1962,22.896083333333337
Paraguay,1963,24.331
Paraguay,1964,23.098
Paraguay,1965,23.477666666666668
Paraguay,1966,23.542083333333334
Paraguay,1967,23.923083333333334
Paraguay,1968,23.507333333333335
Paraguay,1969,23.689333333333334
Paraguay,1970,23.750583333333335
Paraguay,1971,22.979333333333333
Paraguay,1972,23.78225
Paraguay,1973,23.5885
Paraguay,1974,23.212166666666665
Paraguay,1975,23.408666666666665
Paraguay,1976,22.964333333333332
Paraguay,1977,24.15025
Paraguay,1978,24.081500000000002
Paraguay,1979,23.407833333333333
Paraguay,1980,23.60025
Paraguay,1981,23.6915
Paraguay,1982,23.81025
Paraguay,1983,23.19966666666667
Paraguay,1984,23.673000000000002
Paraguay,1985,24.01391666666667
Paraguay,1986,24.11475
Paraguay,1987,23.52241666666667
Paraguay,1988,23.543916666666664
Paraguay,1989,23.372333333333334
Paraguay,1990,23.599416666666666
Paraguay,1991,24.11566666666667
Paraguay,1992,23.09075
Paraguay,1993,23.73425
Paraguay,1994,24.470916666666668
Paraguay,1995,23.96375
Paraguay,1996,23.414833333333334
Paraguay,1997,24.407416666666666
Paraguay,1998,23.41725
Paraguay,1999,23.697583333333338
Paraguay,2000,23.626083333333337
Paraguay,2001,24.28825
Paraguay,2002,24.759
Paraguay,2003,24.263833333333334
Paraguay,2004,23.8045
Paraguay,2005,23.820083333333333
Paraguay,2006,24.376583333333333
Paraguay,2007,23.72666666666667
Paraguay,2008,23.81833333333333
Paraguay,2009,24.18858333333333
Paraguay,2010,23.615416666666665
Paraguay,2011,23.991500000000002
Paraguay,2012,24.46575
Paraguay,2013,22.81775
Peru,1900,20.013250000000003
Peru,1901,19.71475
Peru,1902,19.71441666666667
Peru,1903,19.485583333333334
Peru,1904,19.483083333333333
Peru,1905,19.94525
Peru,1906,19.615083333333335
Peru,1907,19.3715
Peru,1908,19.281833333333335
Peru,1909,19.248
Peru,1910,19.133333333333336
Peru,1911,19.58075
Peru,1912,19.7875
Peru,1913,19.688000000000002
Peru,1914,19.868333333333336
Peru,1915,20.069333333333336
Peru,1916,19.1755
Peru,1917,19.162083333333335
Peru,1918,19.611333333333334
Peru,1919,20.04825
Peru,1920,19.673416666666668
Peru,1921,19.392083333333336
Peru,1922,19.653833333333335
Peru,1923,19.654500000000002
Peru,1924,19.5915
Peru,1925,19.66825
Peru,1926,20.171499999999998
Peru,1927,19.80816666666667
Peru,1928,19.971333333333334
Peru,1929,19.4925
Peru,1930,19.859750000000002
Peru,1931,19.918833333333335
Peru,1932,19.879416666666668
Peru,1933,19.584083333333336
Peru,1934,19.553250000000002
Peru,1935,19.724666666666668
Peru,1936,20.007833333333334
Peru,1937,20.07166666666667
Peru,1938,19.703
Peru,1939,20.352583333333335
Peru,1940,20.37241666666667
Peru,1941,20.59991666666667
Peru,1942,20.06875
Peru,1943,20.01075
Peru,1944,20.048833333333334
Peru,1945,20.093083333333336
Peru,1946,20.023166666666665
Peru,1947,20.017583333333334
Peru,1948,20.06
Peru,1949,19.85141666666667
Peru,1950,19.584
Peru,1951,20.0065
Peru,1952,20.02316666666667
Peru,1953,20.261
Peru,1954,19.800416666666667
Peru,1955,19.696916666666667
Peru,1956,19.511166666666668
Peru,1957,20.264833333333332
Peru,1958,20.374083333333335
Peru,1959,20.14475
Peru,1960,19.96925
Peru,1961,20.087500000000002
Peru,1962,19.95425
Peru,1963,20.148833333333332
Peru,1964,19.953166666666668
Peru,1965,20.264916666666668
Peru,1966,20.240583333333333
Peru,1967,19.964000000000002
Peru,1968,19.952666666666666
Peru,1969,20.588833333333334
Peru,1970,20.141333333333332
Peru,1971,19.803250000000002
Peru,1972,20.532
Peru,1973,20.1495
Peru,1974,19.729333333333333
Peru,1975,19.780250000000002
Peru,1976,19.877916666666668
Peru,1977,20.18075
Peru,1978,20.083000000000002
Peru,1979,20.233166666666666
Peru,1980,20.332583333333336
Peru,1981,20.04341666666667
Peru,1982,20.270583333333335
Peru,1983,21.088916666666666
Peru,1984,20.1245
Peru,1985,20.03175
Peru,1986,20.1345
Peru,1987,20.867250000000002
Peru,1988,20.250083333333333
Peru,1989,20.017166666666668
Peru,1990,20.233083333333333
Peru,1991,20.50425
Peru,1992,20.836583333333333
Peru,1993,20.5025
Peru,1994,20.530583333333336
Peru,1995,20.686
Peru,1996,20.115
Peru,1997,20.936583333333335
Peru,1998,21.181833333333334
Peru,1999,20.06775
Peru,2000,20.231916666666667
Peru,2001,20.22575
Peru,2002,20.536
Peru,2003,20.485583333333334
Peru,2004,20.443083333333334
Peru,2005,20.45058333333333
Peru,2006,20.541
Peru,2007,20.191666666666666
Peru,2008,20.226416666666665
Peru,2009,20.523083333333336
Peru,2010,20.584500000000002
Peru,2011,20.28408333333333
Peru,2012,20.46
Peru,2013,19.97625
Philippines,1900,26.251333333333335
Philippines,1901,26.05816666666667
Philippines,1902,26.03633333333333
Philippines,1903,26.223583333333334
Philippines,1904,25.747666666666664
Philippines,1905,26.061000000000003
Philippines,1906,26.196250000000003
Philippines,1907,25.97875
Philippines,1908,26.12166666666667
Philippines,1909,26.162666666666667
Philippines,1910,26.126583333333333
Philippines,1911,26.045749999999998
Philippines,1912,26.387
Philippines,1913,26.135416666666668
Philippines,1914,26.437
Philippines,1915,26.707333333333334
Philippines,1916,26.099
Philippines,1917,26.01425
Philippines,1918,25.749166666666667
Philippines,1919,26.35541666666667
Philippines,1920,26.274500000000003
Philippines,1921,26.218500000000002
Philippines,1922,26.348083333333335
Philippines,1923,26.09241666666667
Philippines,1924,26.232166666666668
Philippines,1925,26.148416666666666
Philippines,1926,26.28216666666667
Philippines,1927,26.39675
Philippines,1928,26.423666666666666
Philippines,1929,26.074083333333334
Philippines,1930,26.427333333333333
Philippines,1931,26.61241666666667
Philippines,1932,26.206416666666666
Philippines,1933,26.36191666666667
Philippines,1934,26.044416666666667
Philippines,1935,26.305583333333335
Philippines,1936,26.35325
Philippines,1937,26.511
Philippines,1938,26.302833333333336
Philippines,1939,26.371166666666667
Philippines,1940,26.419416666666667
Philippines,1941,26.787583333333334
Philippines,1942,26.596166666666672
Philippines,1943,26.269583333333333
Philippines,1944,26.425583333333336
Philippines,1945,26.331333333333333
Philippines,1946,26.755666666666666
Philippines,1947,26.88775
Philippines,1948,26.60575
Philippines,1949,26.55316666666667
Philippines,1950,26.53216666666667
Philippines,1951,26.737
Philippines,1952,26.770333333333337
Philippines,1953,26.849083333333336
Philippines,1954,26.799916666666665
Philippines,1955,26.56116666666667
Philippines,1956,26.537333333333336
Philippines,1957,26.844000000000005
Philippines,1958,26.91433333333333
Philippines,1959,26.828083333333336
Philippines,1960,26.8445
Philippines,1961,26.6955
Philippines,1962,26.626166666666666
Philippines,1963,26.485333333333333
Philippines,1964,26.719083333333334
Philippines,1965,26.560666666666666
Philippines,1966,26.963583333333332
Philippines,1967,26.57375
Philippines,1968,26.71375
Philippines,1969,27.018083333333333
Philippines,1970,27.001333333333335
Philippines,1971,26.39975
Philippines,1972,26.77208333333333
Philippines,1973,26.988583333333334
Philippines,1974,26.631833333333333
Philippines,1975,26.726
Philippines,1976,26.571
Philippines,1977,26.8245
Philippines,1978,26.664333333333335
Philippines,1979,26.832250000000002
Philippines,1980,26.771
Philippines,1981,26.830083333333334
Philippines,1982,26.751583333333333
Philippines,1983,27.103416666666664
Philippines,1984,26.669083333333333
Philippines,1985,26.902833333333334
Philippines,1986,26.79125
Philippines,1987,27.30191666666667
Philippines,1988,27.190083333333334
Philippines,1989,26.732166666666668
Philippines,1990,26.932333333333332
Philippines,1991,26.79341666666667
Philippines,1992,26.9015
Philippines,1993,26.846333333333334
Philippines,1994,26.831333333333333
Philippines,1995,26.82641666666667
Philippines,1996,26.887916666666666
Philippines,1997,26.976333333333333
Philippines,1998,27.779416666666666
Philippines,1999,26.925750000000004
Philippines,2000,27.00975
Philippines,2001,27.104250000000004
Philippines,2002,27.083166666666667
Philippines,2003,27.014833333333332
Philippines,2004,27.089833333333335
Philippines,2005,27.144333333333336
Philippines,2006,27.178083333333333
Philippines,2007,27.162000000000003
Philippines,2008,26.87575
Philippines,2009,27.008750000000003
Philippines,2010,27.3565
Philippines,2011,26.785916666666665
Philippines,2012,27.14891666666667
Philippines,2013,27.41675
Poland,1900,7.742416666666667
Poland,1901,7.406916666666667
Poland,1902,6.066583333333334
Poland,1903,7.928666666666666
Poland,1904,7.207833333333333
Poland,1905,7.46525
Poland,1906,7.803
Poland,1907,6.784416666666666
Poland,1908,6.815083333333334
Poland,1909,6.80875
Poland,1910,8.168583333333332
Poland,1911,8.102500000000001
Poland,1912,6.7870833333333325
Poland,1913,7.8823333333333325
Poland,1914,7.913083333333333
Poland,1915,7.131
Poland,1916,7.962416666666666
Poland,1917,6.9301666666666675
Poland,1918,7.968
Poland,1919,6.6375833333333345
Poland,1920,7.984333333333333
Poland,1921,8.109666666666667
Poland,1922,6.389916666666667
Poland,1923,7.337666666666666
Poland,1924,6.7088333333333345
Poland,1925,7.980666666666665
Poland,1926,8.030916666666666
Poland,1927,7.298749999999999
Poland,1928,7.347416666666667
Poland,1929,6.263416666666667
Poland,1930,8.190666666666667
Poland,1931,6.925249999999999
Poland,1932,7.855833333333334
Poland,1933,6.476583333333334
Poland,1934,9.158333333333333
Poland,1935,7.664166666666667
Poland,1936,8.184166666666666
Poland,1937,8.243416666666667
Poland,1938,8.372333333333334
Poland,1939,8.388166666666667
Poland,1940,5.5352500000000004
Poland,1941,5.899249999999999
Poland,1942,6.212416666666666
Poland,1943,8.119083333333334
Poland,1944,7.921666666666667
Poland,1945,7.855916666666666
Poland,1946,7.726500000000001
Poland,1947,7.212833333333333
Poland,1948,8.28975
Poland,1949,8.606333333333334
Poland,1950,8.127083333333333
Poland,1951,8.356833333333332
Poland,1952,7.051916666666667
Poland,1953,8.0945
Poland,1954,7.024416666666666
Poland,1955,7.397833333333334
Poland,1956,6.055583333333334
Poland,1957,8.280333333333333
Poland,1958,7.523083333333333
Poland,1959,8.275083333333333
Poland,1960,7.877166666666667
Poland,1961,8.537333333333333
Poland,1962,6.98675
Poland,1963,6.735083333333333
Poland,1964,7.253416666666666
Poland,1965,6.441916666666667
Poland,1966,8.163666666666666
Poland,1967,8.5415
Poland,1968,7.925916666666667
Poland,1969,6.655833333333334
Poland,1970,6.821583333333333
Poland,1971,7.865166666666667
Poland,1972,7.77525
Poland,1973,7.9135
Poland,1974,8.497916666666667
Poland,1975,8.88275
Poland,1976,7.143083333333333
Poland,1977,8.135333333333334
Poland,1978,7.11925
Poland,1979,7.202833333333333
Poland,1980,6.690416666666667
Poland,1981,7.844166666666666
Poland,1982,8.4135
Poland,1983,8.914083333333332
Poland,1984,7.905333333333334
Poland,1985,6.792166666666667
Poland,1986,7.459083333333333
Poland,1987,6.574749999999999
Poland,1988,8.280416666666666
Poland,1989,9.423416666666666
Poland,1990,9.231666666666667
Poland,1991,7.9446666666666665
Poland,1992,8.8135
Poland,1993,7.831083333333333
Poland,1994,8.921000000000001
Poland,1995,8.26225
Poland,1996,6.7684999999999995
Poland,1997,7.980666666666667
Poland,1998,8.315166666666666
Poland,1999,9.035
Poland,2000,9.622166666666667
Poland,2001,8.333833333333333
Poland,2002,9.171166666666666
Poland,2003,8.385083333333334
Poland,2004,8.390500000000001
Poland,2005,8.4185
Poland,2006,8.799916666666666
Poland,2007,9.418083333333334
Poland,2008,9.469166666666666
Poland,2009,8.652916666666668
Poland,2010,7.621416666666666
Poland,2011,8.951666666666666
Poland,2012,8.53775
Poland,2013,9.257875
Portugal,1900,14.71175
Portugal,1901,14.351333333333335
Portugal,1902,14.433333333333332
Portugal,1903,14.535666666666666
Portugal,1904,14.874916666666666
Portugal,1905,14.212166666666667
Portugal,1906,14.622
Portugal,1907,14.396749999999999
Portugal,1908,14.771083333333335
Portugal,1909,14.310666666666664
Portugal,1910,14.176499999999999
Portugal,1911,14.369333333333335
Portugal,1912,14.240666666666668
Portugal,1913,14.43
Portugal,1914,14.4285
Portugal,1915,14.658083333333332
Portugal,1916,14.437333333333333
Portugal,1917,13.949333333333334
Portugal,1918,14.592416666666667
Portugal,1919,14.602833333333335
Portugal,1920,14.899333333333333
Portugal,1921,15.0145
Portugal,1922,14.453666666666665
Portugal,1923,14.4625
Portugal,1924,14.616083333333334
Portugal,1925,14.089999999999998
Portugal,1926,15.425333333333333
Portugal,1927,14.62975
Portugal,1928,14.755333333333333
Portugal,1929,15.299833333333334
Portugal,1930,14.85225
Portugal,1931,14.614416666666665
Portugal,1932,14.269916666666667
Portugal,1933,14.711083333333333
Portugal,1934,14.438333333333333
Portugal,1935,14.449916666666667
Portugal,1936,14.435166666666667
Portugal,1937,14.908166666666666
Portugal,1938,15.053749999999999
Portugal,1939,14.553333333333335
Portugal,1940,14.862416666666666
Portugal,1941,14.537666666666667
Portugal,1942,14.764416666666667
Portugal,1943,15.181
Portugal,1944,14.8085
Portugal,1945,15.597166666666666
Portugal,1946,14.509083333333335
Portugal,1947,15.23625
Portugal,1948,15.761416666666667
Portugal,1949,15.758666666666668
Portugal,1950,15.066083333333333
Portugal,1951,14.469416666666667
Portugal,1952,14.772
Portugal,1953,15.274583333333332
Portugal,1954,14.59575
Portugal,1955,15.725583333333333
Portugal,1956,13.852916666666665
Portugal,1957,14.721666666666666
Portugal,1958,14.904416666666668
Portugal,1959,15.044166666666667
Portugal,1960,14.822000000000001
Portugal,1961,15.700166666666666
Portugal,1962,14.931
Portugal,1963,14.624583333333334
Portugal,1964,15.1195
Portugal,1965,14.717666666666666
Portugal,1966,14.995249999999999
Portugal,1967,14.699666666666667
Portugal,1968,14.927916666666667
Portugal,1969,14.412999999999998
Portugal,1970,14.75925
Portugal,1971,14.277000000000001
Portugal,1972,13.878
Portugal,1973,14.614583333333334
Portugal,1974,14.383249999999999
Portugal,1975,14.477416666666665
Portugal,1976,14.590833333333334
Portugal,1977,14.587666666666665
Portugal,1978,14.826666666666668
Portugal,1979,14.752083333333333
Portugal,1980,14.841416666666667
Portugal,1981,15.4955
Portugal,1982,15.071916666666667
Portugal,1983,15.07
Portugal,1984,14.60425
Portugal,1985,15.154416666666668
Portugal,1986,14.729999999999999
Portugal,1987,15.605583333333334
Portugal,1988,15.099416666666668
Portugal,1989,16.062083333333334
Portugal,1990,15.742750000000001
Portugal,1991,15.232833333333334
Portugal,1992,15.111333333333334
Portugal,1993,14.520166666666666
Portugal,1994,15.312833333333332
Portugal,1995,16.347416666666668
Portugal,1996,15.296333333333335
Portugal,1997,16.267583333333334
Portugal,1998,15.644999999999998
Portugal,1999,15.279083333333332
Portugal,2000,15.393
Portugal,2001,15.40775
Portugal,2002,15.463166666666666
Portugal,2003,15.815833333333332
Portugal,2004,15.463833333333334
Portugal,2005,15.536916666666668
Portugal,2006,16.002583333333334
Portugal,2007,15.241083333333334
Portugal,2008,15.270000000000001
Portugal,2009,15.9835
Portugal,2010,15.68425
Portugal,2011,16.066416666666665
Portugal,2012,15.392166666666666
Portugal,2013,15.88925
Puerto Rico,1900,25.370083333333337
Puerto Rico,1901,25.57025
Puerto Rico,1902,25.279833333333332
Puerto Rico,1903,25.373833333333334
Puerto Rico,1904,24.859416666666664
Puerto Rico,1905,25.47
Puerto Rico,1906,25.275666666666666
Puerto Rico,1907,24.901916666666665
Puerto Rico,1908,25.14825
Puerto Rico,1909,25.04525
Puerto Rico,1910,24.908083333333334
Puerto Rico,1911,25.178833333333333
Puerto Rico,1912,25.411083333333334
Puerto Rico,1913,24.76725
Puerto Rico,1914,25.295833333333334
Puerto Rico,1915,25.657166666666665
Puerto Rico,1916,25.132416666666668
Puerto Rico,1917,24.83475
Puerto Rico,1918,25.02391666666667
Puerto Rico,1919,25.397000000000002
Puerto Rico,1920,25.395166666666668
Puerto Rico,1921,25.06725
Puerto Rico,1922,24.793000000000003
Puerto Rico,1923,25.056166666666666
Puerto Rico,1924,25.437916666666666
Puerto Rico,1925,25.159666666666666
Puerto Rico,1926,25.66208333333333
Puerto Rico,1927,25.515666666666664
Puerto Rico,1928,25.54675
Puerto Rico,1929,25.251333333333335
Puerto Rico,1930,25.469250000000002
Puerto Rico,1931,25.78708333333333
Puerto Rico,1932,25.61791666666667
Puerto Rico,1933,25.313333333333333
Puerto Rico,1934,25.231416666666664
Puerto Rico,1935,25.08566666666667
Puerto Rico,1936,25.39616666666667
Puerto Rico,1937,25.532
Puerto Rico,1938,25.105999999999998
Puerto Rico,1939,25.278583333333334
Puerto Rico,1940,25.75491666666667
Puerto Rico,1941,25.914666666666665
Puerto Rico,1942,25.985666666666663
Puerto Rico,1943,25.47458333333333
Puerto Rico,1944,25.45566666666667
Puerto Rico,1945,25.22175
Puerto Rico,1946,25.381416666666667
Puerto Rico,1947,25.735
Puerto Rico,1948,25.78333333333333
Puerto Rico,1949,25.288083333333333
Puerto Rico,1950,25.108333333333334
Puerto Rico,1951,25.595083333333335
Puerto Rico,1952,25.776916666666665
Puerto Rico,1953,25.785749999999997
Puerto Rico,1954,25.464583333333334
Puerto Rico,1955,25.46591666666667
Puerto Rico,1956,25.37091666666667
Puerto Rico,1957,25.784833333333335
Puerto Rico,1958,26.090416666666666
Puerto Rico,1959,25.91508333333333
Puerto Rico,1960,26.065416666666668
Puerto Rico,1961,25.687083333333334
Puerto Rico,1962,25.657083333333333
Puerto Rico,1963,25.937250000000002
Puerto Rico,1964,25.792916666666667
Puerto Rico,1965,25.376833333333334
Puerto Rico,1966,25.626333333333335
Puerto Rico,1967,25.354250000000004
Puerto Rico,1968,25.419
Puerto Rico,1969,25.995333333333335
Puerto Rico,1970,25.6975
Puerto Rico,1971,25.36191666666667
Puerto Rico,1972,25.5705
Puerto Rico,1973,25.716416666666664
Puerto Rico,1974,25.279583333333335
Puerto Rico,1975,25.34691666666667
Puerto Rico,1976,25.28516666666667
Puerto Rico,1977,25.778000000000002
Puerto Rico,1978,25.83975
Puerto Rico,1979,25.738249999999997
Puerto Rico,1980,26.199749999999998
Puerto Rico,1981,26.144333333333336
Puerto Rico,1982,25.749666666666666
Puerto Rico,1983,26.194083333333335
Puerto Rico,1984,25.64425
Puerto Rico,1985,25.587083333333336
Puerto Rico,1986,25.69458333333333
Puerto Rico,1987,26.293333333333333
Puerto Rico,1988,25.961416666666665
Puerto Rico,1989,25.617416666666667
Puerto Rico,1990,25.93975
Puerto Rico,1991,25.879666666666665
Puerto Rico,1992,25.89916666666667
Puerto Rico,1993,26.014833333333332
Puerto Rico,1994,26.130083333333335
Puerto Rico,1995,26.256583333333335
Puerto Rico,1996,25.858500000000003
Puerto Rico,1997,26.316000000000003
Puerto Rico,1998,26.63308333333333
Puerto Rico,1999,26.05258333333333
Puerto Rico,2000,25.7865
Puerto Rico,2001,26.27025
Puerto Rico,2002,26.482
Puerto Rico,2003,26.510666666666665
Puerto Rico,2004,26.099500000000003
Puerto Rico,2005,26.429666666666666
Puerto Rico,2006,26.452250000000003
Puerto Rico,2007,26.617833333333333
Puerto Rico,2008,26.098333333333333
Puerto Rico,2009,26.337999999999997
Puerto Rico,2010,26.63825
Puerto Rico,2011,26.22083333333333
Puerto Rico,2012,26.469583333333333
Puerto Rico,2013,26.28322222222222
Qatar,1900,26.736833333333333
Qatar,1901,26.938083333333335
Qatar,1902,26.869249999999997
Qatar,1903,26.139833333333332
Qatar,1904,26.668916666666664
Qatar,1905,26.539083333333334
Qatar,1906,26.4735
Qatar,1907,26.262
Qatar,1908,26.590666666666667
Qatar,1909,26.932916666666667
Qatar,1910,26.141416666666668
Qatar,1911,25.7435
Qatar,1912,26.4545
Qatar,1913,26.486166666666666
Qatar,1914,26.673416666666668
Qatar,1915,26.978583333333333
Qatar,1916,26.237333333333336
Qatar,1917,26.433666666666667
Qatar,1918,26.197916666666668
Qatar,1919,26.675
Qatar,1920,26.577333333333332
Qatar,1921,26.446083333333334
Qatar,1922,26.934750000000005
Qatar,1923,26.52416666666667
Qatar,1924,27.229416666666665
Qatar,1925,26.466416666666664
Qatar,1926,26.771583333333336
Qatar,1927,26.613333333333333
Qatar,1928,26.65691666666667
Qatar,1929,26.782666666666668
Qatar,1930,26.700916666666668
Qatar,1931,26.735166666666668
Qatar,1932,26.41925
Qatar,1933,26.177583333333335
Qatar,1934,26.405416666666667
Qatar,1935,26.888166666666667
Qatar,1936,26.489166666666666
Qatar,1937,26.45266666666667
Qatar,1938,26.6795
Qatar,1939,26.529416666666666
Qatar,1940,26.928416666666667
Qatar,1941,26.9425
Qatar,1942,27.083833333333335
Qatar,1943,26.622333333333334
Qatar,1944,27.044666666666668
Qatar,1945,26.679833333333335
Qatar,1946,27.252083333333335
Qatar,1947,27.448333333333334
Qatar,1948,26.614083333333337
Qatar,1949,26.396
Qatar,1950,26.293000000000003
Qatar,1951,27.114
Qatar,1952,26.952250000000003
Qatar,1953,27.02925
Qatar,1954,27.22758333333333
Qatar,1955,26.889416666666666
Qatar,1956,26.610833333333332
Qatar,1957,26.527916666666666
Qatar,1958,27.122333333333334
Qatar,1959,26.274749999999997
Qatar,1960,27.045916666666667
Qatar,1961,26.697916666666668
Qatar,1962,27.160666666666668
Qatar,1963,26.897499999999997
Qatar,1964,26.25883333333333
Qatar,1965,27.068166666666666
Qatar,1966,27.210583333333332
Qatar,1967,26.559749999999998
Qatar,1968,26.698333333333334
Qatar,1969,27.49025
Qatar,1970,27.28725
Qatar,1971,26.642750000000003
Qatar,1972,26.35466666666667
Qatar,1973,26.933916666666665
Qatar,1974,26.8715
Qatar,1975,26.657
Qatar,1976,26.61916666666667
Qatar,1977,27.519833333333334
Qatar,1978,27.08866666666667
Qatar,1979,27.527833333333334
Qatar,1980,27.43658333333333
Qatar,1981,27.375
Qatar,1982,26.271
Qatar,1983,26.404
Qatar,1984,26.770583333333335
Qatar,1985,26.974083333333336
Qatar,1986,27.20416666666667
Qatar,1987,27.37975
Qatar,1988,27.37625
Qatar,1989,26.753249999999998
Qatar,1990,27.320333333333334
Qatar,1991,26.71975
Qatar,1992,26.14741666666667
Qatar,1993,27.04975
Qatar,1994,27.529583333333335
Qatar,1995,27.103083333333334
Qatar,1996,27.60808333333333
Qatar,1997,27.157916666666665
Qatar,1998,28.424833333333336
Qatar,1999,28.567000000000004
Qatar,2000,27.993
Qatar,2001,28.305666666666667
Qatar,2002,28.1855
Qatar,2003,28.325083333333335
Qatar,2004,28.140416666666667
Qatar,2005,28.01308333333333
Qatar,2006,28.071416666666664
Qatar,2007,28.170416666666668
Qatar,2008,27.865333333333336
Qatar,2009,28.122500000000002
Qatar,2010,28.889583333333334
Qatar,2011,28.1615
Qatar,2012,28.4845
Qatar,2013,28.573750000000004
Reunion,1900,23.26516666666667
Reunion,1901,23.34658333333334
Reunion,1902,23.147333333333336
Reunion,1903,22.868750000000002
Reunion,1904,22.671499999999998
Reunion,1905,23.054000000000002
Reunion,1906,23.095250000000004
Reunion,1907,22.766166666666667
Reunion,1908,22.92925
Reunion,1909,22.858416666666667
Reunion,1910,22.90341666666667
Reunion,1911,22.886166666666668
Reunion,1912,23.150666666666666
Reunion,1913,22.8905
Reunion,1914,23.299750000000003
Reunion,1915,23.373666666666665
Reunion,1916,23.069333333333333
Reunion,1917,22.660833333333333
Reunion,1918,22.711166666666667
Reunion,1919,23.31475
Reunion,1920,22.8005
Reunion,1921,22.879
Reunion,1922,22.77775
Reunion,1923,23.144583333333333
Reunion,1924,22.926333333333332
Reunion,1925,23.260083333333338
Reunion,1926,23.511416666666666
Reunion,1927,22.975416666666664
Reunion,1928,23.159750000000003
Reunion,1929,23.00475
Reunion,1930,23.045666666666666
Reunion,1931,23.441333333333333
Reunion,1932,23.058833333333336
Reunion,1933,23.1695
Reunion,1934,23.0275
Reunion,1935,23.229
Reunion,1936,23.344916666666666
Reunion,1937,23.389333333333337
Reunion,1938,23.209833333333336
Reunion,1939,23.41825
Reunion,1940,23.5055
Reunion,1941,23.62425
Reunion,1942,23.24508333333333
Reunion,1943,22.8625
Reunion,1944,23.439083333333333
Reunion,1945,23.36225
Reunion,1946,23.483666666666668
Reunion,1947,23.276083333333332
Reunion,1948,23.478416666666664
Reunion,1949,23.354333333333333
Reunion,1950,23.06941666666667
Reunion,1951,23.203666666666667
Reunion,1952,23.439333333333337
Reunion,1953,23.392916666666668
Reunion,1954,23.564666666666668
Reunion,1955,23.207666666666668
Reunion,1956,23.1905
Reunion,1957,23.274666666666665
Reunion,1958,23.366416666666666
Reunion,1959,23.127583333333334
Reunion,1960,23.20025
Reunion,1961,23.978916666666667
Reunion,1962,23.085166666666666
Reunion,1963,22.96475
Reunion,1964,22.918500000000005
Reunion,1965,22.927833333333336
Reunion,1966,23.41025
Reunion,1967,23.5575
Reunion,1968,23.0415
Reunion,1969,23.876333333333335
Reunion,1970,23.508750000000003
Reunion,1971,23.082166666666666
Reunion,1972,23.586166666666667
Reunion,1973,23.545916666666667
Reunion,1974,22.95266666666667
Reunion,1975,23.320999999999998
Reunion,1976,23.6035
Reunion,1977,23.91508333333333
Reunion,1978,23.759583333333335
Reunion,1979,23.693833333333334
Reunion,1980,23.678
Reunion,1981,23.548916666666667
Reunion,1982,23.472583333333333
Reunion,1983,23.58583333333333
Reunion,1984,23.320833333333336
Reunion,1985,23.466833333333337
Reunion,1986,23.4085
Reunion,1987,24.026750000000003
Reunion,1988,23.847333333333335
Reunion,1989,23.5765
Reunion,1990,23.54225
Reunion,1991,23.92233333333333
Reunion,1992,23.749
Reunion,1993,23.769166666666667
Reunion,1994,23.994916666666665
Reunion,1995,23.856583333333333
Reunion,1996,23.732833333333332
Reunion,1997,23.860916666666668
Reunion,1998,24.225916666666667
Reunion,1999,23.891333333333336
Reunion,2000,23.881416666666667
Reunion,2001,24.273416666666666
Reunion,2002,24.145333333333337
Reunion,2003,24.197000000000003
Reunion,2004,24.08541666666667
Reunion,2005,23.909833333333335
Reunion,2006,24.049083333333332
Reunion,2007,24.026666666666667
Reunion,2008,23.93075
Reunion,2009,24.269000000000002
Reunion,2010,24.37391666666667
Reunion,2011,24.3805
Reunion,2012,24.177999999999997
Reunion,2013,24.269125
Romania,1900,9.380666666666666
Romania,1901,8.659833333333333
Romania,1902,7.8700833333333335
Romania,1903,9.1155
Romania,1904,8.473166666666666
Romania,1905,8.644583333333332
Romania,1906,8.91625
Romania,1907,7.950166666666668
Romania,1908,8.202333333333334
Romania,1909,8.546999999999999
Romania,1910,9.344666666666667
Romania,1911,8.75625
Romania,1912,8.051083333333333
Romania,1913,8.481333333333334
Romania,1914,8.097916666666666
Romania,1915,8.856166666666667
Romania,1916,9.621166666666666
Romania,1917,8.699750000000002
Romania,1918,9.418916666666668
Romania,1919,8.512583333333334
Romania,1920,8.528583333333334
Romania,1921,8.797583333333334
Romania,1922,8.268083333333333
Romania,1923,9.74175
Romania,1924,8.3245
Romania,1925,9.236916666666668
Romania,1926,9.412083333333333
Romania,1927,9.37825
Romania,1928,8.473333333333334
Romania,1929,7.8245
Romania,1930,9.566166666666666
Romania,1931,8.404
Romania,1932,8.395999999999999
Romania,1933,7.248916666666666
Romania,1934,9.71325
Romania,1935,8.748666666666667
Romania,1936,9.777416666666666
Romania,1937,9.651833333333332
Romania,1938,9.24
Romania,1939,9.421666666666667
Romania,1940,7.0945
Romania,1941,7.794083333333333
Romania,1942,7.636666666666667
Romania,1943,8.9645
Romania,1944,8.770916666666666
Romania,1945,8.662333333333333
Romania,1946,9.520916666666666
Romania,1947,8.989749999999999
Romania,1948,8.957916666666666
Romania,1949,8.988166666666666
Romania,1950,9.759
Romania,1951,10.047666666666666
Romania,1952,9.5365
Romania,1953,8.81675
Romania,1954,8.199333333333334
Romania,1955,8.869083333333334
Romania,1956,7.739083333333333
Romania,1957,9.32325
Romania,1958,9.527583333333332
Romania,1959,8.757
Romania,1960,9.603250000000001
Romania,1961,9.58875
Romania,1962,9.015666666666666
Romania,1963,8.713166666666666
Romania,1964,8.539333333333333
Romania,1965,8.3635
Romania,1966,9.925083333333333
Romania,1967,9.286666666666667
Romania,1968,9.416583333333334
Romania,1969,8.43975
Romania,1970,9.108166666666667
Romania,1971,9.097416666666668
Romania,1972,9.288
Romania,1973,8.684166666666666
Romania,1974,9.130916666666666
Romania,1975,9.679083333333333
Romania,1976,8.195583333333333
Romania,1977,9.3245
Romania,1978,8.3605
Romania,1979,9.396666666666667
Romania,1980,8.076916666666667
Romania,1981,9.002
Romania,1982,9.054416666666667
Romania,1983,9.514416666666667
Romania,1984,9.080333333333334
Romania,1985,7.914416666666667
Romania,1986,8.936416666666666
Romania,1987,8.656
Romania,1988,9.078333333333333
Romania,1989,9.678749999999999
Romania,1990,10.226
Romania,1991,8.728166666666667
Romania,1992,9.562583333333334
Romania,1993,8.862916666666667
Romania,1994,10.609
Romania,1995,9.13875
Romania,1996,8.649416666666667
Romania,1997,8.523666666666667
Romania,1998,9.178416666666665
Romania,1999,10.091
Romania,2000,10.47225
Romania,2001,9.638583333333335
Romania,2002,10.392666666666667
Romania,2003,9.340166666666667
Romania,2004,9.558166666666667
Romania,2005,9.123166666666666
Romania,2006,9.469
Romania,2007,10.868333333333334
Romania,2008,10.461
Romania,2009,10.470666666666666
Romania,2010,9.851666666666667
Romania,2011,9.569
Romania,2012,10.301083333333333
Romania,2013,11.6455
Russia,1900,-5.8743333333333325
Russia,1901,-5.460083333333333
Russia,1902,-7.002750000000002
Russia,1903,-5.352583333333333
Russia,1904,-5.418499999999999
Russia,1905,-5.687083333333334
Russia,1906,-5.10175
Russia,1907,-6.041416666666667
Russia,1908,-6.122583333333334
Russia,1909,-5.865083333333334
Russia,1910,-5.776583333333334
Russia,1911,-5.830333333333333
Russia,1912,-6.864416666666667
Russia,1913,-5.726416666666668
Russia,1914,-5.374166666666667
Russia,1915,-6.363
Russia,1916,-6.19
Russia,1917,-5.528416666666668
Russia,1918,-5.747916666666666
Russia,1919,-6.186
Russia,1920,-5.155
Russia,1921,-4.90425
Russia,1922,-5.697833333333333
Russia,1923,-5.521166666666667
Russia,1924,-5.2754166666666675
Russia,1925,-5.128916666666666
Russia,1926,-5.3745
Russia,1927,-5.6569166666666675
Russia,1928,-5.7722500000000005
Russia,1929,-6.400083333333334
Russia,1930,-5.53075
Russia,1931,-5.76275
Russia,1932,-4.758249999999999
Russia,1933,-6.2521666666666675
Russia,1934,-4.643000000000001
Russia,1935,-5.214333333333333
Russia,1936,-5.030083333333334
Russia,1937,-5.1489166666666675
Russia,1938,-4.552666666666666
Russia,1939,-4.716833333333333
Russia,1940,-5.628416666666666
Russia,1941,-6.476666666666667
Russia,1942,-5.604666666666667
Russia,1943,-4.1145000000000005
Russia,1944,-4.434
Russia,1945,-5.394416666666667
Russia,1946,-5.855
Russia,1947,-5.368083333333335
Russia,1948,-4.337583333333334
Russia,1949,-4.9277500000000005
Russia,1950,-5.6089166666666666
Russia,1951,-5.055916666666667
Russia,1952,-6.175250000000001
Russia,1953,-4.779416666666667
Russia,1954,-5.317333333333334
Russia,1955,-5.626666666666668
Russia,1956,-5.81375
Russia,1957,-5.358250000000001
Russia,1958,-6.154083333333333
Russia,1959,-4.838916666666667
Russia,1960,-5.936
Russia,1961,-4.960333333333334
Russia,1962,-4.416250000000001
Russia,1963,-5.008166666666667
Russia,1964,-5.785833333333334
Russia,1965,-5.907416666666666
Russia,1966,-6.309583333333333
Russia,1967,-4.36325
Russia,1968,-5.5895833333333345
Russia,1969,-6.7660833333333334
Russia,1970,-5.522583333333333
Russia,1971,-4.971166666666668
Russia,1972,-5.702000000000001
Russia,1973,-4.833583333333333
Russia,1974,-5.67175
Russia,1975,-4.141083333333334
Russia,1976,-5.927
Russia,1977,-5.513000000000001
Russia,1978,-5.255916666666668
Russia,1979,-5.904333333333334
Russia,1980,-5.420750000000001
Russia,1981,-4.166166666666667
Russia,1982,-5.097583333333334
Russia,1983,-3.9518333333333344
Russia,1984,-5.29425
Russia,1985,-5.521166666666666
Russia,1986,-4.892250000000001
Russia,1987,-6.274000000000001
Russia,1988,-4.330416666666667
Russia,1989,-4.07325
Russia,1990,-4.022916666666666
Russia,1991,-4.236999999999999
Russia,1992,-4.90325
Russia,1993,-4.62175
Russia,1994,-4.898416666666667
Russia,1995,-3.1301666666666663
Russia,1996,-4.810333333333333
Russia,1997,-4.2965
Russia,1998,-5.281083333333334
Russia,1999,-4.829750000000001
Russia,2000,-4.5456666666666665
Russia,2001,-4.490666666666667
Russia,2002,-4.122916666666666
Russia,2003,-3.8328333333333333
Russia,2004,-4.4935833333333335
Russia,2005,-3.4980833333333337
Russia,2006,-4.763
Russia,2007,-2.975083333333334
Russia,2008,-3.3054166666666664
Russia,2009,-4.6085
Russia,2010,-4.520583333333334
Russia,2011,-3.401583333333333
Russia,2012,-3.90175
Russia,2013,-2.2631250000000005
Rwanda,1900,19.235583333333334
Rwanda,1901,19.87675
Rwanda,1902,19.36375
Rwanda,1903,19.39625
Rwanda,1904,18.318833333333334
Rwanda,1905,19.0045
Rwanda,1906,18.878666666666668
Rwanda,1907,18.859666666666666
Rwanda,1908,18.621583333333334
Rwanda,1909,18.361333333333334
Rwanda,1910,18.662666666666667
Rwanda,1911,19.402666666666665
Rwanda,1912,19.7055
Rwanda,1913,19.299166666666668
Rwanda,1914,19.072166666666664
Rwanda,1915,19.1555
Rwanda,1916,18.843166666666665
Rwanda,1917,18.642333333333333
Rwanda,1918,18.852666666666668
Rwanda,1919,19.043083333333335
Rwanda,1920,18.9315
Rwanda,1921,19.29475
Rwanda,1922,18.686083333333332
Rwanda,1923,18.71741666666667
Rwanda,1924,19.255083333333335
Rwanda,1925,19.02916666666667
Rwanda,1926,19.069583333333334
Rwanda,1927,19.425
Rwanda,1928,19.414083333333334
Rwanda,1929,19.164833333333334
Rwanda,1930,19.114
Rwanda,1931,19.511166666666668
Rwanda,1932,19.18675
Rwanda,1933,19.13233333333333
Rwanda,1934,19.22875
Rwanda,1935,19.375583333333335
Rwanda,1936,19.315333333333335
Rwanda,1937,19.111833333333333
Rwanda,1938,19.22308333333333
Rwanda,1939,19.191666666666666
Rwanda,1940,19.414
Rwanda,1941,19.824083333333334
Rwanda,1942,19.288666666666668
Rwanda,1943,19.321833333333334
Rwanda,1944,19.3675
Rwanda,1945,19.2085
Rwanda,1946,19.356416666666668
Rwanda,1947,19.15041666666667
Rwanda,1948,19.25375
Rwanda,1949,19.64825
Rwanda,1950,19.259833333333333
Rwanda,1951,19.062416666666667
Rwanda,1952,19.4425
Rwanda,1953,19.304333333333332
Rwanda,1954,19.211833333333335
Rwanda,1955,19.10375
Rwanda,1956,18.878
Rwanda,1957,19.301
Rwanda,1958,19.53175
Rwanda,1959,19.33641666666667
Rwanda,1960,19.243333333333336
Rwanda,1961,19.23
Rwanda,1962,19.015249999999998
Rwanda,1963,18.96466666666667
Rwanda,1964,19.142166666666665
Rwanda,1965,19.263583333333333
Rwanda,1966,19.268166666666666
Rwanda,1967,19.10325
Rwanda,1968,19.0575
Rwanda,1969,19.46575
Rwanda,1970,19.224666666666668
Rwanda,1971,18.911333333333335
Rwanda,1972,19.45175
Rwanda,1973,19.539833333333334
Rwanda,1974,19.142916666666668
Rwanda,1975,19.148666666666667
Rwanda,1976,19.2815
Rwanda,1977,19.59325
Rwanda,1978,19.5185
Rwanda,1979,19.565250000000002
Rwanda,1980,19.771083333333337
Rwanda,1981,19.582333333333334
Rwanda,1982,19.547083333333333
Rwanda,1983,19.968833333333333
Rwanda,1984,19.498166666666666
Rwanda,1985,19.461833333333335
Rwanda,1986,19.632749999999998
Rwanda,1987,20.16625
Rwanda,1988,19.78475
Rwanda,1989,19.187416666666667
Rwanda,1990,19.545833333333334
Rwanda,1991,19.380750000000003
Rwanda,1992,19.692
Rwanda,1993,19.693500000000004
Rwanda,1994,19.712416666666666
Rwanda,1995,19.9635
Rwanda,1996,19.477416666666667
Rwanda,1997,19.95575
Rwanda,1998,19.951833333333337
Rwanda,1999,19.50883333333333
Rwanda,2000,19.753083333333333
Rwanda,2001,19.66125
Rwanda,2002,19.94725
Rwanda,2003,20.094333333333335
Rwanda,2004,20.08491666666667
Rwanda,2005,20.432583333333334
Rwanda,2006,20.162833333333335
Rwanda,2007,19.76325
Rwanda,2008,19.730500000000003
Rwanda,2009,20.022666666666666
Rwanda,2010,20.267083333333336
Rwanda,2011,19.77375
Rwanda,2012,19.959416666666666
Rwanda,2013,20.103875
Saint Barthélemy,1900,26.406750000000002
Saint Barthélemy,1901,26.662833333333335
Saint Barthélemy,1902,26.50066666666667
Saint Barthélemy,1903,26.506416666666667
Saint Barthélemy,1904,26.140249999999998
Saint Barthélemy,1905,26.542833333333334
Saint Barthélemy,1906,26.376833333333334
Saint Barthélemy,1907,26.126
Saint Barthélemy,1908,26.293583333333334
Saint Barthélemy,1909,26.128333333333334
Saint Barthélemy,1910,26.077083333333334
Saint Barthélemy,1911,26.305333333333333
Saint Barthélemy,1912,26.468
Saint Barthélemy,1913,25.926666666666666
Saint Barthélemy,1914,26.379666666666665
Saint Barthélemy,1915,26.622333333333334
Saint Barthélemy,1916,26.19458333333333
Saint Barthélemy,1917,26.043666666666667
Saint Barthélemy,1918,26.308166666666665
Saint Barthélemy,1919,26.57025
Saint Barthélemy,1920,26.415000000000003
Saint Barthélemy,1921,26.43241666666667
Saint Barthélemy,1922,26.287916666666664
Saint Barthélemy,1923,26.345833333333335
Saint Barthélemy,1924,26.494
Saint Barthélemy,1925,26.318250000000003
Saint Barthélemy,1926,26.770583333333335
Saint Barthélemy,1927,26.53475
Saint Barthélemy,1928,26.69775
Saint Barthélemy,1929,26.386583333333334
Saint Barthélemy,1930,26.738416666666666
Saint Barthélemy,1931,26.970833333333335
Saint Barthélemy,1932,26.738583333333334
Saint Barthélemy,1933,26.436166666666665
Saint Barthélemy,1934,26.394500000000004
Saint Barthélemy,1935,26.489083333333337
Saint Barthélemy,1936,26.59266666666667
Saint Barthélemy,1937,26.761083333333335
Saint Barthélemy,1938,26.368583333333333
Saint Barthélemy,1939,26.620666666666665
Saint Barthélemy,1940,26.828666666666667
Saint Barthélemy,1941,27.09
Saint Barthélemy,1942,26.999666666666666
Saint Barthélemy,1943,26.541833333333333
Saint Barthélemy,1944,26.58175
Saint Barthélemy,1945,26.40008333333333
Saint Barthélemy,1946,26.653166666666667
Saint Barthélemy,1947,26.911
Saint Barthélemy,1948,26.847333333333335
Saint Barthélemy,1949,26.413083333333333
Saint Barthélemy,1950,26.266416666666668
Saint Barthélemy,1951,26.69525
Saint Barthélemy,1952,26.86691666666667
Saint Barthélemy,1953,27.03725
Saint Barthélemy,1954,26.660666666666668
Saint Barthélemy,1955,26.724999999999998
Saint Barthélemy,1956,26.626833333333334
Saint Barthélemy,1957,26.88716666666667
Saint Barthélemy,1958,27.254500000000004
Saint Barthélemy,1959,27.09025
Saint Barthélemy,1960,27.14016666666667
Saint Barthélemy,1961,26.935833333333335
Saint Barthélemy,1962,26.84691666666667
Saint Barthélemy,1963,27.049333333333333
Saint Barthélemy,1964,26.882416666666668
Saint Barthélemy,1965,26.557000000000002
Saint Barthélemy,1966,26.691666666666666
Saint Barthélemy,1967,26.483999999999998
Saint Barthélemy,1968,26.608583333333332
Saint Barthélemy,1969,27.04925
Saint Barthélemy,1970,26.91616666666667
Saint Barthélemy,1971,26.553416666666667
Saint Barthélemy,1972,26.670749999999998
Saint Barthélemy,1973,27.012333333333334
Saint Barthélemy,1974,26.491833333333332
Saint Barthélemy,1975,26.48975
Saint Barthélemy,1976,26.4545
Saint Barthélemy,1977,27.048333333333332
Saint Barthélemy,1978,27.040583333333334
Saint Barthélemy,1979,26.80633333333334
Saint Barthélemy,1980,27.252083333333335
Saint Barthélemy,1981,27.18325
Saint Barthélemy,1982,26.831166666666665
Saint Barthélemy,1983,27.263666666666666
Saint Barthélemy,1984,26.859333333333336
Saint Barthélemy,1985,26.842
Saint Barthélemy,1986,26.884416666666667
Saint Barthélemy,1987,27.379583333333333
Saint Barthélemy,1988,27.13791666666667
Saint Barthélemy,1989,26.84658333333333
Saint Barthélemy,1990,27.09875
Saint Barthélemy,1991,27.097333333333335
Saint Barthélemy,1992,27.05033333333333
Saint Barthélemy,1993,27.163416666666667
Saint Barthélemy,1994,27.16925
Saint Barthélemy,1995,27.55033333333333
Saint Barthélemy,1996,27.056833333333334
Saint Barthélemy,1997,27.393583333333336
Saint Barthélemy,1998,27.74083333333333
Saint Barthélemy,1999,27.344583333333333
Saint Barthélemy,2000,27.05275
Saint Barthélemy,2001,27.4085
Saint Barthélemy,2002,27.53825
Saint Barthélemy,2003,27.67741666666667
Saint Barthélemy,2004,27.334000000000003
Saint Barthélemy,2005,27.732333333333333
Saint Barthélemy,2006,27.63625
Saint Barthélemy,2007,27.685083333333335
Saint Barthélemy,2008,27.140416666666667
Saint Barthélemy,2009,27.46858333333333
Saint Barthélemy,2010,27.855999999999998
Saint Barthélemy,2011,27.528333333333336
Saint Barthélemy,2012,27.63925
Saint Barthélemy,2013,27.363
Saint Kitts And Nevis,1900,25.65225
Saint Kitts And Nevis,1901,25.863500000000002
Saint Kitts And Nevis,1902,25.789416666666668
Saint Kitts And Nevis,1903,25.764583333333334
Saint Kitts And Nevis,1904,25.355333333333334
Saint Kitts And Nevis,1905,25.744
Saint Kitts And Nevis,1906,25.61283333333333
Saint Kitts And Nevis,1907,25.383166666666668
Saint Kitts And Nevis,1908,25.51025
Saint Kitts And Nevis,1909,25.387583333333335
Saint Kitts And Nevis,1910,25.334500000000002
Saint Kitts And Nevis,1911,25.560916666666667
Saint Kitts And Nevis,1912,25.681916666666666
Saint Kitts And Nevis,1913,25.1545
Saint Kitts And Nevis,1914,25.638166666666667
Saint Kitts And Nevis,1915,25.949083333333334
Saint Kitts And Nevis,1916,25.48975
Saint Kitts And Nevis,1917,25.245833333333334
Saint Kitts And Nevis,1918,25.517916666666668
Saint Kitts And Nevis,1919,25.819
Saint Kitts And Nevis,1920,25.6375
Saint Kitts And Nevis,1921,25.644750000000002
Saint Kitts And Nevis,1922,25.528750000000002
Saint Kitts And Nevis,1923,25.552916666666665
Saint Kitts And Nevis,1924,25.761083333333332
Saint Kitts And Nevis,1925,25.542333333333332
Saint Kitts And Nevis,1926,26.046499999999998
Saint Kitts And Nevis,1927,25.829083333333333
Saint Kitts And Nevis,1928,25.9235
Saint Kitts And Nevis,1929,25.60966666666667
Saint Kitts And Nevis,1930,25.944916666666668
Saint Kitts And Nevis,1931,26.23175
Saint Kitts And Nevis,1932,25.95958333333333
Saint Kitts And Nevis,1933,25.61566666666667
Saint Kitts And Nevis,1934,25.607250000000004
Saint Kitts And Nevis,1935,25.675583333333332
Saint Kitts And Nevis,1936,25.77133333333333
Saint Kitts And Nevis,1937,25.9935
Saint Kitts And Nevis,1938,25.536166666666663
Saint Kitts And Nevis,1939,25.816000000000003
Saint Kitts And Nevis,1940,26.150333333333332
Saint Kitts And Nevis,1941,26.374416666666665
Saint Kitts And Nevis,1942,26.285666666666668
Saint Kitts And Nevis,1943,25.75808333333333
Saint Kitts And Nevis,1944,25.836833333333335
Saint Kitts And Nevis,1945,25.581916666666668
Saint Kitts And Nevis,1946,25.820166666666665
Saint Kitts And Nevis,1947,26.139499999999998
Saint Kitts And Nevis,1948,26.040333333333333
Saint Kitts And Nevis,1949,25.640416666666667
Saint Kitts And Nevis,1950,25.4755
Saint Kitts And Nevis,1951,25.951333333333334
Saint Kitts And Nevis,1952,26.150166666666667
Saint Kitts And Nevis,1953,26.25991666666667
Saint Kitts And Nevis,1954,25.854416666666665
Saint Kitts And Nevis,1955,25.987333333333336
Saint Kitts And Nevis,1956,25.825583333333338
Saint Kitts And Nevis,1957,26.11175
Saint Kitts And Nevis,1958,26.53333333333333
Saint Kitts And Nevis,1959,26.324916666666667
Saint Kitts And Nevis,1960,26.412916666666664
Saint Kitts And Nevis,1961,26.149333333333335
Saint Kitts And Nevis,1962,26.146333333333335
Saint Kitts And Nevis,1963,26.32325
Saint Kitts And Nevis,1964,26.160333333333337
Saint Kitts And Nevis,1965,25.841166666666666
Saint Kitts And Nevis,1966,26.00991666666667
Saint Kitts And Nevis,1967,25.765
Saint Kitts And Nevis,1968,25.84391666666667
Saint Kitts And Nevis,1969,26.312083333333334
Saint Kitts And Nevis,1970,26.157416666666666
Saint Kitts And Nevis,1971,25.8025
Saint Kitts And Nevis,1972,25.970916666666668
Saint Kitts And Nevis,1973,26.269499999999997
Saint Kitts And Nevis,1974,25.728666666666665
Saint Kitts And Nevis,1975,25.77
Saint Kitts And Nevis,1976,25.65816666666667
Saint Kitts And Nevis,1977,26.256583333333335
Saint Kitts And Nevis,1978,26.270750000000003
Saint Kitts And Nevis,1979,26.076083333333333
Saint Kitts And Nevis,1980,26.551583333333337
Saint Kitts And Nevis,1981,26.485249999999997
Saint Kitts And Nevis,1982,26.0735
Saint Kitts And Nevis,1983,26.48966666666667
Saint Kitts And Nevis,1984,26.044583333333335
Saint Kitts And Nevis,1985,26.039
Saint Kitts And Nevis,1986,26.120833333333334
Saint Kitts And Nevis,1987,26.669
Saint Kitts And Nevis,1988,26.352999999999998
Saint Kitts And Nevis,1989,26.088916666666666
Saint Kitts And Nevis,1990,26.348916666666668
Saint Kitts And Nevis,1991,26.293916666666664
Saint Kitts And Nevis,1992,26.315583333333333
Saint Kitts And Nevis,1993,26.397833333333335
Saint Kitts And Nevis,1994,26.40341666666667
Saint Kitts And Nevis,1995,26.793333333333333
Saint Kitts And Nevis,1996,26.325333333333333
Saint Kitts And Nevis,1997,26.675083333333333
Saint Kitts And Nevis,1998,26.996333333333336
Saint Kitts And Nevis,1999,26.521333333333335
Saint Kitts And Nevis,2000,26.2735
Saint Kitts And Nevis,2001,26.66525
Saint Kitts And Nevis,2002,26.779916666666665
Saint Kitts And Nevis,2003,26.91508333333333
Saint Kitts And Nevis,2004,26.52733333333333
Saint Kitts And Nevis,2005,26.99491666666667
Saint Kitts And Nevis,2006,26.874416666666665
Saint Kitts And Nevis,2007,26.96466666666667
Saint Kitts And Nevis,2008,26.39225
Saint Kitts And Nevis,2009,26.716583333333332
Saint Kitts And Nevis,2010,27.164083333333334
Saint Kitts And Nevis,2011,26.67125
Saint Kitts And Nevis,2012,26.855166666666666
Saint Kitts And Nevis,2013,26.66575
Saint Lucia,1900,26.4755
Saint Lucia,1901,26.609333333333336
Saint Lucia,1902,26.57875
Saint Lucia,1903,26.544083333333333
Saint Lucia,1904,26.09275
Saint Lucia,1905,26.391166666666667
Saint Lucia,1906,26.365083333333335
Saint Lucia,1907,26.264916666666668
Saint Lucia,1908,26.259500000000003
Saint Lucia,1909,26.160083333333336
Saint Lucia,1910,26.090083333333336
Saint Lucia,1911,26.335250000000002
Saint Lucia,1912,26.361500000000003
Saint Lucia,1913,26.007
Saint Lucia,1914,26.492
Saint Lucia,1915,26.743583333333333
Saint Lucia,1916,26.30666666666667
Saint Lucia,1917,25.99983333333333
Saint Lucia,1918,26.189666666666668
Saint Lucia,1919,26.61566666666667
Saint Lucia,1920,26.234916666666667
Saint Lucia,1921,26.269583333333333
Saint Lucia,1922,26.247333333333334
Saint Lucia,1923,26.2885
Saint Lucia,1924,26.644333333333336
Saint Lucia,1925,26.296083333333332
Saint Lucia,1926,26.852833333333336
Saint Lucia,1927,26.736333333333334
Saint Lucia,1928,26.686916666666672
Saint Lucia,1929,26.519166666666667
Saint Lucia,1930,26.68516666666667
Saint Lucia,1931,27.049166666666668
Saint Lucia,1932,26.8385
Saint Lucia,1933,26.487166666666667
Saint Lucia,1934,26.501333333333335
Saint Lucia,1935,26.272000000000002
Saint Lucia,1936,26.482
Saint Lucia,1937,26.741500000000002
Saint Lucia,1938,26.43416666666667
Saint Lucia,1939,26.58441666666667
Saint Lucia,1940,27.0895
Saint Lucia,1941,27.25391666666667
Saint Lucia,1942,27.096
Saint Lucia,1943,26.631083333333336
Saint Lucia,1944,26.745
Saint Lucia,1945,26.478333333333335
Saint Lucia,1946,26.580583333333333
Saint Lucia,1947,26.806833333333334
Saint Lucia,1948,26.703416666666666
Saint Lucia,1949,26.516666666666666
Saint Lucia,1950,26.327333333333332
Saint Lucia,1951,26.756583333333335
Saint Lucia,1952,27.11916666666667
Saint Lucia,1953,27.021
Saint Lucia,1954,26.6905
Saint Lucia,1955,26.790916666666664
Saint Lucia,1956,26.666
Saint Lucia,1957,26.738583333333334
Saint Lucia,1958,27.286666666666665
Saint Lucia,1959,27.011750000000003
Saint Lucia,1960,27.153833333333335
Saint Lucia,1961,26.9735
Saint Lucia,1962,27.02733333333333
Saint Lucia,1963,27.149583333333336
Saint Lucia,1964,26.871083333333335
Saint Lucia,1965,26.81266666666667
Saint Lucia,1966,26.92533333333333
Saint Lucia,1967,26.66425
Saint Lucia,1968,26.68675
Saint Lucia,1969,27.28025
Saint Lucia,1970,26.974333333333334
Saint Lucia,1971,26.61066666666667
Saint Lucia,1972,26.892750000000003
Saint Lucia,1973,26.995583333333332
Saint Lucia,1974,26.634
Saint Lucia,1975,26.5915
Saint Lucia,1976,26.48766666666667
Saint Lucia,1977,26.96741666666667
Saint Lucia,1978,27.07816666666667
Saint Lucia,1979,27.046166666666668
Saint Lucia,1980,27.32133333333333
Saint Lucia,1981,27.302583333333335
Saint Lucia,1982,26.971500000000002
Saint Lucia,1983,27.187166666666666
Saint Lucia,1984,26.832583333333332
Saint Lucia,1985,26.724333333333334
Saint Lucia,1986,26.841083333333334
Saint Lucia,1987,27.546166666666668
Saint Lucia,1988,27.183083333333332
Saint Lucia,1989,26.916
Saint Lucia,1990,27.142750000000003
Saint Lucia,1991,27.087166666666665
Saint Lucia,1992,27.102999999999998
Saint Lucia,1993,27.24741666666667
Saint Lucia,1994,27.140249999999998
Saint Lucia,1995,27.49275
Saint Lucia,1996,27.175083333333333
Saint Lucia,1997,27.442083333333333
Saint Lucia,1998,27.812
Saint Lucia,1999,27.32858333333333
Saint Lucia,2000,27.07841666666667
Saint Lucia,2001,27.42125
Saint Lucia,2002,27.462833333333336
Saint Lucia,2003,27.60766666666667
Saint Lucia,2004,27.377916666666668
Saint Lucia,2005,27.858666666666668
Saint Lucia,2006,27.692166666666665
Saint Lucia,2007,27.583250000000003
Saint Lucia,2008,27.20866666666667
Saint Lucia,2009,27.495
Saint Lucia,2010,28.005916666666668
Saint Lucia,2011,27.540166666666668
Saint Lucia,2012,27.578916666666668
Saint Lucia,2013,27.4655
Saint Martin,1900,26.406750000000002
Saint Martin,1901,26.662833333333335
Saint Martin,1902,26.50066666666667
Saint Martin,1903,26.506416666666667
Saint Martin,1904,26.140249999999998
Saint Martin,1905,26.542833333333334
Saint Martin,1906,26.376833333333334
Saint Martin,1907,26.126
Saint Martin,1908,26.293583333333334
Saint Martin,1909,26.128333333333334
Saint Martin,1910,26.077083333333334
Saint Martin,1911,26.305333333333333
Saint Martin,1912,26.468
Saint Martin,1913,25.926666666666666
Saint Martin,1914,26.379666666666665
Saint Martin,1915,26.622333333333334
Saint Martin,1916,26.19458333333333
Saint Martin,1917,26.043666666666667
Saint Martin,1918,26.308166666666665
Saint Martin,1919,26.57025
Saint Martin,1920,26.415000000000003
Saint Martin,1921,26.43241666666667
Saint Martin,1922,26.287916666666664
Saint Martin,1923,26.345833333333335
Saint Martin,1924,26.494
Saint Martin,1925,26.318250000000003
Saint Martin,1926,26.770583333333335
Saint Martin,1927,26.53475
Saint Martin,1928,26.69775
Saint Martin,1929,26.386583333333334
Saint Martin,1930,26.738416666666666
Saint Martin,1931,26.970833333333335
Saint Martin,1932,26.738583333333334
Saint Martin,1933,26.436166666666665
Saint Martin,1934,26.394500000000004
Saint Martin,1935,26.489083333333337
Saint Martin,1936,26.59266666666667
Saint Martin,1937,26.761083333333335
Saint Martin,1938,26.368583333333333
Saint Martin,1939,26.620666666666665
Saint Martin,1940,26.828666666666667
Saint Martin,1941,27.09
Saint Martin,1942,26.999666666666666
Saint Martin,1943,26.541833333333333
Saint Martin,1944,26.58175
Saint Martin,1945,26.40008333333333
Saint Martin,1946,26.653166666666667
Saint Martin,1947,26.911
Saint Martin,1948,26.847333333333335
Saint Martin,1949,26.413083333333333
Saint Martin,1950,26.266416666666668
Saint Martin,1951,26.69525
Saint Martin,1952,26.86691666666667
Saint Martin,1953,27.03725
Saint Martin,1954,26.660666666666668
Saint Martin,1955,26.724999999999998
Saint Martin,1956,26.626833333333334
Saint Martin,1957,26.88716666666667
Saint Martin,1958,27.254500000000004
Saint Martin,1959,27.09025
Saint Martin,1960,27.14016666666667
Saint Martin,1961,26.935833333333335
Saint Martin,1962,26.84691666666667
Saint Martin,1963,27.049333333333333
Saint Martin,1964,26.882416666666668
Saint Martin,1965,26.557000000000002
Saint Martin,1966,26.691666666666666
Saint Martin,1967,26.483999999999998
Saint Martin,1968,26.608583333333332
Saint Martin,1969,27.04925
Saint Martin,1970,26.91616666666667
Saint Martin,1971,26.553416666666667
Saint Martin,1972,26.670749999999998
Saint Martin,1973,27.012333333333334
Saint Martin,1974,26.491833333333332
Saint Martin,1975,26.48975
Saint Martin,1976,26.4545
Saint Martin,1977,27.048333333333332
Saint Martin,1978,27.040583333333334
Saint Martin,1979,26.80633333333334
Saint Martin,1980,27.252083333333335
Saint Martin,1981,27.18325
Saint Martin,1982,26.831166666666665
Saint Martin,1983,27.263666666666666
Saint Martin,1984,26.859333333333336
Saint Martin,1985,26.842
Saint Martin,1986,26.884416666666667
Saint Martin,1987,27.379583333333333
Saint Martin,1988,27.13791666666667
Saint Martin,1989,26.84658333333333
Saint Martin,1990,27.09875
Saint Martin,1991,27.097333333333335
Saint Martin,1992,27.05033333333333
Saint Martin,1993,27.163416666666667
Saint Martin,1994,27.16925
Saint Martin,1995,27.55033333333333
Saint Martin,1996,27.056833333333334
Saint Martin,1997,27.393583333333336
Saint Martin,1998,27.74083333333333
Saint Martin,1999,27.344583333333333
Saint Martin,2000,27.05275
Saint Martin,2001,27.4085
Saint Martin,2002,27.53825
Saint Martin,2003,27.67741666666667
Saint Martin,2004,27.334000000000003
Saint Martin,2005,27.732333333333333
Saint Martin,2006,27.63625
Saint Martin,2007,27.685083333333335
Saint Martin,2008,27.140416666666667
Saint Martin,2009,27.46858333333333
Saint Martin,2010,27.855999999999998
Saint Martin,2011,27.528333333333336
Saint Martin,2012,27.63925
Saint Martin,2013,27.363
Saint Pierre And Miquelon,1900,4.4255
Saint Pierre And Miquelon,1901,5.3580000000000005
Saint Pierre And Miquelon,1902,4.970916666666667
Saint Pierre And Miquelon,1903,3.6582500000000002
Saint Pierre And Miquelon,1904,3.45825
Saint Pierre And Miquelon,1905,3.4761666666666664
Saint Pierre And Miquelon,1906,4.5200000000000005
Saint Pierre And Miquelon,1907,3.4296666666666664
Saint Pierre And Miquelon,1908,4.644333333333333
Saint Pierre And Miquelon,1909,5.0921666666666665
Saint Pierre And Miquelon,1910,5.311916666666667
Saint Pierre And Miquelon,1911,3.6934166666666663
Saint Pierre And Miquelon,1912,3.6484166666666664
Saint Pierre And Miquelon,1913,4.27275
Saint Pierre And Miquelon,1914,3.404333333333333
Saint Pierre And Miquelon,1915,4.755416666666667
Saint Pierre And Miquelon,1916,4.4645
Saint Pierre And Miquelon,1917,4.808666666666666
Saint Pierre And Miquelon,1918,3.7889166666666667
Saint Pierre And Miquelon,1919,4.239166666666667
Saint Pierre And Miquelon,1920,4.220583333333333
Saint Pierre And Miquelon,1921,3.7680000000000002
Saint Pierre And Miquelon,1922,3.520666666666667
Saint Pierre And Miquelon,1923,3.418416666666667
Saint Pierre And Miquelon,1924,4.698583333333333
Saint Pierre And Miquelon,1925,4.1730833333333335
Saint Pierre And Miquelon,1926,3.672916666666667
Saint Pierre And Miquelon,1927,4.456416666666667
Saint Pierre And Miquelon,1928,4.231083333333333
Saint Pierre And Miquelon,1929,3.969
Saint Pierre And Miquelon,1930,4.80825
Saint Pierre And Miquelon,1931,5.433083333333333
Saint Pierre And Miquelon,1932,4.7545
Saint Pierre And Miquelon,1933,4.30675
Saint Pierre And Miquelon,1934,4.032583333333333
Saint Pierre And Miquelon,1935,4.091500000000001
Saint Pierre And Miquelon,1936,5.087666666666667
Saint Pierre And Miquelon,1937,5.4111666666666665
Saint Pierre And Miquelon,1938,4.598333333333334
Saint Pierre And Miquelon,1939,3.647083333333333
Saint Pierre And Miquelon,1940,4.736833333333333
Saint Pierre And Miquelon,1941,3.822416666666667
Saint Pierre And Miquelon,1942,5.230166666666666
Saint Pierre And Miquelon,1943,4.19575
Saint Pierre And Miquelon,1944,4.701583333333334
Saint Pierre And Miquelon,1945,4.733
Saint Pierre And Miquelon,1946,4.788583333333333
Saint Pierre And Miquelon,1947,4.489583333333333
Saint Pierre And Miquelon,1948,3.848916666666667
Saint Pierre And Miquelon,1949,4.830416666666667
Saint Pierre And Miquelon,1950,4.293333333333334
Saint Pierre And Miquelon,1951,6.2299999999999995
Saint Pierre And Miquelon,1952,5.8477500000000004
Saint Pierre And Miquelon,1953,5.611083333333333
Saint Pierre And Miquelon,1954,5.175
Saint Pierre And Miquelon,1955,4.802666666666666
Saint Pierre And Miquelon,1956,4.817833333333334
Saint Pierre And Miquelon,1957,4.295083333333333
Saint Pierre And Miquelon,1958,5.5263333333333335
Saint Pierre And Miquelon,1959,4.108666666666667
Saint Pierre And Miquelon,1960,5.457000000000001
Saint Pierre And Miquelon,1961,4.846666666666667
Saint Pierre And Miquelon,1962,4.5635
Saint Pierre And Miquelon,1963,4.6165
Saint Pierre And Miquelon,1964,4.203333333333334
Saint Pierre And Miquelon,1965,4.329750000000001
Saint Pierre And Miquelon,1966,5.380416666666666
Saint Pierre And Miquelon,1967,5.097416666666667
Saint Pierre And Miquelon,1968,4.714333333333333
Saint Pierre And Miquelon,1969,5.719
Saint Pierre And Miquelon,1970,5.217333333333333
Saint Pierre And Miquelon,1971,5.1280833333333335
Saint Pierre And Miquelon,1972,3.31575
Saint Pierre And Miquelon,1973,4.647333333333333
Saint Pierre And Miquelon,1974,3.7007499999999998
Saint Pierre And Miquelon,1975,3.910416666666667
Saint Pierre And Miquelon,1976,4.740583333333333
Saint Pierre And Miquelon,1977,4.88325
Saint Pierre And Miquelon,1978,4.33575
Saint Pierre And Miquelon,1979,5.488416666666667
Saint Pierre And Miquelon,1980,4.36475
Saint Pierre And Miquelon,1981,6.035333333333334
Saint Pierre And Miquelon,1982,4.084333333333333
Saint Pierre And Miquelon,1983,5.609249999999999
Saint Pierre And Miquelon,1984,5.0680000000000005
Saint Pierre And Miquelon,1985,3.7868333333333335
Saint Pierre And Miquelon,1986,4.122
Saint Pierre And Miquelon,1987,4.8334166666666665
Saint Pierre And Miquelon,1988,5.028583333333333
Saint Pierre And Miquelon,1989,4.412833333333333
Saint Pierre And Miquelon,1990,4.4013333333333335
Saint Pierre And Miquelon,1991,3.9143333333333334
Saint Pierre And Miquelon,1992,3.673083333333333
Saint Pierre And Miquelon,1993,4.0075
Saint Pierre And Miquelon,1994,4.3347500000000005
Saint Pierre And Miquelon,1995,4.535666666666667
Saint Pierre And Miquelon,1996,5.3509166666666665
Saint Pierre And Miquelon,1997,4.190083333333333
Saint Pierre And Miquelon,1998,5.639
Saint Pierre And Miquelon,1999,6.736916666666667
Saint Pierre And Miquelon,2000,5.864999999999999
Saint Pierre And Miquelon,2001,5.684166666666666
Saint Pierre And Miquelon,2002,4.645333333333333
Saint Pierre And Miquelon,2003,5.200333333333333
Saint Pierre And Miquelon,2004,5.313666666666666
Saint Pierre And Miquelon,2005,5.753666666666667
Saint Pierre And Miquelon,2006,6.538166666666666
Saint Pierre And Miquelon,2007,4.985
Saint Pierre And Miquelon,2008,5.558416666666667
Saint Pierre And Miquelon,2009,5.479833333333333
Saint Pierre And Miquelon,2010,6.568583333333333
Saint Pierre And Miquelon,2011,5.581583333333334
Saint Pierre And Miquelon,2012,6.7002500000000005
Saint Pierre And Miquelon,2013,6.924444444444443
Saint Vincent And The Grenadines,1900,26.637083333333337
Saint Vincent And The Grenadines,1901,26.717583333333334
Saint Vincent And The Grenadines,1902,26.72725
Saint Vincent And The Grenadines,1903,26.727249999999998
Saint Vincent And The Grenadines,1904,26.229249999999997
Saint Vincent And The Grenadines,1905,26.531333333333336
Saint Vincent And The Grenadines,1906,26.504499999999997
Saint Vincent And The Grenadines,1907,26.403000000000002
Saint Vincent And The Grenadines,1908,26.392083333333332
Saint Vincent And The Grenadines,1909,26.3125
Saint Vincent And The Grenadines,1910,26.244250000000005
Saint Vincent And The Grenadines,1911,26.482833333333332
Saint Vincent And The Grenadines,1912,26.51025
Saint Vincent And The Grenadines,1913,26.163833333333333
Saint Vincent And The Grenadines,1914,26.633750000000003
Saint Vincent And The Grenadines,1915,26.871166666666667
Saint Vincent And The Grenadines,1916,26.442083333333333
Saint Vincent And The Grenadines,1917,26.135666666666665
Saint Vincent And The Grenadines,1918,26.33425
Saint Vincent And The Grenadines,1919,26.758499999999998
Saint Vincent And The Grenadines,1920,26.389
Saint Vincent And The Grenadines,1921,26.40875
Saint Vincent And The Grenadines,1922,26.380333333333336
Saint Vincent And The Grenadines,1923,26.39425
Saint Vincent And The Grenadines,1924,26.739083333333337
Saint Vincent And The Grenadines,1925,26.422666666666668
Saint Vincent And The Grenadines,1926,26.994666666666664
Saint Vincent And The Grenadines,1927,26.927916666666672
Saint Vincent And The Grenadines,1928,26.83158333333333
Saint Vincent And The Grenadines,1929,26.65608333333333
Saint Vincent And The Grenadines,1930,26.84266666666667
Saint Vincent And The Grenadines,1931,27.17716666666667
Saint Vincent And The Grenadines,1932,26.957916666666666
Saint Vincent And The Grenadines,1933,26.608500000000003
Saint Vincent And The Grenadines,1934,26.653583333333334
Saint Vincent And The Grenadines,1935,26.376166666666666
Saint Vincent And The Grenadines,1936,26.635833333333334
Saint Vincent And The Grenadines,1937,26.885583333333333
Saint Vincent And The Grenadines,1938,26.592833333333335
Saint Vincent And The Grenadines,1939,26.735
Saint Vincent And The Grenadines,1940,27.249166666666667
Saint Vincent And The Grenadines,1941,27.389333333333337
Saint Vincent And The Grenadines,1942,27.26516666666667
Saint Vincent And The Grenadines,1943,26.81025
Saint Vincent And The Grenadines,1944,26.909333333333333
Saint Vincent And The Grenadines,1945,26.612583333333333
Saint Vincent And The Grenadines,1946,26.713250000000002
Saint Vincent And The Grenadines,1947,26.924000000000003
Saint Vincent And The Grenadines,1948,26.8355
Saint Vincent And The Grenadines,1949,26.67025
Saint Vincent And The Grenadines,1950,26.458083333333335
Saint Vincent And The Grenadines,1951,26.892750000000003
Saint Vincent And The Grenadines,1952,27.257333333333335
Saint Vincent And The Grenadines,1953,27.16208333333333
Saint Vincent And The Grenadines,1954,26.832666666666668
Saint Vincent And The Grenadines,1955,26.942083333333333
Saint Vincent And The Grenadines,1956,26.815083333333334
Saint Vincent And The Grenadines,1957,26.91116666666667
Saint Vincent And The Grenadines,1958,27.447166666666664
Saint Vincent And The Grenadines,1959,27.157916666666665
Saint Vincent And The Grenadines,1960,27.309583333333336
Saint Vincent And The Grenadines,1961,27.127
Saint Vincent And The Grenadines,1962,27.171666666666667
Saint Vincent And The Grenadines,1963,27.28225
Saint Vincent And The Grenadines,1964,26.99775
Saint Vincent And The Grenadines,1965,26.956833333333336
Saint Vincent And The Grenadines,1966,27.084166666666665
Saint Vincent And The Grenadines,1967,26.802083333333332
Saint Vincent And The Grenadines,1968,26.815833333333334
Saint Vincent And The Grenadines,1969,27.42725
Saint Vincent And The Grenadines,1970,27.130916666666668
Saint Vincent And The Grenadines,1971,26.72666666666667
Saint Vincent And The Grenadines,1972,27.030833333333334
Saint Vincent And The Grenadines,1973,27.136166666666668
Saint Vincent And The Grenadines,1974,26.759
Saint Vincent And The Grenadines,1975,26.747083333333336
Saint Vincent And The Grenadines,1976,26.668000000000003
Saint Vincent And The Grenadines,1977,27.1345
Saint Vincent And The Grenadines,1978,27.229333333333333
Saint Vincent And The Grenadines,1979,27.214916666666667
Saint Vincent And The Grenadines,1980,27.454666666666668
Saint Vincent And The Grenadines,1981,27.457666666666668
Saint Vincent And The Grenadines,1982,27.094083333333334
Saint Vincent And The Grenadines,1983,27.35766666666667
Saint Vincent And The Grenadines,1984,26.986583333333332
Saint Vincent And The Grenadines,1985,26.832583333333332
Saint Vincent And The Grenadines,1986,26.96558333333333
Saint Vincent And The Grenadines,1987,27.706999999999997
Saint Vincent And The Grenadines,1988,27.328833333333336
Saint Vincent And The Grenadines,1989,27.041083333333333
Saint Vincent And The Grenadines,1990,27.28333333333333
Saint Vincent And The Grenadines,1991,27.220083333333335
Saint Vincent And The Grenadines,1992,27.24325
Saint Vincent And The Grenadines,1993,27.387833333333333
Saint Vincent And The Grenadines,1994,27.281000000000002
Saint Vincent And The Grenadines,1995,27.636916666666664
Saint Vincent And The Grenadines,1996,27.303083333333333
Saint Vincent And The Grenadines,1997,27.56741666666667
Saint Vincent And The Grenadines,1998,27.965166666666665
Saint Vincent And The Grenadines,1999,27.477500000000003
Saint Vincent And The Grenadines,2000,27.217916666666667
Saint Vincent And The Grenadines,2001,27.566083333333335
Saint Vincent And The Grenadines,2002,27.601583333333334
Saint Vincent And The Grenadines,2003,27.744
Saint Vincent And The Grenadines,2004,27.498583333333332
Saint Vincent And The Grenadines,2005,27.981916666666667
Saint Vincent And The Grenadines,2006,27.8205
Saint Vincent And The Grenadines,2007,27.7165
Saint Vincent And The Grenadines,2008,27.3815
Saint Vincent And The Grenadines,2009,27.642750000000003
Saint Vincent And The Grenadines,2010,28.13208333333333
Saint Vincent And The Grenadines,2011,27.664583333333336
Saint Vincent And The Grenadines,2012,27.736583333333332
Saint Vincent And The Grenadines,2013,27.636375
Samoa,1900,25.97475
Samoa,1901,25.861583333333332
Samoa,1902,25.86775
Samoa,1903,26.03933333333333
Samoa,1904,25.794666666666668
Samoa,1905,25.868750000000002
Samoa,1906,26.294083333333333
Samoa,1907,25.72375
Samoa,1908,25.78533333333333
Samoa,1909,25.640333333333334
Samoa,1910,25.877750000000002
Samoa,1911,25.921916666666664
Samoa,1912,26.02925
Samoa,1913,25.831666666666667
Samoa,1914,26.06266666666667
Samoa,1915,25.768
Samoa,1916,26.013583333333333
Samoa,1917,25.59358333333333
Samoa,1918,25.94441666666667
Samoa,1919,26.156000000000002
Samoa,1920,26.060666666666666
Samoa,1921,25.95341666666667
Samoa,1922,26.035416666666666
Samoa,1923,25.6705
Samoa,1924,26.068250000000003
Samoa,1925,25.844166666666666
Samoa,1926,26.205916666666667
Samoa,1927,26.616500000000002
Samoa,1928,26.389499999999998
Samoa,1929,26.326000000000004
Samoa,1930,26.251333333333335
Samoa,1931,26.134416666666667
Samoa,1932,26.521583333333336
Samoa,1933,26.414
Samoa,1934,26.481083333333334
Samoa,1935,26.686166666666665
Samoa,1936,26.587416666666666
Samoa,1937,26.65125
Samoa,1938,26.567333333333334
Samoa,1939,26.222250000000003
Samoa,1940,26.436166666666665
Samoa,1941,26.69483333333333
Samoa,1942,26.394416666666668
Samoa,1943,26.328
Samoa,1944,26.297749999999997
Samoa,1945,26.365
Samoa,1946,26.542333333333332
Samoa,1947,26.739333333333335
Samoa,1948,26.417333333333332
Samoa,1949,26.56866666666667
Samoa,1950,26.274583333333336
Samoa,1951,26.434583333333336
Samoa,1952,26.768833333333333
Samoa,1953,26.670583333333337
Samoa,1954,26.562
Samoa,1955,26.385416666666668
Samoa,1956,26.226166666666668
Samoa,1957,26.478916666666667
Samoa,1958,26.62166666666667
Samoa,1959,26.541666666666668
Samoa,1960,26.522499999999997
Samoa,1961,26.373083333333337
Samoa,1962,26.348333333333333
Samoa,1963,26.572083333333335
Samoa,1964,26.3505
Samoa,1965,26.109166666666667
Samoa,1966,26.493583333333333
Samoa,1967,26.123666666666665
Samoa,1968,26.239333333333335
Samoa,1969,26.635166666666667
Samoa,1970,26.491
Samoa,1971,26.136166666666668
Samoa,1972,26.508166666666668
Samoa,1973,26.81441666666667
Samoa,1974,26.33441666666667
Samoa,1975,26.515
Samoa,1976,26.478333333333335
Samoa,1977,26.50675
Samoa,1978,26.388500000000004
Samoa,1979,26.623666666666665
Samoa,1980,26.72125
Samoa,1981,26.49791666666667
Samoa,1982,26.64108333333333
Samoa,1983,26.656499999999998
Samoa,1984,26.594166666666666
Samoa,1985,26.678749999999997
Samoa,1986,26.669
Samoa,1987,26.589250000000003
Samoa,1988,26.8105
Samoa,1989,26.477333333333334
Samoa,1990,26.858583333333332
Samoa,1991,26.849083333333336
Samoa,1992,26.75916666666667
Samoa,1993,26.522916666666664
Samoa,1994,26.74891666666667
Samoa,1995,27.037333333333336
Samoa,1996,26.84583333333333
Samoa,1997,26.706916666666668
Samoa,1998,27.121916666666667
Samoa,1999,26.780333333333335
Samoa,2000,26.838333333333335
Samoa,2001,26.953833333333336
Samoa,2002,27.236666666666668
Samoa,2003,27.022666666666666
Samoa,2004,27.05775
Samoa,2005,27.124333333333336
Samoa,2006,26.834999999999997
Samoa,2007,27.14925
Samoa,2008,26.671166666666664
Samoa,2009,26.728333333333335
Samoa,2010,27.161666666666665
Samoa,2011,26.71558333333333
Samoa,2012,26.926666666666666
Samoa,2013,27.1765
San Marino,1900,14.164833333333334
San Marino,1901,13.220416666666667
San Marino,1902,13.468416666666668
San Marino,1903,13.717916666666666
San Marino,1904,14.188416666666667
San Marino,1905,13.254333333333333
San Marino,1906,13.382916666666667
San Marino,1907,13.53325
San Marino,1908,13.164583333333333
San Marino,1909,13.223666666666666
San Marino,1910,13.65125
San Marino,1911,13.988
San Marino,1912,13.291916666666667
San Marino,1913,13.59925
San Marino,1914,13.322666666666668
San Marino,1915,13.521333333333333
San Marino,1916,14.217
San Marino,1917,13.360750000000001
San Marino,1918,13.480166666666667
San Marino,1919,13.202333333333334
San Marino,1920,14.467916666666667
San Marino,1921,14.129083333333334
San Marino,1922,13.472083333333332
San Marino,1923,14.25325
San Marino,1924,13.6385
San Marino,1925,13.71875
San Marino,1926,14.288583333333333
San Marino,1927,14.561
San Marino,1928,14.309583333333334
San Marino,1929,13.472666666666667
San Marino,1930,14.47325
San Marino,1931,13.762333333333332
San Marino,1932,13.659916666666668
San Marino,1933,13.289833333333334
San Marino,1934,14.550333333333333
San Marino,1935,13.90316666666667
San Marino,1936,14.202666666666666
San Marino,1937,14.240583333333333
San Marino,1938,13.769833333333333
San Marino,1939,13.850083333333332
San Marino,1940,12.75125
San Marino,1941,12.995083333333334
San Marino,1942,13.767166666666666
San Marino,1943,14.792166666666667
San Marino,1944,13.5845
San Marino,1945,14.453833333333334
San Marino,1946,14.521833333333333
San Marino,1947,14.537333333333335
San Marino,1948,14.287500000000001
San Marino,1949,14.361166666666668
San Marino,1950,14.924333333333335
San Marino,1951,14.67675
San Marino,1952,14.234499999999999
San Marino,1953,14.043
San Marino,1954,13.40175
San Marino,1955,13.777583333333334
San Marino,1956,13.056666666666667
San Marino,1957,14.131750000000002
San Marino,1958,14.334000000000001
San Marino,1959,14.189749999999998
San Marino,1960,14.115499999999999
San Marino,1961,14.730083333333335
San Marino,1962,13.539499999999999
San Marino,1963,13.608083333333333
San Marino,1964,13.914416666666666
San Marino,1965,13.501583333333334
San Marino,1966,14.269916666666667
San Marino,1967,14.268333333333333
San Marino,1968,13.913583333333333
San Marino,1969,13.70875
San Marino,1970,13.922000000000002
San Marino,1971,13.859416666666666
San Marino,1972,13.881583333333333
San Marino,1973,13.795583333333333
San Marino,1974,14.047416666666669
San Marino,1975,14.285583333333333
San Marino,1976,13.528416666666667
San Marino,1977,14.258166666666668
San Marino,1978,13.356833333333334
San Marino,1979,14.096666666666666
San Marino,1980,13.302999999999999
San Marino,1981,13.843166666666667
San Marino,1982,14.498916666666668
San Marino,1983,14.315916666666666
San Marino,1984,13.599083333333333
San Marino,1985,14.107166666666666
San Marino,1986,14.12341666666667
San Marino,1987,14.133166666666668
San Marino,1988,14.664416666666668
San Marino,1989,14.268166666666666
San Marino,1990,14.791333333333334
San Marino,1991,13.895249999999999
San Marino,1992,14.723999999999998
San Marino,1993,14.582166666666666
San Marino,1994,15.485583333333333
San Marino,1995,14.331083333333334
San Marino,1996,14.076166666666667
San Marino,1997,14.783000000000001
San Marino,1998,14.913583333333333
San Marino,1999,14.889000000000001
San Marino,2000,15.442583333333333
San Marino,2001,15.141250000000001
San Marino,2002,15.138083333333334
San Marino,2003,15.357083333333334
San Marino,2004,14.626833333333336
San Marino,2005,13.948666666666668
San Marino,2006,14.790000000000001
San Marino,2007,15.370833333333335
San Marino,2008,15.207666666666666
San Marino,2009,15.351
San Marino,2010,14.415083333333335
San Marino,2011,15.454916666666668
San Marino,2012,15.327916666666667
San Marino,2013,15.115625000000001
Sao Tome And Principe,1900,25.625833333333333
Sao Tome And Principe,1901,25.690916666666666
Sao Tome And Principe,1902,25.266000000000002
Sao Tome And Principe,1903,25.128249999999998
Sao Tome And Principe,1904,24.745083333333337
Sao Tome And Principe,1905,25.43675
Sao Tome And Principe,1906,25.389166666666668
Sao Tome And Principe,1907,25.32641666666667
Sao Tome And Principe,1908,25.416
Sao Tome And Principe,1909,25.34091666666667
Sao Tome And Principe,1910,25.38416666666667
Sao Tome And Principe,1911,24.99775
Sao Tome And Principe,1912,25.70841666666667
Sao Tome And Principe,1913,25.916916666666665
Sao Tome And Principe,1914,25.77116666666667
Sao Tome And Principe,1915,25.867500000000003
Sao Tome And Principe,1916,25.912666666666667
Sao Tome And Principe,1917,25.812749999999998
Sao Tome And Principe,1918,25.422666666666668
Sao Tome And Principe,1919,25.845583333333334
Sao Tome And Principe,1920,26.011666666666667
Sao Tome And Principe,1921,25.905583333333336
Sao Tome And Principe,1922,25.71275
Sao Tome And Principe,1923,25.576000000000004
Sao Tome And Principe,1924,26.048166666666663
Sao Tome And Principe,1925,25.55033333333333
Sao Tome And Principe,1926,26.009583333333335
Sao Tome And Principe,1927,26.15116666666667
Sao Tome And Principe,1928,25.824416666666668
Sao Tome And Principe,1929,25.751833333333334
Sao Tome And Principe,1930,25.81941666666667
Sao Tome And Principe,1931,25.855833333333333
Sao Tome And Principe,1932,25.56833333333333
Sao Tome And Principe,1933,26.06441666666667
Sao Tome And Principe,1934,26.219333333333335
Sao Tome And Principe,1935,26.066333333333333
Sao Tome And Principe,1936,25.958833333333335
Sao Tome And Principe,1937,26.380583333333334
Sao Tome And Principe,1938,26.17941666666667
Sao Tome And Principe,1939,25.781666666666666
Sao Tome And Principe,1940,25.9485
Sao Tome And Principe,1941,26.36975
Sao Tome And Principe,1942,26.170833333333334
Sao Tome And Principe,1943,25.719583333333333
Sao Tome And Principe,1944,26.323416666666663
Sao Tome And Principe,1945,26.364666666666665
Sao Tome And Principe,1946,26.028333333333332
Sao Tome And Principe,1947,26.298166666666663
Sao Tome And Principe,1948,25.957666666666668
Sao Tome And Principe,1949,26.38175
Sao Tome And Principe,1950,25.919833333333333
Sao Tome And Principe,1951,26.046666666666667
Sao Tome And Principe,1952,26.041916666666665
Sao Tome And Principe,1953,25.9505
Sao Tome And Principe,1954,25.536
Sao Tome And Principe,1955,25.703333333333333
Sao Tome And Principe,1956,25.506833333333333
Sao Tome And Principe,1957,25.973916666666668
Sao Tome And Principe,1958,25.78925
Sao Tome And Principe,1959,25.878833333333333
Sao Tome And Principe,1960,26.00475
Sao Tome And Principe,1961,25.740166666666667
Sao Tome And Principe,1962,25.815583333333336
Sao Tome And Principe,1963,26.143833333333333
Sao Tome And Principe,1964,25.708583333333333
Sao Tome And Principe,1965,25.827333333333332
Sao Tome And Principe,1966,26.171083333333332
Sao Tome And Principe,1967,25.85683333333333
Sao Tome And Principe,1968,25.86883333333333
Sao Tome And Principe,1969,26.039583333333336
Sao Tome And Principe,1970,26.078500000000002
Sao Tome And Principe,1971,25.753249999999998
Sao Tome And Principe,1972,25.93133333333333
Sao Tome And Principe,1973,26.304166666666664
Sao Tome And Principe,1974,25.773083333333332
Sao Tome And Principe,1975,25.71591666666667
Sao Tome And Principe,1976,25.561666666666667
Sao Tome And Principe,1977,26.117500000000003
Sao Tome And Principe,1978,25.95991666666667
Sao Tome And Principe,1979,26.300583333333336
Sao Tome And Principe,1980,26.17533333333333
Sao Tome And Principe,1981,25.859166666666667
Sao Tome And Principe,1982,25.719250000000002
Sao Tome And Principe,1983,25.917833333333334
Sao Tome And Principe,1984,26.242250000000002
Sao Tome And Principe,1985,25.97425
Sao Tome And Principe,1986,25.877
Sao Tome And Principe,1987,26.378500000000003
Sao Tome And Principe,1988,26.32575
Sao Tome And Principe,1989,25.96941666666667
Sao Tome And Principe,1990,26.136583333333334
Sao Tome And Principe,1991,26.096166666666665
Sao Tome And Principe,1992,25.78991666666667
Sao Tome And Principe,1993,26.101249999999997
Sao Tome And Principe,1994,26.142833333333332
Sao Tome And Principe,1995,26.43841666666667
Sao Tome And Principe,1996,26.06975
Sao Tome And Principe,1997,26.14016666666667
Sao Tome And Principe,1998,26.832583333333332
Sao Tome And Principe,1999,26.283416666666668
Sao Tome And Principe,2000,26.189000000000004
Sao Tome And Principe,2001,26.05633333333333
Sao Tome And Principe,2002,26.395750000000003
Sao Tome And Principe,2003,26.567333333333334
Sao Tome And Principe,2004,26.484583333333333
Sao Tome And Principe,2005,26.409583333333334
Sao Tome And Principe,2006,26.700166666666664
Sao Tome And Principe,2007,26.70941666666667
Sao Tome And Principe,2008,26.595
Sao Tome And Principe,2009,26.956
Sao Tome And Principe,2010,26.766499999999997
Sao Tome And Principe,2011,26.484166666666667
Sao Tome And Principe,2012,26.393083333333337
Sao Tome And Principe,2013,26.5325
Saudi Arabia,1900,25.488916666666668
Saudi Arabia,1901,25.75975
Saudi Arabia,1902,25.536833333333334
Saudi Arabia,1903,24.934416666666667
Saudi Arabia,1904,25.286083333333334
Saudi Arabia,1905,25.143083333333337
Saudi Arabia,1906,25.22458333333333
Saudi Arabia,1907,24.82025
Saudi Arabia,1908,25.168750000000003
Saudi Arabia,1909,25.786833333333334
Saudi Arabia,1910,25.044416666666667
Saudi Arabia,1911,24.690250000000002
Saudi Arabia,1912,25.190749999999998
Saudi Arabia,1913,24.893333333333334
Saudi Arabia,1914,25.231250000000003
Saudi Arabia,1915,25.719083333333334
Saudi Arabia,1916,25.200999999999997
Saudi Arabia,1917,25.25108333333333
Saudi Arabia,1918,25.012333333333334
Saudi Arabia,1919,25.611
Saudi Arabia,1920,25.15975
Saudi Arabia,1921,25.069000000000003
Saudi Arabia,1922,25.596333333333334
Saudi Arabia,1923,25.394750000000002
Saudi Arabia,1924,25.886416666666666
Saudi Arabia,1925,25.328999999999997
Saudi Arabia,1926,25.499750000000002
Saudi Arabia,1927,25.587999999999997
Saudi Arabia,1928,25.7235
Saudi Arabia,1929,25.707916666666666
Saudi Arabia,1930,25.670916666666667
Saudi Arabia,1931,25.678916666666666
Saudi Arabia,1932,25.31716666666667
Saudi Arabia,1933,25.054916666666667
Saudi Arabia,1934,25.34583333333333
Saudi Arabia,1935,25.821583333333333
Saudi Arabia,1936,25.55933333333333
Saudi Arabia,1937,25.443250000000003
Saudi Arabia,1938,25.293166666666668
Saudi Arabia,1939,25.459
Saudi Arabia,1940,25.7995
Saudi Arabia,1941,25.76875
Saudi Arabia,1942,25.836166666666667
Saudi Arabia,1943,25.295916666666667
Saudi Arabia,1944,25.801000000000002
Saudi Arabia,1945,25.503
Saudi Arabia,1946,25.650166666666667
Saudi Arabia,1947,26.12125
Saudi Arabia,1948,25.197999999999997
Saudi Arabia,1949,25.0955
Saudi Arabia,1950,25.359166666666667
Saudi Arabia,1951,26.035916666666665
Saudi Arabia,1952,25.926583333333337
Saudi Arabia,1953,25.739416666666667
Saudi Arabia,1954,26.0115
Saudi Arabia,1955,25.647000000000002
Saudi Arabia,1956,25.408083333333334
Saudi Arabia,1957,25.29641666666667
Saudi Arabia,1958,25.962833333333336
Saudi Arabia,1959,24.953
Saudi Arabia,1960,26.074083333333334
Saudi Arabia,1961,25.533416666666668
Saudi Arabia,1962,26.231916666666667
Saudi Arabia,1963,25.9515
Saudi Arabia,1964,25.2745
Saudi Arabia,1965,25.762583333333335
Saudi Arabia,1966,26.199
Saudi Arabia,1967,25.17291666666667
Saudi Arabia,1968,25.426333333333332
Saudi Arabia,1969,26.199250000000003
Saudi Arabia,1970,25.97791666666667
Saudi Arabia,1971,25.225583333333333
Saudi Arabia,1972,25.26991666666667
Saudi Arabia,1973,25.778166666666667
Saudi Arabia,1974,25.537333333333333
Saudi Arabia,1975,25.275000000000002
Saudi Arabia,1976,25.334333333333333
Saudi Arabia,1977,26.094583333333333
Saudi Arabia,1978,26.04341666666667
Saudi Arabia,1979,26.414583333333336
Saudi Arabia,1980,26.117333333333335
Saudi Arabia,1981,26.070333333333334
Saudi Arabia,1982,25.007166666666667
Saudi Arabia,1983,25.149333333333335
Saudi Arabia,1984,25.159583333333334
Saudi Arabia,1985,25.445333333333334
Saudi Arabia,1986,25.647750000000002
Saudi Arabia,1987,26.316166666666664
Saudi Arabia,1988,26.141833333333334
Saudi Arabia,1989,25.479
Saudi Arabia,1990,26.01875
Saudi Arabia,1991,25.77625
Saudi Arabia,1992,24.77125
Saudi Arabia,1993,25.741
Saudi Arabia,1994,26.297583333333336
Saudi Arabia,1995,25.989166666666666
Saudi Arabia,1996,26.433000000000003
Saudi Arabia,1997,25.867666666666665
Saudi Arabia,1998,26.85375
Saudi Arabia,1999,26.940583333333333
Saudi Arabia,2000,26.642916666666668
Saudi Arabia,2001,26.769666666666666
Saudi Arabia,2002,26.627333333333336
Saudi Arabia,2003,26.816666666666666
Saudi Arabia,2004,26.519000000000002
Saudi Arabia,2005,26.495500000000003
Saudi Arabia,2006,26.55858333333333
Saudi Arabia,2007,26.68258333333333
Saudi Arabia,2008,26.47775
Saudi Arabia,2009,26.827749999999998
Saudi Arabia,2010,27.530083333333334
Saudi Arabia,2011,26.63525
Saudi Arabia,2012,26.988916666666668
Saudi Arabia,2013,27.74075
Senegal,1900,27.855833333333337
Senegal,1901,27.970916666666668
Senegal,1902,28.022000000000002
Senegal,1903,27.728583333333333
Senegal,1904,27.175916666666666
Senegal,1905,27.60525
Senegal,1906,27.752416666666665
Senegal,1907,26.802333333333333
Senegal,1908,27.52391666666667
Senegal,1909,27.402083333333334
Senegal,1910,27.907083333333333
Senegal,1911,27.60083333333333
Senegal,1912,27.781499999999998
Senegal,1913,28.137249999999998
Senegal,1914,27.89625
Senegal,1915,28.091916666666666
Senegal,1916,27.738166666666668
Senegal,1917,27.374
Senegal,1918,27.580916666666667
Senegal,1919,27.96891666666667
Senegal,1920,27.732333333333333
Senegal,1921,27.900750000000002
Senegal,1922,27.84266666666667
Senegal,1923,28.156333333333336
Senegal,1924,27.889750000000003
Senegal,1925,27.99291666666667
Senegal,1926,28.448000000000004
Senegal,1927,28.010583333333333
Senegal,1928,27.721083333333336
Senegal,1929,27.773666666666667
Senegal,1930,27.641833333333334
Senegal,1931,28.22191666666667
Senegal,1932,27.84975
Senegal,1933,27.844416666666664
Senegal,1934,27.657416666666666
Senegal,1935,27.757166666666667
Senegal,1936,27.966333333333335
Senegal,1937,28.22675
Senegal,1938,28.101416666666665
Senegal,1939,27.901416666666666
Senegal,1940,28.044833333333333
Senegal,1941,28.248333333333335
Senegal,1942,27.956916666666668
Senegal,1943,27.77291666666667
Senegal,1944,28.249583333333334
Senegal,1945,28.476416666666665
Senegal,1946,27.958583333333333
Senegal,1947,28.11525
Senegal,1948,27.68975
Senegal,1949,28.074250000000003
Senegal,1950,27.817083333333333
Senegal,1951,27.828833333333336
Senegal,1952,27.63083333333333
Senegal,1953,27.86175
Senegal,1954,27.754666666666665
Senegal,1955,27.985
Senegal,1956,27.695666666666668
Senegal,1957,27.790833333333335
Senegal,1958,28.276833333333332
Senegal,1959,27.935000000000002
Senegal,1960,28.014166666666668
Senegal,1961,28.028666666666666
Senegal,1962,28.163
Senegal,1963,28.248500000000003
Senegal,1964,28.043333333333333
Senegal,1965,27.591166666666666
Senegal,1966,28.185083333333335
Senegal,1967,27.585583333333332
Senegal,1968,27.80275
Senegal,1969,28.709333333333333
Senegal,1970,28.572166666666664
Senegal,1971,27.83241666666667
Senegal,1972,28.205583333333333
Senegal,1973,28.4645
Senegal,1974,27.5635
Senegal,1975,27.71183333333333
Senegal,1976,27.662833333333335
Senegal,1977,28.543666666666667
Senegal,1978,28.15433333333333
Senegal,1979,28.636416666666666
Senegal,1980,28.546666666666667
Senegal,1981,28.49791666666667
Senegal,1982,27.966416666666664
Senegal,1983,29.0545
Senegal,1984,28.330250000000003
Senegal,1985,28.273083333333332
Senegal,1986,28.020666666666667
Senegal,1987,28.8755
Senegal,1988,28.376583333333333
Senegal,1989,28.275833333333335
Senegal,1990,28.508
Senegal,1991,28.490333333333336
Senegal,1992,28.459833333333336
Senegal,1993,28.646500000000003
Senegal,1994,28.241083333333336
Senegal,1995,28.556916666666666
Senegal,1996,28.775666666666666
Senegal,1997,28.82133333333333
Senegal,1998,29.25425
Senegal,1999,28.127333333333336
Senegal,2000,28.526083333333332
Senegal,2001,28.936333333333334
Senegal,2002,28.978166666666667
Senegal,2003,28.704166666666666
Senegal,2004,28.852083333333336
Senegal,2005,28.955083333333334
Senegal,2006,28.630750000000003
Senegal,2007,28.816833333333335
Senegal,2008,28.796083333333332
Senegal,2009,28.47375
Senegal,2010,29.302333333333333
Senegal,2011,28.774916666666666
Senegal,2012,28.635583333333333
Senegal,2013,29.3015
Serbia,1900,10.513083333333334
Serbia,1901,9.714250000000002
Serbia,1902,9.512916666666667
Serbia,1903,10.180250000000001
Serbia,1904,10.014583333333333
Serbia,1905,9.72725
Serbia,1906,9.753416666666666
Serbia,1907,9.590833333333334
Serbia,1908,9.411583333333333
Serbia,1909,9.724916666666667
Serbia,1910,10.3465
Serbia,1911,10.112666666666668
Serbia,1912,9.269833333333333
Serbia,1913,9.598333333333334
Serbia,1914,9.132583333333335
Serbia,1915,9.981166666666667
Serbia,1916,10.911583333333333
Serbia,1917,9.93425
Serbia,1918,10.273583333333333
Serbia,1919,9.584666666666667
Serbia,1920,10.038499999999999
Serbia,1921,10.068333333333333
Serbia,1922,9.612
Serbia,1923,10.90675
Serbia,1924,9.489583333333332
Serbia,1925,10.137583333333334
Serbia,1926,10.66975
Serbia,1927,10.901416666666668
Serbia,1928,10.18475
Serbia,1929,9.107333333333333
Serbia,1930,10.823416666666667
Serbia,1931,9.84625
Serbia,1932,9.63725
Serbia,1933,8.9825
Serbia,1934,11.063249999999998
Serbia,1935,10.14875
Serbia,1936,10.715166666666667
Serbia,1937,10.715333333333334
Serbia,1938,10.034166666666666
Serbia,1939,10.536583333333335
Serbia,1940,8.5015
Serbia,1941,9.199083333333332
Serbia,1942,9.3915
Serbia,1943,10.564666666666666
Serbia,1944,9.8175
Serbia,1945,10.202333333333334
Serbia,1946,10.873083333333334
Serbia,1947,10.580333333333334
Serbia,1948,10.270833333333334
Serbia,1949,10.0985
Serbia,1950,11.216416666666667
Serbia,1951,11.270999999999999
Serbia,1952,10.98625
Serbia,1953,10.084750000000001
Serbia,1954,9.41125
Serbia,1955,10.234416666666666
Serbia,1956,9.0815
Serbia,1957,10.485999999999999
Serbia,1958,10.701833333333333
Serbia,1959,9.920499999999999
Serbia,1960,10.634833333333335
Serbia,1961,10.804166666666667
Serbia,1962,9.990833333333335
Serbia,1963,9.99875
Serbia,1964,9.692666666666666
Serbia,1965,9.712166666666667
Serbia,1966,10.824750000000002
Serbia,1967,10.316166666666666
Serbia,1968,10.440583333333333
Serbia,1969,9.765333333333334
Serbia,1970,10.0585
Serbia,1971,10.123583333333334
Serbia,1972,10.319083333333333
Serbia,1973,9.758416666666667
Serbia,1974,10.270333333333335
Serbia,1975,10.440166666666666
Serbia,1976,9.385916666666667
Serbia,1977,10.627583333333334
Serbia,1978,9.541916666666667
Serbia,1979,10.486166666666668
Serbia,1980,9.355583333333334
Serbia,1981,10.114666666666666
Serbia,1982,10.314
Serbia,1983,10.431083333333333
Serbia,1984,9.98125
Serbia,1985,9.664416666666666
Serbia,1986,10.14875
Serbia,1987,10.204916666666668
Serbia,1988,10.476166666666666
Serbia,1989,10.607416666666667
Serbia,1990,11.196083333333334
Serbia,1991,9.747083333333334
Serbia,1992,10.975583333333335
Serbia,1993,10.414416666666666
Serbia,1994,11.682250000000002
Serbia,1995,10.276166666666667
Serbia,1996,9.824916666666667
Serbia,1997,9.984
Serbia,1998,10.568333333333333
Serbia,1999,10.917250000000001
Serbia,2000,11.790999999999999
Serbia,2001,10.913166666666667
Serbia,2002,11.413416666666668
Serbia,2003,10.795499999999999
Serbia,2004,10.6165
Serbia,2005,9.922583333333334
Serbia,2006,10.574166666666667
Serbia,2007,11.745916666666666
Serbia,2008,11.666333333333334
Serbia,2009,11.412166666666666
Serbia,2010,10.9925
Serbia,2011,10.823
Serbia,2012,11.451749999999999
Serbia,2013,12.843625
Seychelles,1900,26.601333333333333
Seychelles,1901,26.13775
Seychelles,1902,26.351416666666665
Seychelles,1903,26.147333333333336
Seychelles,1904,25.872583333333335
Seychelles,1905,26.70375
Seychelles,1906,26.369249999999997
Seychelles,1907,26.1465
Seychelles,1908,26.390249999999998
Seychelles,1909,26.194666666666667
Seychelles,1910,26.2435
Seychelles,1911,26.233500000000003
Seychelles,1912,26.526583333333335
Seychelles,1913,26.465833333333336
Seychelles,1914,26.855666666666668
Seychelles,1915,26.65716666666667
Seychelles,1916,26.47275
Seychelles,1917,26.33975
Seychelles,1918,26.275499999999997
Seychelles,1919,26.829333333333334
Seychelles,1920,26.36766666666667
Seychelles,1921,26.467083333333335
Seychelles,1922,26.446250000000003
Seychelles,1923,26.28316666666667
Seychelles,1924,26.492583333333332
Seychelles,1925,26.344833333333337
Seychelles,1926,26.71475
Seychelles,1927,26.530833333333334
Seychelles,1928,26.713250000000002
Seychelles,1929,26.5855
Seychelles,1930,26.6805
Seychelles,1931,26.85575
Seychelles,1932,26.6805
Seychelles,1933,26.662833333333335
Seychelles,1934,26.432000000000002
Seychelles,1935,26.723916666666668
Seychelles,1936,26.904416666666666
Seychelles,1937,26.872500000000002
Seychelles,1938,26.65516666666667
Seychelles,1939,26.619250000000005
Seychelles,1940,26.914583333333336
Seychelles,1941,27.022583333333333
Seychelles,1942,26.832583333333332
Seychelles,1943,26.51991666666667
Seychelles,1944,26.808666666666667
Seychelles,1945,26.727416666666667
Seychelles,1946,26.908833333333334
Seychelles,1947,27.00775
Seychelles,1948,26.69875
Seychelles,1949,26.749333333333336
Seychelles,1950,26.50916666666667
Seychelles,1951,26.877583333333334
Seychelles,1952,26.861583333333332
Seychelles,1953,26.913750000000004
Seychelles,1954,26.790499999999998
Seychelles,1955,26.61616666666667
Seychelles,1956,26.536416666666668
Seychelles,1957,26.73725
Seychelles,1958,27.10466666666667
Seychelles,1959,26.86583333333333
Seychelles,1960,26.730666666666668
Seychelles,1961,26.96466666666667
Seychelles,1962,26.95658333333333
Seychelles,1963,26.770666666666667
Seychelles,1964,26.73483333333333
Seychelles,1965,26.5825
Seychelles,1966,26.947999999999997
Seychelles,1967,26.915166666666668
Seychelles,1968,26.655333333333335
Seychelles,1969,27.08758333333333
Seychelles,1970,27.0745
Seychelles,1971,26.520166666666668
Seychelles,1972,26.87975
Seychelles,1973,27.17125
Seychelles,1974,26.535
Seychelles,1975,26.603416666666664
Seychelles,1976,26.669833333333333
Seychelles,1977,26.965166666666665
Seychelles,1978,27.120833333333337
Seychelles,1979,26.97275
Seychelles,1980,27.03725
Seychelles,1981,26.978083333333334
Seychelles,1982,27.194666666666667
Seychelles,1983,27.32166666666667
Seychelles,1984,26.624
Seychelles,1985,26.741583333333335
Seychelles,1986,27.077166666666667
Seychelles,1987,27.422833333333333
Seychelles,1988,27.26325
Seychelles,1989,26.9445
Seychelles,1990,27.220083333333335
Seychelles,1991,27.329666666666668
Seychelles,1992,26.953166666666664
Seychelles,1993,26.964583333333334
Seychelles,1994,27.301833333333335
Seychelles,1995,27.297749999999997
Seychelles,1996,26.91175
Seychelles,1997,27.36791666666667
Seychelles,1998,27.654416666666666
Seychelles,1999,27.136833333333332
Seychelles,2000,27.17925
Seychelles,2001,27.467833333333335
Seychelles,2002,27.53108333333333
Seychelles,2003,27.68541666666667
Seychelles,2004,27.25775
Seychelles,2005,27.468416666666666
Seychelles,2006,27.470166666666668
Seychelles,2007,27.71258333333333
Seychelles,2008,27.376833333333334
Seychelles,2009,27.741250000000004
Seychelles,2010,27.744833333333332
Seychelles,2011,27.73166666666667
Seychelles,2012,27.772583333333333
Seychelles,2013,27.451625
Sierra Leone,1900,25.959166666666665
Sierra Leone,1901,25.985833333333332
Sierra Leone,1902,25.79433333333333
Sierra Leone,1903,25.742500000000003
Sierra Leone,1904,25.315916666666666
Sierra Leone,1905,25.801916666666667
Sierra Leone,1906,25.889333333333337
Sierra Leone,1907,25.505416666666665
Sierra Leone,1908,25.556916666666666
Sierra Leone,1909,25.47266666666667
Sierra Leone,1910,25.983416666666667
Sierra Leone,1911,25.578999999999997
Sierra Leone,1912,26.161749999999998
Sierra Leone,1913,26.24
Sierra Leone,1914,26.068250000000003
Sierra Leone,1915,26.198333333333334
Sierra Leone,1916,25.940749999999998
Sierra Leone,1917,25.877416666666665
Sierra Leone,1918,25.696416666666668
Sierra Leone,1919,25.836333333333332
Sierra Leone,1920,25.924833333333336
Sierra Leone,1921,25.89925
Sierra Leone,1922,25.862416666666665
Sierra Leone,1923,25.838333333333335
Sierra Leone,1924,25.505416666666665
Sierra Leone,1925,25.646916666666666
Sierra Leone,1926,26.2225
Sierra Leone,1927,26.098916666666668
Sierra Leone,1928,26.02025
Sierra Leone,1929,26.123
Sierra Leone,1930,26.081
Sierra Leone,1931,26.173833333333334
Sierra Leone,1932,25.7925
Sierra Leone,1933,26.009
Sierra Leone,1934,25.985166666666668
Sierra Leone,1935,25.885166666666667
Sierra Leone,1936,26.1075
Sierra Leone,1937,26.30475
Sierra Leone,1938,26.086083333333335
Sierra Leone,1939,26.12991666666667
Sierra Leone,1940,26.485333333333333
Sierra Leone,1941,26.46225
Sierra Leone,1942,26.223333333333333
Sierra Leone,1943,25.925083333333333
Sierra Leone,1944,26.176833333333335
Sierra Leone,1945,26.289416666666668
Sierra Leone,1946,26.154916666666665
Sierra Leone,1947,26.30825
Sierra Leone,1948,25.949333333333332
Sierra Leone,1949,26.10541666666667
Sierra Leone,1950,25.940583333333336
Sierra Leone,1951,26.056416666666667
Sierra Leone,1952,26.176583333333337
Sierra Leone,1953,26.255750000000003
Sierra Leone,1954,25.813000000000002
Sierra Leone,1955,25.89125
Sierra Leone,1956,25.80316666666667
Sierra Leone,1957,26.11791666666667
Sierra Leone,1958,26.200916666666668
Sierra Leone,1959,26.16575
Sierra Leone,1960,26.269500000000004
Sierra Leone,1961,26.108083333333337
Sierra Leone,1962,26.04008333333333
Sierra Leone,1963,26.354416666666665
Sierra Leone,1964,26.03425
Sierra Leone,1965,25.896083333333333
Sierra Leone,1966,26.171000000000003
Sierra Leone,1967,25.976
Sierra Leone,1968,26.16616666666667
Sierra Leone,1969,26.43766666666667
Sierra Leone,1970,26.404583333333335
Sierra Leone,1971,25.934166666666666
Sierra Leone,1972,26.28933333333333
Sierra Leone,1973,26.65625
Sierra Leone,1974,26.150000000000002
Sierra Leone,1975,26.041583333333335
Sierra Leone,1976,25.845250000000004
Sierra Leone,1977,26.378333333333334
Sierra Leone,1978,26.26816666666667
Sierra Leone,1979,26.554166666666664
Sierra Leone,1980,26.494
Sierra Leone,1981,26.357833333333332
Sierra Leone,1982,26.254416666666668
Sierra Leone,1983,26.65341666666667
Sierra Leone,1984,26.402916666666666
Sierra Leone,1985,26.28925
Sierra Leone,1986,26.07575
Sierra Leone,1987,26.883499999999998
Sierra Leone,1988,26.544916666666666
Sierra Leone,1989,26.362333333333336
Sierra Leone,1990,26.551416666666668
Sierra Leone,1991,26.621583333333334
Sierra Leone,1992,26.397166666666667
Sierra Leone,1993,26.608833333333333
Sierra Leone,1994,26.358249999999998
Sierra Leone,1995,26.578166666666664
Sierra Leone,1996,26.7045
Sierra Leone,1997,26.6695
Sierra Leone,1998,27.07575
Sierra Leone,1999,26.5215
Sierra Leone,2000,26.546833333333336
Sierra Leone,2001,26.82675
Sierra Leone,2002,26.992666666666665
Sierra Leone,2003,26.992416666666667
Sierra Leone,2004,26.978916666666667
Sierra Leone,2005,27.028583333333334
Sierra Leone,2006,26.71775
Sierra Leone,2007,26.83741666666667
Sierra Leone,2008,26.97875
Sierra Leone,2009,26.985
Sierra Leone,2010,27.17716666666667
Sierra Leone,2011,26.92625
Sierra Leone,2012,26.676416666666668
Sierra Leone,2013,26.948
Singapore,1900,26.531583333333334
Singapore,1901,26.056833333333334
Singapore,1902,25.98483333333333
Singapore,1903,26.146333333333335
Singapore,1904,25.848249999999997
Singapore,1905,26.61225
Singapore,1906,26.326666666666668
Singapore,1907,26.299583333333334
Singapore,1908,26.224833333333333
Singapore,1909,26.292833333333334
Singapore,1910,26.112416666666665
Singapore,1911,26.353250000000003
Singapore,1912,26.524416666666667
Singapore,1913,26.255416666666665
Singapore,1914,26.64891666666667
Singapore,1915,26.677333333333337
Singapore,1916,26.287333333333333
Singapore,1917,25.919333333333338
Singapore,1918,25.89916666666667
Singapore,1919,26.552333333333337
Singapore,1920,26.437
Singapore,1921,26.23391666666667
Singapore,1922,26.284833333333335
Singapore,1923,26.262583333333335
Singapore,1924,26.377916666666668
Singapore,1925,26.21525
Singapore,1926,26.603416666666664
Singapore,1927,26.44875
Singapore,1928,26.58141666666667
Singapore,1929,26.455916666666667
Singapore,1930,26.723083333333335
Singapore,1931,26.87766666666667
Singapore,1932,26.525750000000002
Singapore,1933,26.36766666666667
Singapore,1934,26.245583333333332
Singapore,1935,26.547666666666668
Singapore,1936,26.60258333333334
Singapore,1937,26.727
Singapore,1938,26.642833333333332
Singapore,1939,26.577416666666668
Singapore,1940,26.86266666666667
Singapore,1941,27.278750000000002
Singapore,1942,26.916583333333335
Singapore,1943,26.492
Singapore,1944,26.663083333333333
Singapore,1945,26.636
Singapore,1946,26.832666666666668
Singapore,1947,26.932750000000002
Singapore,1948,26.796000000000003
Singapore,1949,26.739583333333332
Singapore,1950,26.560166666666664
Singapore,1951,26.840000000000003
Singapore,1952,26.88716666666667
Singapore,1953,26.927750000000003
Singapore,1954,26.647916666666664
Singapore,1955,26.638
Singapore,1956,26.47275
Singapore,1957,26.787166666666668
Singapore,1958,27.079833333333337
Singapore,1959,26.882416666666668
Singapore,1960,26.92941666666667
Singapore,1961,26.727
Singapore,1962,26.560833333333335
Singapore,1963,26.77116666666667
Singapore,1964,26.664666666666665
Singapore,1965,26.63291666666667
Singapore,1966,26.887833333333333
Singapore,1967,26.681749999999997
Singapore,1968,26.745666666666665
Singapore,1969,27.062416666666667
Singapore,1970,26.854583333333334
Singapore,1971,26.605500000000003
Singapore,1972,26.942000000000004
Singapore,1973,26.95975
Singapore,1974,26.672583333333336
Singapore,1975,26.638
Singapore,1976,26.55875
Singapore,1977,26.822000000000003
Singapore,1978,26.904583333333335
Singapore,1979,26.95975
Singapore,1980,26.95641666666667
Singapore,1981,26.980999999999998
Singapore,1982,26.8365
Singapore,1983,27.304916666666667
Singapore,1984,26.483500000000003
Singapore,1985,26.820083333333333
Singapore,1986,26.847833333333337
Singapore,1987,27.181583333333332
Singapore,1988,27.06725
Singapore,1989,26.792333333333335
Singapore,1990,27.13
Singapore,1991,26.994083333333336
Singapore,1992,26.997416666666666
Singapore,1993,26.928833333333333
Singapore,1994,27.08775
Singapore,1995,27.0725
Singapore,1996,27.043333333333333
Singapore,1997,27.38891666666667
Singapore,1998,27.77591666666667
Singapore,1999,27.016750000000002
Singapore,2000,27.096500000000002
Singapore,2001,27.189333333333337
Singapore,2002,27.40608333333333
Singapore,2003,27.311833333333336
Singapore,2004,27.328666666666667
Singapore,2005,27.493583333333333
Singapore,2006,27.32841666666667
Singapore,2007,27.13
Singapore,2008,27.067666666666668
Singapore,2009,27.473333333333333
Singapore,2010,27.6035
Singapore,2011,27.28216666666667
Singapore,2012,27.303583333333336
Singapore,2013,27.602875
Sint Maarten,1900,26.406750000000002
Sint Maarten,1901,26.662833333333335
Sint Maarten,1902,26.50066666666667
Sint Maarten,1903,26.506416666666667
Sint Maarten,1904,26.140249999999998
Sint Maarten,1905,26.542833333333334
Sint Maarten,1906,26.376833333333334
Sint Maarten,1907,26.126
Sint Maarten,1908,26.293583333333334
Sint Maarten,1909,26.128333333333334
Sint Maarten,1910,26.077083333333334
Sint Maarten,1911,26.305333333333333
Sint Maarten,1912,26.468
Sint Maarten,1913,25.926666666666666
Sint Maarten,1914,26.379666666666665
Sint Maarten,1915,26.622333333333334
Sint Maarten,1916,26.19458333333333
Sint Maarten,1917,26.043666666666667
Sint Maarten,1918,26.308166666666665
Sint Maarten,1919,26.57025
Sint Maarten,1920,26.415000000000003
Sint Maarten,1921,26.43241666666667
Sint Maarten,1922,26.287916666666664
Sint Maarten,1923,26.345833333333335
Sint Maarten,1924,26.494
Sint Maarten,1925,26.318250000000003
Sint Maarten,1926,26.770583333333335
Sint Maarten,1927,26.53475
Sint Maarten,1928,26.69775
Sint Maarten,1929,26.386583333333334
Sint Maarten,1930,26.738416666666666
Sint Maarten,1931,26.970833333333335
Sint Maarten,1932,26.738583333333334
Sint Maarten,1933,26.436166666666665
Sint Maarten,1934,26.394500000000004
Sint Maarten,1935,26.489083333333337
Sint Maarten,1936,26.59266666666667
Sint Maarten,1937,26.761083333333335
Sint Maarten,1938,26.368583333333333
Sint Maarten,1939,26.620666666666665
Sint Maarten,1940,26.828666666666667
Sint Maarten,1941,27.09
Sint Maarten,1942,26.999666666666666
Sint Maarten,1943,26.541833333333333
Sint Maarten,1944,26.58175
Sint Maarten,1945,26.40008333333333
Sint Maarten,1946,26.653166666666667
Sint Maarten,1947,26.911
Sint Maarten,1948,26.847333333333335
Sint Maarten,1949,26.413083333333333
Sint Maarten,1950,26.266416666666668
Sint Maarten,1951,26.69525
Sint Maarten,1952,26.86691666666667
Sint Maarten,1953,27.03725
Sint Maarten,1954,26.660666666666668
Sint Maarten,1955,26.724999999999998
Sint Maarten,1956,26.626833333333334
Sint Maarten,1957,26.88716666666667
Sint Maarten,1958,27.254500000000004
Sint Maarten,1959,27.09025
Sint Maarten,1960,27.14016666666667
Sint Maarten,1961,26.935833333333335
Sint Maarten,1962,26.84691666666667
Sint Maarten,1963,27.049333333333333
Sint Maarten,1964,26.882416666666668
Sint Maarten,1965,26.557000000000002
Sint Maarten,1966,26.691666666666666
Sint Maarten,1967,26.483999999999998
Sint Maarten,1968,26.608583333333332
Sint Maarten,1969,27.04925
Sint Maarten,1970,26.91616666666667
Sint Maarten,1971,26.553416666666667
Sint Maarten,1972,26.670749999999998
Sint Maarten,1973,27.012333333333334
Sint Maarten,1974,26.491833333333332
Sint Maarten,1975,26.48975
Sint Maarten,1976,26.4545
Sint Maarten,1977,27.048333333333332
Sint Maarten,1978,27.040583333333334
Sint Maarten,1979,26.80633333333334
Sint Maarten,1980,27.252083333333335
Sint Maarten,1981,27.18325
Sint Maarten,1982,26.831166666666665
Sint Maarten,1983,27.263666666666666
Sint Maarten,1984,26.859333333333336
Sint Maarten,1985,26.842
Sint Maarten,1986,26.884416666666667
Sint Maarten,1987,27.379583333333333
Sint Maarten,1988,27.13791666666667
Sint Maarten,1989,26.84658333333333
Sint Maarten,1990,27.09875
Sint Maarten,1991,27.097333333333335
Sint Maarten,1992,27.05033333333333
Sint Maarten,1993,27.163416666666667
Sint Maarten,1994,27.16925
Sint Maarten,1995,27.55033333333333
Sint Maarten,1996,27.056833333333334
Sint Maarten,1997,27.393583333333336
Sint Maarten,1998,27.74083333333333
Sint Maarten,1999,27.344583333333333
Sint Maarten,2000,27.05275
Sint Maarten,2001,27.4085
Sint Maarten,2002,27.53825
Sint Maarten,2003,27.67741666666667
Sint Maarten,2004,27.334000000000003
Sint Maarten,2005,27.732333333333333
Sint Maarten,2006,27.63625
Sint Maarten,2007,27.685083333333335
Sint Maarten,2008,27.140416666666667
Sint Maarten,2009,27.46858333333333
Sint Maarten,2010,27.855999999999998
Sint Maarten,2011,27.528333333333336
Sint Maarten,2012,27.63925
Sint Maarten,2013,27.363
Slovakia,1900,8.050416666666667
Slovakia,1901,7.24775
Slovakia,1902,6.423166666666667
Slovakia,1903,7.830749999999999
Slovakia,1904,7.510833333333333
Slovakia,1905,7.426833333333334
Slovakia,1906,7.587666666666667
Slovakia,1907,6.97825
Slovakia,1908,6.729916666666667
Slovakia,1909,7.038666666666667
Slovakia,1910,8.014833333333334
Slovakia,1911,8.030583333333334
Slovakia,1912,6.705083333333332
Slovakia,1913,7.433166666666666
Slovakia,1914,7.21525
Slovakia,1915,7.323166666666666
Slovakia,1916,8.222166666666666
Slovakia,1917,7.140499999999999
Slovakia,1918,8.000416666666666
Slovakia,1919,6.874416666666666
Slovakia,1920,7.84275
Slovakia,1921,7.9905
Slovakia,1922,6.578833333333333
Slovakia,1923,7.835
Slovakia,1924,6.788333333333333
Slovakia,1925,7.780916666666667
Slovakia,1926,8.264416666666667
Slovakia,1927,7.749749999999999
Slovakia,1928,7.617249999999999
Slovakia,1929,6.491
Slovakia,1930,8.24575
Slovakia,1931,7.093166666666666
Slovakia,1932,7.537333333333333
Slovakia,1933,6.413083333333334
Slovakia,1934,9.040416666666667
Slovakia,1935,7.602250000000001
Slovakia,1936,8.125083333333334
Slovakia,1937,8.21275
Slovakia,1938,7.996833333333334
Slovakia,1939,8.190916666666666
Slovakia,1940,5.576083333333333
Slovakia,1941,6.346916666666668
Slovakia,1942,6.652833333333334
Slovakia,1943,8.032166666666667
Slovakia,1944,7.624583333333334
Slovakia,1945,7.935333333333333
Slovakia,1946,8.115166666666665
Slovakia,1947,7.744666666666666
Slovakia,1948,8.035166666666667
Slovakia,1949,8.253916666666667
Slovakia,1950,8.382249999999999
Slovakia,1951,8.8405
Slovakia,1952,7.5183333333333335
Slovakia,1953,8.032
Slovakia,1954,7.042833333333333
Slovakia,1955,7.284833333333332
Slovakia,1956,6.449999999999999
Slovakia,1957,8.158
Slovakia,1958,7.95825
Slovakia,1959,8.063333333333333
Slovakia,1960,8.039916666666667
Slovakia,1961,8.479583333333334
Slovakia,1962,7.12
Slovakia,1963,7.170583333333333
Slovakia,1964,7.27475
Slovakia,1965,6.69075
Slovakia,1966,8.383583333333334
Slovakia,1967,8.268833333333333
Slovakia,1968,7.958333333333333
Slovakia,1969,7.33475
Slovakia,1970,7.333666666666667
Slovakia,1971,7.80925
Slovakia,1972,8.017333333333333
Slovakia,1973,7.668333333333333
Slovakia,1974,8.298916666666667
Slovakia,1975,8.519166666666665
Slovakia,1976,7.421666666666667
Slovakia,1977,8.133416666666667
Slovakia,1978,7.040833333333334
Slovakia,1979,7.939166666666666
Slovakia,1980,6.674499999999999
Slovakia,1981,7.821083333333333
Slovakia,1982,8.214833333333333
Slovakia,1983,8.586333333333332
Slovakia,1984,7.683000000000001
Slovakia,1985,6.881916666666666
Slovakia,1986,7.674833333333333
Slovakia,1987,7.153083333333334
Slovakia,1988,8.08375
Slovakia,1989,8.72625
Slovakia,1990,8.71675
Slovakia,1991,7.639166666666667
Slovakia,1992,8.727166666666667
Slovakia,1993,7.982166666666667
Slovakia,1994,9.297583333333334
Slovakia,1995,8.153
Slovakia,1996,7.126166666666666
Slovakia,1997,7.773083333333333
Slovakia,1998,8.333583333333333
Slovakia,1999,8.675583333333334
Slovakia,2000,9.482
Slovakia,2001,8.30775
Slovakia,2002,9.136416666666667
Slovakia,2003,8.487083333333333
Slovakia,2004,8.145583333333333
Slovakia,2005,7.936916666666666
Slovakia,2006,8.528333333333334
Slovakia,2007,9.478916666666667
Slovakia,2008,9.397416666666667
Slovakia,2009,9.001666666666667
Slovakia,2010,8.072999999999999
Slovakia,2011,8.846
Slovakia,2012,8.873166666666666
Slovakia,2013,9.685625
Slovenia,1900,10.140833333333333
Slovenia,1901,9.04025
Slovenia,1902,9.113750000000001
Slovenia,1903,9.65225
Slovenia,1904,10.059000000000001
Slovenia,1905,9.217083333333333
Slovenia,1906,9.29425
Slovenia,1907,9.362833333333334
Slovenia,1908,8.837833333333334
Slovenia,1909,9.033
Slovenia,1910,9.737
Slovenia,1911,10.006
Slovenia,1912,9.056833333333334
Slovenia,1913,9.460833333333333
Slovenia,1914,8.984333333333334
Slovenia,1915,9.383000000000001
Slovenia,1916,10.289166666666667
Slovenia,1917,9.187083333333334
Slovenia,1918,9.604750000000001
Slovenia,1919,9.020166666666666
Slovenia,1920,10.273166666666667
Slovenia,1921,10.123166666666668
Slovenia,1922,9.139416666666667
Slovenia,1923,10.073166666666667
Slovenia,1924,9.26375
Slovenia,1925,9.59225
Slovenia,1926,10.266
Slovenia,1927,10.209
Slovenia,1928,10.061250000000001
Slovenia,1929,9.039416666666666
Slovenia,1930,10.38925
Slovenia,1931,9.340416666666666
Slovenia,1932,9.479916666666666
Slovenia,1933,8.8365
Slovenia,1934,10.681416666666665
Slovenia,1935,9.631666666666666
Slovenia,1936,10.170583333333333
Slovenia,1937,10.014333333333333
Slovenia,1938,9.691
Slovenia,1939,9.843833333333334
Slovenia,1940,8.197916666666666
Slovenia,1941,8.725000000000001
Slovenia,1942,9.246083333333333
Slovenia,1943,10.351833333333333
Slovenia,1944,9.432583333333334
Slovenia,1945,10.2005
Slovenia,1946,10.398416666666668
Slovenia,1947,10.190583333333334
Slovenia,1948,10.15525
Slovenia,1949,10.285750000000002
Slovenia,1950,10.637916666666667
Slovenia,1951,10.677916666666667
Slovenia,1952,9.925333333333333
Slovenia,1953,9.976416666666667
Slovenia,1954,9.107750000000001
Slovenia,1955,9.462
Slovenia,1956,8.7005
Slovenia,1957,9.999
Slovenia,1958,10.188416666666667
Slovenia,1959,10.11925
Slovenia,1960,10.045583333333335
Slovenia,1961,10.515583333333334
Slovenia,1962,8.927833333333334
Slovenia,1963,9.277166666666668
Slovenia,1964,9.514166666666666
Slovenia,1965,9.154333333333332
Slovenia,1966,10.258083333333333
Slovenia,1967,10.13175
Slovenia,1968,9.781166666666667
Slovenia,1969,9.419916666666667
Slovenia,1970,9.541333333333332
Slovenia,1971,9.679333333333334
Slovenia,1972,9.692333333333332
Slovenia,1973,9.555250000000001
Slovenia,1974,10.140666666666666
Slovenia,1975,10.366083333333334
Slovenia,1976,9.530833333333334
Slovenia,1977,10.263333333333334
Slovenia,1978,9.057833333333333
Slovenia,1979,9.969416666666667
Slovenia,1980,9.046416666666667
Slovenia,1981,9.853583333333335
Slovenia,1982,10.291583333333334
Slovenia,1983,10.344333333333333
Slovenia,1984,9.482666666666667
Slovenia,1985,9.464916666666667
Slovenia,1986,9.67775
Slovenia,1987,9.726833333333333
Slovenia,1988,10.416333333333332
Slovenia,1989,10.528
Slovenia,1990,10.726333333333335
Slovenia,1991,9.758000000000001
Slovenia,1992,10.925333333333334
Slovenia,1993,10.35
Slovenia,1994,11.502
Slovenia,1995,10.289583333333335
Slovenia,1996,9.445
Slovenia,1997,10.382916666666667
Slovenia,1998,10.597333333333333
Slovenia,1999,10.686916666666667
Slovenia,2000,11.590583333333335
Slovenia,2001,10.894666666666666
Slovenia,2002,11.337250000000003
Slovenia,2003,11.009666666666668
Slovenia,2004,10.241249999999999
Slovenia,2005,9.795083333333332
Slovenia,2006,10.723416666666667
Slovenia,2007,11.462583333333335
Slovenia,2008,11.247916666666669
Slovenia,2009,11.237416666666666
Slovenia,2010,10.194
Slovenia,2011,11.208083333333333
Slovenia,2012,11.27825
Slovenia,2013,11.74475
Solomon Islands,1900,26.210583333333336
Solomon Islands,1901,26.502416666666665
Solomon Islands,1902,25.8055
Solomon Islands,1903,26.226916666666668
Solomon Islands,1904,25.99891666666667
Solomon Islands,1905,25.972166666666666
Solomon Islands,1906,26.343666666666667
Solomon Islands,1907,26.060333333333332
Solomon Islands,1908,26.115333333333336
Solomon Islands,1909,26.585250000000002
Solomon Islands,1910,26.00525
Solomon Islands,1911,26.51991666666667
Solomon Islands,1912,26.480333333333334
Solomon Islands,1913,26.493333333333336
Solomon Islands,1914,26.434
Solomon Islands,1915,26.97366666666667
Solomon Islands,1916,26.71591666666667
Solomon Islands,1917,26.321749999999998
Solomon Islands,1918,26.287000000000003
Solomon Islands,1919,26.511166666666668
Solomon Islands,1920,26.541666666666668
Solomon Islands,1921,26.466916666666666
Solomon Islands,1922,26.51391666666667
Solomon Islands,1923,26.321416666666668
Solomon Islands,1924,26.599
Solomon Islands,1925,26.199083333333334
Solomon Islands,1926,26.27475
Solomon Islands,1927,26.423750000000002
Solomon Islands,1928,26.5585
Solomon Islands,1929,26.328833333333336
Solomon Islands,1930,26.355166666666666
Solomon Islands,1931,26.383166666666668
Solomon Islands,1932,26.432666666666666
Solomon Islands,1933,26.335833333333337
Solomon Islands,1934,26.317833333333336
Solomon Islands,1935,26.524583333333336
Solomon Islands,1936,26.505166666666668
Solomon Islands,1937,26.616833333333332
Solomon Islands,1938,26.7175
Solomon Islands,1939,26.548750000000002
Solomon Islands,1940,26.441583333333337
Solomon Islands,1941,26.434749999999998
Solomon Islands,1942,26.793583333333334
Solomon Islands,1943,26.52525
Solomon Islands,1944,26.485500000000002
Solomon Islands,1945,26.614416666666667
Solomon Islands,1946,26.441583333333337
Solomon Islands,1947,27.14616666666667
Solomon Islands,1948,26.579333333333334
Solomon Islands,1949,26.53333333333333
Solomon Islands,1950,26.655
Solomon Islands,1951,26.5625
Solomon Islands,1952,26.740166666666667
Solomon Islands,1953,26.468500000000002
Solomon Islands,1954,26.72758333333333
Solomon Islands,1955,26.532833333333333
Solomon Islands,1956,26.794416666666667
Solomon Islands,1957,26.574833333333334
Solomon Islands,1958,26.877
Solomon Islands,1959,26.682333333333332
Solomon Islands,1960,26.661666666666665
Solomon Islands,1961,26.672583333333336
Solomon Islands,1962,26.717
Solomon Islands,1963,26.56075
Solomon Islands,1964,26.73041666666667
Solomon Islands,1965,26.284499999999998
Solomon Islands,1966,26.538750000000004
Solomon Islands,1967,26.532416666666666
Solomon Islands,1968,26.544333333333338
Solomon Islands,1969,26.86191666666667
Solomon Islands,1970,26.730500000000003
Solomon Islands,1971,26.497
Solomon Islands,1972,26.457916666666666
Solomon Islands,1973,27.038416666666667
Solomon Islands,1974,26.80366666666667
Solomon Islands,1975,26.747416666666666
Solomon Islands,1976,26.632416666666668
Solomon Islands,1977,26.857416666666666
Solomon Islands,1978,26.92441666666667
Solomon Islands,1979,26.954916666666666
Solomon Islands,1980,26.941166666666664
Solomon Islands,1981,27.06691666666667
Solomon Islands,1982,26.740250000000003
Solomon Islands,1983,26.98725
Solomon Islands,1984,26.896416666666667
Solomon Islands,1985,27.013499999999997
Solomon Islands,1986,27.024333333333335
Solomon Islands,1987,26.955416666666668
Solomon Islands,1988,27.279583333333335
Solomon Islands,1989,26.99191666666667
Solomon Islands,1990,27.264916666666668
Solomon Islands,1991,26.993416666666665
Solomon Islands,1992,27.00191666666667
Solomon Islands,1993,26.781000000000002
Solomon Islands,1994,26.793083333333332
Solomon Islands,1995,27.2005
Solomon Islands,1996,27.124916666666667
Solomon Islands,1997,26.95041666666667
Solomon Islands,1998,27.374333333333336
Solomon Islands,1999,26.994249999999997
Solomon Islands,2000,27.264750000000003
Solomon Islands,2001,27.448333333333334
Solomon Islands,2002,27.375416666666666
Solomon Islands,2003,27.37975
Solomon Islands,2004,27.178583333333336
Solomon Islands,2005,27.383333333333336
Solomon Islands,2006,27.207416666666663
Solomon Islands,2007,27.321416666666668
Solomon Islands,2008,27.183916666666665
Solomon Islands,2009,27.387833333333333
Solomon Islands,2010,27.586250000000003
Solomon Islands,2011,27.23575
Solomon Islands,2012,27.180000000000003
Solomon Islands,2013,27.210250000000002
Somalia,1900,26.7085
Somalia,1901,26.485166666666668
Somalia,1902,26.590500000000002
Somalia,1903,26.461166666666667
Somalia,1904,26.532
Somalia,1905,26.642583333333334
Somalia,1906,26.415750000000003
Somalia,1907,26.234250000000003
Somalia,1908,26.264166666666668
Somalia,1909,26.460833333333337
Somalia,1910,27.078999999999997
Somalia,1911,26.65275
Somalia,1912,26.318749999999998
Somalia,1913,26.457916666666666
Somalia,1914,26.78125
Somalia,1915,27.02316666666667
Somalia,1916,26.53441666666667
Somalia,1917,26.61366666666667
Somalia,1918,26.446166666666667
Somalia,1919,26.886833333333332
Somalia,1920,26.650666666666666
Somalia,1921,26.536
Somalia,1922,26.43733333333333
Somalia,1923,26.31158333333333
Somalia,1924,26.662916666666664
Somalia,1925,26.494083333333332
Somalia,1926,26.950166666666664
Somalia,1927,26.43075
Somalia,1928,26.637583333333335
Somalia,1929,27.01891666666667
Somalia,1930,26.910916666666665
Somalia,1931,27.110916666666668
Somalia,1932,26.671499999999998
Somalia,1933,26.884
Somalia,1934,26.630166666666668
Somalia,1935,26.733166666666666
Somalia,1936,26.806250000000002
Somalia,1937,26.4785
Somalia,1938,26.445333333333334
Somalia,1939,26.741083333333336
Somalia,1940,27.14125
Somalia,1941,27.264166666666668
Somalia,1942,27.053250000000002
Somalia,1943,26.929583333333337
Somalia,1944,27.01025
Somalia,1945,27.086916666666667
Somalia,1946,26.867250000000002
Somalia,1947,26.897833333333335
Somalia,1948,26.897833333333335
Somalia,1949,26.982583333333334
Somalia,1950,26.569916666666668
Somalia,1951,26.92658333333333
Somalia,1952,27.043833333333335
Somalia,1953,27.110500000000002
Somalia,1954,26.84358333333334
Somalia,1955,26.681
Somalia,1956,26.567999999999998
Somalia,1957,26.72458333333333
Somalia,1958,27.229916666666668
Somalia,1959,27.109250000000003
Somalia,1960,26.79625
Somalia,1961,27.04641666666667
Somalia,1962,26.828999999999997
Somalia,1963,26.535416666666666
Somalia,1964,26.780916666666666
Somalia,1965,26.499666666666666
Somalia,1966,26.806166666666666
Somalia,1967,26.941166666666664
Somalia,1968,26.60766666666667
Somalia,1969,27.125
Somalia,1970,26.956333333333333
Somalia,1971,26.855583333333332
Somalia,1972,27.343833333333333
Somalia,1973,27.234250000000003
Somalia,1974,26.769583333333333
Somalia,1975,26.332916666666666
Somalia,1976,26.621416666666665
Somalia,1977,27.1915
Somalia,1978,27.325333333333333
Somalia,1979,27.20566666666667
Somalia,1980,27.4335
Somalia,1981,27.057916666666667
Somalia,1982,27.103083333333334
Somalia,1983,27.428
Somalia,1984,26.81516666666667
Somalia,1985,26.800250000000002
Somalia,1986,27.035
Somalia,1987,27.4325
Somalia,1988,27.483
Somalia,1989,26.858
Somalia,1990,27.142666666666667
Somalia,1991,27.256083333333333
Somalia,1992,27.25825
Somalia,1993,26.909750000000003
Somalia,1994,27.265
Somalia,1995,27.16325
Somalia,1996,27.126
Somalia,1997,27.222333333333335
Somalia,1998,27.549916666666665
Somalia,1999,27.4995
Somalia,2000,27.710250000000002
Somalia,2001,27.477833333333336
Somalia,2002,27.516000000000002
Somalia,2003,27.787166666666668
Somalia,2004,27.683666666666667
Somalia,2005,27.83241666666667
Somalia,2006,27.653166666666667
Somalia,2007,27.87275
Somalia,2008,27.451333333333334
Somalia,2009,27.945083333333333
Somalia,2010,27.821
Somalia,2011,27.92441666666667
Somalia,2012,27.9385
Somalia,2013,27.975625
South Africa,1900,17.386
South Africa,1901,16.909166666666668
South Africa,1902,16.713833333333334
South Africa,1903,16.6385
South Africa,1904,16.596166666666665
South Africa,1905,16.778333333333332
South Africa,1906,16.520333333333337
South Africa,1907,16.482833333333335
South Africa,1908,16.766583333333333
South Africa,1909,16.958833333333335
South Africa,1910,16.625333333333334
South Africa,1911,16.81266666666667
South Africa,1912,17.111
South Africa,1913,17.306166666666666
South Africa,1914,17.3855
South Africa,1915,17.031916666666667
South Africa,1916,17.049083333333332
South Africa,1917,16.556416666666667
South Africa,1918,16.893833333333333
South Africa,1919,17.332166666666666
South Africa,1920,17.304166666666667
South Africa,1921,16.77658333333333
South Africa,1922,17.37425
South Africa,1923,17.41475
South Africa,1924,16.698666666666668
South Africa,1925,17.023333333333333
South Africa,1926,17.329333333333334
South Africa,1927,17.69375
South Africa,1928,17.266666666666666
South Africa,1929,17.38925
South Africa,1930,17.040583333333334
South Africa,1931,17.389666666666667
South Africa,1932,17.61766666666667
South Africa,1933,17.527083333333334
South Africa,1934,17.519833333333334
South Africa,1935,16.760166666666667
South Africa,1936,17.07466666666667
South Africa,1937,17.445083333333333
South Africa,1938,17.385
South Africa,1939,17.032583333333335
South Africa,1940,17.598583333333334
South Africa,1941,17.73175
South Africa,1942,17.53075
South Africa,1943,16.8795
South Africa,1944,17.459416666666666
South Africa,1945,17.597583333333333
South Africa,1946,17.510333333333335
South Africa,1947,17.577583333333333
South Africa,1948,17.273500000000002
South Africa,1949,17.666999999999998
South Africa,1950,17.451166666666666
South Africa,1951,17.002333333333336
South Africa,1952,17.517500000000002
South Africa,1953,17.312416666666667
South Africa,1954,17.066583333333334
South Africa,1955,16.601833333333335
South Africa,1956,17.09325
South Africa,1957,17.426333333333332
South Africa,1958,17.422833333333333
South Africa,1959,17.33216666666667
South Africa,1960,17.571583333333333
South Africa,1961,17.545166666666667
South Africa,1962,17.738666666666667
South Africa,1963,17.50583333333333
South Africa,1964,17.262
South Africa,1965,17.399916666666666
South Africa,1966,17.80666666666667
South Africa,1967,17.307833333333335
South Africa,1968,17.043583333333334
South Africa,1969,17.772333333333332
South Africa,1970,17.72025
South Africa,1971,17.28575
South Africa,1972,17.621166666666667
South Africa,1973,17.584416666666666
South Africa,1974,17.175416666666667
South Africa,1975,17.1505
South Africa,1976,16.963833333333334
South Africa,1977,17.66
South Africa,1978,17.40975
South Africa,1979,17.789833333333334
South Africa,1980,17.609833333333334
South Africa,1981,17.115750000000002
South Africa,1982,17.752083333333335
South Africa,1983,18.203583333333334
South Africa,1984,17.96816666666667
South Africa,1985,18.056083333333333
South Africa,1986,17.955000000000002
South Africa,1987,18.103583333333333
South Africa,1988,17.628833333333333
South Africa,1989,17.406166666666667
South Africa,1990,17.728333333333335
South Africa,1991,17.752
South Africa,1992,18.25616666666667
South Africa,1993,18.202749999999998
South Africa,1994,17.61475
South Africa,1995,17.87075
South Africa,1996,17.258666666666667
South Africa,1997,17.61525
South Africa,1998,18.095333333333333
South Africa,1999,18.5455
South Africa,2000,17.585583333333336
South Africa,2001,17.867916666666666
South Africa,2002,17.949416666666668
South Africa,2003,18.261666666666667
South Africa,2004,18.082833333333337
South Africa,2005,18.217916666666667
South Africa,2006,17.5975
South Africa,2007,17.98625
South Africa,2008,17.956083333333336
South Africa,2009,17.886
South Africa,2010,18.302666666666667
South Africa,2011,17.552416666666666
South Africa,2012,17.84691666666667
South Africa,2013,17.325375
South America,1900,21.974833333333333
South America,1901,21.849666666666668
South America,1902,21.780416666666667
South America,1903,21.601416666666665
South America,1904,21.279083333333336
South America,1905,21.723333333333333
South America,1906,21.65941666666667
South America,1907,21.345916666666668
South America,1908,21.483833333333333
South America,1909,21.40525
South America,1910,21.3865
South America,1911,21.331333333333333
South America,1912,21.634083333333333
South America,1913,21.768833333333333
South America,1914,21.895083333333332
South America,1915,22.095
South America,1916,21.49466666666667
South America,1917,21.11225
South America,1918,21.41
South America,1919,21.911833333333334
South America,1920,21.564333333333334
South America,1921,21.37425
South America,1922,21.53916666666667
South America,1923,21.4195
South America,1924,21.493916666666667
South America,1925,21.66225
South America,1926,22.114500000000003
South America,1927,21.78441666666667
South America,1928,21.849
South America,1929,21.727083333333336
South America,1930,21.925916666666666
South America,1931,21.78933333333333
South America,1932,21.99666666666667
South America,1933,21.68166666666667
South America,1934,21.654916666666665
South America,1935,21.880416666666665
South America,1936,22.04525
South America,1937,22.050583333333336
South America,1938,21.810333333333332
South America,1939,21.962333333333333
South America,1940,22.162499999999998
South America,1941,22.202166666666667
South America,1942,21.910666666666668
South America,1943,21.77525
South America,1944,22.103083333333334
South America,1945,22.019666666666666
South America,1946,21.967250000000003
South America,1947,21.851833333333335
South America,1948,21.956916666666668
South America,1949,21.76516666666667
South America,1950,21.734916666666667
South America,1951,21.934749999999998
South America,1952,22.00316666666667
South America,1953,22.13325
South America,1954,21.89625
South America,1955,21.697750000000003
South America,1956,21.46291666666667
South America,1957,21.93841666666667
South America,1958,22.303083333333333
South America,1959,22.057916666666667
South America,1960,21.921750000000003
South America,1961,22.18275
South America,1962,21.956833333333336
South America,1963,22.204250000000002
South America,1964,21.82058333333333
South America,1965,22.09691666666667
South America,1966,22.118
South America,1967,22.0925
South America,1968,21.91325
South America,1969,22.406000000000002
South America,1970,22.24416666666667
South America,1971,21.688916666666668
South America,1972,22.160083333333336
South America,1973,22.13383333333333
South America,1974,21.710250000000002
South America,1975,21.831833333333336
South America,1976,21.768583333333336
South America,1977,22.294666666666668
South America,1978,22.140249999999998
South America,1979,22.106583333333333
South America,1980,22.28025
South America,1981,22.1365
South America,1982,22.319666666666667
South America,1983,22.46041666666667
South America,1984,22.03525
South America,1985,22.153833333333335
South America,1986,22.258750000000003
South America,1987,22.625
South America,1988,22.21475
South America,1989,22.10441666666667
South America,1990,22.323083333333333
South America,1991,22.381249999999998
South America,1992,22.28975
South America,1993,22.380166666666668
South America,1994,22.556083333333333
South America,1995,22.5645
South America,1996,22.321833333333334
South America,1997,22.69541666666667
South America,1998,22.857
South America,1999,22.241500000000002
South America,2000,22.164666666666665
South America,2001,22.504333333333335
South America,2002,22.683666666666667
South America,2003,22.649833333333333
South America,2004,22.574583333333333
South America,2005,22.67141666666667
South America,2006,22.61175
South America,2007,22.435
South America,2008,22.452916666666667
South America,2009,22.652583333333336
South America,2010,22.677333333333337
South America,2011,22.473000000000003
South America,2012,22.722583333333333
South America,2013,22.205375
South Georgia And The South Sandwich Isla,1900,1.217
South Georgia And The South Sandwich Isla,1901,1.1784166666666667
South Georgia And The South Sandwich Isla,1902,0.6023636363636364
South Georgia And The South Sandwich Isla,1903,0.7875833333333334
South Georgia And The South Sandwich Isla,1904,0.42816666666666664
South Georgia And The South Sandwich Isla,1905,1.2295
South Georgia And The South Sandwich Isla,1906,1.4262500000000002
South Georgia And The South Sandwich Isla,1907,1.2324166666666667
South Georgia And The South Sandwich Isla,1908,1.6937499999999999
South Georgia And The South Sandwich Isla,1909,1.2169999999999999
South Georgia And The South Sandwich Isla,1910,1.4751666666666667
South Georgia And The South Sandwich Isla,1911,0.8585833333333334
South Georgia And The South Sandwich Isla,1912,0.58025
South Georgia And The South Sandwich Isla,1913,0.6568333333333334
South Georgia And The South Sandwich Isla,1914,1.4654166666666668
South Georgia And The South Sandwich Isla,1915,0.9921666666666668
South Georgia And The South Sandwich Isla,1916,0.7854166666666668
South Georgia And The South Sandwich Isla,1917,1.6895
South Georgia And The South Sandwich Isla,1918,1.4678333333333333
South Georgia And The South Sandwich Isla,1919,1.2670833333333333
South Georgia And The South Sandwich Isla,1920,0.6077499999999999
South Georgia And The South Sandwich Isla,1921,0.7688333333333333
South Georgia And The South Sandwich Isla,1922,1.4629166666666666
South Georgia And The South Sandwich Isla,1923,0.7331666666666665
South Georgia And The South Sandwich Isla,1924,0.6155
South Georgia And The South Sandwich Isla,1925,0.8602500000000001
South Georgia And The South Sandwich Isla,1926,0.5055
South Georgia And The South Sandwich Isla,1927,0.36341666666666655
South Georgia And The South Sandwich Isla,1928,0.46483333333333343
South Georgia And The South Sandwich Isla,1929,1.0527499999999999
South Georgia And The South Sandwich Isla,1930,0.4448333333333334
South Georgia And The South Sandwich Isla,1931,1.4244166666666667
South Georgia And The South Sandwich Isla,1932,1.3696666666666666
South Georgia And The South Sandwich Isla,1933,1.5488333333333335
South Georgia And The South Sandwich Isla,1934,1.3484999999999998
South Georgia And The South Sandwich Isla,1935,0.5670000000000001
South Georgia And The South Sandwich Isla,1936,1.7094166666666666
South Georgia And The South Sandwich Isla,1937,1.5916666666666666
South Georgia And The South Sandwich Isla,1938,1.2586666666666666
South Georgia And The South Sandwich Isla,1939,0.5771666666666665
South Georgia And The South Sandwich Isla,1940,1.9739166666666668
South Georgia And The South Sandwich Isla,1941,1.1080833333333333
South Georgia And The South Sandwich Isla,1942,1.052
South Georgia And The South Sandwich Isla,1943,2.07875
South Georgia And The South Sandwich Isla,1944,1.2634166666666666
South Georgia And The South Sandwich Isla,1945,0.3220000000000002
South Georgia And The South Sandwich Isla,1946,1.0296666666666667
South Georgia And The South Sandwich Isla,1947,1.6232499999999999
South Georgia And The South Sandwich Isla,1948,0.9605
South Georgia And The South Sandwich Isla,1949,1.3258333333333334
South Georgia And The South Sandwich Isla,1950,0.6483333333333333
South Georgia And The South Sandwich Isla,1951,1.2695833333333333
South Georgia And The South Sandwich Isla,1952,1.23825
South Georgia And The South Sandwich Isla,1953,1.5139166666666666
South Georgia And The South Sandwich Isla,1954,1.325
South Georgia And The South Sandwich Isla,1955,1.8352499999999996
South Georgia And The South Sandwich Isla,1956,1.9160000000000001
South Georgia And The South Sandwich Isla,1957,1.7905
South Georgia And The South Sandwich Isla,1958,1.3023333333333333
South Georgia And The South Sandwich Isla,1959,0.6454166666666667
South Georgia And The South Sandwich Isla,1960,1.63875
South Georgia And The South Sandwich Isla,1961,1.1821666666666666
South Georgia And The South Sandwich Isla,1962,1.8490833333333334
South Georgia And The South Sandwich Isla,1963,1.3371666666666666
South Georgia And The South Sandwich Isla,1964,0.8332499999999999
South Georgia And The South Sandwich Isla,1965,1.6951666666666665
South Georgia And The South Sandwich Isla,1966,1.0448333333333333
South Georgia And The South Sandwich Isla,1967,1.4190833333333333
South Georgia And The South Sandwich Isla,1968,1.8782500000000002
South Georgia And The South Sandwich Isla,1969,1.611
South Georgia And The South Sandwich Isla,1970,1.5159166666666668
South Georgia And The South Sandwich Isla,1971,1.4579166666666667
South Georgia And The South Sandwich Isla,1972,0.9297500000000002
South Georgia And The South Sandwich Isla,1973,1.4410833333333333
South Georgia And The South Sandwich Isla,1974,1.4743333333333333
South Georgia And The South Sandwich Isla,1975,1.4805833333333334
South Georgia And The South Sandwich Isla,1976,1.5334166666666667
South Georgia And The South Sandwich Isla,1977,1.643
South Georgia And The South Sandwich Isla,1978,1.7745833333333334
South Georgia And The South Sandwich Isla,1979,1.587
South Georgia And The South Sandwich Isla,1980,1.1380833333333333
South Georgia And The South Sandwich Isla,1981,1.8921666666666666
South Georgia And The South Sandwich Isla,1982,1.9765
South Georgia And The South Sandwich Isla,1983,1.7759166666666666
South Georgia And The South Sandwich Isla,1984,1.5270833333333336
South Georgia And The South Sandwich Isla,1985,1.90475
South Georgia And The South Sandwich Isla,1986,1.8687500000000001
South Georgia And The South Sandwich Isla,1987,1.1954166666666668
South Georgia And The South Sandwich Isla,1988,1.4955833333333335
South Georgia And The South Sandwich Isla,1989,2.4755833333333332
South Georgia And The South Sandwich Isla,1990,2.1653333333333333
South Georgia And The South Sandwich Isla,1991,1.54125
South Georgia And The South Sandwich Isla,1992,1.76
South Georgia And The South Sandwich Isla,1993,2.258833333333333
South Georgia And The South Sandwich Isla,1994,1.3565833333333333
South Georgia And The South Sandwich Isla,1995,1.6331666666666667
South Georgia And The South Sandwich Isla,1996,2.0825
South Georgia And The South Sandwich Isla,1997,1.6834166666666668
South Georgia And The South Sandwich Isla,1998,2.3995
South Georgia And The South Sandwich Isla,1999,2.6010833333333334
South Georgia And The South Sandwich Isla,2000,2.0285833333333336
South Georgia And The South Sandwich Isla,2001,2.4963333333333333
South Georgia And The South Sandwich Isla,2002,1.6692500000000001
South Georgia And The South Sandwich Isla,2003,1.9478333333333335
South Georgia And The South Sandwich Isla,2004,2.3595833333333336
South Georgia And The South Sandwich Isla,2005,2.030416666666667
South Georgia And The South Sandwich Isla,2006,2.3226666666666667
South Georgia And The South Sandwich Isla,2007,1.4516666666666669
South Georgia And The South Sandwich Isla,2008,2.0684166666666672
South Georgia And The South Sandwich Isla,2009,2.26125
South Georgia And The South Sandwich Isla,2010,2.5810833333333334
South Georgia And The South Sandwich Isla,2011,2.5091666666666668
South Georgia And The South Sandwich Isla,2012,1.9021666666666668
South Georgia And The South Sandwich Isla,2013,2.228625
South Korea,1900,11.592666666666666
South Korea,1901,11.296
South Korea,1902,11.809666666666667
South Korea,1903,11.74125
South Korea,1904,11.47525
South Korea,1905,11.739833333333332
South Korea,1906,11.218916666666667
South Korea,1907,11.6145
South Korea,1908,11.293333333333335
South Korea,1909,11.429499999999999
South Korea,1910,11.058083333333334
South Korea,1911,11.501916666666666
South Korea,1912,11.238
South Korea,1913,10.952916666666667
South Korea,1914,12.571916666666667
South Korea,1915,11.759583333333333
South Korea,1916,11.90375
South Korea,1917,10.802833333333334
South Korea,1918,11.240916666666665
South Korea,1919,11.763833333333332
South Korea,1920,12.074
South Korea,1921,11.533583333333334
South Korea,1922,11.926
South Korea,1923,11.432916666666666
South Korea,1924,11.572333333333335
South Korea,1925,11.442833333333333
South Korea,1926,11.322416666666667
South Korea,1927,11.697916666666666
South Korea,1928,11.735916666666666
South Korea,1929,11.942083333333334
South Korea,1930,12.2815
South Korea,1931,11.492333333333335
South Korea,1932,11.9425
South Korea,1933,11.69325
South Korea,1934,11.388083333333334
South Korea,1935,12.254166666666668
South Korea,1936,11.016916666666667
South Korea,1937,12.300166666666668
South Korea,1938,11.908333333333333
South Korea,1939,12.371916666666666
South Korea,1940,11.7795
South Korea,1941,11.903500000000001
South Korea,1942,11.9655
South Korea,1943,12.094083333333332
South Korea,1944,11.788833333333335
South Korea,1945,11.247083333333334
South Korea,1946,12.189583333333333
South Korea,1947,10.6495
South Korea,1948,12.395166666666668
South Korea,1949,12.057833333333333
South Korea,1950,12.339666666666666
South Korea,1951,12.228416666666666
South Korea,1952,11.979333333333335
South Korea,1953,12.156583333333332
South Korea,1954,12.255250000000002
South Korea,1955,12.391583333333335
South Korea,1956,11.127833333333333
South Korea,1957,11.399166666666666
South Korea,1958,12.25875
South Korea,1959,12.840333333333334
South Korea,1960,12.7395
South Korea,1961,12.879
South Korea,1962,12.083833333333333
South Korea,1963,11.488999999999999
South Korea,1964,12.588166666666668
South Korea,1965,11.752833333333333
South Korea,1966,12.02425
South Korea,1967,12.04625
South Korea,1968,11.956416666666668
South Korea,1969,11.448083333333335
South Korea,1970,11.71125
South Korea,1971,11.920416666666668
South Korea,1972,12.133833333333333
South Korea,1973,12.432416666666667
South Korea,1974,11.388333333333334
South Korea,1975,12.615
South Korea,1976,11.720166666666666
South Korea,1977,12.361333333333334
South Korea,1978,12.807833333333335
South Korea,1979,12.67575
South Korea,1980,11.263583333333335
South Korea,1981,11.47425
South Korea,1982,12.469833333333334
South Korea,1983,12.363999999999999
South Korea,1984,11.802583333333333
South Korea,1985,12.177166666666666
South Korea,1986,11.601916666666668
South Korea,1987,12.359250000000001
South Korea,1988,12.22625
South Korea,1989,12.951833333333333
South Korea,1990,13.2295
South Korea,1991,12.407916666666667
South Korea,1992,12.60375
South Korea,1993,11.971916666666667
South Korea,1994,13.480416666666665
South Korea,1995,12.32725
South Korea,1996,12.165
South Korea,1997,12.818833333333332
South Korea,1998,13.64925
South Korea,1999,13.033416666666668
South Korea,2000,12.575333333333333
South Korea,2001,12.842583333333335
South Korea,2002,12.817166666666667
South Korea,2003,12.646583333333334
South Korea,2004,13.365083333333333
South Korea,2005,12.356666666666667
South Korea,2006,12.903333333333334
South Korea,2007,13.292916666666665
South Korea,2008,13.027916666666668
South Korea,2009,12.949333333333334
South Korea,2010,12.63975
South Korea,2011,12.3635
South Korea,2012,12.391666666666666
South Korea,2013,13.7605
Spain,1900,13.629416666666666
Spain,1901,13.087416666666668
Spain,1902,13.32475
Spain,1903,13.282083333333333
Spain,1904,13.843833333333334
Spain,1905,13.14925
Spain,1906,13.3805
Spain,1907,13.30475
Spain,1908,13.626416666666666
Spain,1909,13.04875
Spain,1910,13.073500000000001
Spain,1911,13.409999999999998
Spain,1912,13.221333333333334
Spain,1913,13.556583333333334
Spain,1914,13.344916666666668
Spain,1915,13.489166666666668
Spain,1916,13.346416666666668
Spain,1917,12.801416666666666
Spain,1918,13.215666666666666
Spain,1919,13.167250000000001
Spain,1920,13.887916666666667
Spain,1921,13.846666666666666
Spain,1922,13.367083333333333
Spain,1923,13.449416666666666
Spain,1924,13.712916666666667
Spain,1925,12.930416666666666
Spain,1926,14.246416666666667
Spain,1927,13.788333333333334
Spain,1928,13.977666666666666
Spain,1929,13.929416666666667
Spain,1930,13.900666666666666
Spain,1931,13.678666666666667
Spain,1932,13.168750000000001
Spain,1933,13.650666666666666
Spain,1934,13.513416666666666
Spain,1935,13.45525
Spain,1936,13.412666666666667
Spain,1937,14.124166666666667
Spain,1938,13.854583333333332
Spain,1939,13.409666666666666
Spain,1940,13.665416666666667
Spain,1941,13.257916666666667
Spain,1942,13.767083333333334
Spain,1943,14.208083333333335
Spain,1944,13.504083333333334
Spain,1945,14.528416666666667
Spain,1946,13.406833333333333
Spain,1947,14.417083333333332
Spain,1948,14.487250000000001
Spain,1949,14.510083333333334
Spain,1950,14.23925
Spain,1951,13.347083333333332
Spain,1952,13.794666666666666
Spain,1953,13.89325
Spain,1954,13.429666666666668
Spain,1955,14.5375
Spain,1956,12.670499999999999
Spain,1957,13.536666666666667
Spain,1958,14.019083333333333
Spain,1959,13.981499999999999
Spain,1960,13.7815
Spain,1961,14.636083333333334
Spain,1962,13.812583333333334
Spain,1963,13.395249999999999
Spain,1964,14.064749999999998
Spain,1965,13.654916666666667
Spain,1966,13.969916666666668
Spain,1967,13.697916666666666
Spain,1968,13.938833333333333
Spain,1969,13.211333333333334
Spain,1970,13.719999999999999
Spain,1971,13.091583333333332
Spain,1972,12.810666666666668
Spain,1973,13.420166666666667
Spain,1974,13.324166666666665
Spain,1975,13.374249999999998
Spain,1976,13.435
Spain,1977,13.548499999999999
Spain,1978,13.716666666666667
Spain,1979,13.831666666666665
Spain,1980,13.60425
Spain,1981,14.273249999999999
Spain,1982,14.205
Spain,1983,14.1945
Spain,1984,13.36575
Spain,1985,14.131833333333333
Spain,1986,13.876249999999999
Spain,1987,14.460916666666668
Spain,1988,14.161333333333333
Spain,1989,15.045916666666665
Spain,1990,14.762083333333335
Spain,1991,14.007166666666665
Spain,1992,13.95525
Spain,1993,13.500666666666667
Spain,1994,14.651000000000002
Spain,1995,15.072166666666666
Spain,1996,14.15125
Spain,1997,15.105916666666667
Spain,1998,14.552
Spain,1999,14.3665
Spain,2000,14.46875
Spain,2001,14.616083333333334
Spain,2002,14.647916666666667
Spain,2003,14.996916666666666
Spain,2004,14.396416666666667
Spain,2005,14.303583333333334
Spain,2006,15.105916666666667
Spain,2007,14.241333333333332
Spain,2008,14.2295
Spain,2009,14.968083333333333
Spain,2010,14.246
Spain,2011,15.321083333333334
Spain,2012,14.58
Spain,2013,14.858875000000001
Sri Lanka,1900,27.24225
Sri Lanka,1901,27.148
Sri Lanka,1902,27.012333333333334
Sri Lanka,1903,27.002666666666666
Sri Lanka,1904,26.59
Sri Lanka,1905,26.995
Sri Lanka,1906,27.150666666666666
Sri Lanka,1907,26.66716666666667
Sri Lanka,1908,26.699916666666667
Sri Lanka,1909,26.761583333333334
Sri Lanka,1910,26.603916666666667
Sri Lanka,1911,26.861083333333337
Sri Lanka,1912,26.980083333333337
Sri Lanka,1913,27.030916666666666
Sri Lanka,1914,27.2895
Sri Lanka,1915,27.431083333333333
Sri Lanka,1916,26.908
Sri Lanka,1917,26.622083333333336
Sri Lanka,1918,26.818
Sri Lanka,1919,27.147166666666667
Sri Lanka,1920,26.935166666666664
Sri Lanka,1921,27.008916666666668
Sri Lanka,1922,26.867666666666665
Sri Lanka,1923,26.8355
Sri Lanka,1924,26.980500000000003
Sri Lanka,1925,26.855333333333334
Sri Lanka,1926,27.25075
Sri Lanka,1927,26.96775
Sri Lanka,1928,27.135833333333334
Sri Lanka,1929,26.857833333333332
Sri Lanka,1930,26.892083333333332
Sri Lanka,1931,27.222166666666666
Sri Lanka,1932,26.819
Sri Lanka,1933,26.688833333333335
Sri Lanka,1934,26.83491666666667
Sri Lanka,1935,27.009833333333333
Sri Lanka,1936,27.08566666666667
Sri Lanka,1937,27.18433333333333
Sri Lanka,1938,27.105
Sri Lanka,1939,26.97675
Sri Lanka,1940,27.2595
Sri Lanka,1941,27.488249999999997
Sri Lanka,1942,27.266000000000002
Sri Lanka,1943,26.78033333333333
Sri Lanka,1944,27.024666666666665
Sri Lanka,1945,27.056916666666666
Sri Lanka,1946,27.165499999999998
Sri Lanka,1947,27.101416666666665
Sri Lanka,1948,27.284583333333334
Sri Lanka,1949,27.009666666666664
Sri Lanka,1950,26.974166666666665
Sri Lanka,1951,27.015333333333334
Sri Lanka,1952,27.271083333333333
Sri Lanka,1953,27.250333333333334
Sri Lanka,1954,27.038166666666665
Sri Lanka,1955,26.888416666666668
Sri Lanka,1956,26.869083333333332
Sri Lanka,1957,27.126
Sri Lanka,1958,27.4435
Sri Lanka,1959,27.315749999999998
Sri Lanka,1960,27.0385
Sri Lanka,1961,27.014833333333332
Sri Lanka,1962,27.088916666666666
Sri Lanka,1963,27.107
Sri Lanka,1964,27.24
Sri Lanka,1965,27.088916666666666
Sri Lanka,1966,27.420749999999998
Sri Lanka,1967,27.06266666666667
Sri Lanka,1968,27.135833333333334
Sri Lanka,1969,27.414666666666665
Sri Lanka,1970,27.21291666666667
Sri Lanka,1971,26.842583333333334
Sri Lanka,1972,27.162583333333334
Sri Lanka,1973,27.45575
Sri Lanka,1974,26.894499999999997
Sri Lanka,1975,26.97066666666667
Sri Lanka,1976,27.151
Sri Lanka,1977,27.23925
Sri Lanka,1978,27.325
Sri Lanka,1979,27.561333333333334
Sri Lanka,1980,27.654833333333332
Sri Lanka,1981,27.335083333333333
Sri Lanka,1982,27.40675
Sri Lanka,1983,27.826999999999998
Sri Lanka,1984,27.082166666666666
Sri Lanka,1985,27.350166666666667
Sri Lanka,1986,27.415499999999998
Sri Lanka,1987,27.83966666666667
Sri Lanka,1988,27.613416666666666
Sri Lanka,1989,27.29125
Sri Lanka,1990,27.528750000000002
Sri Lanka,1991,27.560000000000002
Sri Lanka,1992,27.269833333333334
Sri Lanka,1993,27.367416666666667
Sri Lanka,1994,27.36525
Sri Lanka,1995,27.587500000000002
Sri Lanka,1996,27.399583333333336
Sri Lanka,1997,27.657666666666668
Sri Lanka,1998,28.15325
Sri Lanka,1999,27.36125
Sri Lanka,2000,27.46975
Sri Lanka,2001,27.663083333333333
Sri Lanka,2002,27.795916666666667
Sri Lanka,2003,27.797416666666667
Sri Lanka,2004,27.606333333333335
Sri Lanka,2005,27.723833333333335
Sri Lanka,2006,27.572
Sri Lanka,2007,27.5565
Sri Lanka,2008,27.441166666666664
Sri Lanka,2009,27.745416666666667
Sri Lanka,2010,27.883499999999998
Sri Lanka,2011,27.669166666666666
Sri Lanka,2012,27.949833333333334
Sri Lanka,2013,28.175125
Sudan,1900,26.88808333333333
Sudan,1901,27.63383333333333
Sudan,1902,26.864833333333333
Sudan,1903,26.684416666666667
Sudan,1904,26.50991666666667
Sudan,1905,26.775500000000005
Sudan,1906,26.616333333333333
Sudan,1907,26.741416666666666
Sudan,1908,26.681583333333332
Sudan,1909,26.86366666666667
Sudan,1910,26.47566666666667
Sudan,1911,26.61725
Sudan,1912,26.552000000000003
Sudan,1913,26.43133333333333
Sudan,1914,27.477083333333336
Sudan,1915,27.36491666666667
Sudan,1916,26.62908333333333
Sudan,1917,26.26516666666667
Sudan,1918,26.745
Sudan,1919,27.48783333333333
Sudan,1920,26.3
Sudan,1921,26.825166666666664
Sudan,1922,26.59625
Sudan,1923,26.705166666666667
Sudan,1924,27.25091666666667
Sudan,1925,27.028000000000002
Sudan,1926,27.010833333333334
Sudan,1927,27.356250000000003
Sudan,1928,27.594250000000002
Sudan,1929,26.929666666666666
Sudan,1930,26.959500000000002
Sudan,1931,27.50975
Sudan,1932,27.070333333333334
Sudan,1933,27.466333333333335
Sudan,1934,27.046166666666668
Sudan,1935,27.135916666666663
Sudan,1936,27.385666666666665
Sudan,1937,27.178
Sudan,1938,27.093500000000002
Sudan,1939,27.340666666666667
Sudan,1940,27.420833333333334
Sudan,1941,27.640333333333334
Sudan,1942,27.612333333333336
Sudan,1943,26.879
Sudan,1944,27.240666666666666
Sudan,1945,26.883166666666668
Sudan,1946,26.98975
Sudan,1947,27.261416666666666
Sudan,1948,26.75808333333333
Sudan,1949,26.758416666666665
Sudan,1950,26.820166666666665
Sudan,1951,26.874416666666665
Sudan,1952,27.485333333333333
Sudan,1953,27.034666666666666
Sudan,1954,27.113583333333334
Sudan,1955,27.086
Sudan,1956,26.945916666666665
Sudan,1957,27.143333333333334
Sudan,1958,27.570083333333333
Sudan,1959,26.884
Sudan,1960,27.481583333333333
Sudan,1961,26.545749999999998
Sudan,1962,27.2805
Sudan,1963,27.51066666666667
Sudan,1964,26.671333333333337
Sudan,1965,27.055333333333333
Sudan,1966,27.382500000000004
Sudan,1967,26.627166666666668
Sudan,1968,26.8685
Sudan,1969,27.700333333333333
Sudan,1970,27.07783333333333
Sudan,1971,26.76216666666667
Sudan,1972,27.300749999999997
Sudan,1973,27.603083333333334
Sudan,1974,26.838333333333335
Sudan,1975,27.023
Sudan,1976,27.44633333333333
Sudan,1977,26.862583333333333
Sudan,1978,27.15891666666667
Sudan,1979,27.69
Sudan,1980,27.676333333333332
Sudan,1981,27.313750000000002
Sudan,1982,27.114
Sudan,1983,27.036583333333336
Sudan,1984,27.566833333333335
Sudan,1985,27.414083333333334
Sudan,1986,27.24325
Sudan,1987,27.706666666666667
Sudan,1988,27.392083333333332
Sudan,1989,26.73183333333333
Sudan,1990,27.644083333333338
Sudan,1991,27.515249999999998
Sudan,1992,26.879666666666665
Sudan,1993,27.68025
Sudan,1994,27.257333333333335
Sudan,1995,27.498833333333334
Sudan,1996,27.750666666666664
Sudan,1997,27.694000000000003
Sudan,1998,27.803
Sudan,1999,27.7195
Sudan,2000,27.45658333333333
Sudan,2001,27.72583333333333
Sudan,2002,27.905416666666667
Sudan,2003,27.85375
Sudan,2004,27.893333333333334
Sudan,2005,28.032833333333333
Sudan,2006,27.72941666666667
Sudan,2007,27.647500000000004
Sudan,2008,27.8415
Sudan,2009,28.347916666666666
Sudan,2010,28.647666666666666
Sudan,2011,27.807583333333337
Sudan,2012,27.8685
Sudan,2013,28.572
Suriname,1900,26.138416666666668
Suriname,1901,26.38491666666667
Suriname,1902,25.96558333333333
Suriname,1903,25.96683333333333
Suriname,1904,25.470333333333333
Suriname,1905,25.998500000000003
Suriname,1906,25.853083333333334
Suriname,1907,25.71875
Suriname,1908,25.8145
Suriname,1909,25.94575
Suriname,1910,25.721333333333334
Suriname,1911,25.770333333333337
Suriname,1912,26.034666666666666
Suriname,1913,25.770333333333337
Suriname,1914,26.200083333333335
Suriname,1915,26.39925
Suriname,1916,25.980333333333334
Suriname,1917,25.43016666666667
Suriname,1918,25.54858333333333
Suriname,1919,26.095083333333335
Suriname,1920,25.816000000000003
Suriname,1921,25.6955
Suriname,1922,25.801416666666668
Suriname,1923,25.789416666666668
Suriname,1924,25.8105
Suriname,1925,25.897916666666664
Suriname,1926,26.388833333333334
Suriname,1927,26.0855
Suriname,1928,26.234333333333336
Suriname,1929,25.8985
Suriname,1930,26.093500000000002
Suriname,1931,26.547083333333333
Suriname,1932,26.442999999999998
Suriname,1933,26.05725
Suriname,1934,25.873333333333335
Suriname,1935,26.199166666666667
Suriname,1936,26.240333333333336
Suriname,1937,26.412666666666667
Suriname,1938,26.208333333333332
Suriname,1939,26.10775
Suriname,1940,26.681083333333333
Suriname,1941,26.659333333333336
Suriname,1942,26.532
Suriname,1943,26.054833333333335
Suriname,1944,26.291083333333333
Suriname,1945,26.19066666666667
Suriname,1946,26.21941666666667
Suriname,1947,26.320000000000004
Suriname,1948,26.163750000000004
Suriname,1949,25.99891666666667
Suriname,1950,26.283833333333334
Suriname,1951,26.486250000000002
Suriname,1952,26.586333333333332
Suriname,1953,26.57625
Suriname,1954,26.208583333333333
Suriname,1955,26.272000000000002
Suriname,1956,26.131083333333333
Suriname,1957,26.551916666666667
Suriname,1958,26.954583333333332
Suriname,1959,26.502166666666668
Suriname,1960,26.402583333333336
Suriname,1961,26.423416666666668
Suriname,1962,26.511166666666668
Suriname,1963,26.474833333333336
Suriname,1964,26.514333333333337
Suriname,1965,26.485083333333332
Suriname,1966,26.640833333333333
Suriname,1967,26.284583333333334
Suriname,1968,26.196833333333334
Suriname,1969,26.99191666666667
Suriname,1970,26.52241666666667
Suriname,1971,25.953500000000002
Suriname,1972,26.311000000000003
Suriname,1973,26.390083333333337
Suriname,1974,26.05116666666667
Suriname,1975,26.041750000000004
Suriname,1976,26.229
Suriname,1977,26.433666666666667
Suriname,1978,26.5125
Suriname,1979,26.695916666666665
Suriname,1980,26.763333333333335
Suriname,1981,26.488
Suriname,1982,26.54716666666667
Suriname,1983,26.771416666666667
Suriname,1984,26.104249999999997
Suriname,1985,26.1995
Suriname,1986,26.49083333333333
Suriname,1987,27.166833333333333
Suriname,1988,26.6245
Suriname,1989,26.358666666666668
Suriname,1990,26.677083333333332
Suriname,1991,26.676416666666668
Suriname,1992,26.805583333333335
Suriname,1993,26.589583333333334
Suriname,1994,26.566083333333335
Suriname,1995,27.045333333333335
Suriname,1996,26.821583333333336
Suriname,1997,27.04716666666667
Suriname,1998,27.400166666666667
Suriname,1999,26.7225
Suriname,2000,26.586083333333335
Suriname,2001,26.804083333333335
Suriname,2002,26.90391666666667
Suriname,2003,27.19558333333333
Suriname,2004,27.150333333333336
Suriname,2005,27.48391666666667
Suriname,2006,27.045666666666666
Suriname,2007,26.908583333333336
Suriname,2008,26.9195
Suriname,2009,27.233083333333337
Suriname,2010,27.412583333333334
Suriname,2011,27.0605
Suriname,2012,27.18941666666667
Suriname,2013,26.957250000000002
Svalbard And Jan Mayen,1900,-7.991416666666666
Svalbard And Jan Mayen,1901,-7.7004166666666665
Svalbard And Jan Mayen,1902,-8.772
Svalbard And Jan Mayen,1903,-8.2165
Svalbard And Jan Mayen,1904,-7.409833333333332
Svalbard And Jan Mayen,1905,-7.49775
Svalbard And Jan Mayen,1906,-7.93325
Svalbard And Jan Mayen,1907,-6.820083333333333
Svalbard And Jan Mayen,1908,-7.411583333333334
Svalbard And Jan Mayen,1909,-8.055
Svalbard And Jan Mayen,1910,-8.204833333333333
Svalbard And Jan Mayen,1911,-7.68425
Svalbard And Jan Mayen,1912,-8.526666666666667
Svalbard And Jan Mayen,1913,-7.771166666666667
Svalbard And Jan Mayen,1914,-8.282916666666667
Svalbard And Jan Mayen,1915,-8.324666666666667
Svalbard And Jan Mayen,1916,-8.370833333333332
Svalbard And Jan Mayen,1917,-9.387416666666667
Svalbard And Jan Mayen,1918,-7.99675
Svalbard And Jan Mayen,1919,-7.386833333333333
Svalbard And Jan Mayen,1920,-6.493083333333334
Svalbard And Jan Mayen,1921,-7.8118333333333325
Svalbard And Jan Mayen,1922,-6.230999999999999
Svalbard And Jan Mayen,1923,-6.271833333333333
Svalbard And Jan Mayen,1924,-6.263333333333333
Svalbard And Jan Mayen,1925,-6.9126666666666665
Svalbard And Jan Mayen,1926,-7.812333333333332
Svalbard And Jan Mayen,1927,-7.796833333333333
Svalbard And Jan Mayen,1928,-7.5335
Svalbard And Jan Mayen,1929,-7.549166666666667
Svalbard And Jan Mayen,1930,-5.869416666666666
Svalbard And Jan Mayen,1931,-5.885333333333334
Svalbard And Jan Mayen,1932,-7.1617500000000005
Svalbard And Jan Mayen,1933,-5.920916666666667
Svalbard And Jan Mayen,1934,-5.74725
Svalbard And Jan Mayen,1935,-6.70075
Svalbard And Jan Mayen,1936,-6.7605
Svalbard And Jan Mayen,1937,-5.3975
Svalbard And Jan Mayen,1938,-4.729666666666667
Svalbard And Jan Mayen,1939,-6.575499999999999
Svalbard And Jan Mayen,1940,-7.083333333333333
Svalbard And Jan Mayen,1941,-8.05025
Svalbard And Jan Mayen,1942,-7.0633333333333335
Svalbard And Jan Mayen,1943,-7.46975
Svalbard And Jan Mayen,1944,-6.171416666666666
Svalbard And Jan Mayen,1945,-6.830583333333333
Svalbard And Jan Mayen,1946,-6.925416666666667
Svalbard And Jan Mayen,1947,-6.679500000000001
Svalbard And Jan Mayen,1948,-8.78675
Svalbard And Jan Mayen,1949,-7.09275
Svalbard And Jan Mayen,1950,-5.688083333333334
Svalbard And Jan Mayen,1951,-8.073083333333335
Svalbard And Jan Mayen,1952,-7.424833333333333
Svalbard And Jan Mayen,1953,-5.884250000000001
Svalbard And Jan Mayen,1954,-5.022083333333334
Svalbard And Jan Mayen,1955,-7.501
Svalbard And Jan Mayen,1956,-5.823250000000001
Svalbard And Jan Mayen,1957,-5.647666666666667
Svalbard And Jan Mayen,1958,-6.979166666666667
Svalbard And Jan Mayen,1959,-6.526166666666666
Svalbard And Jan Mayen,1960,-6.699083333333333
Svalbard And Jan Mayen,1961,-7.211666666666666
Svalbard And Jan Mayen,1962,-8.3495
Svalbard And Jan Mayen,1963,-9.506833333333333
Svalbard And Jan Mayen,1964,-7.531083333333332
Svalbard And Jan Mayen,1965,-7.6377500000000005
Svalbard And Jan Mayen,1966,-8.804833333333333
Svalbard And Jan Mayen,1967,-8.070666666666666
Svalbard And Jan Mayen,1968,-9.682666666666668
Svalbard And Jan Mayen,1969,-8.002666666666668
Svalbard And Jan Mayen,1970,-8.088
Svalbard And Jan Mayen,1971,-8.208916666666667
Svalbard And Jan Mayen,1972,-5.1851666666666665
Svalbard And Jan Mayen,1973,-7.9180833333333345
Svalbard And Jan Mayen,1974,-5.280833333333333
Svalbard And Jan Mayen,1975,-8.131416666666667
Svalbard And Jan Mayen,1976,-5.904416666666667
Svalbard And Jan Mayen,1977,-7.539750000000001
Svalbard And Jan Mayen,1978,-8.49725
Svalbard And Jan Mayen,1979,-8.324
Svalbard And Jan Mayen,1980,-7.9941666666666675
Svalbard And Jan Mayen,1981,-8.071166666666668
Svalbard And Jan Mayen,1982,-8.11975
Svalbard And Jan Mayen,1983,-7.758500000000001
Svalbard And Jan Mayen,1984,-4.4134166666666665
Svalbard And Jan Mayen,1985,-6.59425
Svalbard And Jan Mayen,1986,-7.641916666666667
Svalbard And Jan Mayen,1987,-7.9759166666666665
Svalbard And Jan Mayen,1988,-9.04925
Svalbard And Jan Mayen,1989,-7.929333333333333
Svalbard And Jan Mayen,1990,-5.438166666666667
Svalbard And Jan Mayen,1991,-6.615583333333333
Svalbard And Jan Mayen,1992,-6.832666666666667
Svalbard And Jan Mayen,1993,-7.658916666666666
Svalbard And Jan Mayen,1994,-7.412583333333333
Svalbard And Jan Mayen,1995,-7.585583333333333
Svalbard And Jan Mayen,1996,-6.543
Svalbard And Jan Mayen,1997,-7.575333333333333
Svalbard And Jan Mayen,1998,-7.588416666666667
Svalbard And Jan Mayen,1999,-5.72775
Svalbard And Jan Mayen,2000,-5.745666666666668
Svalbard And Jan Mayen,2001,-6.300833333333333
Svalbard And Jan Mayen,2002,-6.343666666666667
Svalbard And Jan Mayen,2003,-7.814333333333334
Svalbard And Jan Mayen,2004,-6.368833333333332
Svalbard And Jan Mayen,2005,-5.1705
Svalbard And Jan Mayen,2006,-4.246416666666667
Svalbard And Jan Mayen,2007,-5.010416666666667
Svalbard And Jan Mayen,2008,-5.96075
Svalbard And Jan Mayen,2009,-5.49625
Svalbard And Jan Mayen,2010,-6.031583333333333
Svalbard And Jan Mayen,2011,-5.326250000000001
Svalbard And Jan Mayen,2012,-3.781
Svalbard And Jan Mayen,2013,-5.382000000000001
Swaziland,1900,18.855333333333334
Swaziland,1901,18.32
Swaziland,1902,18.373583333333332
Swaziland,1903,18.539583333333333
Swaziland,1904,18.206333333333333
Swaziland,1905,18.428833333333333
Swaziland,1906,18.242583333333332
Swaziland,1907,18.086166666666667
Swaziland,1908,18.566083333333335
Swaziland,1909,19.127666666666666
Swaziland,1910,17.8715
Swaziland,1911,18.245500000000003
Swaziland,1912,18.86283333333333
Swaziland,1913,18.997666666666664
Swaziland,1914,19.047833333333333
Swaziland,1915,18.608999999999998
Swaziland,1916,18.716666666666665
Swaziland,1917,18.1385
Swaziland,1918,18.37725
Swaziland,1919,18.63525
Swaziland,1920,18.85125
Swaziland,1921,18.479333333333333
Swaziland,1922,18.980083333333333
Swaziland,1923,19.161916666666666
Swaziland,1924,18.136083333333335
Swaziland,1925,18.746916666666667
Swaziland,1926,18.91091666666667
Swaziland,1927,18.82525
Swaziland,1928,18.888
Swaziland,1929,18.795333333333335
Swaziland,1930,18.530916666666666
Swaziland,1931,18.94225
Swaziland,1932,18.988916666666668
Swaziland,1933,18.832166666666666
Swaziland,1934,18.9635
Swaziland,1935,18.189916666666665
Swaziland,1936,18.356916666666667
Swaziland,1937,18.77875
Swaziland,1938,18.925583333333332
Swaziland,1939,18.349416666666666
Swaziland,1940,19.091916666666666
Swaziland,1941,19.724666666666668
Swaziland,1942,19.09575
Swaziland,1943,18.607166666666668
Swaziland,1944,19.089583333333334
Swaziland,1945,18.78625
Swaziland,1946,19.103666666666665
Swaziland,1947,19.09425
Swaziland,1948,18.995416666666667
Swaziland,1949,18.93275
Swaziland,1950,19.02725
Swaziland,1951,18.628583333333335
Swaziland,1952,19.138749999999998
Swaziland,1953,18.665
Swaziland,1954,18.71141666666667
Swaziland,1955,18.297166666666666
Swaziland,1956,18.79475
Swaziland,1957,19.264583333333334
Swaziland,1958,19.255166666666664
Swaziland,1959,18.81833333333333
Swaziland,1960,18.767333333333337
Swaziland,1961,19.159666666666666
Swaziland,1962,19.408916666666666
Swaziland,1963,18.81041666666667
Swaziland,1964,18.812833333333334
Swaziland,1965,18.797083333333337
Swaziland,1966,19.171333333333333
Swaziland,1967,18.820666666666668
Swaziland,1968,18.7285
Swaziland,1969,19.421166666666668
Swaziland,1970,19.5145
Swaziland,1971,18.814
Swaziland,1972,18.779666666666667
Swaziland,1973,18.916166666666665
Swaziland,1974,18.953666666666667
Swaziland,1975,18.691583333333334
Swaziland,1976,18.750333333333334
Swaziland,1977,19.448
Swaziland,1978,19.11825
Swaziland,1979,19.29491666666667
Swaziland,1980,18.997333333333334
Swaziland,1981,18.60408333333333
Swaziland,1982,19.327916666666667
Swaziland,1983,19.836833333333335
Swaziland,1984,19.028166666666667
Swaziland,1985,19.581
Swaziland,1986,19.43825
Swaziland,1987,19.618
Swaziland,1988,19.397000000000002
Swaziland,1989,19.227166666666665
Swaziland,1990,19.2115
Swaziland,1991,19.412416666666665
Swaziland,1992,20.269833333333334
Swaziland,1993,19.724999999999998
Swaziland,1994,18.97041666666667
Swaziland,1995,19.539333333333335
Swaziland,1996,19.111
Swaziland,1997,19.1525
Swaziland,1998,19.86541666666667
Swaziland,1999,19.788833333333333
Swaziland,2000,19.023500000000002
Swaziland,2001,19.546
Swaziland,2002,19.596166666666665
Swaziland,2003,19.99716666666667
Swaziland,2004,19.469916666666666
Swaziland,2005,19.97575
Swaziland,2006,19.266833333333334
Swaziland,2007,19.615
Swaziland,2008,19.420666666666666
Swaziland,2009,19.293
Swaziland,2010,19.756333333333334
Swaziland,2011,19.358999999999998
Swaziland,2012,19.571749999999998
Swaziland,2013,18.95825
Sweden,1900,1.335416666666667
Sweden,1901,2.772
Sweden,1902,0.813083333333333
Sweden,1903,2.6065
Sweden,1904,1.766333333333333
Sweden,1905,2.390333333333333
Sweden,1906,2.8593333333333333
Sweden,1907,2.404166666666667
Sweden,1908,2.4506666666666668
Sweden,1909,1.7514166666666664
Sweden,1910,3.10575
Sweden,1911,3.094583333333334
Sweden,1912,2.0396666666666667
Sweden,1913,2.9445
Sweden,1914,3.3995833333333336
Sweden,1915,0.6240000000000002
Sweden,1916,2.2829166666666665
Sweden,1917,1.5333333333333334
Sweden,1918,2.6438333333333333
Sweden,1919,1.6569999999999998
Sweden,1920,3.57025
Sweden,1921,2.8586666666666667
Sweden,1922,1.7316666666666671
Sweden,1923,1.73775
Sweden,1924,2.516916666666667
Sweden,1925,2.8156666666666665
Sweden,1926,2.1031666666666666
Sweden,1927,2.0898333333333334
Sweden,1928,2.0446666666666666
Sweden,1929,2.3520833333333333
Sweden,1930,3.9788333333333328
Sweden,1931,1.9854166666666668
Sweden,1932,3.3873333333333338
Sweden,1933,3.0164166666666667
Sweden,1934,4.5255833333333335
Sweden,1935,3.033
Sweden,1936,3.158916666666667
Sweden,1937,3.5845
Sweden,1938,4.513916666666667
Sweden,1939,3.148
Sweden,1940,1.2839166666666666
Sweden,1941,1.0706666666666667
Sweden,1942,0.9480833333333333
Sweden,1943,3.8123333333333336
Sweden,1944,3.2587500000000005
Sweden,1945,3.016083333333333
Sweden,1946,3.059583333333333
Sweden,1947,2.16125
Sweden,1948,3.3244166666666666
Sweden,1949,4.023333333333333
Sweden,1950,3.0690000000000004
Sweden,1951,2.580666666666666
Sweden,1952,1.7794166666666669
Sweden,1953,3.985583333333334
Sweden,1954,2.7537499999999997
Sweden,1955,1.5837500000000002
Sweden,1956,1.373833333333333
Sweden,1957,2.8724166666666666
Sweden,1958,1.9441666666666668
Sweden,1959,3.8645
Sweden,1960,2.674416666666667
Sweden,1961,3.7702499999999994
Sweden,1962,1.8508333333333333
Sweden,1963,2.35075
Sweden,1964,3.0279166666666666
Sweden,1965,1.8694999999999997
Sweden,1966,1.1894999999999998
Sweden,1967,2.9332499999999997
Sweden,1968,1.9126666666666667
Sweden,1969,1.97025
Sweden,1970,1.8489166666666668
Sweden,1971,2.5818333333333334
Sweden,1972,3.4901666666666666
Sweden,1973,3.0214166666666666
Sweden,1974,3.8334166666666665
Sweden,1975,4.0616666666666665
Sweden,1976,2.113416666666667
Sweden,1977,2.3242499999999997
Sweden,1978,1.7265000000000004
Sweden,1979,1.8861666666666668
Sweden,1980,1.875416666666667
Sweden,1981,1.7310833333333333
Sweden,1982,3.022
Sweden,1983,3.26525
Sweden,1984,3.292083333333333
Sweden,1985,0.7685000000000001
Sweden,1986,2.206916666666667
Sweden,1987,1.3564166666666668
Sweden,1988,3.1025000000000005
Sweden,1989,4.409083333333333
Sweden,1990,4.497916666666667
Sweden,1991,3.4589999999999996
Sweden,1992,3.8722499999999997
Sweden,1993,2.9450000000000003
Sweden,1994,2.8799166666666665
Sweden,1995,3.0660000000000003
Sweden,1996,2.39175
Sweden,1997,3.7305833333333336
Sweden,1998,2.8729166666666663
Sweden,1999,3.5439166666666666
Sweden,2000,4.421
Sweden,2001,3.1396666666666664
Sweden,2002,3.7953333333333332
Sweden,2003,3.733
Sweden,2004,3.6477500000000003
Sweden,2005,4.000166666666667
Sweden,2006,4.354166666666667
Sweden,2007,4.080583333333333
Sweden,2008,4.218
Sweden,2009,3.5024166666666665
Sweden,2010,1.6585
Sweden,2011,4.51875
Sweden,2012,2.972833333333334
Sweden,2013,4.19975
Switzerland,1900,7.3051666666666675
Switzerland,1901,6.294250000000001
Switzerland,1902,6.640666666666667
Switzerland,1903,6.830666666666667
Switzerland,1904,7.412916666666667
Switzerland,1905,6.585166666666667
Switzerland,1906,6.90975
Switzerland,1907,6.818333333333334
Switzerland,1908,6.457166666666667
Switzerland,1909,6.179166666666667
Switzerland,1910,6.725333333333334
Switzerland,1911,7.54
Switzerland,1912,6.47825
Switzerland,1913,7.005
Switzerland,1914,6.7395
Switzerland,1915,6.633499999999999
Switzerland,1916,7.021166666666667
Switzerland,1917,6.1697500000000005
Switzerland,1918,6.954999999999999
Switzerland,1919,6.350583333333334
Switzerland,1920,7.575583333333333
Switzerland,1921,7.849833333333334
Switzerland,1922,6.433166666666668
Switzerland,1923,7.267416666666667
Switzerland,1924,6.6570833333333335
Switzerland,1925,6.784416666666668
Switzerland,1926,7.456666666666667
Switzerland,1927,7.2435833333333335
Switzerland,1928,7.549083333333333
Switzerland,1929,6.653833333333334
Switzerland,1930,7.502666666666666
Switzerland,1931,6.395416666666667
Switzerland,1932,6.840583333333334
Switzerland,1933,6.501416666666667
Switzerland,1934,7.794333333333334
Switzerland,1935,6.947666666666667
Switzerland,1936,7.1890833333333335
Switzerland,1937,7.3901666666666666
Switzerland,1938,7.144333333333333
Switzerland,1939,6.779333333333334
Switzerland,1940,5.984333333333333
Switzerland,1941,6.17175
Switzerland,1942,6.802499999999999
Switzerland,1943,7.919583333333333
Switzerland,1944,6.7363333333333335
Switzerland,1945,7.666250000000001
Switzerland,1946,7.356000000000001
Switzerland,1947,7.93175
Switzerland,1948,7.766166666666667
Switzerland,1949,7.995833333333334
Switzerland,1950,7.730916666666666
Switzerland,1951,7.400333333333333
Switzerland,1952,7.1410833333333334
Switzerland,1953,7.551583333333333
Switzerland,1954,6.662916666666667
Switzerland,1955,6.9623333333333335
Switzerland,1956,5.968583333333334
Switzerland,1957,7.360583333333334
Switzerland,1958,7.329583333333333
Switzerland,1959,7.9195
Switzerland,1960,7.2132499999999995
Switzerland,1961,8.158
Switzerland,1962,6.487416666666667
Switzerland,1963,6.317083333333334
Switzerland,1964,7.392
Switzerland,1965,6.465583333333334
Switzerland,1966,7.438666666666666
Switzerland,1967,7.483416666666667
Switzerland,1968,7.061916666666666
Switzerland,1969,6.777583333333333
Switzerland,1970,6.820666666666667
Switzerland,1971,7.264166666666667
Switzerland,1972,6.903416666666666
Switzerland,1973,6.9614166666666675
Switzerland,1974,7.470083333333334
Switzerland,1975,7.44725
Switzerland,1976,7.3615
Switzerland,1977,7.37675
Switzerland,1978,6.602666666666667
Switzerland,1979,7.087416666666667
Switzerland,1980,6.5384166666666665
Switzerland,1981,7.128916666666668
Switzerland,1982,7.798583333333334
Switzerland,1983,7.794833333333334
Switzerland,1984,6.82275
Switzerland,1985,6.881583333333334
Switzerland,1986,7.152083333333334
Switzerland,1987,7.137083333333333
Switzerland,1988,7.9245833333333335
Switzerland,1989,8.135916666666667
Switzerland,1990,8.255583333333334
Switzerland,1991,7.405000000000001
Switzerland,1992,8.059666666666667
Switzerland,1993,7.617333333333334
Switzerland,1994,8.821083333333332
Switzerland,1995,7.751916666666666
Switzerland,1996,6.974583333333334
Switzerland,1997,8.212416666666668
Switzerland,1998,7.957999999999999
Switzerland,1999,7.902833333333334
Switzerland,2000,8.562666666666667
Switzerland,2001,7.97975
Switzerland,2002,8.484833333333333
Switzerland,2003,8.669749999999999
Switzerland,2004,7.8460833333333335
Switzerland,2005,7.573916666666666
Switzerland,2006,8.33775
Switzerland,2007,8.55275
Switzerland,2008,8.109666666666667
Switzerland,2009,8.300666666666666
Switzerland,2010,7.226500000000001
Switzerland,2011,8.847333333333333
Switzerland,2012,8.15925
Switzerland,2013,8.1775
Syria,1900,18.093083333333336
Syria,1901,18.875916666666665
Syria,1902,18.194166666666668
Syria,1903,17.590166666666665
Syria,1904,17.496083333333335
Syria,1905,17.432
Syria,1906,17.578333333333333
Syria,1907,17.063916666666668
Syria,1908,17.332416666666667
Syria,1909,18.30666666666667
Syria,1910,17.494833333333332
Syria,1911,16.677
Syria,1912,17.870083333333334
Syria,1913,17.1845
Syria,1914,17.375333333333334
Syria,1915,18.092000000000002
Syria,1916,18.392083333333336
Syria,1917,18.27675
Syria,1918,17.776666666666667
Syria,1919,18.191166666666668
Syria,1920,16.9045
Syria,1921,17.283
Syria,1922,18.301666666666666
Syria,1923,18.287333333333333
Syria,1924,18.133416666666665
Syria,1925,17.930583333333335
Syria,1926,18.133833333333335
Syria,1927,18.30216666666667
Syria,1928,18.211000000000002
Syria,1929,18.128916666666665
Syria,1930,18.720583333333334
Syria,1931,18.139833333333332
Syria,1932,17.986583333333332
Syria,1933,17.36325
Syria,1934,18.00525
Syria,1935,18.696250000000003
Syria,1936,18.277833333333334
Syria,1937,18.737
Syria,1938,17.945249999999998
Syria,1939,18.285333333333334
Syria,1940,18.37525
Syria,1941,18.38725
Syria,1942,18.17175
Syria,1943,17.805833333333336
Syria,1944,18.16208333333333
Syria,1945,17.638333333333332
Syria,1946,18.152666666666665
Syria,1947,19.113666666666667
Syria,1948,17.587166666666665
Syria,1949,17.2775
Syria,1950,17.769583333333333
Syria,1951,18.395333333333333
Syria,1952,18.633
Syria,1953,17.50133333333333
Syria,1954,18.543499999999998
Syria,1955,19.172416666666667
Syria,1956,17.75616666666667
Syria,1957,18.092333333333332
Syria,1958,18.452833333333334
Syria,1959,17.537166666666668
Syria,1960,19.075083333333335
Syria,1961,18.138333333333332
Syria,1962,19.397583333333333
Syria,1963,18.66075
Syria,1964,17.6235
Syria,1965,18.188666666666666
Syria,1966,19.226
Syria,1967,17.196
Syria,1968,18.28375
Syria,1969,18.5045
Syria,1970,18.789083333333334
Syria,1971,18.084416666666666
Syria,1972,17.369833333333332
Syria,1973,18.066333333333333
Syria,1974,18.100583333333333
Syria,1975,18.04075
Syria,1976,17.668166666666668
Syria,1977,18.398083333333336
Syria,1978,18.679916666666667
Syria,1979,19.139833333333332
Syria,1980,18.285
Syria,1981,18.566583333333334
Syria,1982,17.483083333333333
Syria,1983,17.707333333333334
Syria,1984,18.150499999999997
Syria,1985,18.543166666666668
Syria,1986,18.606583333333333
Syria,1987,18.294666666666668
Syria,1988,18.082
Syria,1989,18.60125
Syria,1990,18.543166666666668
Syria,1991,18.479499999999998
Syria,1992,17.028583333333334
Syria,1993,18.045666666666666
Syria,1994,19.051833333333335
Syria,1995,18.48225
Syria,1996,18.90341666666667
Syria,1997,17.933666666666667
Syria,1998,19.415333333333333
Syria,1999,19.281000000000002
Syria,2000,18.773333333333333
Syria,2001,19.39625
Syria,2002,18.856583333333333
Syria,2003,18.839333333333332
Syria,2004,18.77325
Syria,2005,18.74191666666667
Syria,2006,18.744
Syria,2007,19.0415
Syria,2008,19.161166666666666
Syria,2009,19.070083333333333
Syria,2010,20.709333333333333
Syria,2011,18.607000000000003
Syria,2012,19.357583333333334
Syria,2013,20.021125
Taiwan,1900,21.742583333333332
Taiwan,1901,21.3635
Taiwan,1902,21.959333333333333
Taiwan,1903,21.39616666666667
Taiwan,1904,21.245416666666667
Taiwan,1905,21.61583333333333
Taiwan,1906,21.854666666666663
Taiwan,1907,21.64233333333333
Taiwan,1908,21.71975
Taiwan,1909,22.037833333333335
Taiwan,1910,21.643666666666665
Taiwan,1911,21.646
Taiwan,1912,21.727833333333333
Taiwan,1913,21.6915
Taiwan,1914,22.00616666666667
Taiwan,1915,22.328500000000002
Taiwan,1916,21.83491666666667
Taiwan,1917,20.96125
Taiwan,1918,21.285333333333334
Taiwan,1919,21.7565
Taiwan,1920,21.726249999999997
Taiwan,1921,21.659833333333335
Taiwan,1922,21.892666666666667
Taiwan,1923,21.64225
Taiwan,1924,21.70325
Taiwan,1925,21.326083333333333
Taiwan,1926,21.600416666666664
Taiwan,1927,21.452916666666667
Taiwan,1928,21.8805
Taiwan,1929,21.775666666666666
Taiwan,1930,22.116416666666666
Taiwan,1931,22.150583333333334
Taiwan,1932,21.6155
Taiwan,1933,21.96875
Taiwan,1934,21.571166666666667
Taiwan,1935,22.034000000000002
Taiwan,1936,21.761333333333337
Taiwan,1937,22.36075
Taiwan,1938,22.24416666666667
Taiwan,1939,21.679666666666666
Taiwan,1940,21.81925
Taiwan,1941,22.56641666666667
Taiwan,1942,22.375833333333333
Taiwan,1943,21.914749999999998
Taiwan,1944,22.03833333333333
Taiwan,1945,21.68766666666667
Taiwan,1946,22.594833333333337
Taiwan,1947,21.78333333333333
Taiwan,1948,22.329583333333332
Taiwan,1949,22.36491666666667
Taiwan,1950,22.03775
Taiwan,1951,22.156666666666666
Taiwan,1952,22.579916666666666
Taiwan,1953,22.439916666666665
Taiwan,1954,22.614583333333332
Taiwan,1955,22.017833333333332
Taiwan,1956,22.158833333333334
Taiwan,1957,22.0955
Taiwan,1958,22.22875
Taiwan,1959,22.545
Taiwan,1960,22.497666666666664
Taiwan,1961,22.4695
Taiwan,1962,22.000833333333333
Taiwan,1963,22.03333333333333
Taiwan,1964,22.398666666666667
Taiwan,1965,22.247416666666666
Taiwan,1966,22.718500000000002
Taiwan,1967,21.998166666666666
Taiwan,1968,21.724999999999998
Taiwan,1969,22.091166666666666
Taiwan,1970,22.159833333333335
Taiwan,1971,21.94758333333333
Taiwan,1972,22.0895
Taiwan,1973,22.485083333333336
Taiwan,1974,22.218083333333336
Taiwan,1975,22.371
Taiwan,1976,21.93058333333333
Taiwan,1977,22.528000000000002
Taiwan,1978,22.261416666666666
Taiwan,1979,22.3575
Taiwan,1980,22.484333333333336
Taiwan,1981,22.197666666666667
Taiwan,1982,22.19225
Taiwan,1983,22.477166666666665
Taiwan,1984,21.960583333333332
Taiwan,1985,22.100666666666665
Taiwan,1986,21.91058333333333
Taiwan,1987,22.505666666666666
Taiwan,1988,22.32133333333333
Taiwan,1989,22.184250000000002
Taiwan,1990,22.47275
Taiwan,1991,22.612916666666667
Taiwan,1992,22.12483333333333
Taiwan,1993,22.489333333333335
Taiwan,1994,22.825083333333335
Taiwan,1995,22.17025
Taiwan,1996,22.347916666666666
Taiwan,1997,22.48866666666667
Taiwan,1998,23.44558333333333
Taiwan,1999,22.6925
Taiwan,2000,22.7045
Taiwan,2001,22.796166666666664
Taiwan,2002,23.136
Taiwan,2003,22.885666666666665
Taiwan,2004,22.638
Taiwan,2005,22.529083333333332
Taiwan,2006,23.12091666666667
Taiwan,2007,23.054166666666664
Taiwan,2008,22.714416666666665
Taiwan,2009,22.885166666666667
Taiwan,2010,22.745333333333335
Taiwan,2011,22.27175
Taiwan,2012,22.558333333333334
Taiwan,2013,23.015
Tajikistan,1900,3.5467499999999994
Tajikistan,1901,3.806083333333333
Tajikistan,1902,4.1321666666666665
Tajikistan,1903,2.669833333333333
Tajikistan,1904,3.705166666666667
Tajikistan,1905,3.1009999999999995
Tajikistan,1906,3.8061666666666674
Tajikistan,1907,3.047833333333333
Tajikistan,1908,3.626666666666667
Tajikistan,1909,4.269666666666667
Tajikistan,1910,3.5548333333333333
Tajikistan,1911,3.5580833333333337
Tajikistan,1912,4.143
Tajikistan,1913,3.814083333333333
Tajikistan,1914,4.488250000000001
Tajikistan,1915,5.27525
Tajikistan,1916,3.6839999999999997
Tajikistan,1917,4.5160833333333334
Tajikistan,1918,3.7055000000000002
Tajikistan,1919,3.6345000000000005
Tajikistan,1920,2.6340833333333333
Tajikistan,1921,3.5850833333333334
Tajikistan,1922,4.5135000000000005
Tajikistan,1923,3.4958333333333336
Tajikistan,1924,3.8104166666666672
Tajikistan,1925,4.233666666666667
Tajikistan,1926,4.0352500000000004
Tajikistan,1927,3.9690833333333337
Tajikistan,1928,3.3816666666666664
Tajikistan,1929,3.1175833333333336
Tajikistan,1930,3.1767500000000006
Tajikistan,1931,3.4410833333333337
Tajikistan,1932,3.71825
Tajikistan,1933,3.8387499999999997
Tajikistan,1934,2.858833333333333
Tajikistan,1935,3.0881666666666674
Tajikistan,1936,4.083666666666667
Tajikistan,1937,3.4311666666666665
Tajikistan,1938,4.19025
Tajikistan,1939,4.369583333333334
Tajikistan,1940,4.999
Tajikistan,1941,5.437583333333333
Tajikistan,1942,4.485
Tajikistan,1943,3.81775
Tajikistan,1944,4.4943333333333335
Tajikistan,1945,3.5606666666666666
Tajikistan,1946,4.6418333333333335
Tajikistan,1947,5.159583333333334
Tajikistan,1948,4.1176666666666675
Tajikistan,1949,3.273666666666667
Tajikistan,1950,3.2042500000000005
Tajikistan,1951,3.8479999999999994
Tajikistan,1952,4.266333333333333
Tajikistan,1953,4.31175
Tajikistan,1954,3.4564999999999997
Tajikistan,1955,4.736583333333334
Tajikistan,1956,4.6415
Tajikistan,1957,3.044916666666667
Tajikistan,1958,4.634
Tajikistan,1959,4.220750000000001
Tajikistan,1960,3.9755000000000003
Tajikistan,1961,4.581583333333334
Tajikistan,1962,4.179416666666667
Tajikistan,1963,5.053166666666667
Tajikistan,1964,3.3668333333333336
Tajikistan,1965,4.235333333333333
Tajikistan,1966,4.511333333333334
Tajikistan,1967,3.884
Tajikistan,1968,4.148083333333333
Tajikistan,1969,3.3562499999999997
Tajikistan,1970,4.873
Tajikistan,1971,5.147166666666667
Tajikistan,1972,3.0141666666666667
Tajikistan,1973,4.600416666666667
Tajikistan,1974,3.670083333333334
Tajikistan,1975,3.8556666666666666
Tajikistan,1976,3.7933333333333334
Tajikistan,1977,4.6665
Tajikistan,1978,4.38175
Tajikistan,1979,4.606083333333333
Tajikistan,1980,5.141
Tajikistan,1981,5.003333333333334
Tajikistan,1982,4.131083333333334
Tajikistan,1983,4.9197500000000005
Tajikistan,1984,4.02675
Tajikistan,1985,5.025833333333334
Tajikistan,1986,4.55025
Tajikistan,1987,4.624666666666666
Tajikistan,1988,5.31625
Tajikistan,1989,4.03625
Tajikistan,1990,5.199333333333334
Tajikistan,1991,4.489333333333334
Tajikistan,1992,4.4305
Tajikistan,1993,4.142666666666667
Tajikistan,1994,4.72025
Tajikistan,1995,4.808666666666666
Tajikistan,1996,4.275333333333333
Tajikistan,1997,5.452416666666667
Tajikistan,1998,5.116416666666667
Tajikistan,1999,5.425000000000001
Tajikistan,2000,5.3925833333333335
Tajikistan,2001,5.718166666666666
Tajikistan,2002,5.291250000000001
Tajikistan,2003,4.890166666666667
Tajikistan,2004,5.8380833333333335
Tajikistan,2005,5.1845
Tajikistan,2006,5.531333333333333
Tajikistan,2007,5.441166666666667
Tajikistan,2008,5.174666666666667
Tajikistan,2009,5.096916666666667
Tajikistan,2010,5.5640833333333335
Tajikistan,2011,5.351583333333334
Tajikistan,2012,4.337583333333334
Tajikistan,2013,6.562625
Tanzania,1900,22.399416666666667
Tanzania,1901,22.313833333333335
Tanzania,1902,22.45675
Tanzania,1903,22.34725
Tanzania,1904,21.569333333333333
Tanzania,1905,22.099833333333333
Tanzania,1906,21.820083333333333
Tanzania,1907,21.733666666666668
Tanzania,1908,22.096083333333336
Tanzania,1909,21.845083333333335
Tanzania,1910,21.698083333333333
Tanzania,1911,21.94525
Tanzania,1912,22.339333333333332
Tanzania,1913,22.116500000000002
Tanzania,1914,22.39991666666667
Tanzania,1915,22.388583333333333
Tanzania,1916,21.96558333333333
Tanzania,1917,21.825333333333333
Tanzania,1918,21.89616666666667
Tanzania,1919,22.211916666666667
Tanzania,1920,22.007583333333333
Tanzania,1921,22.095333333333333
Tanzania,1922,22.06833333333333
Tanzania,1923,21.99116666666667
Tanzania,1924,22.28075
Tanzania,1925,22.086583333333333
Tanzania,1926,22.338333333333335
Tanzania,1927,22.077833333333334
Tanzania,1928,22.257833333333334
Tanzania,1929,22.20575
Tanzania,1930,21.97375
Tanzania,1931,22.6035
Tanzania,1932,22.233583333333332
Tanzania,1933,22.250083333333333
Tanzania,1934,22.264666666666667
Tanzania,1935,22.232083333333335
Tanzania,1936,22.11616666666667
Tanzania,1937,22.07258333333333
Tanzania,1938,22.29025
Tanzania,1939,22.28825
Tanzania,1940,22.39108333333333
Tanzania,1941,22.74291666666667
Tanzania,1942,22.238333333333333
Tanzania,1943,22.228083333333334
Tanzania,1944,22.31475
Tanzania,1945,22.1805
Tanzania,1946,22.389666666666667
Tanzania,1947,22.102416666666667
Tanzania,1948,22.34675
Tanzania,1949,22.72383333333333
Tanzania,1950,22.073666666666668
Tanzania,1951,22.22866666666667
Tanzania,1952,22.427666666666667
Tanzania,1953,22.520583333333335
Tanzania,1954,22.386833333333332
Tanzania,1955,22.25525
Tanzania,1956,21.946916666666667
Tanzania,1957,22.281833333333335
Tanzania,1958,22.644166666666667
Tanzania,1959,22.544749999999997
Tanzania,1960,22.317666666666668
Tanzania,1961,22.52133333333333
Tanzania,1962,22.216583333333332
Tanzania,1963,22.031833333333335
Tanzania,1964,22.07558333333333
Tanzania,1965,22.116500000000002
Tanzania,1966,22.46875
Tanzania,1967,22.352500000000003
Tanzania,1968,21.966333333333335
Tanzania,1969,22.684583333333336
Tanzania,1970,22.37108333333333
Tanzania,1971,21.96741666666667
Tanzania,1972,22.404083333333332
Tanzania,1973,22.443416666666668
Tanzania,1974,22.136750000000003
Tanzania,1975,22.27825
Tanzania,1976,22.431916666666666
Tanzania,1977,22.587333333333333
Tanzania,1978,22.360916666666668
Tanzania,1979,22.401916666666665
Tanzania,1980,22.652916666666666
Tanzania,1981,22.478250000000003
Tanzania,1982,22.56358333333333
Tanzania,1983,23.116333333333333
Tanzania,1984,22.410666666666668
Tanzania,1985,22.369500000000002
Tanzania,1986,22.577749999999998
Tanzania,1987,23.093999999999998
Tanzania,1988,22.922083333333333
Tanzania,1989,22.308000000000003
Tanzania,1990,22.714333333333332
Tanzania,1991,22.691166666666664
Tanzania,1992,22.803
Tanzania,1993,22.69
Tanzania,1994,22.862416666666665
Tanzania,1995,23.006416666666667
Tanzania,1996,22.75666666666667
Tanzania,1997,22.94875
Tanzania,1998,23.058166666666665
Tanzania,1999,22.64816666666667
Tanzania,2000,22.791583333333335
Tanzania,2001,22.747500000000002
Tanzania,2002,23.00175
Tanzania,2003,23.28108333333333
Tanzania,2004,23.04625
Tanzania,2005,23.723416666666665
Tanzania,2006,23.045416666666668
Tanzania,2007,22.9255
Tanzania,2008,22.706416666666666
Tanzania,2009,23.150000000000002
Tanzania,2010,23.267666666666667
Tanzania,2011,23.069416666666665
Tanzania,2012,23.06866666666667
Tanzania,2013,22.772750000000002
Thailand,1900,26.100250000000003
Thailand,1901,26.055666666666667
Thailand,1902,26.118
Thailand,1903,25.88191666666667
Thailand,1904,25.41633333333333
Thailand,1905,25.981583333333333
Thailand,1906,26.145666666666667
Thailand,1907,25.568416666666668
Thailand,1908,25.697999999999997
Thailand,1909,25.878
Thailand,1910,25.797833333333333
Thailand,1911,26.006249999999998
Thailand,1912,25.91725
Thailand,1913,25.717416666666665
Thailand,1914,26.128583333333335
Thailand,1915,26.14975
Thailand,1916,25.60875
Thailand,1917,25.51275
Thailand,1918,25.60675
Thailand,1919,26.303250000000002
Thailand,1920,26.053
Thailand,1921,25.7835
Thailand,1922,26.02725
Thailand,1923,25.930916666666665
Thailand,1924,26.020416666666666
Thailand,1925,25.7015
Thailand,1926,26.237916666666667
Thailand,1927,25.93675
Thailand,1928,25.97883333333333
Thailand,1929,25.84675
Thailand,1930,25.94141666666667
Thailand,1931,26.508666666666667
Thailand,1932,25.931916666666666
Thailand,1933,26.034833333333335
Thailand,1934,25.713916666666666
Thailand,1935,26.48691666666667
Thailand,1936,25.986333333333334
Thailand,1937,26.410833333333333
Thailand,1938,25.993416666666665
Thailand,1939,25.975583333333333
Thailand,1940,26.263666666666666
Thailand,1941,26.8995
Thailand,1942,26.383583333333334
Thailand,1943,25.924666666666667
Thailand,1944,26.443250000000003
Thailand,1945,26.18325
Thailand,1946,26.43558333333333
Thailand,1947,26.5245
Thailand,1948,26.117416666666667
Thailand,1949,26.249583333333334
Thailand,1950,26.086916666666667
Thailand,1951,26.257499999999997
Thailand,1952,26.31725
Thailand,1953,26.40641666666667
Thailand,1954,26.38525
Thailand,1955,25.868166666666667
Thailand,1956,25.93466666666667
Thailand,1957,26.51075
Thailand,1958,26.4875
Thailand,1959,26.603083333333334
Thailand,1960,26.591083333333334
Thailand,1961,26.292333333333332
Thailand,1962,26.136083333333332
Thailand,1963,26.129
Thailand,1964,26.243583333333333
Thailand,1965,26.338083333333334
Thailand,1966,26.81625
Thailand,1967,26.09775
Thailand,1968,26.356083333333334
Thailand,1969,26.57375
Thailand,1970,26.40233333333333
Thailand,1971,25.670083333333334
Thailand,1972,26.395666666666667
Thailand,1973,26.43958333333333
Thailand,1974,26.008416666666665
Thailand,1975,26.156499999999998
Thailand,1976,25.955916666666667
Thailand,1977,26.369
Thailand,1978,26.498666666666665
Thailand,1979,26.828833333333336
Thailand,1980,26.805666666666667
Thailand,1981,26.212500000000002
Thailand,1982,26.187
Thailand,1983,26.465000000000003
Thailand,1984,26.130333333333336
Thailand,1985,26.265500000000003
Thailand,1986,26.148666666666667
Thailand,1987,26.65116666666667
Thailand,1988,26.39975
Thailand,1989,26.320916666666665
Thailand,1990,26.590666666666667
Thailand,1991,26.653333333333332
Thailand,1992,26.29116666666667
Thailand,1993,26.297083333333333
Thailand,1994,26.477
Thailand,1995,26.529916666666665
Thailand,1996,26.1855
Thailand,1997,26.635166666666667
Thailand,1998,27.379666666666665
Thailand,1999,26.222250000000003
Thailand,2000,26.302166666666665
Thailand,2001,26.679833333333335
Thailand,2002,26.786083333333334
Thailand,2003,26.649
Thailand,2004,26.5
Thailand,2005,26.833166666666667
Thailand,2006,26.744833333333332
Thailand,2007,26.636916666666668
Thailand,2008,26.221999999999998
Thailand,2009,26.648083333333332
Thailand,2010,27.389666666666667
Thailand,2011,26.251666666666665
Thailand,2012,27.289
Thailand,2013,27.864875
Timor Leste,1900,26.282
Timor Leste,1901,25.691666666666666
Timor Leste,1902,25.5445
Timor Leste,1903,25.6665
Timor Leste,1904,25.148666666666667
Timor Leste,1905,26.1065
Timor Leste,1906,26.46258333333334
Timor Leste,1907,25.448666666666668
Timor Leste,1908,25.520416666666666
Timor Leste,1909,25.7135
Timor Leste,1910,25.805333333333333
Timor Leste,1911,25.577916666666667
Timor Leste,1912,25.5665
Timor Leste,1913,25.193833333333334
Timor Leste,1914,25.266000000000002
Timor Leste,1915,25.999499999999998
Timor Leste,1916,25.764083333333332
Timor Leste,1917,25.631
Timor Leste,1918,25.226083333333335
Timor Leste,1919,25.38891666666667
Timor Leste,1920,25.853083333333334
Timor Leste,1921,25.622833333333332
Timor Leste,1922,25.35466666666667
Timor Leste,1923,25.3195
Timor Leste,1924,25.96166666666667
Timor Leste,1925,25.29325
Timor Leste,1926,25.703833333333336
Timor Leste,1927,25.990583333333333
Timor Leste,1928,26.04133333333333
Timor Leste,1929,25.66025
Timor Leste,1930,25.785083333333333
Timor Leste,1931,25.92175
Timor Leste,1932,25.476166666666668
Timor Leste,1933,25.676000000000002
Timor Leste,1934,25.933333333333334
Timor Leste,1935,25.737750000000002
Timor Leste,1936,26.15525
Timor Leste,1937,25.97491666666667
Timor Leste,1938,26.141666666666666
Timor Leste,1939,25.643333333333334
Timor Leste,1940,25.282666666666668
Timor Leste,1941,25.808666666666667
Timor Leste,1942,26.876500000000004
Timor Leste,1943,25.847083333333334
Timor Leste,1944,25.706333333333333
Timor Leste,1945,25.792833333333334
Timor Leste,1946,25.7585
Timor Leste,1947,26.162000000000003
Timor Leste,1948,25.86075
Timor Leste,1949,25.461833333333335
Timor Leste,1950,25.426666666666666
Timor Leste,1951,26.057000000000002
Timor Leste,1952,26.3205
Timor Leste,1953,26.362916666666667
Timor Leste,1954,26.26
Timor Leste,1955,25.990916666666667
Timor Leste,1956,26.02925
Timor Leste,1957,26.05425
Timor Leste,1958,26.602416666666667
Timor Leste,1959,26.251416666666668
Timor Leste,1960,25.986166666666666
Timor Leste,1961,25.878833333333333
Timor Leste,1962,26.074583333333333
Timor Leste,1963,25.581916666666668
Timor Leste,1964,26.125666666666664
Timor Leste,1965,25.722083333333334
Timor Leste,1966,26.041083333333333
Timor Leste,1967,25.84925
Timor Leste,1968,26.267333333333337
Timor Leste,1969,26.249583333333334
Timor Leste,1970,26.465083333333336
Timor Leste,1971,26.21858333333333
Timor Leste,1972,26.147833333333335
Timor Leste,1973,26.91016666666667
Timor Leste,1974,26.366333333333333
Timor Leste,1975,26.299083333333332
Timor Leste,1976,26.000083333333333
Timor Leste,1977,25.880750000000003
Timor Leste,1978,26.606916666666667
Timor Leste,1979,26.325166666666664
Timor Leste,1980,26.300083333333333
Timor Leste,1981,26.467083333333335
Timor Leste,1982,25.71166666666667
Timor Leste,1983,26.526833333333332
Timor Leste,1984,26.250666666666664
Timor Leste,1985,26.46466666666667
Timor Leste,1986,26.480666666666668
Timor Leste,1987,26.622249999999998
Timor Leste,1988,26.814000000000004
Timor Leste,1989,26.464583333333334
Timor Leste,1990,26.461333333333332
Timor Leste,1991,26.210583333333332
Timor Leste,1992,26.648833333333332
Timor Leste,1993,26.309916666666666
Timor Leste,1994,25.976583333333334
Timor Leste,1995,26.442583333333335
Timor Leste,1996,26.480500000000003
Timor Leste,1997,26.162833333333335
Timor Leste,1998,26.97075
Timor Leste,1999,26.105
Timor Leste,2000,26.087
Timor Leste,2001,26.393416666666667
Timor Leste,2002,26.617583333333332
Timor Leste,2003,26.605333333333334
Timor Leste,2004,26.468999999999998
Timor Leste,2005,26.860166666666668
Timor Leste,2006,26.202749999999998
Timor Leste,2007,26.47791666666667
Timor Leste,2008,26.306916666666666
Timor Leste,2009,26.642583333333334
Timor Leste,2010,26.79225
Timor Leste,2011,26.020333333333337
Timor Leste,2012,26.206083333333336
Timor Leste,2013,26.3125
Togo,1900,26.764333333333337
Togo,1901,26.620166666666666
Togo,1902,26.409833333333335
Togo,1903,25.955083333333334
Togo,1904,25.81325
Togo,1905,26.346166666666665
Togo,1906,26.619833333333336
Togo,1907,26.21666666666667
Togo,1908,26.49683333333333
Togo,1909,26.28108333333333
Togo,1910,26.350583333333333
Togo,1911,25.992
Togo,1912,26.589083333333335
Togo,1913,27.08575
Togo,1914,27.18375
Togo,1915,27.077333333333332
Togo,1916,26.751166666666666
Togo,1917,27.300916666666666
Togo,1918,26.778833333333335
Togo,1919,26.990916666666667
Togo,1920,26.938333333333333
Togo,1921,27.117333333333335
Togo,1922,27.037916666666664
Togo,1923,26.96741666666667
Togo,1924,27.114
Togo,1925,26.86725
Togo,1926,27.352166666666665
Togo,1927,26.932166666666664
Togo,1928,26.91
Togo,1929,26.814666666666668
Togo,1930,27.26991666666667
Togo,1931,27.299000000000003
Togo,1932,26.835250000000002
Togo,1933,27.16175
Togo,1934,27.080000000000002
Togo,1935,27.033833333333334
Togo,1936,26.923583333333337
Togo,1937,27.322083333333335
Togo,1938,27.268
Togo,1939,26.69241666666667
Togo,1940,27.287666666666667
Togo,1941,27.642
Togo,1942,27.305333333333333
Togo,1943,26.892833333333332
Togo,1944,27.334999999999997
Togo,1945,27.342416666666665
Togo,1946,27.087999999999997
Togo,1947,27.34175
Togo,1948,26.898750000000003
Togo,1949,27.3145
Togo,1950,26.941083333333335
Togo,1951,27.19725
Togo,1952,27.005666666666666
Togo,1953,26.902583333333336
Togo,1954,26.59566666666667
Togo,1955,26.556250000000002
Togo,1956,26.595916666666668
Togo,1957,26.816083333333335
Togo,1958,27.0215
Togo,1959,26.999
Togo,1960,26.9455
Togo,1961,26.783416666666668
Togo,1962,26.770833333333332
Togo,1963,27.032750000000004
Togo,1964,26.722083333333334
Togo,1965,26.796833333333336
Togo,1966,27.036083333333334
Togo,1967,26.703666666666667
Togo,1968,26.84841666666667
Togo,1969,27.234583333333333
Togo,1970,27.264166666666668
Togo,1971,26.770833333333332
Togo,1972,27.05633333333333
Togo,1973,27.561083333333332
Togo,1974,26.860583333333334
Togo,1975,26.71475
Togo,1976,26.570666666666668
Togo,1977,27.194666666666667
Togo,1978,26.948916666666666
Togo,1979,27.278333333333336
Togo,1980,27.265583333333336
Togo,1981,27.228166666666667
Togo,1982,26.987166666666667
Togo,1983,27.471999999999998
Togo,1984,27.294416666666667
Togo,1985,27.172916666666666
Togo,1986,27.032333333333337
Togo,1987,27.916833333333333
Togo,1988,27.353416666666664
Togo,1989,27.0725
Togo,1990,27.516833333333334
Togo,1991,27.056833333333334
Togo,1992,26.9755
Togo,1993,27.23675
Togo,1994,27.081666666666667
Togo,1995,27.311333333333334
Togo,1996,27.305833333333336
Togo,1997,27.22541666666667
Togo,1998,27.805583333333335
Togo,1999,27.280333333333335
Togo,2000,27.44241666666667
Togo,2001,27.4105
Togo,2002,27.497249999999998
Togo,2003,27.666749999999997
Togo,2004,27.53491666666667
Togo,2005,27.766666666666666
Togo,2006,27.768500000000003
Togo,2007,27.863833333333332
Togo,2008,27.464916666666667
Togo,2009,27.710333333333335
Togo,2010,28.059416666666667
Togo,2011,27.772000000000002
Togo,2012,27.419916666666666
Togo,2013,27.718
Tonga,1900,22.85875
Tonga,1901,22.687083333333334
Tonga,1902,22.493666666666666
Tonga,1903,22.945999999999998
Tonga,1904,22.535666666666668
Tonga,1905,22.682666666666666
Tonga,1906,23.05275
Tonga,1907,22.66616666666667
Tonga,1908,22.733333333333334
Tonga,1909,22.839083333333335
Tonga,1910,23.096083333333336
Tonga,1911,22.774666666666665
Tonga,1912,22.778333333333336
Tonga,1913,22.616333333333333
Tonga,1914,22.76008333333333
Tonga,1915,22.898416666666666
Tonga,1916,23.05775
Tonga,1917,22.780666666666665
Tonga,1918,22.81758333333333
Tonga,1919,22.756500000000003
Tonga,1920,22.78
Tonga,1921,23.0275
Tonga,1922,22.979916666666668
Tonga,1923,22.4055
Tonga,1924,23.035833333333333
Tonga,1925,22.703083333333336
Tonga,1926,22.833083333333335
Tonga,1927,23.765
Tonga,1928,23.387916666666666
Tonga,1929,23.20375
Tonga,1930,22.68558333333333
Tonga,1931,23.193833333333334
Tonga,1932,23.555333333333333
Tonga,1933,23.435333333333332
Tonga,1934,23.298000000000002
Tonga,1935,23.668083333333332
Tonga,1936,23.374
Tonga,1937,23.5565
Tonga,1938,23.83375
Tonga,1939,22.855333333333334
Tonga,1940,22.904666666666667
Tonga,1941,23.308083333333332
Tonga,1942,23.295916666666667
Tonga,1943,23.40908333333333
Tonga,1944,23.067166666666665
Tonga,1945,23.19066666666667
Tonga,1946,23.464
Tonga,1947,23.554583333333337
Tonga,1948,23.335166666666666
Tonga,1949,23.455583333333333
Tonga,1950,23.478416666666664
Tonga,1951,22.87675
Tonga,1952,23.737250000000003
Tonga,1953,23.388833333333334
Tonga,1954,23.5355
Tonga,1955,23.656916666666664
Tonga,1956,23.53025
Tonga,1957,23.099833333333333
Tonga,1958,23.110833333333332
Tonga,1959,23.423416666666668
Tonga,1960,23.292583333333337
Tonga,1961,23.517500000000002
Tonga,1962,23.200833333333335
Tonga,1963,23.112750000000002
Tonga,1964,23.463333333333335
Tonga,1965,22.714083333333335
Tonga,1966,22.983500000000003
Tonga,1967,23.333
Tonga,1968,23.411916666666666
Tonga,1969,22.956333333333333
Tonga,1970,23.675749999999997
Tonga,1971,23.855
Tonga,1972,23.170083333333334
Tonga,1973,24.079916666666666
Tonga,1974,24.006583333333335
Tonga,1975,23.981166666666667
Tonga,1976,23.376083333333337
Tonga,1977,23.199250000000003
Tonga,1978,23.20075
Tonga,1979,23.496166666666667
Tonga,1980,23.514
Tonga,1981,23.69225
Tonga,1982,23.289833333333334
Tonga,1983,23.50916666666667
Tonga,1984,23.76725
Tonga,1985,23.643416666666667
Tonga,1986,23.183166666666665
Tonga,1987,23.231083333333334
Tonga,1988,24.242583333333332
Tonga,1989,23.75366666666667
Tonga,1990,23.639750000000003
Tonga,1991,23.58791666666667
Tonga,1992,23.576166666666666
Tonga,1993,23.192333333333334
Tonga,1994,23.22775
Tonga,1995,23.890083333333333
Tonga,1996,23.993666666666666
Tonga,1997,23.386416666666666
Tonga,1998,24.13383333333333
Tonga,1999,23.869500000000002
Tonga,2000,24.028666666666666
Tonga,2001,23.99508333333333
Tonga,2002,23.89316666666667
Tonga,2003,23.9195
Tonga,2004,23.891583333333333
Tonga,2005,23.792083333333334
Tonga,2006,23.816000000000003
Tonga,2007,24.178583333333336
Tonga,2008,23.848583333333334
Tonga,2009,23.136916666666668
Tonga,2010,24.11441666666667
Tonga,2011,24.236666666666668
Tonga,2012,23.84166666666667
Tonga,2013,24.285875
Trinidad And Tobago,1900,26.0475
Trinidad And Tobago,1901,26.070333333333334
Trinidad And Tobago,1902,26.1075
Trinidad And Tobago,1903,26.110583333333334
Trinidad And Tobago,1904,25.474249999999998
Trinidad And Tobago,1905,25.85666666666667
Trinidad And Tobago,1906,25.750083333333333
Trinidad And Tobago,1907,25.619333333333334
Trinidad And Tobago,1908,25.585833333333337
Trinidad And Tobago,1909,25.62
Trinidad And Tobago,1910,25.651833333333332
Trinidad And Tobago,1911,25.772916666666664
Trinidad And Tobago,1912,25.86991666666667
Trinidad And Tobago,1913,25.59358333333333
Trinidad And Tobago,1914,25.96858333333333
Trinidad And Tobago,1915,26.101250000000004
Trinidad And Tobago,1916,25.69125
Trinidad And Tobago,1917,25.376583333333333
Trinidad And Tobago,1918,25.676000000000002
Trinidad And Tobago,1919,26.084999999999997
Trinidad And Tobago,1920,25.800250000000002
Trinidad And Tobago,1921,25.75883333333333
Trinidad And Tobago,1922,25.647666666666666
Trinidad And Tobago,1923,25.614333333333335
Trinidad And Tobago,1924,26.064666666666668
Trinidad And Tobago,1925,25.769416666666668
Trinidad And Tobago,1926,26.186333333333334
Trinidad And Tobago,1927,26.29225
Trinidad And Tobago,1928,26.171000000000003
Trinidad And Tobago,1929,25.904
Trinidad And Tobago,1930,26.13116666666667
Trinidad And Tobago,1931,26.463916666666666
Trinidad And Tobago,1932,26.259666666666664
Trinidad And Tobago,1933,25.900166666666667
Trinidad And Tobago,1934,25.926416666666668
Trinidad And Tobago,1935,25.897833333333335
Trinidad And Tobago,1936,26.056833333333334
Trinidad And Tobago,1937,26.231333333333335
Trinidad And Tobago,1938,26.070583333333335
Trinidad And Tobago,1939,26.00375
Trinidad And Tobago,1940,26.669750000000004
Trinidad And Tobago,1941,26.705916666666667
Trinidad And Tobago,1942,26.65116666666667
Trinidad And Tobago,1943,26.203500000000002
Trinidad And Tobago,1944,26.243750000000002
Trinidad And Tobago,1945,25.990166666666667
Trinidad And Tobago,1946,26.07975
Trinidad And Tobago,1947,26.178583333333336
Trinidad And Tobago,1948,26.13875
Trinidad And Tobago,1949,26.09991666666667
Trinidad And Tobago,1950,25.967916666666667
Trinidad And Tobago,1951,26.259833333333333
Trinidad And Tobago,1952,26.5545
Trinidad And Tobago,1953,26.404083333333332
Trinidad And Tobago,1954,26.080250000000003
Trinidad And Tobago,1955,26.21783333333333
Trinidad And Tobago,1956,26.132166666666667
Trinidad And Tobago,1957,26.353083333333334
Trinidad And Tobago,1958,26.879333333333335
Trinidad And Tobago,1959,26.578666666666667
Trinidad And Tobago,1960,26.556416666666667
Trinidad And Tobago,1961,26.58758333333333
Trinidad And Tobago,1962,26.52175
Trinidad And Tobago,1963,26.587833333333336
Trinidad And Tobago,1964,26.25191666666667
Trinidad And Tobago,1965,26.322583333333338
Trinidad And Tobago,1966,26.512
Trinidad And Tobago,1967,26.12425
Trinidad And Tobago,1968,26.084083333333336
Trinidad And Tobago,1969,26.83375
Trinidad And Tobago,1970,26.459666666666667
Trinidad And Tobago,1971,25.965500000000002
Trinidad And Tobago,1972,26.278333333333336
Trinidad And Tobago,1973,26.43433333333333
Trinidad And Tobago,1974,26.0775
Trinidad And Tobago,1975,26.06375
Trinidad And Tobago,1976,26.10891666666667
Trinidad And Tobago,1977,26.567333333333334
Trinidad And Tobago,1978,26.645416666666666
Trinidad And Tobago,1979,26.678
Trinidad And Tobago,1980,26.678833333333333
Trinidad And Tobago,1981,26.789
Trinidad And Tobago,1982,26.468999999999998
Trinidad And Tobago,1983,26.811666666666667
Trinidad And Tobago,1984,26.256249999999998
Trinidad And Tobago,1985,26.08741666666667
Trinidad And Tobago,1986,26.255416666666665
Trinidad And Tobago,1987,27.052000000000003
Trinidad And Tobago,1988,26.7325
Trinidad And Tobago,1989,26.32875
Trinidad And Tobago,1990,26.6615
Trinidad And Tobago,1991,26.529
Trinidad And Tobago,1992,26.49866666666667
Trinidad And Tobago,1993,26.737083333333334
Trinidad And Tobago,1994,26.6075
Trinidad And Tobago,1995,27.00791666666667
Trinidad And Tobago,1996,26.573416666666663
Trinidad And Tobago,1997,26.681250000000002
Trinidad And Tobago,1998,27.32641666666667
Trinidad And Tobago,1999,26.867666666666665
Trinidad And Tobago,2000,26.62708333333333
Trinidad And Tobago,2001,26.9485
Trinidad And Tobago,2002,26.854249999999997
Trinidad And Tobago,2003,27.126083333333337
Trinidad And Tobago,2004,26.800916666666666
Trinidad And Tobago,2005,27.20325
Trinidad And Tobago,2006,27.069833333333335
Trinidad And Tobago,2007,26.898
Trinidad And Tobago,2008,26.826666666666668
Trinidad And Tobago,2009,27.04025
Trinidad And Tobago,2010,27.546333333333333
Trinidad And Tobago,2011,27.017666666666667
Trinidad And Tobago,2012,27.02775
Trinidad And Tobago,2013,27.086625
Tunisia,1900,19.840666666666667
Tunisia,1901,19.703666666666667
Tunisia,1902,19.975333333333335
Tunisia,1903,19.298333333333336
Tunisia,1904,19.8545
Tunisia,1905,19.588416666666667
Tunisia,1906,19.29941666666667
Tunisia,1907,19.090333333333334
Tunisia,1908,19.71075
Tunisia,1909,19.3065
Tunisia,1910,19.388833333333334
Tunisia,1911,19.780583333333333
Tunisia,1912,19.75241666666667
Tunisia,1913,20.227500000000003
Tunisia,1914,19.799000000000003
Tunisia,1915,19.83575
Tunisia,1916,19.999666666666666
Tunisia,1917,19.562916666666666
Tunisia,1918,19.4165
Tunisia,1919,19.679666666666666
Tunisia,1920,20.246083333333335
Tunisia,1921,19.918
Tunisia,1922,20.134083333333336
Tunisia,1923,19.314583333333335
Tunisia,1924,20.532416666666666
Tunisia,1925,19.820833333333336
Tunisia,1926,20.4175
Tunisia,1927,20.643666666666668
Tunisia,1928,20.25375
Tunisia,1929,19.28575
Tunisia,1930,20.439916666666665
Tunisia,1931,20.86225
Tunisia,1932,20.496666666666666
Tunisia,1933,20.150166666666667
Tunisia,1934,19.90975
Tunisia,1935,19.844916666666666
Tunisia,1936,19.942583333333335
Tunisia,1937,20.579916666666666
Tunisia,1938,19.42866666666667
Tunisia,1939,20.041666666666668
Tunisia,1940,19.736500000000003
Tunisia,1941,19.884916666666665
Tunisia,1942,20.4255
Tunisia,1943,20.49941666666667
Tunisia,1944,19.877083333333335
Tunisia,1945,20.504
Tunisia,1946,20.722416666666668
Tunisia,1947,20.967833333333335
Tunisia,1948,20.141166666666667
Tunisia,1949,20.146
Tunisia,1950,20.121750000000002
Tunisia,1951,20.232916666666668
Tunisia,1952,20.712416666666666
Tunisia,1953,19.92875
Tunisia,1954,19.589166666666667
Tunisia,1955,20.986083333333333
Tunisia,1956,19.474416666666666
Tunisia,1957,19.650250000000003
Tunisia,1958,20.299583333333334
Tunisia,1959,20.028583333333334
Tunisia,1960,20.640916666666666
Tunisia,1961,20.382916666666667
Tunisia,1962,20.02025
Tunisia,1963,20.225833333333334
Tunisia,1964,20.096083333333333
Tunisia,1965,19.972833333333334
Tunisia,1966,20.222833333333334
Tunisia,1967,19.946166666666667
Tunisia,1968,20.251
Tunisia,1969,19.99625
Tunisia,1970,20.104916666666668
Tunisia,1971,19.738416666666666
Tunisia,1972,19.751749999999998
Tunisia,1973,19.97216666666667
Tunisia,1974,19.674
Tunisia,1975,19.744416666666666
Tunisia,1976,19.327583333333333
Tunisia,1977,20.630333333333333
Tunisia,1978,19.776
Tunisia,1979,20.1765
Tunisia,1980,19.496083333333335
Tunisia,1981,20.267
Tunisia,1982,20.507333333333335
Tunisia,1983,20.277166666666666
Tunisia,1984,19.832833333333333
Tunisia,1985,20.486416666666667
Tunisia,1986,20.276083333333336
Tunisia,1987,20.803416666666667
Tunisia,1988,20.92925
Tunisia,1989,20.74641666666667
Tunisia,1990,20.929
Tunisia,1991,19.92475
Tunisia,1992,20.033166666666666
Tunisia,1993,20.567666666666668
Tunisia,1994,21.266000000000002
Tunisia,1995,20.68316666666667
Tunisia,1996,20.5275
Tunisia,1997,21.084
Tunisia,1998,20.761333333333337
Tunisia,1999,21.65691666666667
Tunisia,2000,21.1405
Tunisia,2001,21.70125
Tunisia,2002,21.328416666666666
Tunisia,2003,21.47758333333333
Tunisia,2004,20.945083333333333
Tunisia,2005,20.84575
Tunisia,2006,21.31
Tunisia,2007,21.154666666666667
Tunisia,2008,21.204583333333336
Tunisia,2009,21.092499999999998
Tunisia,2010,21.609750000000002
Tunisia,2011,20.994916666666665
Tunisia,2012,21.479166666666668
Tunisia,2013,21.887125
Turkey,1900,11.91375
Turkey,1901,12.392416666666668
Turkey,1902,11.625
Turkey,1903,11.360833333333334
Turkey,1904,11.201500000000001
Turkey,1905,11.309
Turkey,1906,11.35425
Turkey,1907,10.749916666666666
Turkey,1908,10.832833333333333
Turkey,1909,11.909666666666666
Turkey,1910,11.492166666666668
Turkey,1911,10.51575
Turkey,1912,11.606083333333332
Turkey,1913,10.944
Turkey,1914,11.191916666666666
Turkey,1915,11.993250000000002
Turkey,1916,12.39175
Turkey,1917,12.064750000000002
Turkey,1918,11.832666666666668
Turkey,1919,11.990499999999999
Turkey,1920,10.6265
Turkey,1921,10.896333333333333
Turkey,1922,12.0815
Turkey,1923,12.261416666666667
Turkey,1924,11.834333333333333
Turkey,1925,11.852500000000001
Turkey,1926,12.049583333333333
Turkey,1927,12.203916666666666
Turkey,1928,11.535333333333334
Turkey,1929,11.490166666666667
Turkey,1930,12.4195
Turkey,1931,11.724499999999999
Turkey,1932,11.576083333333335
Turkey,1933,10.838583333333332
Turkey,1934,11.776083333333334
Turkey,1935,12.255749999999999
Turkey,1936,12.04475
Turkey,1937,12.730833333333335
Turkey,1938,11.851583333333332
Turkey,1939,12.208833333333333
Turkey,1940,12.007916666666668
Turkey,1941,11.730833333333335
Turkey,1942,11.554083333333333
Turkey,1943,11.493333333333332
Turkey,1944,11.965166666666667
Turkey,1945,11.282916666666667
Turkey,1946,12.034666666666666
Turkey,1947,12.679916666666665
Turkey,1948,11.300333333333334
Turkey,1949,10.961
Turkey,1950,11.466666666666667
Turkey,1951,12.062916666666666
Turkey,1952,12.527416666666667
Turkey,1953,11.088000000000001
Turkey,1954,12.036333333333333
Turkey,1955,12.968333333333334
Turkey,1956,11.135583333333335
Turkey,1957,12.157166666666667
Turkey,1958,12.268166666666666
Turkey,1959,11.184333333333333
Turkey,1960,12.580916666666667
Turkey,1961,12.083833333333333
Turkey,1962,13.118166666666667
Turkey,1963,12.284333333333334
Turkey,1964,11.270000000000001
Turkey,1965,11.671416666666666
Turkey,1966,13.413083333333333
Turkey,1967,11.024666666666667
Turkey,1968,11.930166666666667
Turkey,1969,11.968916666666667
Turkey,1970,12.554583333333333
Turkey,1971,11.94525
Turkey,1972,11.201666666666668
Turkey,1973,11.519416666666666
Turkey,1974,11.6215
Turkey,1975,11.70225
Turkey,1976,11.058916666666667
Turkey,1977,11.951916666666667
Turkey,1978,12.14025
Turkey,1979,12.871083333333333
Turkey,1980,11.984916666666669
Turkey,1981,12.5755
Turkey,1982,11.498583333333334
Turkey,1983,11.640749999999999
Turkey,1984,12.058
Turkey,1985,12.08625
Turkey,1986,12.260916666666667
Turkey,1987,11.613833333333334
Turkey,1988,11.621916666666666
Turkey,1989,12.1755
Turkey,1990,12.032499999999999
Turkey,1991,11.751083333333334
Turkey,1992,10.516666666666667
Turkey,1993,11.277416666666667
Turkey,1994,12.744833333333334
Turkey,1995,12.188833333333333
Turkey,1996,12.405916666666668
Turkey,1997,11.568
Turkey,1998,12.883166666666668
Turkey,1999,13.08725
Turkey,2000,12.201916666666667
Turkey,2001,13.28325
Turkey,2002,12.338999999999999
Turkey,2003,12.331333333333335
Turkey,2004,12.310166666666667
Turkey,2005,12.432916666666666
Turkey,2006,12.450083333333334
Turkey,2007,12.815333333333333
Turkey,2008,12.657833333333334
Turkey,2009,12.814833333333333
Turkey,2010,14.281666666666666
Turkey,2011,11.914500000000002
Turkey,2012,12.854416666666667
Turkey,2013,14.026625
Turkmenistan,1900,13.924833333333334
Turkmenistan,1901,14.980666666666666
Turkmenistan,1902,15.154333333333334
Turkmenistan,1903,13.985750000000001
Turkmenistan,1904,14.284083333333333
Turkmenistan,1905,14.379
Turkmenistan,1906,14.584249999999999
Turkmenistan,1907,13.808
Turkmenistan,1908,14.227000000000002
Turkmenistan,1909,15.272083333333335
Turkmenistan,1910,14.566166666666666
Turkmenistan,1911,13.4985
Turkmenistan,1912,14.648249999999999
Turkmenistan,1913,14.694833333333333
Turkmenistan,1914,15.48675
Turkmenistan,1915,16.11583333333333
Turkmenistan,1916,14.05225
Turkmenistan,1917,15.339166666666666
Turkmenistan,1918,14.068416666666666
Turkmenistan,1919,14.83525
Turkmenistan,1920,13.112583333333333
Turkmenistan,1921,14.489083333333333
Turkmenistan,1922,15.491750000000001
Turkmenistan,1923,14.41675
Turkmenistan,1924,14.4825
Turkmenistan,1925,15.412166666666666
Turkmenistan,1926,14.755
Turkmenistan,1927,14.709999999999999
Turkmenistan,1928,13.696666666666667
Turkmenistan,1929,13.248916666666666
Turkmenistan,1930,13.869833333333334
Turkmenistan,1931,13.596916666666667
Turkmenistan,1932,14.254916666666666
Turkmenistan,1933,14.500583333333333
Turkmenistan,1934,13.489500000000001
Turkmenistan,1935,14.465583333333333
Turkmenistan,1936,14.898583333333335
Turkmenistan,1937,14.51025
Turkmenistan,1938,15.33
Turkmenistan,1939,15.331833333333334
Turkmenistan,1940,15.878250000000001
Turkmenistan,1941,16.18316666666667
Turkmenistan,1942,15.176583333333333
Turkmenistan,1943,14.047083333333333
Turkmenistan,1944,15.637416666666667
Turkmenistan,1945,14.283500000000002
Turkmenistan,1946,14.9535
Turkmenistan,1947,15.714333333333334
Turkmenistan,1948,15.199583333333335
Turkmenistan,1949,13.604750000000001
Turkmenistan,1950,13.65375
Turkmenistan,1951,14.484833333333334
Turkmenistan,1952,14.682166666666667
Turkmenistan,1953,15.068
Turkmenistan,1954,14.211833333333333
Turkmenistan,1955,16.074416666666668
Turkmenistan,1956,14.600416666666668
Turkmenistan,1957,14.305833333333332
Turkmenistan,1958,15.439666666666668
Turkmenistan,1959,14.104833333333334
Turkmenistan,1960,14.835666666666667
Turkmenistan,1961,15.841416666666667
Turkmenistan,1962,15.141916666666667
Turkmenistan,1963,15.902833333333334
Turkmenistan,1964,14.1575
Turkmenistan,1965,15.318666666666667
Turkmenistan,1966,15.859833333333334
Turkmenistan,1967,14.948416666666667
Turkmenistan,1968,15.132416666666666
Turkmenistan,1969,13.504166666666668
Turkmenistan,1970,15.567
Turkmenistan,1971,15.894
Turkmenistan,1972,13.420333333333334
Turkmenistan,1973,15.33775
Turkmenistan,1974,14.093583333333333
Turkmenistan,1975,15.44025
Turkmenistan,1976,14.205833333333333
Turkmenistan,1977,15.261000000000001
Turkmenistan,1978,15.023583333333335
Turkmenistan,1979,15.679083333333333
Turkmenistan,1980,15.387916666666667
Turkmenistan,1981,15.982416666666666
Turkmenistan,1982,14.534833333333333
Turkmenistan,1983,16.315166666666666
Turkmenistan,1984,14.418166666666666
Turkmenistan,1985,15.532166666666667
Turkmenistan,1986,15.517416666666668
Turkmenistan,1987,15.43875
Turkmenistan,1988,15.954833333333333
Turkmenistan,1989,15.663499999999999
Turkmenistan,1990,15.926416666666666
Turkmenistan,1991,15.521083333333332
Turkmenistan,1992,15.036833333333334
Turkmenistan,1993,14.735416666666667
Turkmenistan,1994,15.356416666666668
Turkmenistan,1995,16.52091666666667
Turkmenistan,1996,15.327
Turkmenistan,1997,16.335
Turkmenistan,1998,16.162583333333334
Turkmenistan,1999,16.3785
Turkmenistan,2000,16.398166666666665
Turkmenistan,2001,16.573833333333333
Turkmenistan,2002,16.379583333333333
Turkmenistan,2003,15.642416666666668
Turkmenistan,2004,16.663833333333333
Turkmenistan,2005,16.579166666666666
Turkmenistan,2006,16.51
Turkmenistan,2007,16.302083333333332
Turkmenistan,2008,15.858083333333333
Turkmenistan,2009,16.355416666666667
Turkmenistan,2010,17.043833333333335
Turkmenistan,2011,15.786166666666666
Turkmenistan,2012,15.855833333333335
Turkmenistan,2013,18.613500000000002
Turks And Caicas Islands,1900,26.79491666666667
Turks And Caicas Islands,1901,26.390333333333334
Turks And Caicas Islands,1902,26.334999999999997
Turks And Caicas Islands,1903,26.512
Turks And Caicas Islands,1904,26.23866666666667
Turks And Caicas Islands,1905,26.77025
Turks And Caicas Islands,1906,26.443250000000003
Turks And Caicas Islands,1907,26.384
Turks And Caicas Islands,1908,26.50375
Turks And Caicas Islands,1909,26.217583333333334
Turks And Caicas Islands,1910,25.948333333333334
Turks And Caicas Islands,1911,26.485666666666663
Turks And Caicas Islands,1912,26.721416666666666
Turks And Caicas Islands,1913,26.18575
Turks And Caicas Islands,1914,26.505583333333334
Turks And Caicas Islands,1915,26.658833333333334
Turks And Caicas Islands,1916,26.13891666666667
Turks And Caicas Islands,1917,26.01516666666667
Turks And Caicas Islands,1918,26.229916666666668
Turks And Caicas Islands,1919,26.673916666666667
Turks And Caicas Islands,1920,26.58125
Turks And Caicas Islands,1921,26.40041666666667
Turks And Caicas Islands,1922,26.162833333333335
Turks And Caicas Islands,1923,26.419
Turks And Caicas Islands,1924,26.840333333333334
Turks And Caicas Islands,1925,26.62008333333333
Turks And Caicas Islands,1926,26.99083333333333
Turks And Caicas Islands,1927,26.74116666666667
Turks And Caicas Islands,1928,26.74
Turks And Caicas Islands,1929,26.666583333333335
Turks And Caicas Islands,1930,26.7685
Turks And Caicas Islands,1931,26.828833333333336
Turks And Caicas Islands,1932,26.82116666666667
Turks And Caicas Islands,1933,26.685833333333335
Turks And Caicas Islands,1934,26.485500000000002
Turks And Caicas Islands,1935,26.44225
Turks And Caicas Islands,1936,26.788583333333335
Turks And Caicas Islands,1937,26.925916666666666
Turks And Caicas Islands,1938,26.759666666666664
Turks And Caicas Islands,1939,26.782083333333333
Turks And Caicas Islands,1940,26.87066666666667
Turks And Caicas Islands,1941,27.14375
Turks And Caicas Islands,1942,27.058333333333334
Turks And Caicas Islands,1943,26.711916666666667
Turks And Caicas Islands,1944,26.657416666666666
Turks And Caicas Islands,1945,26.541666666666668
Turks And Caicas Islands,1946,26.84375
Turks And Caicas Islands,1947,27.140833333333333
Turks And Caicas Islands,1948,27.35575
Turks And Caicas Islands,1949,26.802083333333332
Turks And Caicas Islands,1950,26.359750000000002
Turks And Caicas Islands,1951,26.357833333333332
Turks And Caicas Islands,1952,26.775166666666667
Turks And Caicas Islands,1953,27.12375
Turks And Caicas Islands,1954,26.840166666666665
Turks And Caicas Islands,1955,26.22375
Turks And Caicas Islands,1956,26.476416666666665
Turks And Caicas Islands,1957,26.935166666666664
Turks And Caicas Islands,1958,26.960000000000004
Turks And Caicas Islands,1959,27.228416666666664
Turks And Caicas Islands,1960,27.083916666666667
Turks And Caicas Islands,1961,26.93733333333334
Turks And Caicas Islands,1962,26.771583333333336
Turks And Caicas Islands,1963,26.956416666666666
Turks And Caicas Islands,1964,27.037333333333336
Turks And Caicas Islands,1965,26.653583333333334
Turks And Caicas Islands,1966,26.890833333333333
Turks And Caicas Islands,1967,26.98566666666667
Turks And Caicas Islands,1968,26.847083333333334
Turks And Caicas Islands,1969,27.045916666666667
Turks And Caicas Islands,1970,26.742083333333337
Turks And Caicas Islands,1971,26.61525
Turks And Caicas Islands,1972,26.848416666666665
Turks And Caicas Islands,1973,26.920083333333334
Turks And Caicas Islands,1974,26.571166666666667
Turks And Caicas Islands,1975,26.818
Turks And Caicas Islands,1976,26.745
Turks And Caicas Islands,1977,27.135083333333338
Turks And Caicas Islands,1978,27.161416666666668
Turks And Caicas Islands,1979,26.897750000000002
Turks And Caicas Islands,1980,27.41525
Turks And Caicas Islands,1981,26.988916666666668
Turks And Caicas Islands,1982,27.37291666666667
Turks And Caicas Islands,1983,27.319999999999997
Turks And Caicas Islands,1984,26.883583333333334
Turks And Caicas Islands,1985,26.990583333333333
Turks And Caicas Islands,1986,27.105
Turks And Caicas Islands,1987,27.343166666666665
Turks And Caicas Islands,1988,26.99383333333333
Turks And Caicas Islands,1989,26.957333333333334
Turks And Caicas Islands,1990,27.33683333333333
Turks And Caicas Islands,1991,27.294416666666667
Turks And Caicas Islands,1992,27.077250000000003
Turks And Caicas Islands,1993,27.05525
Turks And Caicas Islands,1994,27.504416666666668
Turks And Caicas Islands,1995,27.389
Turks And Caicas Islands,1996,26.93416666666667
Turks And Caicas Islands,1997,27.868
Turks And Caicas Islands,1998,27.743750000000002
Turks And Caicas Islands,1999,27.231583333333333
Turks And Caicas Islands,2000,26.956916666666668
Turks And Caicas Islands,2001,27.246083333333335
Turks And Caicas Islands,2002,27.70141666666667
Turks And Caicas Islands,2003,27.81533333333333
Turks And Caicas Islands,2004,27.53091666666667
Turks And Caicas Islands,2005,27.49716666666667
Turks And Caicas Islands,2006,27.44558333333333
Turks And Caicas Islands,2007,27.5975
Turks And Caicas Islands,2008,27.428
Turks And Caicas Islands,2009,27.439333333333334
Turks And Caicas Islands,2010,27.296333333333337
Turks And Caicas Islands,2011,27.435000000000002
Turks And Caicas Islands,2012,27.412583333333334
Turks And Caicas Islands,2013,27.440555555555555
Uganda,1900,22.973916666666668
Uganda,1901,23.834166666666665
Uganda,1902,23.150833333333335
Uganda,1903,23.075
Uganda,1904,22.284000000000002
Uganda,1905,22.68525
Uganda,1906,22.577333333333332
Uganda,1907,22.634
Uganda,1908,22.49225
Uganda,1909,22.233166666666666
Uganda,1910,22.560166666666664
Uganda,1911,23.10366666666667
Uganda,1912,23.224
Uganda,1913,22.799916666666665
Uganda,1914,23.001583333333333
Uganda,1915,23.02616666666667
Uganda,1916,22.7195
Uganda,1917,22.3325
Uganda,1918,22.8195
Uganda,1919,22.870500000000003
Uganda,1920,22.674166666666668
Uganda,1921,22.752583333333334
Uganda,1922,22.342416666666665
Uganda,1923,22.45058333333333
Uganda,1924,22.905666666666665
Uganda,1925,22.881333333333334
Uganda,1926,22.65725
Uganda,1927,23.29716666666667
Uganda,1928,23.173416666666668
Uganda,1929,22.996916666666667
Uganda,1930,23.134583333333335
Uganda,1931,23.360083333333336
Uganda,1932,22.861833333333333
Uganda,1933,22.96741666666667
Uganda,1934,23.070333333333334
Uganda,1935,23.23925
Uganda,1936,23.079583333333332
Uganda,1937,23.02475
Uganda,1938,22.964416666666665
Uganda,1939,23.053916666666666
Uganda,1940,23.226916666666668
Uganda,1941,23.474999999999998
Uganda,1942,23.15325
Uganda,1943,23.129416666666668
Uganda,1944,23.09675
Uganda,1945,23.07875
Uganda,1946,23.089416666666665
Uganda,1947,22.90533333333333
Uganda,1948,22.9785
Uganda,1949,23.338833333333337
Uganda,1950,22.967916666666667
Uganda,1951,22.889166666666668
Uganda,1952,23.090833333333332
Uganda,1953,23.24208333333333
Uganda,1954,22.959333333333333
Uganda,1955,22.863916666666668
Uganda,1956,22.61916666666667
Uganda,1957,23.102999999999998
Uganda,1958,23.357416666666666
Uganda,1959,23.147000000000002
Uganda,1960,23.04733333333333
Uganda,1961,23.049166666666668
Uganda,1962,22.872666666666664
Uganda,1963,22.87875
Uganda,1964,22.8095
Uganda,1965,23.029750000000003
Uganda,1966,23.107833333333332
Uganda,1967,22.926833333333335
Uganda,1968,22.757500000000004
Uganda,1969,23.205333333333332
Uganda,1970,23.049583333333334
Uganda,1971,22.88275
Uganda,1972,23.337083333333336
Uganda,1973,23.30241666666667
Uganda,1974,22.98425
Uganda,1975,23.04975
Uganda,1976,23.162166666666668
Uganda,1977,23.280083333333334
Uganda,1978,23.1965
Uganda,1979,23.290333333333333
Uganda,1980,23.633416666666665
Uganda,1981,23.368916666666667
Uganda,1982,23.306250000000002
Uganda,1983,23.592083333333335
Uganda,1984,23.39408333333333
Uganda,1985,23.20175
Uganda,1986,23.45325
Uganda,1987,23.968
Uganda,1988,23.51375
Uganda,1989,22.961083333333335
Uganda,1990,23.267083333333336
Uganda,1991,23.176000000000002
Uganda,1992,23.295416666666668
Uganda,1993,23.39091666666667
Uganda,1994,23.415583333333334
Uganda,1995,23.571583333333333
Uganda,1996,23.3005
Uganda,1997,23.813666666666666
Uganda,1998,23.744249999999997
Uganda,1999,23.28408333333333
Uganda,2000,23.560916666666667
Uganda,2001,23.405833333333334
Uganda,2002,23.8305
Uganda,2003,23.843833333333333
Uganda,2004,23.811916666666665
Uganda,2005,24.029833333333332
Uganda,2006,23.770083333333332
Uganda,2007,23.4905
Uganda,2008,23.49625
Uganda,2009,24.047166666666666
Uganda,2010,23.92233333333333
Uganda,2011,23.72675
Uganda,2012,23.805666666666667
Uganda,2013,24.024625
Ukraine,1900,7.819333333333334
Ukraine,1901,8.187416666666666
Ukraine,1902,6.589916666666667
Ukraine,1903,8.446333333333333
Ukraine,1904,7.159916666666667
Ukraine,1905,7.978583333333333
Ukraine,1906,8.423916666666667
Ukraine,1907,6.583833333333334
Ukraine,1908,6.631083333333333
Ukraine,1909,7.520416666666666
Ukraine,1910,8.429
Ukraine,1911,6.8808333333333325
Ukraine,1912,6.618333333333333
Ukraine,1913,8.043666666666667
Ukraine,1914,7.764666666666666
Ukraine,1915,7.742
Ukraine,1916,7.904166666666666
Ukraine,1917,7.1306666666666665
Ukraine,1918,8.214916666666666
Ukraine,1919,7.222333333333332
Ukraine,1920,7.377916666666667
Ukraine,1921,7.655333333333332
Ukraine,1922,7.351166666666667
Ukraine,1923,8.393916666666668
Ukraine,1924,7.1155
Ukraine,1925,8.492666666666667
Ukraine,1926,7.820833333333333
Ukraine,1927,7.5882499999999995
Ukraine,1928,6.796916666666667
Ukraine,1929,6.463333333333334
Ukraine,1930,8.333499999999999
Ukraine,1931,6.921499999999999
Ukraine,1932,7.762499999999999
Ukraine,1933,5.990166666666666
Ukraine,1934,8.601916666666666
Ukraine,1935,7.717
Ukraine,1936,8.78
Ukraine,1937,8.6335
Ukraine,1938,8.854916666666666
Ukraine,1939,8.668750000000001
Ukraine,1940,6.458749999999999
Ukraine,1941,6.318083333333333
Ukraine,1942,5.811166666666666
Ukraine,1943,7.788916666666666
Ukraine,1944,8.24
Ukraine,1945,6.816583333333334
Ukraine,1946,8.191833333333333
Ukraine,1947,7.657916666666666
Ukraine,1948,8.025
Ukraine,1949,8.239083333333333
Ukraine,1950,8.020666666666667
Ukraine,1951,8.413583333333333
Ukraine,1952,8.089916666666666
Ukraine,1953,7.519666666666666
Ukraine,1954,7.252583333333334
Ukraine,1955,8.108666666666666
Ukraine,1956,6.301916666666667
Ukraine,1957,8.656
Ukraine,1958,8.081416666666668
Ukraine,1959,7.740416666666667
Ukraine,1960,8.558
Ukraine,1961,8.61725
Ukraine,1962,8.34825
Ukraine,1963,7.409583333333333
Ukraine,1964,7.4647499999999996
Ukraine,1965,7.103249999999999
Ukraine,1966,9.345666666666666
Ukraine,1967,8.327916666666665
Ukraine,1968,8.091416666666666
Ukraine,1969,6.782333333333334
Ukraine,1970,8.154166666666667
Ukraine,1971,8.22125
Ukraine,1972,8.386833333333334
Ukraine,1973,7.728333333333333
Ukraine,1974,8.300416666666665
Ukraine,1975,9.365166666666667
Ukraine,1976,6.668416666666666
Ukraine,1977,7.978749999999999
Ukraine,1978,7.242166666666666
Ukraine,1979,8.242166666666666
Ukraine,1980,6.900083333333334
Ukraine,1981,8.764666666666667
Ukraine,1982,8.1415
Ukraine,1983,8.964666666666668
Ukraine,1984,7.9736666666666665
Ukraine,1985,6.5635
Ukraine,1986,8.010666666666667
Ukraine,1987,6.1825
Ukraine,1988,7.781333333333333
Ukraine,1989,9.52375
Ukraine,1990,9.400833333333333
Ukraine,1991,8.300166666666668
Ukraine,1992,8.37975
Ukraine,1993,7.458416666666666
Ukraine,1994,8.80725
Ukraine,1995,8.709083333333334
Ukraine,1996,7.552583333333334
Ukraine,1997,7.604583333333333
Ukraine,1998,8.455583333333333
Ukraine,1999,9.50725
Ukraine,2000,9.316333333333334
Ukraine,2001,8.938666666666666
Ukraine,2002,9.377166666666666
Ukraine,2003,8.219666666666667
Ukraine,2004,8.850499999999998
Ukraine,2005,8.917333333333334
Ukraine,2006,8.454666666666666
Ukraine,2007,10.055416666666666
Ukraine,2008,9.55975
Ukraine,2009,9.4285
Ukraine,2010,9.453000000000001
Ukraine,2011,8.790833333333333
Ukraine,2012,9.290666666666667
Ukraine,2013,10.913499999999999
United Arab Emirates,1900,27.58791666666667
United Arab Emirates,1901,27.63625
United Arab Emirates,1902,27.850333333333335
United Arab Emirates,1903,27.05725
United Arab Emirates,1904,27.62966666666667
United Arab Emirates,1905,27.50391666666667
United Arab Emirates,1906,27.40833333333333
United Arab Emirates,1907,27.295749999999998
United Arab Emirates,1908,27.429833333333335
United Arab Emirates,1909,27.699
United Arab Emirates,1910,27.085250000000002
United Arab Emirates,1911,26.847083333333334
United Arab Emirates,1912,27.464416666666665
United Arab Emirates,1913,27.540166666666668
United Arab Emirates,1914,27.63566666666667
United Arab Emirates,1915,27.971249999999998
United Arab Emirates,1916,27.083250000000003
United Arab Emirates,1917,27.180083333333332
United Arab Emirates,1918,27.170749999999998
United Arab Emirates,1919,27.380750000000003
United Arab Emirates,1920,27.458250000000003
United Arab Emirates,1921,27.27325
United Arab Emirates,1922,27.861416666666667
United Arab Emirates,1923,27.47866666666667
United Arab Emirates,1924,28.124916666666667
United Arab Emirates,1925,27.393083333333333
United Arab Emirates,1926,27.788750000000004
United Arab Emirates,1927,27.483416666666667
United Arab Emirates,1928,27.531000000000002
United Arab Emirates,1929,27.797083333333333
United Arab Emirates,1930,27.53708333333333
United Arab Emirates,1931,27.706500000000002
United Arab Emirates,1932,27.42316666666667
United Arab Emirates,1933,27.215999999999998
United Arab Emirates,1934,27.378333333333334
United Arab Emirates,1935,27.619833333333332
United Arab Emirates,1936,27.402666666666665
United Arab Emirates,1937,27.295583333333337
United Arab Emirates,1938,27.42941666666667
United Arab Emirates,1939,27.2945
United Arab Emirates,1940,27.6875
United Arab Emirates,1941,28.001083333333337
United Arab Emirates,1942,27.91025
United Arab Emirates,1943,27.59766666666667
United Arab Emirates,1944,27.98275
United Arab Emirates,1945,27.61066666666667
United Arab Emirates,1946,27.791416666666667
United Arab Emirates,1947,27.955166666666667
United Arab Emirates,1948,27.794666666666668
United Arab Emirates,1949,27.497416666666666
United Arab Emirates,1950,27.1305
United Arab Emirates,1951,27.89366666666667
United Arab Emirates,1952,27.8225
United Arab Emirates,1953,27.998166666666666
United Arab Emirates,1954,28.04625
United Arab Emirates,1955,27.669833333333333
United Arab Emirates,1956,27.612583333333333
United Arab Emirates,1957,27.439916666666665
United Arab Emirates,1958,28.019000000000002
United Arab Emirates,1959,27.437916666666666
United Arab Emirates,1960,27.785666666666668
United Arab Emirates,1961,27.760083333333338
United Arab Emirates,1962,27.92025
United Arab Emirates,1963,27.75166666666667
United Arab Emirates,1964,27.144500000000004
United Arab Emirates,1965,27.785583333333335
United Arab Emirates,1966,27.89691666666667
United Arab Emirates,1967,27.640833333333333
United Arab Emirates,1968,27.46641666666667
United Arab Emirates,1969,28.266250000000003
United Arab Emirates,1970,28.258666666666667
United Arab Emirates,1971,27.62275
United Arab Emirates,1972,27.422666666666668
United Arab Emirates,1973,27.674583333333334
United Arab Emirates,1974,27.6955
United Arab Emirates,1975,27.606250000000003
United Arab Emirates,1976,27.571166666666667
United Arab Emirates,1977,28.56891666666667
United Arab Emirates,1978,28.069833333333335
United Arab Emirates,1979,28.100166666666667
United Arab Emirates,1980,28.301083333333334
United Arab Emirates,1981,28.13491666666667
United Arab Emirates,1982,27.327416666666668
United Arab Emirates,1983,27.36975
United Arab Emirates,1984,27.399833333333333
United Arab Emirates,1985,27.72375
United Arab Emirates,1986,27.867333333333335
United Arab Emirates,1987,28.094333333333335
United Arab Emirates,1988,28.140249999999998
United Arab Emirates,1989,27.585250000000002
United Arab Emirates,1990,28.260083333333338
United Arab Emirates,1991,27.697083333333335
United Arab Emirates,1992,27.28408333333333
United Arab Emirates,1993,28.07041666666667
United Arab Emirates,1994,28.397416666666672
United Arab Emirates,1995,27.986333333333334
United Arab Emirates,1996,28.31925
United Arab Emirates,1997,28.12066666666667
United Arab Emirates,1998,29.292583333333337
United Arab Emirates,1999,29.298416666666668
United Arab Emirates,2000,28.877750000000002
United Arab Emirates,2001,29.009583333333335
United Arab Emirates,2002,29.058000000000003
United Arab Emirates,2003,29.228333333333335
United Arab Emirates,2004,29.104000000000003
United Arab Emirates,2005,28.99291666666667
United Arab Emirates,2006,28.984083333333334
United Arab Emirates,2007,29.15608333333333
United Arab Emirates,2008,28.685000000000002
United Arab Emirates,2009,29.12766666666667
United Arab Emirates,2010,29.671333333333337
United Arab Emirates,2011,29.205416666666668
United Arab Emirates,2012,29.425833333333333
United Arab Emirates,2013,29.370625000000004
United Kingdom,1900,8.550416666666667
United Kingdom,1901,8.379166666666666
United Kingdom,1902,8.0015
United Kingdom,1903,8.329333333333333
United Kingdom,1904,8.263833333333332
United Kingdom,1905,8.390416666666667
United Kingdom,1906,8.510833333333334
United Kingdom,1907,8.09325
United Kingdom,1908,8.576416666666667
United Kingdom,1909,7.89525
United Kingdom,1910,8.39875
United Kingdom,1911,9.068916666666667
United Kingdom,1912,8.44125
United Kingdom,1913,8.82525
United Kingdom,1914,8.97575
United Kingdom,1915,8.1005
United Kingdom,1916,8.391833333333333
United Kingdom,1917,7.90825
United Kingdom,1918,8.631333333333332
United Kingdom,1919,7.762166666666666
United Kingdom,1920,8.7395
United Kingdom,1921,9.44375
United Kingdom,1922,7.975416666666667
United Kingdom,1923,8.193166666666666
United Kingdom,1924,8.43975
United Kingdom,1925,8.337583333333333
United Kingdom,1926,8.839916666666667
United Kingdom,1927,8.303333333333333
United Kingdom,1928,8.596416666666666
United Kingdom,1929,8.284166666666666
United Kingdom,1930,8.5615
United Kingdom,1931,8.2885
United Kingdom,1932,8.6895
United Kingdom,1933,9.115583333333333
United Kingdom,1934,9.165000000000001
United Kingdom,1935,8.77925
United Kingdom,1936,8.60025
United Kingdom,1937,8.670583333333333
United Kingdom,1938,9.184583333333334
United Kingdom,1939,8.848333333333333
United Kingdom,1940,8.38625
United Kingdom,1941,8.276583333333333
United Kingdom,1942,8.3165
United Kingdom,1943,9.219083333333334
United Kingdom,1944,8.762416666666667
United Kingdom,1945,9.439
United Kingdom,1946,8.686166666666667
United Kingdom,1947,8.69175
United Kingdom,1948,9.08
United Kingdom,1949,9.581916666666666
United Kingdom,1950,8.619166666666667
United Kingdom,1951,8.439
United Kingdom,1952,8.37125
United Kingdom,1953,9.206083333333334
United Kingdom,1954,8.456583333333333
United Kingdom,1955,8.569583333333332
United Kingdom,1956,8.266083333333333
United Kingdom,1957,9.177833333333334
United Kingdom,1958,8.606416666666666
United Kingdom,1959,9.511833333333334
United Kingdom,1960,8.91975
United Kingdom,1961,9.001666666666667
United Kingdom,1962,7.994
United Kingdom,1963,7.79075
United Kingdom,1964,8.679166666666667
United Kingdom,1965,8.1545
United Kingdom,1966,8.559916666666668
United Kingdom,1967,8.833166666666667
United Kingdom,1968,8.565916666666666
United Kingdom,1969,8.467916666666667
United Kingdom,1970,8.66975
United Kingdom,1971,9.0505
United Kingdom,1972,8.4925
United Kingdom,1973,8.7935
United Kingdom,1974,8.760166666666667
United Kingdom,1975,9.077916666666667
United Kingdom,1976,9.090333333333334
United Kingdom,1977,8.6495
United Kingdom,1978,8.548416666666666
United Kingdom,1979,8.05275
United Kingdom,1980,8.643166666666668
United Kingdom,1981,8.487083333333333
United Kingdom,1982,9.014583333333333
United Kingdom,1983,9.091666666666667
United Kingdom,1984,8.90725
United Kingdom,1985,8.173250000000001
United Kingdom,1986,8.00275
United Kingdom,1987,8.33025
United Kingdom,1988,8.973083333333333
United Kingdom,1989,9.5875
United Kingdom,1990,9.674583333333333
United Kingdom,1991,8.828333333333333
United Kingdom,1992,9.025
United Kingdom,1993,8.66975
United Kingdom,1994,9.15075
United Kingdom,1995,9.419583333333334
United Kingdom,1996,8.551166666666667
United Kingdom,1997,9.644250000000001
United Kingdom,1998,9.46275
United Kingdom,1999,9.663333333333332
United Kingdom,2000,9.379666666666667
United Kingdom,2001,9.140083333333335
United Kingdom,2002,9.679666666666668
United Kingdom,2003,9.742083333333333
United Kingdom,2004,9.737333333333334
United Kingdom,2005,9.65525
United Kingdom,2006,9.943416666666666
United Kingdom,2007,9.797500000000001
United Kingdom,2008,9.34825
United Kingdom,2009,9.453333333333333
United Kingdom,2010,8.394333333333334
United Kingdom,2011,9.907916666666667
United Kingdom,2012,9.037416666666667
United Kingdom,2013,8.9975
United Kingdom (Europe),1900,8.72375
United Kingdom (Europe),1901,8.518500000000001
United Kingdom (Europe),1902,8.1735
United Kingdom (Europe),1903,8.499583333333334
United Kingdom (Europe),1904,8.44025
United Kingdom (Europe),1905,8.569083333333333
United Kingdom (Europe),1906,8.691083333333333
United Kingdom (Europe),1907,8.24825
United Kingdom (Europe),1908,8.72475
United Kingdom (Europe),1909,8.008083333333333
United Kingdom (Europe),1910,8.547083333333333
United Kingdom (Europe),1911,9.273833333333334
United Kingdom (Europe),1912,8.621333333333334
United Kingdom (Europe),1913,9.024
United Kingdom (Europe),1914,9.169
United Kingdom (Europe),1915,8.247
United Kingdom (Europe),1916,8.554333333333334
United Kingdom (Europe),1917,7.984749999999999
United Kingdom (Europe),1918,8.797666666666666
United Kingdom (Europe),1919,7.8715
United Kingdom (Europe),1920,8.9245
United Kingdom (Europe),1921,9.6885
United Kingdom (Europe),1922,8.091666666666667
United Kingdom (Europe),1923,8.369833333333334
United Kingdom (Europe),1924,8.60975
United Kingdom (Europe),1925,8.505833333333333
United Kingdom (Europe),1926,9.047416666666667
United Kingdom (Europe),1927,8.47125
United Kingdom (Europe),1928,8.787166666666666
United Kingdom (Europe),1929,8.437166666666668
United Kingdom (Europe),1930,8.763166666666667
United Kingdom (Europe),1931,8.435083333333333
United Kingdom (Europe),1932,8.857
United Kingdom (Europe),1933,9.305166666666667
United Kingdom (Europe),1934,9.363416666666668
United Kingdom (Europe),1935,8.992666666666667
United Kingdom (Europe),1936,8.752416666666667
United Kingdom (Europe),1937,8.841833333333334
United Kingdom (Europe),1938,9.39925
United Kingdom (Europe),1939,9.067166666666667
United Kingdom (Europe),1940,8.496333333333334
United Kingdom (Europe),1941,8.398
United Kingdom (Europe),1942,8.45575
United Kingdom (Europe),1943,9.368583333333333
United Kingdom (Europe),1944,8.91925
United Kingdom (Europe),1945,9.6555
United Kingdom (Europe),1946,8.850166666666667
United Kingdom (Europe),1947,8.847666666666667
United Kingdom (Europe),1948,9.29425
United Kingdom (Europe),1949,9.814333333333332
United Kingdom (Europe),1950,8.811416666666666
United Kingdom (Europe),1951,8.589166666666666
United Kingdom (Europe),1952,8.501666666666667
United Kingdom (Europe),1953,9.387416666666667
United Kingdom (Europe),1954,8.611666666666666
United Kingdom (Europe),1955,8.712416666666666
United Kingdom (Europe),1956,8.365916666666667
United Kingdom (Europe),1957,9.356583333333333
United Kingdom (Europe),1958,8.767916666666666
United Kingdom (Europe),1959,9.770750000000001
United Kingdom (Europe),1960,9.070666666666666
United Kingdom (Europe),1961,9.198333333333332
United Kingdom (Europe),1962,8.072916666666666
United Kingdom (Europe),1963,7.898
United Kingdom (Europe),1964,8.856250000000001
United Kingdom (Europe),1965,8.264333333333333
United Kingdom (Europe),1966,8.732083333333334
United Kingdom (Europe),1967,8.993083333333333
United Kingdom (Europe),1968,8.686166666666667
United Kingdom (Europe),1969,8.610916666666666
United Kingdom (Europe),1970,8.81425
United Kingdom (Europe),1971,9.243583333333333
United Kingdom (Europe),1972,8.657583333333333
United Kingdom (Europe),1973,8.9555
United Kingdom (Europe),1974,8.916583333333334
United Kingdom (Europe),1975,9.259333333333332
United Kingdom (Europe),1976,9.288666666666666
United Kingdom (Europe),1977,8.7895
United Kingdom (Europe),1978,8.671999999999999
United Kingdom (Europe),1979,8.134
United Kingdom (Europe),1980,8.798416666666666
United Kingdom (Europe),1981,8.610833333333334
United Kingdom (Europe),1982,9.1575
United Kingdom (Europe),1983,9.235916666666666
United Kingdom (Europe),1984,9.0865
United Kingdom (Europe),1985,8.2525
United Kingdom (Europe),1986,8.104416666666667
United Kingdom (Europe),1987,8.445333333333332
United Kingdom (Europe),1988,9.138083333333332
United Kingdom (Europe),1989,9.736166666666668
United Kingdom (Europe),1990,9.857833333333334
United Kingdom (Europe),1991,8.9975
United Kingdom (Europe),1992,9.192666666666666
United Kingdom (Europe),1993,8.769499999999999
United Kingdom (Europe),1994,9.330666666666668
United Kingdom (Europe),1995,9.626666666666667
United Kingdom (Europe),1996,8.6585
United Kingdom (Europe),1997,9.85525
United Kingdom (Europe),1998,9.585333333333333
United Kingdom (Europe),1999,9.830083333333333
United Kingdom (Europe),2000,9.5655
United Kingdom (Europe),2001,9.288666666666666
United Kingdom (Europe),2002,9.905833333333334
United Kingdom (Europe),2003,9.9445
United Kingdom (Europe),2004,9.892666666666667
United Kingdom (Europe),2005,9.847333333333333
United Kingdom (Europe),2006,10.128833333333334
United Kingdom (Europe),2007,10.021166666666668
United Kingdom (Europe),2008,9.505
United Kingdom (Europe),2009,9.630583333333332
United Kingdom (Europe),2010,8.479833333333334
United Kingdom (Europe),2011,10.085166666666666
United Kingdom (Europe),2012,9.185166666666666
United Kingdom (Europe),2013,9.10825
United States,1900,9.021583333333334
United States,1901,8.494916666666667
United States,1902,8.453999999999999
United States,1903,7.977250000000001
United States,1904,8.200666666666665
United States,1905,8.402333333333333
United States,1906,8.560083333333333
United States,1907,8.394
United States,1908,8.755583333333334
United States,1909,8.221833333333334
United States,1910,8.757916666666667
United States,1911,8.737916666666667
United States,1912,8.140916666666667
United States,1913,8.552166666666666
United States,1914,8.8765
United States,1915,8.648249999999999
United States,1916,8.180083333333334
United States,1917,7.669499999999999
United States,1918,8.50125
United States,1919,8.538
United States,1920,8.1845
United States,1921,9.595666666666666
United States,1922,8.768166666666668
United States,1923,8.760333333333334
United States,1924,8.052333333333333
United States,1925,9.016416666666666
United States,1926,9.14025
United States,1927,8.719333333333333
United States,1928,8.876
United States,1929,8.4395
United States,1930,8.737666666666668
United States,1931,9.56075
United States,1932,8.5395
United States,1933,9.030583333333334
United States,1934,9.826583333333334
United States,1935,8.7425
United States,1936,8.92225
United States,1937,8.73075
United States,1938,9.471833333333334
United States,1939,9.3075
United States,1940,9.097166666666668
United States,1941,9.266083333333333
United States,1942,8.919333333333332
United States,1943,9.0035
United States,1944,8.898166666666667
United States,1945,8.671249999999999
United States,1946,9.179583333333333
United States,1947,8.836083333333333
United States,1948,8.481666666666667
United States,1949,8.888083333333332
United States,1950,8.656416666666667
United States,1951,8.416583333333334
United States,1952,8.979416666666667
United States,1953,9.530416666666666
United States,1954,9.410583333333333
United States,1955,8.517166666666666
United States,1956,8.699916666666667
United States,1957,9.126333333333333
United States,1958,8.970166666666668
United States,1959,8.825333333333333
United States,1960,8.69225
United States,1961,8.642000000000001
United States,1962,8.9565
United States,1963,9.08
United States,1964,8.491666666666667
United States,1965,8.647666666666668
United States,1966,8.483
United States,1967,8.902
United States,1968,8.55325
United States,1969,8.770833333333334
United States,1970,8.673
United States,1971,8.4425
United States,1972,8.428083333333333
United States,1973,8.934666666666667
United States,1974,8.815916666666666
United States,1975,8.431
United States,1976,8.65125
United States,1977,9.269833333333333
United States,1978,8.751416666666666
United States,1979,8.571583333333333
United States,1980,9.1355
United States,1981,9.7215
United States,1982,8.5395
United States,1983,8.912333333333333
United States,1984,8.811166666666667
United States,1985,8.587000000000002
United States,1986,9.5595
United States,1987,9.628166666666667
United States,1988,9.275333333333334
United States,1989,8.873083333333334
United States,1990,9.521583333333334
United States,1991,9.493666666666666
United States,1992,9.056333333333333
United States,1993,8.86725
United States,1994,9.270333333333333
United States,1995,9.331000000000001
United States,1996,8.754333333333333
United States,1997,9.172916666666667
United States,1998,10.141166666666667
United States,1999,9.567
United States,2000,9.64975
United States,2001,9.785583333333333
United States,2002,9.816166666666666
United States,2003,9.755083333333333
United States,2004,9.6675
United States,2005,9.892666666666667
United States,2006,9.9745
United States,2007,9.8375
United States,2008,8.951416666666667
United States,2009,9.137083333333333
United States,2010,9.505583333333334
United States,2011,9.549916666666666
United States,2012,10.261083333333334
United States,2013,11.297111111111112
Uruguay,1900,17.7805
Uruguay,1901,17.040333333333333
Uruguay,1902,17.380416666666665
Uruguay,1903,17.224166666666665
Uruguay,1904,16.850416666666664
Uruguay,1905,16.6675
Uruguay,1906,17.477166666666665
Uruguay,1907,16.737083333333334
Uruguay,1908,16.598416666666665
Uruguay,1909,16.409499999999998
Uruguay,1910,16.38
Uruguay,1911,15.88525
Uruguay,1912,16.86191666666667
Uruguay,1913,17.655166666666666
Uruguay,1914,17.452666666666666
Uruguay,1915,17.133083333333335
Uruguay,1916,16.808083333333332
Uruguay,1917,16.891166666666667
Uruguay,1918,16.974166666666665
Uruguay,1919,17.53775
Uruguay,1920,17.264416666666666
Uruguay,1921,16.820333333333334
Uruguay,1922,16.952333333333332
Uruguay,1923,16.917583333333333
Uruguay,1924,16.08175
Uruguay,1925,17.273333333333333
Uruguay,1926,17.87875
Uruguay,1927,17.514666666666667
Uruguay,1928,17.175250000000002
Uruguay,1929,17.277166666666666
Uruguay,1930,17.384833333333333
Uruguay,1931,16.59625
Uruguay,1932,17.689416666666666
Uruguay,1933,17.342916666666667
Uruguay,1934,17.080833333333334
Uruguay,1935,17.167416666666664
Uruguay,1936,17.297333333333334
Uruguay,1937,16.9
Uruguay,1938,17.026833333333332
Uruguay,1939,17.304583333333333
Uruguay,1940,17.369
Uruguay,1941,16.824416666666668
Uruguay,1942,17.1005
Uruguay,1943,17.779833333333332
Uruguay,1944,17.887833333333333
Uruguay,1945,17.79425
Uruguay,1946,17.137166666666666
Uruguay,1947,17.088833333333334
Uruguay,1948,17.16825
Uruguay,1949,17.28925
Uruguay,1950,17.41325
Uruguay,1951,17.33925
Uruguay,1952,17.530666666666665
Uruguay,1953,17.5795
Uruguay,1954,17.23966666666667
Uruguay,1955,16.708
Uruguay,1956,16.393083333333333
Uruguay,1957,17.37625
Uruguay,1958,17.626583333333333
Uruguay,1959,17.137083333333333
Uruguay,1960,17.549083333333332
Uruguay,1961,17.79158333333333
Uruguay,1962,17.01125
Uruguay,1963,17.5035
Uruguay,1964,16.531333333333333
Uruguay,1965,17.615083333333335
Uruguay,1966,16.903666666666666
Uruguay,1967,17.698416666666667
Uruguay,1968,17.609666666666666
Uruguay,1969,17.617583333333332
Uruguay,1970,17.5755
Uruguay,1971,17.116916666666665
Uruguay,1972,17.508583333333334
Uruguay,1973,17.277
Uruguay,1974,17.27675
Uruguay,1975,17.568583333333333
Uruguay,1976,16.900333333333332
Uruguay,1977,17.999583333333334
Uruguay,1978,17.47875
Uruguay,1979,17.380583333333334
Uruguay,1980,18.056416666666667
Uruguay,1981,17.848333333333333
Uruguay,1982,18.016416666666668
Uruguay,1983,17.404666666666667
Uruguay,1984,17.226666666666667
Uruguay,1985,18.008083333333335
Uruguay,1986,18.113583333333334
Uruguay,1987,17.658666666666665
Uruguay,1988,17.1135
Uruguay,1989,18.1005
Uruguay,1990,17.70358333333333
Uruguay,1991,17.973916666666668
Uruguay,1992,17.528833333333335
Uruguay,1993,17.646416666666667
Uruguay,1994,18.131916666666665
Uruguay,1995,17.66475
Uruguay,1996,17.874166666666667
Uruguay,1997,18.3655
Uruguay,1998,17.5215
Uruguay,1999,17.60775
Uruguay,2000,17.75675
Uruguay,2001,18.57425
Uruguay,2002,17.993916666666667
Uruguay,2003,17.604666666666667
Uruguay,2004,18.06083333333333
Uruguay,2005,18.194416666666665
Uruguay,2006,18.24041666666667
Uruguay,2007,17.516166666666667
Uruguay,2008,18.2805
Uruguay,2009,17.871333333333336
Uruguay,2010,17.920083333333334
Uruguay,2011,17.824583333333333
Uruguay,2012,18.509
Uruguay,2013,16.754375
Uzbekistan,1900,11.415
Uzbekistan,1901,12.297916666666666
Uzbekistan,1902,12.7565
Uzbekistan,1903,11.252166666666668
Uzbekistan,1904,11.775666666666666
Uzbekistan,1905,11.703083333333332
Uzbekistan,1906,12.055666666666667
Uzbekistan,1907,11.234499999999999
Uzbekistan,1908,11.569083333333333
Uzbekistan,1909,12.736333333333334
Uzbekistan,1910,12.062333333333333
Uzbekistan,1911,11.222583333333333
Uzbekistan,1912,12.144833333333333
Uzbekistan,1913,12.27425
Uzbekistan,1914,13.03275
Uzbekistan,1915,13.802833333333334
Uzbekistan,1916,11.685416666666667
Uzbekistan,1917,12.962833333333334
Uzbekistan,1918,11.577916666666667
Uzbekistan,1919,12.102333333333334
Uzbekistan,1920,10.626416666666668
Uzbekistan,1921,11.851583333333332
Uzbekistan,1922,13.083
Uzbekistan,1923,12.0105
Uzbekistan,1924,12.057749999999999
Uzbekistan,1925,13.019166666666669
Uzbekistan,1926,12.365833333333333
Uzbekistan,1927,12.15375
Uzbekistan,1928,11.16675
Uzbekistan,1929,10.73625
Uzbekistan,1930,11.490916666666665
Uzbekistan,1931,11.229999999999999
Uzbekistan,1932,11.89775
Uzbekistan,1933,11.9165
Uzbekistan,1934,10.802583333333333
Uzbekistan,1935,11.834416666666668
Uzbekistan,1936,12.4275
Uzbekistan,1937,11.879
Uzbekistan,1938,12.698666666666668
Uzbekistan,1939,12.829333333333336
Uzbekistan,1940,13.414833333333334
Uzbekistan,1941,13.67375
Uzbekistan,1942,12.626333333333333
Uzbekistan,1943,11.579333333333333
Uzbekistan,1944,13.24825
Uzbekistan,1945,11.648666666666665
Uzbekistan,1946,12.590583333333333
Uzbekistan,1947,13.155583333333333
Uzbekistan,1948,12.822249999999999
Uzbekistan,1949,11.123833333333332
Uzbekistan,1950,11.026166666666667
Uzbekistan,1951,11.909083333333333
Uzbekistan,1952,12.312416666666666
Uzbekistan,1953,12.571333333333333
Uzbekistan,1954,11.413583333333333
Uzbekistan,1955,13.51375
Uzbekistan,1956,12.247750000000002
Uzbekistan,1957,11.721083333333333
Uzbekistan,1958,12.8705
Uzbekistan,1959,11.688416666666667
Uzbekistan,1960,12.057
Uzbekistan,1961,13.459916666666667
Uzbekistan,1962,12.790083333333333
Uzbekistan,1963,13.640083333333335
Uzbekistan,1964,11.745
Uzbekistan,1965,12.952166666666669
Uzbekistan,1966,13.284916666666668
Uzbekistan,1967,12.638416666666666
Uzbekistan,1968,12.604333333333335
Uzbekistan,1969,11.158916666666668
Uzbekistan,1970,12.980416666666668
Uzbekistan,1971,13.428833333333332
Uzbekistan,1972,10.935333333333334
Uzbekistan,1973,12.908166666666666
Uzbekistan,1974,11.789833333333334
Uzbekistan,1975,13.097833333333334
Uzbekistan,1976,11.785333333333334
Uzbekistan,1977,12.869083333333334
Uzbekistan,1978,12.633666666666668
Uzbekistan,1979,13.341833333333334
Uzbekistan,1980,13.02675
Uzbekistan,1981,13.524416666666667
Uzbekistan,1982,12.379
Uzbekistan,1983,14.087000000000002
Uzbekistan,1984,11.914666666666667
Uzbekistan,1985,13.020583333333335
Uzbekistan,1986,13.126166666666668
Uzbekistan,1987,12.846333333333334
Uzbekistan,1988,13.595583333333336
Uzbekistan,1989,12.9655
Uzbekistan,1990,13.463083333333332
Uzbekistan,1991,13.031083333333333
Uzbekistan,1992,12.863333333333335
Uzbekistan,1993,11.956000000000001
Uzbekistan,1994,12.639166666666666
Uzbekistan,1995,13.971333333333334
Uzbekistan,1996,12.45225
Uzbekistan,1997,13.84725
Uzbekistan,1998,13.245
Uzbekistan,1999,13.908500000000002
Uzbekistan,2000,13.938833333333335
Uzbekistan,2001,13.998
Uzbekistan,2002,13.871916666666666
Uzbekistan,2003,13.157666666666666
Uzbekistan,2004,14.442
Uzbekistan,2005,14.043999999999999
Uzbekistan,2006,13.78625
Uzbekistan,2007,13.928333333333333
Uzbekistan,2008,13.309
Uzbekistan,2009,13.700333333333333
Uzbekistan,2010,14.325916666666666
Uzbekistan,2011,13.141083333333334
Uzbekistan,2012,13.144166666666669
Uzbekistan,2013,16.18825
Venezuela,1900,25.12325
Venezuela,1901,25.008416666666665
Venezuela,1902,25.060083333333335
Venezuela,1903,25.004333333333335
Venezuela,1904,24.45658333333333
Venezuela,1905,24.83458333333333
Venezuela,1906,24.767
Venezuela,1907,24.5115
Venezuela,1908,24.573999999999998
Venezuela,1909,24.55875
Venezuela,1910,24.631583333333335
Venezuela,1911,24.65425
Venezuela,1912,24.825666666666667
Venezuela,1913,24.500666666666664
Venezuela,1914,24.925333333333338
Venezuela,1915,25.24525
Venezuela,1916,24.671499999999998
Venezuela,1917,24.25775
Venezuela,1918,24.42833333333333
Venezuela,1919,24.954916666666666
Venezuela,1920,24.674916666666665
Venezuela,1921,24.568083333333334
Venezuela,1922,24.67775
Venezuela,1923,24.596999999999998
Venezuela,1924,24.90233333333333
Venezuela,1925,24.8205
Venezuela,1926,25.391583333333333
Venezuela,1927,24.87925
Venezuela,1928,25.026083333333332
Venezuela,1929,24.84266666666667
Venezuela,1930,24.85383333333333
Venezuela,1931,25.375583333333335
Venezuela,1932,25.094833333333337
Venezuela,1933,24.811000000000003
Venezuela,1934,24.905833333333334
Venezuela,1935,24.916083333333333
Venezuela,1936,25.03108333333333
Venezuela,1937,25.19158333333333
Venezuela,1938,24.7835
Venezuela,1939,24.897750000000002
Venezuela,1940,25.626166666666666
Venezuela,1941,25.764333333333337
Venezuela,1942,25.604833333333332
Venezuela,1943,25.055166666666665
Venezuela,1944,25.204666666666668
Venezuela,1945,24.996750000000002
Venezuela,1946,24.926916666666667
Venezuela,1947,25.2115
Venezuela,1948,25.180750000000003
Venezuela,1949,24.96366666666667
Venezuela,1950,24.793499999999998
Venezuela,1951,25.358666666666664
Venezuela,1952,25.560666666666666
Venezuela,1953,25.381333333333334
Venezuela,1954,25.048916666666667
Venezuela,1955,24.919916666666666
Venezuela,1956,24.853333333333335
Venezuela,1957,25.3065
Venezuela,1958,25.9175
Venezuela,1959,25.395833333333332
Venezuela,1960,25.40116666666667
Venezuela,1961,25.387249999999998
Venezuela,1962,25.42533333333333
Venezuela,1963,25.417083333333334
Venezuela,1964,25.364416666666667
Venezuela,1965,25.291083333333333
Venezuela,1966,25.542
Venezuela,1967,25.058916666666665
Venezuela,1968,25.084416666666666
Venezuela,1969,25.684749999999998
Venezuela,1970,25.34166666666667
Venezuela,1971,24.724416666666666
Venezuela,1972,25.237
Venezuela,1973,25.482333333333333
Venezuela,1974,25.003249999999998
Venezuela,1975,25.03725
Venezuela,1976,25.02325
Venezuela,1977,25.595583333333334
Venezuela,1978,25.499
Venezuela,1979,25.609416666666664
Venezuela,1980,25.573083333333333
Venezuela,1981,25.450666666666667
Venezuela,1982,25.38716666666667
Venezuela,1983,25.783583333333336
Venezuela,1984,25.284750000000003
Venezuela,1985,25.049833333333336
Venezuela,1986,25.26575
Venezuela,1987,25.97725
Venezuela,1988,25.547749999999997
Venezuela,1989,25.086250000000003
Venezuela,1990,25.59475
Venezuela,1991,25.5065
Venezuela,1992,25.593333333333334
Venezuela,1993,25.468
Venezuela,1994,25.506500000000003
Venezuela,1995,25.921583333333334
Venezuela,1996,25.5985
Venezuela,1997,25.752666666666666
Venezuela,1998,26.159000000000002
Venezuela,1999,25.344833333333337
Venezuela,2000,25.388499999999997
Venezuela,2001,25.771333333333335
Venezuela,2002,25.772166666666667
Venezuela,2003,26.008333333333336
Venezuela,2004,25.817833333333336
Venezuela,2005,26.019416666666668
Venezuela,2006,25.84991666666667
Venezuela,2007,25.854083333333335
Venezuela,2008,25.64825
Venezuela,2009,26.08491666666667
Venezuela,2010,26.15025
Venezuela,2011,25.677333333333333
Venezuela,2012,25.688583333333337
Venezuela,2013,25.912875
Vietnam,1900,23.517666666666667
Vietnam,1901,23.436916666666665
Vietnam,1902,23.84841666666667
Vietnam,1903,23.35891666666667
Vietnam,1904,23.31625
Vietnam,1905,23.575666666666667
Vietnam,1906,23.750666666666664
Vietnam,1907,23.380666666666666
Vietnam,1908,23.293000000000003
Vietnam,1909,23.622500000000002
Vietnam,1910,23.490916666666667
Vietnam,1911,23.796166666666664
Vietnam,1912,23.6675
Vietnam,1913,23.289666666666665
Vietnam,1914,23.98925
Vietnam,1915,23.93166666666667
Vietnam,1916,23.155333333333335
Vietnam,1917,22.96591666666667
Vietnam,1918,23.25391666666667
Vietnam,1919,23.909666666666666
Vietnam,1920,23.6855
Vietnam,1921,23.501833333333334
Vietnam,1922,23.733
Vietnam,1923,23.809916666666666
Vietnam,1924,23.754500000000004
Vietnam,1925,23.300166666666666
Vietnam,1926,23.728416666666664
Vietnam,1927,23.622416666666666
Vietnam,1928,23.55575
Vietnam,1929,23.541083333333333
Vietnam,1930,23.5725
Vietnam,1931,24.102083333333336
Vietnam,1932,23.37008333333333
Vietnam,1933,23.645583333333335
Vietnam,1934,23.283833333333334
Vietnam,1935,24.122249999999998
Vietnam,1936,23.6755
Vietnam,1937,24.144166666666667
Vietnam,1938,23.862916666666667
Vietnam,1939,23.789749999999998
Vietnam,1940,23.91025
Vietnam,1941,24.466583333333332
Vietnam,1942,24.077333333333332
Vietnam,1943,23.635166666666667
Vietnam,1944,23.937250000000002
Vietnam,1945,23.669583333333335
Vietnam,1946,24.63625
Vietnam,1947,24.050166666666666
Vietnam,1948,23.96366666666667
Vietnam,1949,24.04433333333333
Vietnam,1950,23.944833333333335
Vietnam,1951,23.86366666666667
Vietnam,1952,24.186833333333336
Vietnam,1953,24.2045
Vietnam,1954,24.029
Vietnam,1955,23.679583333333337
Vietnam,1956,23.66433333333333
Vietnam,1957,24.048916666666667
Vietnam,1958,24.075666666666667
Vietnam,1959,24.13225
Vietnam,1960,24.14408333333333
Vietnam,1961,24.09266666666667
Vietnam,1962,23.702333333333332
Vietnam,1963,23.757583333333333
Vietnam,1964,23.953666666666667
Vietnam,1965,24.099166666666665
Vietnam,1966,24.52133333333333
Vietnam,1967,23.638833333333334
Vietnam,1968,23.90341666666667
Vietnam,1969,24.200666666666667
Vietnam,1970,23.91725
Vietnam,1971,23.406000000000002
Vietnam,1972,24.025833333333335
Vietnam,1973,24.341250000000002
Vietnam,1974,23.76325
Vietnam,1975,23.987666666666666
Vietnam,1976,23.625833333333333
Vietnam,1977,23.814833333333336
Vietnam,1978,23.901750000000003
Vietnam,1979,24.170749999999998
Vietnam,1980,24.172166666666666
Vietnam,1981,24.178833333333333
Vietnam,1982,24.000666666666664
Vietnam,1983,23.945083333333333
Vietnam,1984,23.755666666666666
Vietnam,1985,23.887249999999998
Vietnam,1986,23.928833333333333
Vietnam,1987,24.600916666666667
Vietnam,1988,24.127499999999998
Vietnam,1989,23.886916666666668
Vietnam,1990,24.274083333333333
Vietnam,1991,24.2765
Vietnam,1992,23.851250000000004
Vietnam,1993,23.935666666666666
Vietnam,1994,24.15941666666667
Vietnam,1995,23.919
Vietnam,1996,23.749666666666666
Vietnam,1997,24.22266666666667
Vietnam,1998,24.899833333333333
Vietnam,1999,24.06641666666667
Vietnam,2000,23.981916666666667
Vietnam,2001,24.184916666666666
Vietnam,2002,24.39375
Vietnam,2003,24.49775
Vietnam,2004,24.056916666666666
Vietnam,2005,24.298000000000002
Vietnam,2006,24.523083333333332
Vietnam,2007,24.302166666666665
Vietnam,2008,23.784000000000002
Vietnam,2009,24.46558333333333
Vietnam,2010,24.833333333333332
Vietnam,2011,23.692583333333335
Vietnam,2012,24.704333333333334
Vietnam,2013,25.232125
Virgin Islands,1900,26.114166666666666
Virgin Islands,1901,26.409499999999998
Virgin Islands,1902,26.209583333333338
Virgin Islands,1903,26.275916666666664
Virgin Islands,1904,25.858666666666668
Virgin Islands,1905,26.32975
Virgin Islands,1906,26.103416666666664
Virgin Islands,1907,25.823416666666663
Virgin Islands,1908,26.037166666666668
Virgin Islands,1909,25.872583333333335
Virgin Islands,1910,25.77716666666667
Virgin Islands,1911,26.051666666666666
Virgin Islands,1912,26.27325
Virgin Islands,1913,25.62408333333333
Virgin Islands,1914,26.10375
Virgin Islands,1915,26.392916666666668
Virgin Islands,1916,25.9275
Virgin Islands,1917,25.768583333333336
Virgin Islands,1918,26.046750000000003
Virgin Islands,1919,26.304916666666667
Virgin Islands,1920,26.262333333333334
Virgin Islands,1921,26.093416666666666
Virgin Islands,1922,25.901083333333332
Virgin Islands,1923,26.043333333333333
Virgin Islands,1924,26.232
Virgin Islands,1925,26.071416666666668
Virgin Islands,1926,26.578083333333336
Virgin Islands,1927,26.27508333333333
Virgin Islands,1928,26.422833333333333
Virgin Islands,1929,26.146416666666667
Virgin Islands,1930,26.414749999999998
Virgin Islands,1931,26.673750000000002
Virgin Islands,1932,26.448833333333337
Virgin Islands,1933,26.131249999999998
Virgin Islands,1934,26.10675
Virgin Islands,1935,26.130750000000003
Virgin Islands,1936,26.313833333333335
Virgin Islands,1937,26.444166666666664
Virgin Islands,1938,26.006583333333335
Virgin Islands,1939,26.2855
Virgin Islands,1940,26.55725
Virgin Islands,1941,26.859166666666667
Virgin Islands,1942,26.76725
Virgin Islands,1943,26.248333333333335
Virgin Islands,1944,26.27825
Virgin Islands,1945,26.13291666666667
Virgin Islands,1946,26.327833333333334
Virgin Islands,1947,26.593999999999998
Virgin Islands,1948,26.615333333333336
Virgin Islands,1949,26.17016666666667
Virgin Islands,1950,25.997333333333334
Virgin Islands,1951,26.432583333333337
Virgin Islands,1952,26.609083333333334
Virgin Islands,1953,26.72491666666667
Virgin Islands,1954,26.316666666666666
Virgin Islands,1955,26.384
Virgin Islands,1956,26.28141666666667
Virgin Islands,1957,26.626583333333333
Virgin Islands,1958,26.96875
Virgin Islands,1959,26.8595
Virgin Islands,1960,26.917083333333334
Virgin Islands,1961,26.674833333333336
Virgin Islands,1962,26.583166666666667
Virgin Islands,1963,26.80241666666667
Virgin Islands,1964,26.67975
Virgin Islands,1965,26.30333333333333
Virgin Islands,1966,26.439833333333336
Virgin Islands,1967,26.23
Virgin Islands,1968,26.323333333333334
Virgin Islands,1969,26.77525
Virgin Islands,1970,26.606583333333333
Virgin Islands,1971,26.292166666666663
Virgin Islands,1972,26.40125
Virgin Islands,1973,26.733583333333332
Virgin Islands,1974,26.171666666666667
Virgin Islands,1975,26.247500000000002
Virgin Islands,1976,26.151833333333332
Virgin Islands,1977,26.730833333333333
Virgin Islands,1978,26.717583333333334
Virgin Islands,1979,26.549333333333333
Virgin Islands,1980,26.99
Virgin Islands,1981,26.90325
Virgin Islands,1982,26.553833333333333
Virgin Islands,1983,26.958166666666667
Virgin Islands,1984,26.599333333333334
Virgin Islands,1985,26.593833333333336
Virgin Islands,1986,26.6095
Virgin Islands,1987,27.143583333333336
Virgin Islands,1988,26.828500000000002
Virgin Islands,1989,26.56041666666667
Virgin Islands,1990,26.82166666666667
Virgin Islands,1991,26.777583333333336
Virgin Islands,1992,26.776416666666666
Virgin Islands,1993,26.9305
Virgin Islands,1994,27.040750000000003
Virgin Islands,1995,27.228916666666667
Virgin Islands,1996,26.743583333333333
Virgin Islands,1997,27.114666666666665
Virgin Islands,1998,27.452333333333332
Virgin Islands,1999,26.99825
Virgin Islands,2000,26.730583333333332
Virgin Islands,2001,27.133166666666668
Virgin Islands,2002,27.297833333333333
Virgin Islands,2003,27.376583333333333
Virgin Islands,2004,27.02925
Virgin Islands,2005,27.424666666666667
Virgin Islands,2006,27.37483333333333
Virgin Islands,2007,27.47
Virgin Islands,2008,26.924000000000003
Virgin Islands,2009,27.238500000000002
Virgin Islands,2010,27.593666666666667
Virgin Islands,2011,27.15925
Virgin Islands,2012,27.360166666666668
Virgin Islands,2013,27.312333333333335
Western Sahara,1900,22.26375
Western Sahara,1901,22.38525
Western Sahara,1902,22.414833333333334
Western Sahara,1903,22.046750000000003
Western Sahara,1904,21.87091666666667
Western Sahara,1905,22.120500000000003
Western Sahara,1906,22.043833333333335
Western Sahara,1907,21.454583333333332
Western Sahara,1908,22.016916666666663
Western Sahara,1909,22.084166666666665
Western Sahara,1910,22.169666666666668
Western Sahara,1911,21.94525
Western Sahara,1912,22.16125
Western Sahara,1913,22.31925
Western Sahara,1914,22.39325
Western Sahara,1915,22.611333333333334
Western Sahara,1916,22.215500000000002
Western Sahara,1917,22.044749999999997
Western Sahara,1918,21.963333333333335
Western Sahara,1919,22.386833333333332
Western Sahara,1920,22.185166666666664
Western Sahara,1921,22.115083333333335
Western Sahara,1922,22.33583333333333
Western Sahara,1923,22.54941666666667
Western Sahara,1924,22.514499999999998
Western Sahara,1925,22.126833333333334
Western Sahara,1926,23.239083333333337
Western Sahara,1927,22.857333333333333
Western Sahara,1928,22.298333333333332
Western Sahara,1929,22.3275
Western Sahara,1930,22.247416666666666
Western Sahara,1931,22.334333333333333
Western Sahara,1932,22.218333333333334
Western Sahara,1933,21.897750000000002
Western Sahara,1934,21.829916666666666
Western Sahara,1935,22.071083333333334
Western Sahara,1936,22.265500000000003
Western Sahara,1937,23.108416666666667
Western Sahara,1938,22.577250000000003
Western Sahara,1939,22.307333333333332
Western Sahara,1940,22.586166666666667
Western Sahara,1941,22.527083333333334
Western Sahara,1942,22.323333333333334
Western Sahara,1943,22.18641666666667
Western Sahara,1944,22.333916666666667
Western Sahara,1945,22.985249999999997
Western Sahara,1946,21.81375
Western Sahara,1947,22.589916666666667
Western Sahara,1948,22.552583333333335
Western Sahara,1949,22.54375
Western Sahara,1950,22.47583333333333
Western Sahara,1951,21.95883333333333
Western Sahara,1952,22.330166666666667
Western Sahara,1953,22.46558333333333
Western Sahara,1954,21.901666666666667
Western Sahara,1955,23.1705
Western Sahara,1956,21.892833333333332
Western Sahara,1957,21.94366666666667
Western Sahara,1958,22.7325
Western Sahara,1959,22.108166666666666
Western Sahara,1960,22.423833333333334
Western Sahara,1961,23.084
Western Sahara,1962,22.717166666666667
Western Sahara,1963,22.479249999999997
Western Sahara,1964,22.786666666666665
Western Sahara,1965,22.252750000000002
Western Sahara,1966,22.773750000000003
Western Sahara,1967,22.347083333333334
Western Sahara,1968,22.27933333333333
Western Sahara,1969,22.746916666666667
Western Sahara,1970,22.9815
Western Sahara,1971,21.850416666666664
Western Sahara,1972,21.38925
Western Sahara,1973,22.4915
Western Sahara,1974,21.96558333333333
Western Sahara,1975,22.164416666666668
Western Sahara,1976,21.59783333333333
Western Sahara,1977,22.585916666666666
Western Sahara,1978,22.856583333333333
Western Sahara,1979,23.047250000000002
Western Sahara,1980,22.925666666666668
Western Sahara,1981,23.021666666666665
Western Sahara,1982,22.36791666666667
Western Sahara,1983,23.38083333333333
Western Sahara,1984,22.413
Western Sahara,1985,22.85591666666667
Western Sahara,1986,22.418083333333332
Western Sahara,1987,23.73075
Western Sahara,1988,22.811833333333336
Western Sahara,1989,23.25375
Western Sahara,1990,23.401916666666665
Western Sahara,1991,22.640333333333334
Western Sahara,1992,22.734499999999997
Western Sahara,1993,22.301916666666667
Western Sahara,1994,22.9445
Western Sahara,1995,23.37108333333333
Western Sahara,1996,23.262249999999998
Western Sahara,1997,23.643333333333334
Western Sahara,1998,23.690166666666666
Western Sahara,1999,22.836250000000003
Western Sahara,2000,23.020083333333332
Western Sahara,2001,23.704916666666666
Western Sahara,2002,23.457833333333337
Western Sahara,2003,23.408916666666666
Western Sahara,2004,23.420666666666666
Western Sahara,2005,23.507666666666665
Western Sahara,2006,23.441833333333335
Western Sahara,2007,23.145416666666666
Western Sahara,2008,23.323083333333333
Western Sahara,2009,23.381083333333333
Western Sahara,2010,24.114250000000002
Western Sahara,2011,23.40125
Western Sahara,2012,23.303416666666664
Western Sahara,2013,23.74425
Yemen,1900,25.990583333333333
Yemen,1901,25.85183333333333
Yemen,1902,26.042083333333334
Yemen,1903,25.647666666666666
Yemen,1904,26.028666666666666
Yemen,1905,25.937083333333334
Yemen,1906,25.897916666666664
Yemen,1907,25.6485
Yemen,1908,25.68375
Yemen,1909,26.134333333333334
Yemen,1910,25.988083333333336
Yemen,1911,25.845
Yemen,1912,25.822000000000003
Yemen,1913,25.732916666666668
Yemen,1914,26.056250000000002
Yemen,1915,26.42625
Yemen,1916,25.566000000000003
Yemen,1917,25.791749999999997
Yemen,1918,25.549750000000003
Yemen,1919,26.07675
Yemen,1920,26.100583333333333
Yemen,1921,25.702416666666668
Yemen,1922,25.849999999999998
Yemen,1923,25.833250000000003
Yemen,1924,26.319000000000003
Yemen,1925,26.026
Yemen,1926,26.49791666666667
Yemen,1927,26.107916666666668
Yemen,1928,26.190749999999998
Yemen,1929,26.3005
Yemen,1930,26.107
Yemen,1931,26.25866666666667
Yemen,1932,25.897666666666666
Yemen,1933,25.913583333333335
Yemen,1934,25.904916666666665
Yemen,1935,26.122416666666666
Yemen,1936,26.101333333333333
Yemen,1937,25.681750000000005
Yemen,1938,25.706083333333336
Yemen,1939,25.922750000000004
Yemen,1940,26.3545
Yemen,1941,26.65008333333333
Yemen,1942,26.556250000000002
Yemen,1943,26.18375
Yemen,1944,26.495083333333337
Yemen,1945,26.4525
Yemen,1946,26.248500000000003
Yemen,1947,26.374416666666665
Yemen,1948,26.334666666666667
Yemen,1949,26.128249999999998
Yemen,1950,25.81566666666667
Yemen,1951,26.388083333333338
Yemen,1952,26.081666666666667
Yemen,1953,26.399833333333333
Yemen,1954,26.350083333333334
Yemen,1955,25.95658333333333
Yemen,1956,25.957166666666666
Yemen,1957,25.95341666666667
Yemen,1958,26.47066666666667
Yemen,1959,26.129583333333333
Yemen,1960,26.319083333333335
Yemen,1961,26.331166666666665
Yemen,1962,26.197333333333333
Yemen,1963,26.268666666666665
Yemen,1964,26.099083333333336
Yemen,1965,25.967666666666663
Yemen,1966,26.483833333333333
Yemen,1967,26.26825
Yemen,1968,26.104833333333332
Yemen,1969,26.6905
Yemen,1970,26.37591666666667
Yemen,1971,26.028333333333336
Yemen,1972,26.486500000000003
Yemen,1973,26.278833333333335
Yemen,1974,26.097333333333335
Yemen,1975,25.695166666666665
Yemen,1976,25.949
Yemen,1977,26.81041666666667
Yemen,1978,26.69575
Yemen,1979,26.584999999999997
Yemen,1980,26.855583333333332
Yemen,1981,26.542333333333335
Yemen,1982,26.08275
Yemen,1983,26.244500000000002
Yemen,1984,25.851083333333335
Yemen,1985,25.882583333333333
Yemen,1986,26.054666666666666
Yemen,1987,26.612083333333334
Yemen,1988,26.783916666666666
Yemen,1989,25.894499999999997
Yemen,1990,26.640666666666664
Yemen,1991,26.594416666666664
Yemen,1992,26.266499999999997
Yemen,1993,26.402
Yemen,1994,26.994250000000005
Yemen,1995,26.57766666666667
Yemen,1996,26.546166666666668
Yemen,1997,26.94
Yemen,1998,27.368666666666666
Yemen,1999,27.353583333333333
Yemen,2000,27.436166666666665
Yemen,2001,27.068916666666667
Yemen,2002,27.12516666666667
Yemen,2003,27.35775
Yemen,2004,27.334083333333336
Yemen,2005,27.294666666666668
Yemen,2006,27.175
Yemen,2007,27.31075
Yemen,2008,26.8075
Yemen,2009,27.34241666666667
Yemen,2010,27.30275
Yemen,2011,27.28825
Yemen,2012,27.445000000000004
Yemen,2013,28.12975
Zambia,1900,21.37408333333333
Zambia,1901,21.056166666666666
Zambia,1902,21.23225
Zambia,1903,21.23091666666667
Zambia,1904,20.215
Zambia,1905,21.01625
Zambia,1906,20.819083333333335
Zambia,1907,20.436333333333334
Zambia,1908,21.05516666666667
Zambia,1909,20.959083333333332
Zambia,1910,20.6585
Zambia,1911,20.711916666666667
Zambia,1912,21.44575
Zambia,1913,21.306583333333332
Zambia,1914,21.547083333333333
Zambia,1915,21.427333333333333
Zambia,1916,21.153000000000002
Zambia,1917,21.065583333333333
Zambia,1918,20.657
Zambia,1919,21.047833333333333
Zambia,1920,21.309166666666666
Zambia,1921,21.206083333333336
Zambia,1922,21.707583333333332
Zambia,1923,21.38366666666667
Zambia,1924,21.345416666666665
Zambia,1925,20.83725
Zambia,1926,21.181833333333334
Zambia,1927,21.06775
Zambia,1928,21.3255
Zambia,1929,21.2985
Zambia,1930,21.036416666666668
Zambia,1931,21.5265
Zambia,1932,21.13475
Zambia,1933,21.031166666666667
Zambia,1934,21.230666666666668
Zambia,1935,21.091583333333336
Zambia,1936,20.861083333333333
Zambia,1937,20.870583333333332
Zambia,1938,21.31741666666667
Zambia,1939,20.834083333333336
Zambia,1940,21.19483333333333
Zambia,1941,21.590833333333336
Zambia,1942,21.551416666666668
Zambia,1943,21.317583333333335
Zambia,1944,21.423916666666667
Zambia,1945,21.08475
Zambia,1946,21.326166666666666
Zambia,1947,21.38225
Zambia,1948,21.246416666666665
Zambia,1949,21.684583333333336
Zambia,1950,20.847666666666665
Zambia,1951,21.294166666666666
Zambia,1952,21.522750000000002
Zambia,1953,21.26275
Zambia,1954,21.299
Zambia,1955,21.217833333333335
Zambia,1956,20.918166666666668
Zambia,1957,21.658083333333334
Zambia,1958,21.53516666666667
Zambia,1959,21.70325
Zambia,1960,21.40008333333333
Zambia,1961,21.54116666666667
Zambia,1962,21.266666666666666
Zambia,1963,21.014583333333334
Zambia,1964,21.1295
Zambia,1965,21.042666666666666
Zambia,1966,21.667
Zambia,1967,21.249166666666667
Zambia,1968,21.247333333333334
Zambia,1969,21.54341666666667
Zambia,1970,21.631333333333334
Zambia,1971,21.190333333333335
Zambia,1972,21.401083333333332
Zambia,1973,21.479166666666668
Zambia,1974,20.78425
Zambia,1975,21.109416666666668
Zambia,1976,20.826249999999998
Zambia,1977,21.5615
Zambia,1978,21.162083333333335
Zambia,1979,21.379166666666666
Zambia,1980,21.337666666666667
Zambia,1981,21.247833333333332
Zambia,1982,21.59958333333333
Zambia,1983,22.346083333333336
Zambia,1984,21.673833333333334
Zambia,1985,21.331833333333336
Zambia,1986,21.294083333333333
Zambia,1987,22.308583333333335
Zambia,1988,21.88508333333333
Zambia,1989,21.644000000000002
Zambia,1990,22.219333333333335
Zambia,1991,21.62891666666667
Zambia,1992,22.414666666666665
Zambia,1993,21.711583333333333
Zambia,1994,21.84658333333333
Zambia,1995,22.45141666666667
Zambia,1996,22.018083333333333
Zambia,1997,21.949749999999998
Zambia,1998,22.300666666666668
Zambia,1999,21.45175
Zambia,2000,21.55875
Zambia,2001,21.80241666666667
Zambia,2002,22.292416666666668
Zambia,2003,22.156750000000002
Zambia,2004,21.768083333333333
Zambia,2005,22.8135
Zambia,2006,21.78425
Zambia,2007,21.8385
Zambia,2008,21.535833333333333
Zambia,2009,21.67025
Zambia,2010,22.2675
Zambia,2011,21.771583333333336
Zambia,2012,21.69775
Zambia,2013,21.195999999999998
Zimbabwe,1900,21.275833333333335
Zimbabwe,1901,20.675250000000002
Zimbabwe,1902,20.90216666666667
Zimbabwe,1903,20.994000000000003
Zimbabwe,1904,20.004333333333335
Zimbabwe,1905,20.880666666666666
Zimbabwe,1906,20.5655
Zimbabwe,1907,20.206
Zimbabwe,1908,21.038416666666667
Zimbabwe,1909,20.919500000000003
Zimbabwe,1910,20.335916666666666
Zimbabwe,1911,20.54566666666667
Zimbabwe,1912,21.38591666666667
Zimbabwe,1913,21.415916666666664
Zimbabwe,1914,21.477166666666665
Zimbabwe,1915,21.12975
Zimbabwe,1916,21.10025
Zimbabwe,1917,20.854333333333333
Zimbabwe,1918,20.413
Zimbabwe,1919,20.665499999999998
Zimbabwe,1920,21.135083333333334
Zimbabwe,1921,20.767916666666668
Zimbabwe,1922,21.632333333333335
Zimbabwe,1923,21.250833333333336
Zimbabwe,1924,20.943916666666667
Zimbabwe,1925,20.732833333333335
Zimbabwe,1926,21.0745
Zimbabwe,1927,20.81125
Zimbabwe,1928,21.339083333333335
Zimbabwe,1929,21.187916666666666
Zimbabwe,1930,20.71075
Zimbabwe,1931,21.403750000000002
Zimbabwe,1932,20.9255
Zimbabwe,1933,20.818833333333334
Zimbabwe,1934,21.218083333333336
Zimbabwe,1935,20.580333333333332
Zimbabwe,1936,20.696
Zimbabwe,1937,20.887166666666666
Zimbabwe,1938,21.24116666666667
Zimbabwe,1939,20.415833333333335
Zimbabwe,1940,21.168000000000003
Zimbabwe,1941,21.608083333333337
Zimbabwe,1942,21.60875
Zimbabwe,1943,21.104333333333333
Zimbabwe,1944,21.324416666666668
Zimbabwe,1945,20.699666666666666
Zimbabwe,1946,21.236583333333332
Zimbabwe,1947,21.581999999999997
Zimbabwe,1948,21.1105
Zimbabwe,1949,21.535083333333333
Zimbabwe,1950,21.258416666666665
Zimbabwe,1951,21.102333333333334
Zimbabwe,1952,21.3255
Zimbabwe,1953,20.757416666666668
Zimbabwe,1954,21.175583333333332
Zimbabwe,1955,20.913500000000003
Zimbabwe,1956,20.894250000000003
Zimbabwe,1957,21.821250000000003
Zimbabwe,1958,21.2745
Zimbabwe,1959,21.47
Zimbabwe,1960,21.178583333333332
Zimbabwe,1961,21.4085
Zimbabwe,1962,21.432583333333337
Zimbabwe,1963,20.7565
Zimbabwe,1964,21.080583333333333
Zimbabwe,1965,20.992333333333335
Zimbabwe,1966,21.4145
Zimbabwe,1967,21.145333333333333
Zimbabwe,1968,21.363166666666668
Zimbabwe,1969,21.345333333333333
Zimbabwe,1970,21.79875
Zimbabwe,1971,21.16025
Zimbabwe,1972,21.031583333333334
Zimbabwe,1973,21.460416666666664
Zimbabwe,1974,20.55825
Zimbabwe,1975,20.8335
Zimbabwe,1976,20.691
Zimbabwe,1977,21.405
Zimbabwe,1978,20.924666666666667
Zimbabwe,1979,21.255666666666666
Zimbabwe,1980,21.128833333333333
Zimbabwe,1981,20.804166666666667
Zimbabwe,1982,21.574916666666667
Zimbabwe,1983,22.367166666666666
Zimbabwe,1984,21.714583333333334
Zimbabwe,1985,21.198083333333333
Zimbabwe,1986,21.2005
Zimbabwe,1987,22.3235
Zimbabwe,1988,21.483
Zimbabwe,1989,21.43225
Zimbabwe,1990,22.13025
Zimbabwe,1991,21.789666666666665
Zimbabwe,1992,22.840333333333334
Zimbabwe,1993,21.852249999999998
Zimbabwe,1994,21.60875
Zimbabwe,1995,22.496333333333336
Zimbabwe,1996,21.55316666666667
Zimbabwe,1997,21.566666666666666
Zimbabwe,1998,22.142166666666668
Zimbabwe,1999,21.486333333333334
Zimbabwe,2000,21.149
Zimbabwe,2001,21.69366666666667
Zimbabwe,2002,22.081083333333336
Zimbabwe,2003,21.89125
Zimbabwe,2004,21.330916666666667
Zimbabwe,2005,22.50991666666667
Zimbabwe,2006,21.618750000000002
Zimbabwe,2007,21.604249999999997
Zimbabwe,2008,21.545583333333337
Zimbabwe,2009,21.37725
Zimbabwe,2010,21.98625
Zimbabwe,2011,21.602416666666667
Zimbabwe,2012,21.521333333333335
Zimbabwe,2013,20.71075
Åland,1900,4.547833333333333
Åland,1901,5.729083333333333
Åland,1902,3.439083333333333
Åland,1903,5.735416666666667
Åland,1904,4.583166666666666
Åland,1905,5.4805
Åland,1906,5.9405833333333335
Åland,1907,4.769083333333334
Åland,1908,5.111083333333334
Åland,1909,4.688166666666667
Åland,1910,6.246666666666666
Åland,1911,6.0473333333333334
Åland,1912,5.07075
Åland,1913,6.12525
Åland,1914,6.556166666666667
Åland,1915,3.5751666666666666
Åland,1916,5.013833333333333
Åland,1917,4.5880833333333335
Åland,1918,5.406916666666667
Åland,1919,4.7555
Åland,1920,6.3715
Åland,1921,5.9366666666666665
Åland,1922,4.527500000000001
Åland,1923,4.569416666666666
Åland,1924,5.41275
Åland,1925,5.8066666666666675
Åland,1926,4.909916666666667
Åland,1927,5.187250000000001
Åland,1928,4.870666666666667
Åland,1929,5.06475
Åland,1930,7.01775
Åland,1931,4.6018333333333326
Åland,1932,6.095833333333334
Åland,1933,5.686583333333334
Åland,1934,7.5343333333333335
Åland,1935,6.134833333333333
Åland,1936,6.277333333333334
Åland,1937,6.479166666666667
Åland,1938,7.29375
Åland,1939,6.264333333333334
Åland,1940,3.8964166666666666
Åland,1941,3.518416666666667
Åland,1942,3.353666666666667
Åland,1943,6.9125000000000005
Åland,1944,6.254083333333334
Åland,1945,5.8190833333333325
Åland,1946,5.679083333333334
Åland,1947,4.972333333333333
Åland,1948,6.0455000000000005
Åland,1949,7.081083333333333
Åland,1950,5.957916666666666
Åland,1951,5.820583333333334
Åland,1952,4.795
Åland,1953,6.7469166666666665
Åland,1954,5.551750000000001
Åland,1955,4.887416666666668
Åland,1956,4.045583333333333
Åland,1957,5.5945833333333335
Åland,1958,4.637583333333333
Åland,1959,6.630916666666667
Åland,1960,5.548750000000001
Åland,1961,6.833083333333334
Åland,1962,4.7905
Åland,1963,4.88775
Åland,1964,5.5864166666666675
Åland,1965,4.880249999999999
Åland,1966,4.298333333333333
Åland,1967,5.878
Åland,1968,5.172833333333333
Åland,1969,4.918416666666666
Åland,1970,4.442833333333334
Åland,1971,5.62375
Åland,1972,6.358333333333333
Åland,1973,6.198083333333333
Åland,1974,6.766916666666667
Åland,1975,7.237833333333334
Åland,1976,4.832916666666667
Åland,1977,5.15925
Åland,1978,4.578666666666667
Åland,1979,4.805583333333334
Åland,1980,5.015666666666666
Åland,1981,5.0577499999999995
Åland,1982,5.781916666666667
Åland,1983,6.134083333333334
Åland,1984,6.234749999999999
Åland,1985,3.467166666666667
Åland,1986,5.000083333333333
Åland,1987,3.71825
Åland,1988,6.0015833333333335
Åland,1989,7.249416666666666
Åland,1990,7.221416666666666
Åland,1991,6.433666666666666
Åland,1992,6.782333333333334
Åland,1993,5.90675
Åland,1994,5.899500000000001
Åland,1995,6.200166666666667
Åland,1996,5.2363333333333335
Åland,1997,6.67425
Åland,1998,5.84125
Åland,1999,6.763999999999999
Åland,2000,7.283333333333334
Åland,2001,6.4014999999999995
Åland,2002,6.801083333333334
Åland,2003,6.323416666666667
Åland,2004,6.518666666666667
Åland,2005,6.724083333333333
Åland,2006,7.100583333333333
Åland,2007,7.029
Åland,2008,7.492249999999999
Åland,2009,6.489083333333333
Åland,2010,4.861916666666667
Åland,2011,7.170750000000001
Åland,2012,6.063916666666667
Åland,2013,6.229749999999999
